position_id,account_id,order_id,client_id,mt5_ticket,symbol,direction,open_price,current_price,lot,sl,tp,float_profit,trail_state,open_time,snapshot_time,updated_at,status
154,1,,,352866297,XAUUSD,SELL,4005.15000,4005.04000,0.01,4005.15000,3996.80000,0.11,"{""sl_history"": [{""sl"": 4009.91, ""tier"": ""tier1"", ""time"": ""2026-07-13T22:19:32Z"", ""reason"": ""breakeven""}, {""sl"": 4008.87, ""tier"": ""tier1"", ""time"": ""2026-07-13T22:24:23Z"", ""reason"": ""breakeven""}, {""sl"": 4005.15, ""tier"": ""tier1"", ""time"": ""2026-07-13T22:30:17Z"", ""reason"": ""breakeven""}], ""current_tier"": ""tier1"", ""last_sl_move_time"": ""2026-07-13T22:35:14Z""}",2026-07-14 01:20:07+00,2026-07-13 22:35:14.419381+00,2026-07-14 05:54:05.095061+00,closed
150,1,,,352561972,XAUUSD,SELL,4016.71000,3994.82000,0.01,4029.41000,3994.40000,21.89,"{""sl_history"": [{""sl"": 4029.41, ""tier"": ""tier1"", ""time"": ""2026-07-13T15:29:26Z"", ""reason"": ""breakeven""}], ""current_tier"": ""tier1"", ""last_sl_move_time"": ""2026-07-13T16:32:47Z""}",2026-07-13 18:30:03+00,2026-07-13 16:32:47.65547+00,2026-07-14 05:54:05.095061+00,closed
152,1,,,352864580,XAUUSD,BUY,4004.46000,4004.91000,0.01,4004.46000,4013.47000,0.45,"{""sl_history"": [{""sl"": 3999.34, ""tier"": ""tier1"", ""time"": ""2026-07-13T22:14:25Z"", ""reason"": ""breakeven""}, {""sl"": 4000.39, ""tier"": ""tier1"", ""time"": ""2026-07-13T22:18:12Z"", ""reason"": ""breakeven""}, {""sl"": 4004.46, ""tier"": ""tier1"", ""time"": ""2026-07-13T22:18:29Z"", ""reason"": ""breakeven""}], ""current_tier"": ""tier1"", ""last_sl_move_time"": ""2026-07-13T22:20:42Z""}",2026-07-14 01:15:05+00,2026-07-13 22:20:42.22645+00,2026-07-14 05:54:05.095061+00,closed
146,1,,,352314532,XAUUSD,BUY,4050.79000,4041.06000,0.01,4040.06000,4069.37000,-9.73,"{""sl_history"": [{""sl"": 4040.06, ""tier"": ""tier1"", ""time"": ""2026-07-13T13:54:28Z"", ""reason"": ""breakeven""}], ""current_tier"": ""tier1"", ""last_sl_move_time"": ""2026-07-13T13:59:56Z""}",2026-07-13 16:55:05+00,2026-07-13 13:59:56.697603+00,2026-07-14 05:54:05.095061+00,closed
156,1,,,352868786,XAUUSD,BUY,4004.73000,4000.84000,0.01,4000.42000,4012.27000,-3.89,"{""sl_history"": [{""sl"": 4000.42, ""tier"": ""tier1"", ""time"": ""2026-07-13T22:29:26Z"", ""reason"": ""breakeven""}], ""current_tier"": ""tier1"", ""last_sl_move_time"": ""2026-07-13T23:00:48Z""}",2026-07-14 01:30:03+00,2026-07-13 23:00:48.808298+00,2026-07-14 05:54:05.095061+00,closed
158,1,,,352874697,XAUUSD,BUY,4003.90000,4000.84000,0.02,4000.54000,4011.11000,-6.12,"{""sl_history"": [{""sl"": 3999.78, ""tier"": ""tier1"", ""time"": ""2026-07-13T22:44:30Z"", ""reason"": ""breakeven""}, {""sl"": 4000.54, ""tier"": ""tier1"", ""time"": ""2026-07-13T22:47:12Z"", ""reason"": ""breakeven""}], ""current_tier"": ""tier1"", ""last_sl_move_time"": ""2026-07-13T23:00:48Z""}",2026-07-14 01:45:10+00,2026-07-13 23:00:48.811832+00,2026-07-14 05:54:05.095061+00,closed
160,1,,,353046646,XAUUSD,SELL,3995.71000,4007.69000,0.01,4009.10000,3972.36000,-11.98,"{""sl_history"": [{""sl"": 4009.1, ""tier"": ""tier1"", ""time"": ""2026-07-14T01:14:28Z"", ""reason"": ""breakeven""}], ""current_tier"": ""tier1"", ""last_sl_move_time"": ""2026-07-14T01:57:33Z""}",2026-07-14 04:15:06+00,2026-07-14 01:57:33.087326+00,2026-07-14 05:54:05.095061+00,closed
162,1,,,353077462,XAUUSD,SELL,3996.58000,4007.69000,0.01,4009.05000,3974.85000,-11.11,"{""sl_history"": [{""sl"": 4009.05, ""tier"": ""tier1"", ""time"": ""2026-07-14T01:39:30Z"", ""reason"": ""breakeven""}], ""current_tier"": ""tier1"", ""last_sl_move_time"": ""2026-07-14T01:57:33Z""}",2026-07-14 04:40:11+00,2026-07-14 01:57:33.098142+00,2026-07-14 05:54:05.095061+00,closed
313,1,,,353379918,XAUUSD,SELL,4026.58000,4025.49000,0.01,4026.24000,4014.33000,1.09,"{""sl_history"": [{""sl"": 4034.13, ""tier"": ""tier1"", ""time"": ""2026-07-14T07:39:08Z"", ""reason"": ""breakeven""}, {""sl"": 4026.58, ""tier"": ""tier1"", ""time"": ""2026-07-14T07:41:11Z"", ""reason"": ""breakeven""}, {""sl"": 4026.24, ""tier"": ""tier2"", ""time"": ""2026-07-14T07:41:32Z"", ""reason"": ""lock_profit""}], ""current_tier"": ""tier2"", ""last_sl_move_time"": ""2026-07-14T07:41:32Z""}",2026-07-14 10:39:45+00,2026-07-14 07:41:32.541152+00,2026-07-14 08:01:07.52551+00,closed
314,1,,,353379956,XAUUSD,SELL,4026.68000,4025.49000,0.01,4026.24000,4013.98000,1.19,"{""sl_history"": [{""sl"": 4033.78, ""tier"": ""tier1"", ""time"": ""2026-07-14T07:39:08Z"", ""reason"": ""breakeven""}, {""sl"": 4026.68, ""tier"": ""tier1"", ""time"": ""2026-07-14T07:41:11Z"", ""reason"": ""breakeven""}, {""sl"": 4026.24, ""tier"": ""tier2"", ""time"": ""2026-07-14T07:41:32Z"", ""reason"": ""lock_profit""}], ""current_tier"": ""tier2"", ""last_sl_move_time"": ""2026-07-14T07:41:32Z""}",2026-07-14 10:39:45+00,2026-07-14 07:41:32.544917+00,2026-07-14 08:01:07.52551+00,closed
315,1,,,353379991,XAUUSD,SELL,4026.67000,4025.49000,0.01,4026.23000,4014.08000,1.18,"{""sl_history"": [{""sl"": 4033.88, ""tier"": ""tier1"", ""time"": ""2026-07-14T07:39:08Z"", ""reason"": ""breakeven""}, {""sl"": 4026.67, ""tier"": ""tier1"", ""time"": ""2026-07-14T07:41:11Z"", ""reason"": ""breakeven""}, {""sl"": 4026.23, ""tier"": ""tier2"", ""time"": ""2026-07-14T07:41:32Z"", ""reason"": ""lock_profit""}], ""current_tier"": ""tier2"", ""last_sl_move_time"": ""2026-07-14T07:41:32Z""}",2026-07-14 10:39:46+00,2026-07-14 07:41:32.548732+00,2026-07-14 08:01:07.52551+00,closed
844,1,,,353851395,XAUUSD,BUY,4083.87000,4087.18000,0.01,4086.62000,4114.05000,3.31,"{""sl_history"": [{""sl"": 4062.02, ""tier"": ""tier1"", ""time"": ""2026-07-14T14:04:42Z"", ""reason"": ""breakeven""}, {""sl"": 4062.79, ""tier"": ""tier1"", ""time"": ""2026-07-14T14:04:47Z"", ""reason"": ""breakeven""}, {""sl"": 4062.8, ""tier"": ""tier1"", ""time"": ""2026-07-14T14:04:53Z"", ""reason"": ""breakeven""}, {""sl"": 4063.38, ""tier"": ""tier1"", ""time"": ""2026-07-14T14:04:58Z"", ""reason"": ""breakeven""}, {""sl"": 4064.19, ""tier"": ""tier1"", ""time"": ""2026-07-14T14:05:03Z"", ""reason"": ""breakeven""}, {""sl"": 4063.7, ""tier"": ""tier1"", ""time"": ""2026-07-14T14:05:25Z"", ""reason"": ""breakeven""}, {""sl"": 4086.31, ""tier"": ""tier2"", ""time"": ""2026-07-14T15:03:58Z"", ""reason"": ""lock_profit""}, {""sl"": 4086.32, ""tier"": ""tier3"", ""time"": ""2026-07-14T15:05:41Z"", ""reason"": ""trail""}, {""sl"": 4086.35, ""tier"": ""tier2"", ""time"": ""2026-07-14T15:05:48Z"", ""reason"": ""lock_profit""}, {""sl"": 4086.38, ""tier"": ""tier2"", ""time"": ""2026-07-14T15:05:54Z"", ""reason"": ""lock_profit""}, {""sl"": 4086.4, ""tier"": ""tier2"", ""time"": ""2026-07-14T15:06:20Z"", ""reason"": ""lock_profit""}, {""sl"": 4086.41, ""tier"": ""tier3"", ""time"": ""2026-07-14T15:06:39Z"", ""reason"": ""trail""}, {""sl"": 4086.43, ""tier"": ""tier3"", ""time"": ""2026-07-14T15:06:46Z"", ""reason"": ""trail""}, {""sl"": 4086.44, ""tier"": ""tier2"", ""time"": ""2026-07-14T15:06:52Z"", ""reason"": ""lock_profit""}, {""sl"": 4086.45, ""tier"": ""tier2"", ""time"": ""2026-07-14T15:06:59Z"", ""reason"": ""lock_profit""}, {""sl"": 4086.46, ""tier"": ""tier3"", ""time"": ""2026-07-14T15:07:41Z"", ""reason"": ""trail""}, {""sl"": 4086.47, ""tier"": ""tier2"", ""time"": ""2026-07-14T15:07:47Z"", ""reason"": ""lock_profit""}, {""sl"": 4086.49, ""tier"": ""tier3"", ""time"": ""2026-07-14T15:07:52Z"", ""reason"": ""trail""}, {""sl"": 4086.52, ""tier"": ""tier3"", ""time"": ""2026-07-14T15:07:59Z"", ""reason"": ""trail""}, {""sl"": 4086.62, ""tier"": ""tier3"", ""time"": ""2026-07-14T15:08:05Z"", ""reason"": ""trail""}], ""current_tier"": ""tier3"", ""last_sl_move_time"": ""2026-07-14T15:17:49Z""}",2026-07-14 16:50:05+00,2026-07-14 15:17:49.95309+00,2026-07-14 16:39:54.819067+00,closed
180,1,,,353349887,XAUUSD,SELL,4025.87000,4028.12000,0.01,4028.20000,4015.01000,-2.25,"{""sl_history"": [{""sl"": 4032.05, ""tier"": ""tier1"", ""time"": ""2026-07-14T07:04:26Z"", ""reason"": ""breakeven""}, {""sl"": 4028.37, ""tier"": ""tier1"", ""time"": ""2026-07-14T07:06:46Z"", ""reason"": ""breakeven""}, {""sl"": 4028.2, ""tier"": ""tier1"", ""time"": ""2026-07-14T07:06:52Z"", ""reason"": ""breakeven""}], ""current_tier"": ""tier1"", ""last_sl_move_time"": ""2026-07-14T07:07:30Z""}",2026-07-14 10:05:06+00,2026-07-14 07:07:30.293107+00,2026-07-14 08:01:07.52551+00,closed
840,1,,,353808477,XAUUSD,BUY,4084.27000,4088.03000,0.01,4086.71000,4133.69000,3.76,"{""sl_history"": [{""sl"": 4056.61, ""tier"": ""tier1"", ""time"": ""2026-07-14T13:29:25Z"", ""reason"": ""breakeven""}, {""sl"": 4065.33, ""tier"": ""tier1"", ""time"": ""2026-07-14T13:39:19Z"", ""reason"": ""breakeven""}, {""sl"": 4066.22, ""tier"": ""tier1"", ""time"": ""2026-07-14T14:01:21Z"", ""reason"": ""breakeven""}, {""sl"": 4062.34, ""tier"": ""tier1"", ""time"": ""2026-07-14T14:03:55Z"", ""reason"": ""breakeven""}, {""sl"": 4062.44, ""tier"": ""tier1"", ""time"": ""2026-07-14T14:04:00Z"", ""reason"": ""breakeven""}, {""sl"": 4062.43, ""tier"": ""tier1"", ""time"": ""2026-07-14T14:04:05Z"", ""reason"": ""breakeven""}, {""sl"": 4061.93, ""tier"": ""tier1"", ""time"": ""2026-07-14T14:04:11Z"", ""reason"": ""breakeven""}, {""sl"": 4061.77, ""tier"": ""tier1"", ""time"": ""2026-07-14T14:04:16Z"", ""reason"": ""breakeven""}, {""sl"": 4062.74, ""tier"": ""tier1"", ""time"": ""2026-07-14T14:04:21Z"", ""reason"": ""breakeven""}, {""sl"": 4061.95, ""tier"": ""tier1"", ""time"": ""2026-07-14T14:04:27Z"", ""reason"": ""breakeven""}, {""sl"": 4061.54, ""tier"": ""tier1"", ""time"": ""2026-07-14T14:04:32Z"", ""reason"": ""breakeven""}, {""sl"": 4061.55, ""tier"": ""tier1"", ""time"": ""2026-07-14T14:04:37Z"", ""reason"": ""breakeven""}, {""sl"": 4061.92, ""tier"": ""tier1"", ""time"": ""2026-07-14T14:04:42Z"", ""reason"": ""breakeven""}, {""sl"": 4063.16, ""tier"": ""tier1"", ""time"": ""2026-07-14T14:04:47Z"", ""reason"": ""breakeven""}, {""sl"": 4062.86, ""tier"": ""tier1"", ""time"": ""2026-07-14T14:04:53Z"", ""reason"": ""breakeven""}, {""sl"": 4063.25, ""tier"": ""tier1"", ""time"": ""2026-07-14T14:04:58Z"", ""reason"": ""breakeven""}, {""sl"": 4064.15, ""tier"": ""tier1"", ""time"": ""2026-07-14T14:05:03Z"", ""reason"": ""breakeven""}, {""sl"": 4063.63, ""tier"": ""tier1"", ""time"": ""2026-07-14T14:05:25Z"", ""reason"": ""breakeven""}, {""sl"": 4086.71, ""tier"": ""tier2"", ""time"": ""2026-07-14T15:03:58Z"", ""reason"": ""lock_profit""}], ""current_tier"": ""tier3"", ""last_sl_move_time"": ""2026-07-14T15:04:32Z""}",2026-07-14 16:30:05+00,2026-07-14 15:04:32.085644+00,2026-07-14 16:39:54.819067+00,closed
148,1,,,352551257,XAUUSD,SELL,4018.39000,3998.76000,0.01,3998.93000,3986.14000,19.63,"{""sl_history"": [{""sl"": 4036.76, ""tier"": ""tier1"", ""time"": ""2026-07-13T15:19:32Z"", ""reason"": ""breakeven""}, {""sl"": 4018.39, ""tier"": ""tier1"", ""time"": ""2026-07-13T22:09:12Z"", ""reason"": ""breakeven""}, {""sl"": 4015.46, ""tier"": ""tier3"", ""time"": ""2026-07-13T22:09:19Z"", ""reason"": ""trail""}, {""sl"": 4007.77, ""tier"": ""tier3"", ""time"": ""2026-07-13T22:09:25Z"", ""reason"": ""trail""}, {""sl"": 4006.87, ""tier"": ""tier3"", ""time"": ""2026-07-13T22:51:32Z"", ""reason"": ""trail""}, {""sl"": 4006.0, ""tier"": ""tier3"", ""time"": ""2026-07-13T22:56:42Z"", ""reason"": ""trail""}, {""sl"": 4005.06, ""tier"": ""tier3"", ""time"": ""2026-07-13T22:59:26Z"", ""reason"": ""trail""}, {""sl"": 4004.21, ""tier"": ""tier3"", ""time"": ""2026-07-13T23:12:42Z"", ""reason"": ""trail""}, {""sl"": 4003.44, ""tier"": ""tier3"", ""time"": ""2026-07-13T23:15:07Z"", ""reason"": ""trail""}, {""sl"": 4002.6, ""tier"": ""tier3"", ""time"": ""2026-07-13T23:19:26Z"", ""reason"": ""trail""}, {""sl"": 4001.84, ""tier"": ""tier3"", ""time"": ""2026-07-13T23:20:04Z"", ""reason"": ""trail""}, {""sl"": 4000.89, ""tier"": ""tier3"", ""time"": ""2026-07-13T23:29:33Z"", ""reason"": ""trail""}, {""sl"": 4000.05, ""tier"": ""tier3"", ""time"": ""2026-07-13T23:30:05Z"", ""reason"": ""trail""}, {""sl"": 3998.93, ""tier"": ""tier3"", ""time"": ""2026-07-13T23:33:00Z"", ""reason"": ""trail""}], ""current_tier"": ""tier3"", ""last_sl_move_time"": ""2026-07-13T23:48:23Z""}",2026-07-13 18:20:09+00,2026-07-13 23:48:23.584052+00,2026-07-14 05:54:05.095061+00,closed
164,1,,,353083479,XAUUSD,SELL,4003.36000,4003.22000,0.01,4003.36000,3981.18000,0.14,"{""sl_history"": [{""sl"": 4016.08, ""tier"": ""tier1"", ""time"": ""2026-07-14T01:44:25Z"", ""reason"": ""breakeven""}, {""sl"": 4013.35, ""tier"": ""tier1"", ""time"": ""2026-07-14T01:45:22Z"", ""reason"": ""breakeven""}, {""sl"": 4003.36, ""tier"": ""tier1"", ""time"": ""2026-07-14T01:45:47Z"", ""reason"": ""breakeven""}], ""current_tier"": ""tier1"", ""last_sl_move_time"": ""2026-07-14T01:51:14Z""}",2026-07-14 04:45:06+00,2026-07-14 01:51:14.064401+00,2026-07-14 05:54:05.095061+00,closed
846,1,,,353865046,XAUUSD,BUY,4076.17000,4077.58000,0.01,4077.41000,4103.82000,1.41,"{""sl_history"": [{""sl"": 4064.23, ""tier"": ""tier1"", ""time"": ""2026-07-14T13:59:27Z"", ""reason"": ""breakeven""}, {""sl"": 4066.21, ""tier"": ""tier1"", ""time"": ""2026-07-14T14:01:21Z"", ""reason"": ""breakeven""}, {""sl"": 4062.19, ""tier"": ""tier1"", ""time"": ""2026-07-14T14:03:55Z"", ""reason"": ""breakeven""}, {""sl"": 4062.33, ""tier"": ""tier1"", ""time"": ""2026-07-14T14:04:00Z"", ""reason"": ""breakeven""}, {""sl"": 4062.5, ""tier"": ""tier1"", ""time"": ""2026-07-14T14:04:06Z"", ""reason"": ""breakeven""}, {""sl"": 4061.84, ""tier"": ""tier1"", ""time"": ""2026-07-14T14:04:11Z"", ""reason"": ""breakeven""}, {""sl"": 4061.54, ""tier"": ""tier1"", ""time"": ""2026-07-14T14:04:16Z"", ""reason"": ""breakeven""}, {""sl"": 4062.26, ""tier"": ""tier1"", ""time"": ""2026-07-14T14:04:21Z"", ""reason"": ""breakeven""}, {""sl"": 4061.88, ""tier"": ""tier1"", ""time"": ""2026-07-14T14:04:27Z"", ""reason"": ""breakeven""}, {""sl"": 4061.74, ""tier"": ""tier1"", ""time"": ""2026-07-14T14:04:32Z"", ""reason"": ""breakeven""}, {""sl"": 4061.54, ""tier"": ""tier1"", ""time"": ""2026-07-14T14:04:37Z"", ""reason"": ""breakeven""}, {""sl"": 4061.98, ""tier"": ""tier1"", ""time"": ""2026-07-14T14:04:42Z"", ""reason"": ""breakeven""}, {""sl"": 4062.64, ""tier"": ""tier1"", ""time"": ""2026-07-14T14:04:47Z"", ""reason"": ""breakeven""}, {""sl"": 4062.76, ""tier"": ""tier1"", ""time"": ""2026-07-14T14:04:53Z"", ""reason"": ""breakeven""}, {""sl"": 4063.42, ""tier"": ""tier1"", ""time"": ""2026-07-14T14:04:58Z"", ""reason"": ""breakeven""}, {""sl"": 4064.2, ""tier"": ""tier1"", ""time"": ""2026-07-14T14:05:03Z"", ""reason"": ""breakeven""}, {""sl"": 4077.41, ""tier"": ""tier2"", ""time"": ""2026-07-14T14:07:12Z"", ""reason"": ""lock_profit""}], ""current_tier"": ""tier2"", ""last_sl_move_time"": ""2026-07-14T14:10:20Z""}",2026-07-14 17:00:10+00,2026-07-14 14:10:20.853818+00,2026-07-14 16:39:54.819067+00,closed
790,1,,,353536034,XAUUSD,SELL,4020.92000,4019.62000,0.01,4019.71000,4010.00000,1.30,"{""sl_history"": [{""sl"": 4027.37, ""tier"": ""tier1"", ""time"": ""2026-07-14T10:49:27Z"", ""reason"": ""breakeven""}, {""sl"": 4025.96, ""tier"": ""tier1"", ""time"": ""2026-07-14T10:54:28Z"", ""reason"": ""breakeven""}, {""sl"": 4020.92, ""tier"": ""tier1"", ""time"": ""2026-07-14T11:06:46Z"", ""reason"": ""breakeven""}, {""sl"": 4020.18, ""tier"": ""tier2"", ""time"": ""2026-07-14T11:06:52Z"", ""reason"": ""lock_profit""}, {""sl"": 4020.11, ""tier"": ""tier2"", ""time"": ""2026-07-14T11:06:57Z"", ""reason"": ""lock_profit""}, {""sl"": 4019.71, ""tier"": ""tier3"", ""time"": ""2026-07-14T11:07:08Z"", ""reason"": ""trail""}], ""current_tier"": ""tier3"", ""last_sl_move_time"": ""2026-07-14T11:07:25Z""}",2026-07-14 13:50:10+00,2026-07-14 11:07:25.440039+00,2026-07-14 16:39:54.819067+00,closed
850,1,,,353904940,XAUUSD,BUY,4074.32000,4077.15000,0.01,4076.87000,4101.35000,2.83,"{""sl_history"": [{""sl"": 4062.59, ""tier"": ""tier1"", ""time"": ""2026-07-14T14:19:28Z"", ""reason"": ""breakeven""}, {""sl"": 4075.53, ""tier"": ""tier2"", ""time"": ""2026-07-14T14:21:33Z"", ""reason"": ""lock_profit""}, {""sl"": 4075.54, ""tier"": ""tier2"", ""time"": ""2026-07-14T14:21:39Z"", ""reason"": ""lock_profit""}, {""sl"": 4076.78, ""tier"": ""tier3"", ""time"": ""2026-07-14T14:21:44Z"", ""reason"": ""trail""}, {""sl"": 4076.83, ""tier"": ""tier2"", ""time"": ""2026-07-14T14:21:50Z"", ""reason"": ""lock_profit""}, {""sl"": 4076.84, ""tier"": ""tier3"", ""time"": ""2026-07-14T14:22:02Z"", ""reason"": ""trail""}, {""sl"": 4076.85, ""tier"": ""tier3"", ""time"": ""2026-07-14T14:22:08Z"", ""reason"": ""trail""}, {""sl"": 4076.87, ""tier"": ""tier2"", ""time"": ""2026-07-14T14:22:19Z"", ""reason"": ""lock_profit""}], ""current_tier"": ""tier3"", ""last_sl_move_time"": ""2026-07-14T14:24:49Z""}",2026-07-14 17:20:11+00,2026-07-14 14:24:49.846566+00,2026-07-14 16:39:54.819067+00,closed
794,1,,,353541630,XAUUSD,SELL,4022.35000,4020.07000,0.01,4020.94000,4012.53000,2.28,"{""sl_history"": [{""sl"": 4027.94, ""tier"": ""tier1"", ""time"": ""2026-07-14T10:59:24Z"", ""reason"": ""breakeven""}, {""sl"": 4022.35, ""tier"": ""tier1"", ""time"": ""2026-07-14T11:00:07Z"", ""reason"": ""breakeven""}, {""sl"": 4021.25, ""tier"": ""tier3"", ""time"": ""2026-07-14T11:00:14Z"", ""reason"": ""trail""}, {""sl"": 4020.94, ""tier"": ""tier3"", ""time"": ""2026-07-14T11:00:33Z"", ""reason"": ""trail""}], ""current_tier"": ""tier3"", ""last_sl_move_time"": ""2026-07-14T11:00:39Z""}",2026-07-14 14:00:03+00,2026-07-14 11:00:39.534563+00,2026-07-14 16:39:54.819067+00,closed
283,1,,,353379780,XAUUSD,SELL,4027.36000,4025.49000,0.01,4026.09000,4014.79000,1.87,"{""sl_history"": [{""sl"": 4034.59, ""tier"": ""tier1"", ""time"": ""2026-07-14T07:39:01Z"", ""reason"": ""breakeven""}, {""sl"": 4027.36, ""tier"": ""tier1"", ""time"": ""2026-07-14T07:40:42Z"", ""reason"": ""breakeven""}, {""sl"": 4026.21, ""tier"": ""tier3"", ""time"": ""2026-07-14T07:41:11Z"", ""reason"": ""trail""}, {""sl"": 4026.09, ""tier"": ""tier3"", ""time"": ""2026-07-14T07:41:32Z"", ""reason"": ""trail""}], ""current_tier"": ""tier3"", ""last_sl_move_time"": ""2026-07-14T07:41:32Z""}",2026-07-14 10:39:37+00,2026-07-14 07:41:32.469163+00,2026-07-14 08:01:07.52551+00,closed
796,1,,,353545583,XAUUSD,SELL,4021.13000,4019.62000,0.01,4019.79000,4011.19000,1.51,"{""sl_history"": [{""sl"": 4026.86, ""tier"": ""tier1"", ""time"": ""2026-07-14T11:04:26Z"", ""reason"": ""breakeven""}, {""sl"": 4021.13, ""tier"": ""tier1"", ""time"": ""2026-07-14T11:06:46Z"", ""reason"": ""breakeven""}, {""sl"": 4020.18, ""tier"": ""tier3"", ""time"": ""2026-07-14T11:06:52Z"", ""reason"": ""trail""}, {""sl"": 4020.09, ""tier"": ""tier3"", ""time"": ""2026-07-14T11:06:57Z"", ""reason"": ""trail""}, {""sl"": 4019.8, ""tier"": ""tier3"", ""time"": ""2026-07-14T11:07:08Z"", ""reason"": ""trail""}, {""sl"": 4019.79, ""tier"": ""tier3"", ""time"": ""2026-07-14T11:07:14Z"", ""reason"": ""trail""}], ""current_tier"": ""tier3"", ""last_sl_move_time"": ""2026-07-14T11:07:25Z""}",2026-07-14 14:05:09+00,2026-07-14 11:07:25.454525+00,2026-07-14 16:39:54.819067+00,closed
852,1,,,353949701,XAUUSD,BUY,4080.45000,4083.60000,0.01,4082.84000,0.00000,3.15,"{""sl_history"": [{""sl"": 4068.02, ""tier"": ""tier1"", ""time"": ""2026-07-14T14:39:25Z"", ""reason"": ""breakeven""}, {""sl"": 4081.61, ""tier"": ""tier2"", ""time"": ""2026-07-14T14:56:55Z"", ""reason"": ""lock_profit""}, {""sl"": 4081.62, ""tier"": ""tier2"", ""time"": ""2026-07-14T14:57:07Z"", ""reason"": ""lock_profit""}, {""sl"": 4082.8, ""tier"": ""tier3"", ""time"": ""2026-07-14T14:57:31Z"", ""reason"": ""trail""}, {""sl"": 4082.81, ""tier"": ""tier2"", ""time"": ""2026-07-14T14:57:37Z"", ""reason"": ""lock_profit""}, {""sl"": 4082.82, ""tier"": ""tier2"", ""time"": ""2026-07-14T14:57:44Z"", ""reason"": ""lock_profit""}, {""sl"": 4082.84, ""tier"": ""tier3"", ""time"": ""2026-07-14T14:57:50Z"", ""reason"": ""trail""}], ""current_tier"": ""tier3"", ""last_sl_move_time"": ""2026-07-14T14:59:32Z""}",2026-07-14 17:40:06+00,2026-07-14 14:59:32.169362+00,2026-07-14 16:39:54.819067+00,closed
800,1,,,353557798,XAUUSD,SELL,4022.30000,4028.66000,0.01,4029.23000,4010.17000,-6.36,"{""sl_history"": [{""sl"": 4029.23, ""tier"": ""tier1"", ""time"": ""2026-07-14T11:14:28Z"", ""reason"": ""breakeven""}], ""current_tier"": ""tier1"", ""last_sl_move_time"": ""2026-07-14T11:34:28Z""}",2026-07-14 14:15:09+00,2026-07-14 11:34:28.295426+00,2026-07-14 16:39:54.819067+00,closed
792,1,,,353538335,XAUUSD,SELL,4020.20000,4016.33000,0.01,4016.81000,4010.45000,3.87,"{""sl_history"": [{""sl"": 4025.77, ""tier"": ""tier1"", ""time"": ""2026-07-14T10:54:22Z"", ""reason"": ""breakeven""}, {""sl"": 4020.2, ""tier"": ""tier1"", ""time"": ""2026-07-14T11:07:38Z"", ""reason"": ""breakeven""}, {""sl"": 4019.27, ""tier"": ""tier3"", ""time"": ""2026-07-14T11:07:44Z"", ""reason"": ""trail""}, {""sl"": 4019.25, ""tier"": ""tier3"", ""time"": ""2026-07-14T11:07:57Z"", ""reason"": ""trail""}, {""sl"": 4018.37, ""tier"": ""tier3"", ""time"": ""2026-07-14T11:08:04Z"", ""reason"": ""trail""}, {""sl"": 4017.9, ""tier"": ""tier3"", ""time"": ""2026-07-14T11:08:10Z"", ""reason"": ""trail""}, {""sl"": 4017.13, ""tier"": ""tier3"", ""time"": ""2026-07-14T11:08:21Z"", ""reason"": ""trail""}, {""sl"": 4016.81, ""tier"": ""tier3"", ""time"": ""2026-07-14T11:08:53Z"", ""reason"": ""trail""}], ""current_tier"": ""tier3"", ""last_sl_move_time"": ""2026-07-14T11:09:06Z""}",2026-07-14 13:55:05+00,2026-07-14 11:09:06.206984+00,2026-07-14 16:39:54.819067+00,closed
802,1,,,353561120,XAUUSD,SELL,4022.83000,4028.99000,0.01,4029.59000,4010.76000,-6.16,"{""sl_history"": [{""sl"": 4029.59, ""tier"": ""tier1"", ""time"": ""2026-07-14T11:19:25Z"", ""reason"": ""breakeven""}], ""current_tier"": ""tier1"", ""last_sl_move_time"": ""2026-07-14T11:34:53Z""}",2026-07-14 14:20:05+00,2026-07-14 11:34:53.595474+00,2026-07-14 16:39:54.819067+00,closed
798,1,,,353551547,XAUUSD,SELL,4017.05000,4021.98000,0.01,4023.23000,4006.35000,-4.93,"{""sl_history"": [{""sl"": 4023.23, ""tier"": ""tier1"", ""time"": ""2026-07-14T11:09:25Z"", ""reason"": ""breakeven""}], ""current_tier"": ""tier1"", ""last_sl_move_time"": ""2026-07-14T11:13:51Z""}",2026-07-14 14:10:05+00,2026-07-14 11:13:51.078495+00,2026-07-14 16:39:54.819067+00,closed
359,1,,,353380267,XAUUSD,SELL,4026.57000,4025.49000,0.01,4026.57000,4013.96000,1.08,"{""sl_history"": [{""sl"": 4033.76, ""tier"": ""tier1"", ""time"": ""2026-07-14T07:39:19Z"", ""reason"": ""breakeven""}, {""sl"": 4026.57, ""tier"": ""tier1"", ""time"": ""2026-07-14T07:41:11Z"", ""reason"": ""breakeven""}], ""current_tier"": ""tier1"", ""last_sl_move_time"": ""2026-07-14T07:41:32Z""}",2026-07-14 10:40:01+00,2026-07-14 07:41:32.642082+00,2026-07-14 08:01:07.52551+00,closed
816,1,,,353593258,XAUUSD,SELL,4029.31000,4026.05000,0.01,4026.83000,4015.80000,3.26,"{""sl_history"": [{""sl"": 4037.06, ""tier"": ""tier1"", ""time"": ""2026-07-14T11:54:24Z"", ""reason"": ""breakeven""}, {""sl"": 4029.31, ""tier"": ""tier1"", ""time"": ""2026-07-14T12:07:49Z"", ""reason"": ""breakeven""}, {""sl"": 4028.1, ""tier"": ""tier2"", ""time"": ""2026-07-14T12:07:54Z"", ""reason"": ""lock_profit""}, {""sl"": 4027.97, ""tier"": ""tier3"", ""time"": ""2026-07-14T12:08:00Z"", ""reason"": ""trail""}, {""sl"": 4027.58, ""tier"": ""tier3"", ""time"": ""2026-07-14T12:08:05Z"", ""reason"": ""trail""}, {""sl"": 4027.4, ""tier"": ""tier3"", ""time"": ""2026-07-14T12:08:11Z"", ""reason"": ""trail""}, {""sl"": 4027.21, ""tier"": ""tier3"", ""time"": ""2026-07-14T12:08:16Z"", ""reason"": ""trail""}, {""sl"": 4026.83, ""tier"": ""tier3"", ""time"": ""2026-07-14T12:08:21Z"", ""reason"": ""trail""}], ""current_tier"": ""tier3"", ""last_sl_move_time"": ""2026-07-14T12:09:16Z""}",2026-07-14 14:55:04+00,2026-07-14 12:09:16.387478+00,2026-07-14 16:39:54.819067+00,closed
808,1,,,353577740,XAUUSD,SELL,4028.20000,4027.32000,0.01,4027.48000,4014.52000,0.88,"{""sl_history"": [{""sl"": 4035.94, ""tier"": ""tier1"", ""time"": ""2026-07-14T11:34:23Z"", ""reason"": ""breakeven""}, {""sl"": 4028.2, ""tier"": ""tier1"", ""time"": ""2026-07-14T11:45:24Z"", ""reason"": ""breakeven""}, {""sl"": 4027.48, ""tier"": ""tier2"", ""time"": ""2026-07-14T11:45:29Z"", ""reason"": ""lock_profit""}], ""current_tier"": ""tier2"", ""last_sl_move_time"": ""2026-07-14T11:46:38Z""}",2026-07-14 14:35:06+00,2026-07-14 11:46:38.568754+00,2026-07-14 16:39:54.819067+00,closed
806,1,,,353573796,XAUUSD,SELL,4025.39000,4032.60000,0.01,4032.87000,4012.31000,-7.21,"{""sl_history"": [{""sl"": 4032.87, ""tier"": ""tier1"", ""time"": ""2026-07-14T11:29:23Z"", ""reason"": ""breakeven""}], ""current_tier"": ""tier1"", ""last_sl_move_time"": ""2026-07-14T12:01:58Z""}",2026-07-14 14:30:04+00,2026-07-14 12:01:58.032585+00,2026-07-14 16:39:54.819067+00,closed
810,1,,,353581910,XAUUSD,SELL,4028.58000,4027.32000,0.01,4027.42000,4015.23000,1.26,"{""sl_history"": [{""sl"": 4036.21, ""tier"": ""tier1"", ""time"": ""2026-07-14T11:39:25Z"", ""reason"": ""breakeven""}, {""sl"": 4028.58, ""tier"": ""tier1"", ""time"": ""2026-07-14T11:45:18Z"", ""reason"": ""breakeven""}, {""sl"": 4027.42, ""tier"": ""tier3"", ""time"": ""2026-07-14T11:45:24Z"", ""reason"": ""trail""}], ""current_tier"": ""tier2"", ""last_sl_move_time"": ""2026-07-14T11:46:38Z""}",2026-07-14 14:40:03+00,2026-07-14 11:46:38.575179+00,2026-07-14 16:39:54.819067+00,closed
818,1,,,353597210,XAUUSD,SELL,4031.30000,4029.67000,0.01,4029.79000,4017.53000,1.63,"{""sl_history"": [{""sl"": 4039.15, ""tier"": ""tier1"", ""time"": ""2026-07-14T11:59:27Z"", ""reason"": ""breakeven""}, {""sl"": 4031.3, ""tier"": ""tier1"", ""time"": ""2026-07-14T12:04:36Z"", ""reason"": ""breakeven""}, {""sl"": 4029.79, ""tier"": ""tier3"", ""time"": ""2026-07-14T12:04:42Z"", ""reason"": ""trail""}], ""current_tier"": ""tier3"", ""last_sl_move_time"": ""2026-07-14T12:05:37Z""}",2026-07-14 15:00:10+00,2026-07-14 12:05:37.681285+00,2026-07-14 16:39:54.819067+00,closed
812,1,,,353584867,XAUUSD,SELL,4027.76000,4032.99000,0.01,4035.22000,4014.70000,-5.23,"{""sl_history"": [{""sl"": 4035.22, ""tier"": ""tier1"", ""time"": ""2026-07-14T11:44:22Z"", ""reason"": ""breakeven""}], ""current_tier"": ""tier1"", ""last_sl_move_time"": ""2026-07-14T12:02:35Z""}",2026-07-14 14:45:05+00,2026-07-14 12:02:35.936081+00,2026-07-14 16:39:54.819067+00,closed
842,1,,,353831009,XAUUSD,BUY,4086.24000,4088.05000,0.01,4087.46000,4120.12000,1.81,"{""sl_history"": [{""sl"": 4066.35, ""tier"": ""tier1"", ""time"": ""2026-07-14T13:39:25Z"", ""reason"": ""breakeven""}, {""sl"": 4062.27, ""tier"": ""tier1"", ""time"": ""2026-07-14T14:03:55Z"", ""reason"": ""breakeven""}, {""sl"": 4062.4, ""tier"": ""tier1"", ""time"": ""2026-07-14T14:04:00Z"", ""reason"": ""breakeven""}, {""sl"": 4062.59, ""tier"": ""tier1"", ""time"": ""2026-07-14T14:04:05Z"", ""reason"": ""breakeven""}, {""sl"": 4061.87, ""tier"": ""tier1"", ""time"": ""2026-07-14T14:04:11Z"", ""reason"": ""breakeven""}, {""sl"": 4061.63, ""tier"": ""tier1"", ""time"": ""2026-07-14T14:04:16Z"", ""reason"": ""breakeven""}, {""sl"": 4062.71, ""tier"": ""tier1"", ""time"": ""2026-07-14T14:04:21Z"", ""reason"": ""breakeven""}, {""sl"": 4061.97, ""tier"": ""tier1"", ""time"": ""2026-07-14T14:04:27Z"", ""reason"": ""breakeven""}, {""sl"": 4061.72, ""tier"": ""tier1"", ""time"": ""2026-07-14T14:04:32Z"", ""reason"": ""breakeven""}, {""sl"": 4061.45, ""tier"": ""tier1"", ""time"": ""2026-07-14T14:04:37Z"", ""reason"": ""breakeven""}, {""sl"": 4062.04, ""tier"": ""tier1"", ""time"": ""2026-07-14T14:04:42Z"", ""reason"": ""breakeven""}, {""sl"": 4062.92, ""tier"": ""tier1"", ""time"": ""2026-07-14T14:04:47Z"", ""reason"": ""breakeven""}, {""sl"": 4062.88, ""tier"": ""tier1"", ""time"": ""2026-07-14T14:04:53Z"", ""reason"": ""breakeven""}, {""sl"": 4063.48, ""tier"": ""tier1"", ""time"": ""2026-07-14T14:04:58Z"", ""reason"": ""breakeven""}, {""sl"": 4064.14, ""tier"": ""tier1"", ""time"": ""2026-07-14T14:05:03Z"", ""reason"": ""breakeven""}, {""sl"": 4063.65, ""tier"": ""tier1"", ""time"": ""2026-07-14T14:05:25Z"", ""reason"": ""breakeven""}, {""sl"": 4087.46, ""tier"": ""tier2"", ""time"": ""2026-07-14T15:03:58Z"", ""reason"": ""lock_profit""}], ""current_tier"": ""tier2"", ""last_sl_move_time"": ""2026-07-14T15:04:19Z""}",2026-07-14 16:40:05+00,2026-07-14 15:04:19.444723+00,2026-07-14 16:39:54.819067+00,closed
848,1,,,353883775,XAUUSD,BUY,4079.66000,4081.33000,0.01,4080.87000,4106.29000,1.67,"{""sl_history"": [{""sl"": 4068.32, ""tier"": ""tier1"", ""time"": ""2026-07-14T14:09:25Z"", ""reason"": ""breakeven""}, {""sl"": 4080.87, ""tier"": ""tier2"", ""time"": ""2026-07-14T14:12:40Z"", ""reason"": ""lock_profit""}], ""current_tier"": ""tier2"", ""last_sl_move_time"": ""2026-07-14T14:14:21Z""}",2026-07-14 17:10:05+00,2026-07-14 14:14:21.308944+00,2026-07-14 16:39:54.819067+00,closed
854,1,,,353978826,XAUUSD,BUY,4085.02000,4088.05000,0.01,4087.46000,0.00000,3.03,"{""sl_history"": [{""sl"": 4074.33, ""tier"": ""tier1"", ""time"": ""2026-07-14T14:59:25Z"", ""reason"": ""breakeven""}, {""sl"": 4087.46, ""tier"": ""tier2"", ""time"": ""2026-07-14T15:03:58Z"", ""reason"": ""lock_profit""}], ""current_tier"": ""tier3"", ""last_sl_move_time"": ""2026-07-14T15:04:19Z""}",2026-07-14 18:00:06+00,2026-07-14 15:04:19.45542+00,2026-07-14 16:39:54.819067+00,closed
804,1,,,353570012,XAUUSD,SELL,4026.88000,4026.46000,0.01,4026.59000,4013.95000,0.42,"{""sl_history"": [{""sl"": 4034.29, ""tier"": ""tier1"", ""time"": ""2026-07-14T11:24:27Z"", ""reason"": ""breakeven""}, {""sl"": 4026.88, ""tier"": ""tier1"", ""time"": ""2026-07-14T11:30:06Z"", ""reason"": ""breakeven""}, {""sl"": 4026.8, ""tier"": ""tier2"", ""time"": ""2026-07-14T11:30:19Z"", ""reason"": ""lock_profit""}, {""sl"": 4026.59, ""tier"": ""tier2"", ""time"": ""2026-07-14T11:30:25Z"", ""reason"": ""lock_profit""}], ""current_tier"": ""tier2"", ""last_sl_move_time"": ""2026-07-14T11:30:55Z""}",2026-07-14 14:25:10+00,2026-07-14 11:30:55.474803+00,2026-07-14 16:39:54.819067+00,closed
814,1,,,353590269,XAUUSD,SELL,4028.49000,4026.05000,0.01,4026.91000,4014.73000,2.44,"{""sl_history"": [{""sl"": 4036.34, ""tier"": ""tier1"", ""time"": ""2026-07-14T11:49:22Z"", ""reason"": ""breakeven""}, {""sl"": 4028.49, ""tier"": ""tier1"", ""time"": ""2026-07-14T12:08:00Z"", ""reason"": ""breakeven""}, {""sl"": 4027.54, ""tier"": ""tier2"", ""time"": ""2026-07-14T12:08:05Z"", ""reason"": ""lock_profit""}, {""sl"": 4027.4, ""tier"": ""tier2"", ""time"": ""2026-07-14T12:08:11Z"", ""reason"": ""lock_profit""}, {""sl"": 4027.19, ""tier"": ""tier2"", ""time"": ""2026-07-14T12:08:16Z"", ""reason"": ""lock_profit""}, {""sl"": 4026.91, ""tier"": ""tier3"", ""time"": ""2026-07-14T12:08:21Z"", ""reason"": ""trail""}], ""current_tier"": ""tier3"", ""last_sl_move_time"": ""2026-07-14T12:09:16Z""}",2026-07-14 14:50:05+00,2026-07-14 12:09:16.378365+00,2026-07-14 16:39:54.819067+00,closed
786,1,,,353522269,XAUUSD,SELL,4017.77000,4016.40000,0.01,4016.56000,4007.13000,1.37,"{""sl_history"": [{""sl"": 4023.79, ""tier"": ""tier1"", ""time"": ""2026-07-14T10:29:22Z"", ""reason"": ""breakeven""}, {""sl"": 4017.77, ""tier"": ""tier1"", ""time"": ""2026-07-14T10:31:09Z"", ""reason"": ""breakeven""}, {""sl"": 4016.56, ""tier"": ""tier3"", ""time"": ""2026-07-14T10:31:15Z"", ""reason"": ""trail""}], ""current_tier"": ""tier3"", ""last_sl_move_time"": ""2026-07-14T10:32:18Z""}",2026-07-14 13:30:05+00,2026-07-14 10:32:18.713369+00,2026-07-14 16:39:54.819067+00,closed
788,1,,,353526076,XAUUSD,SELL,4015.36000,4021.43000,0.01,4021.44000,4004.58000,-6.07,"{""sl_history"": [{""sl"": 4021.44, ""tier"": ""tier1"", ""time"": ""2026-07-14T10:34:25Z"", ""reason"": ""breakeven""}], ""current_tier"": ""tier1"", ""last_sl_move_time"": ""2026-07-14T10:47:41Z""}",2026-07-14 13:35:05+00,2026-07-14 10:47:41.007599+00,2026-07-14 16:39:54.819067+00,closed
251,1,,,353379673,XAUUSD,SELL,4027.61000,4025.49000,0.01,4026.16000,4014.96000,2.12,"{""sl_history"": [{""sl"": 4034.76, ""tier"": ""tier1"", ""time"": ""2026-07-14T07:38:53Z"", ""reason"": ""breakeven""}, {""sl"": 4027.61, ""tier"": ""tier1"", ""time"": ""2026-07-14T07:40:42Z"", ""reason"": ""breakeven""}, {""sl"": 4026.42, ""tier"": ""tier3"", ""time"": ""2026-07-14T07:41:11Z"", ""reason"": ""trail""}, {""sl"": 4026.16, ""tier"": ""tier3"", ""time"": ""2026-07-14T07:41:32Z"", ""reason"": ""trail""}], ""current_tier"": ""tier3"", ""last_sl_move_time"": ""2026-07-14T07:41:32Z""}",2026-07-14 10:39:32+00,2026-07-14 07:41:32.426286+00,2026-07-14 08:01:07.52551+00,closed
360,1,,,353380271,XAUUSD,SELL,4026.55000,4025.53000,0.01,4026.55000,4013.97000,1.02,"{""sl_history"": [{""sl"": 4033.77, ""tier"": ""tier1"", ""time"": ""2026-07-14T07:39:19Z"", ""reason"": ""breakeven""}, {""sl"": 4026.55, ""tier"": ""tier1"", ""time"": ""2026-07-14T07:41:11Z"", ""reason"": ""breakeven""}], ""current_tier"": ""tier1"", ""last_sl_move_time"": ""2026-07-14T07:41:32Z""}",2026-07-14 10:40:01+00,2026-07-14 07:41:32.64676+00,2026-07-14 08:01:07.52551+00,closed
820,1,,,353606173,XAUUSD,SELL,4029.77000,4026.05000,0.01,4026.84000,4015.31000,3.72,"{""sl_history"": [{""sl"": 4038.03, ""tier"": ""tier1"", ""time"": ""2026-07-14T12:04:23Z"", ""reason"": ""breakeven""}, {""sl"": 4029.77, ""tier"": ""tier1"", ""time"": ""2026-07-14T12:07:12Z"", ""reason"": ""breakeven""}, {""sl"": 4028.61, ""tier"": ""tier2"", ""time"": ""2026-07-14T12:07:19Z"", ""reason"": ""lock_profit""}, {""sl"": 4028.46, ""tier"": ""tier2"", ""time"": ""2026-07-14T12:07:36Z"", ""reason"": ""lock_profit""}, {""sl"": 4028.44, ""tier"": ""tier3"", ""time"": ""2026-07-14T12:07:43Z"", ""reason"": ""trail""}, {""sl"": 4028.02, ""tier"": ""tier3"", ""time"": ""2026-07-14T12:07:49Z"", ""reason"": ""trail""}, {""sl"": 4027.25, ""tier"": ""tier3"", ""time"": ""2026-07-14T12:08:00Z"", ""reason"": ""trail""}, {""sl"": 4027.13, ""tier"": ""tier3"", ""time"": ""2026-07-14T12:08:16Z"", ""reason"": ""trail""}, {""sl"": 4026.84, ""tier"": ""tier3"", ""time"": ""2026-07-14T12:08:21Z"", ""reason"": ""trail""}], ""current_tier"": ""tier3"", ""last_sl_move_time"": ""2026-07-14T12:09:16Z""}",2026-07-14 15:05:04+00,2026-07-14 12:09:16.392881+00,2026-07-14 16:39:54.819067+00,closed
822,1,,,353614465,XAUUSD,SELL,4026.16000,4026.11000,0.01,4034.89000,4010.94000,0.05,"{""sl_history"": [{""sl"": 4034.89, ""tier"": ""tier1"", ""time"": ""2026-07-14T12:09:28Z"", ""reason"": ""breakeven""}], ""current_tier"": ""tier1"", ""last_sl_move_time"": ""2026-07-14T12:19:33Z""}",2026-07-14 15:10:09+00,2026-07-14 12:19:33.029725+00,2026-07-14 16:39:54.819067+00,closed
824,1,,,353617278,XAUUSD,SELL,4025.77000,4026.11000,0.01,4033.91000,4011.55000,-0.34,"{""sl_history"": [{""sl"": 4033.91, ""tier"": ""tier1"", ""time"": ""2026-07-14T12:14:24Z"", ""reason"": ""breakeven""}], ""current_tier"": ""tier1"", ""last_sl_move_time"": ""2026-07-14T12:19:33Z""}",2026-07-14 15:15:04+00,2026-07-14 12:19:33.039674+00,2026-07-14 16:39:54.819067+00,closed
826,1,,,353703048,XAUUSD,BUY,4085.04000,4088.73000,0.01,4088.30000,4120.19000,3.69,"{""sl_history"": [{""sl"": 4064.88, ""tier"": ""tier1"", ""time"": ""2026-07-14T12:39:28Z"", ""reason"": ""breakeven""}, {""sl"": 4085.04, ""tier"": ""tier1"", ""time"": ""2026-07-14T12:40:56Z"", ""reason"": ""breakeven""}, {""sl"": 4087.82, ""tier"": ""tier2"", ""time"": ""2026-07-14T12:41:03Z"", ""reason"": ""lock_profit""}, {""sl"": 4088.3, ""tier"": ""tier3"", ""time"": ""2026-07-14T12:41:09Z"", ""reason"": ""trail""}], ""current_tier"": ""tier3"", ""last_sl_move_time"": ""2026-07-14T12:41:52Z""}",2026-07-14 15:40:09+00,2026-07-14 12:41:52.090173+00,2026-07-14 16:39:54.819067+00,closed
828,1,,,353717428,XAUUSD,BUY,4092.11000,4072.49000,0.01,4071.77000,4129.16000,-19.62,"{""sl_history"": [{""sl"": 4071.77, ""tier"": ""tier1"", ""time"": ""2026-07-14T12:44:23Z"", ""reason"": ""breakeven""}], ""current_tier"": ""tier1"", ""last_sl_move_time"": ""2026-07-14T12:55:43Z""}",2026-07-14 15:45:03+00,2026-07-14 12:55:43.11231+00,2026-07-14 16:39:54.819067+00,closed
830,1,,,353728275,XAUUSD,BUY,4083.25000,4086.45000,0.01,4084.98000,4122.85000,3.20,"{""sl_history"": [{""sl"": 4061.45, ""tier"": ""tier1"", ""time"": ""2026-07-14T12:49:26Z"", ""reason"": ""breakeven""}, {""sl"": 4066.4, ""tier"": ""tier1"", ""time"": ""2026-07-14T13:39:30Z"", ""reason"": ""breakeven""}, {""sl"": 4083.25, ""tier"": ""tier1"", ""time"": ""2026-07-14T13:43:56Z"", ""reason"": ""breakeven""}, {""sl"": 4084.75, ""tier"": ""tier2"", ""time"": ""2026-07-14T13:44:02Z"", ""reason"": ""lock_profit""}, {""sl"": 4084.98, ""tier"": ""tier2"", ""time"": ""2026-07-14T13:44:07Z"", ""reason"": ""lock_profit""}], ""current_tier"": ""tier2"", ""last_sl_move_time"": ""2026-07-14T13:44:26Z""}",2026-07-14 15:50:09+00,2026-07-14 13:44:26.196677+00,2026-07-14 16:39:54.819067+00,closed
457,1,,,353382426,XAUUSD,SELL,4024.88000,4025.51000,0.01,4031.80000,4012.60000,-0.63,"{""sl_history"": [{""sl"": 4031.8, ""tier"": ""tier1"", ""time"": ""2026-07-14T07:41:32Z"", ""reason"": ""breakeven""}], ""current_tier"": ""tier1"", ""last_sl_move_time"": ""2026-07-14T07:41:32Z""}",2026-07-14 10:41:57+00,2026-07-14 07:41:32.850166+00,2026-07-14 08:01:07.52551+00,closed
458,1,,,353382427,XAUUSD,SELL,4024.89000,4025.51000,0.01,4031.86000,4012.66000,-0.62,"{""sl_history"": [{""sl"": 4031.86, ""tier"": ""tier1"", ""time"": ""2026-07-14T07:41:32Z"", ""reason"": ""breakeven""}], ""current_tier"": ""tier1"", ""last_sl_move_time"": ""2026-07-14T07:41:32Z""}",2026-07-14 10:41:57+00,2026-07-14 07:41:32.8553+00,2026-07-14 08:01:07.52551+00,closed
459,1,,,353382430,XAUUSD,SELL,4024.88000,4025.51000,0.01,4031.87000,4012.67000,-0.63,"{""sl_history"": [{""sl"": 4031.87, ""tier"": ""tier1"", ""time"": ""2026-07-14T07:41:32Z"", ""reason"": ""breakeven""}], ""current_tier"": ""tier1"", ""last_sl_move_time"": ""2026-07-14T07:41:32Z""}",2026-07-14 10:41:57+00,2026-07-14 07:41:32.859522+00,2026-07-14 08:01:07.52551+00,closed
460,1,,,353382433,XAUUSD,SELL,4024.83000,4025.51000,0.01,4031.86000,4012.66000,-0.68,"{""sl_history"": [{""sl"": 4031.86, ""tier"": ""tier1"", ""time"": ""2026-07-14T07:41:32Z"", ""reason"": ""breakeven""}], ""current_tier"": ""tier1"", ""last_sl_move_time"": ""2026-07-14T07:41:32Z""}",2026-07-14 10:41:57+00,2026-07-14 07:41:32.864211+00,2026-07-14 08:01:07.52551+00,closed
461,1,,,353382438,XAUUSD,SELL,4024.80000,4025.51000,0.01,4031.81000,4012.61000,-0.71,"{""sl_history"": [{""sl"": 4031.81, ""tier"": ""tier1"", ""time"": ""2026-07-14T07:41:32Z"", ""reason"": ""breakeven""}], ""current_tier"": ""tier1"", ""last_sl_move_time"": ""2026-07-14T07:41:32Z""}",2026-07-14 10:41:57+00,2026-07-14 07:41:32.868169+00,2026-07-14 08:01:07.52551+00,closed
462,1,,,353382440,XAUUSD,SELL,4024.87000,4025.51000,0.01,4031.78000,4012.58000,-0.64,"{""sl_history"": [{""sl"": 4031.78, ""tier"": ""tier1"", ""time"": ""2026-07-14T07:41:32Z"", ""reason"": ""breakeven""}], ""current_tier"": ""tier1"", ""last_sl_move_time"": ""2026-07-14T07:41:32Z""}",2026-07-14 10:41:58+00,2026-07-14 07:41:32.872869+00,2026-07-14 08:01:07.52551+00,closed
832,1,,,353740753,XAUUSD,BUY,4074.83000,4080.32000,0.01,4079.43000,4116.18000,5.49,"{""sl_history"": [{""sl"": 4052.0, ""tier"": ""tier1"", ""time"": ""2026-07-14T12:54:22Z"", ""reason"": ""breakeven""}, {""sl"": 4074.83, ""tier"": ""tier1"", ""time"": ""2026-07-14T13:01:05Z"", ""reason"": ""breakeven""}, {""sl"": 4079.43, ""tier"": ""tier3"", ""time"": ""2026-07-14T13:01:12Z"", ""reason"": ""trail""}], ""current_tier"": ""tier3"", ""last_sl_move_time"": ""2026-07-14T13:02:07Z""}",2026-07-14 15:55:04+00,2026-07-14 13:02:07.085039+00,2026-07-14 16:39:54.819067+00,closed
834,1,,,353751326,XAUUSD,BUY,4075.15000,4080.32000,0.01,4079.31000,4118.07000,5.17,"{""sl_history"": [{""sl"": 4051.07, ""tier"": ""tier1"", ""time"": ""2026-07-14T12:59:24Z"", ""reason"": ""breakeven""}, {""sl"": 4075.15, ""tier"": ""tier1"", ""time"": ""2026-07-14T13:01:05Z"", ""reason"": ""breakeven""}, {""sl"": 4079.31, ""tier"": ""tier3"", ""time"": ""2026-07-14T13:01:12Z"", ""reason"": ""trail""}], ""current_tier"": ""tier3"", ""last_sl_move_time"": ""2026-07-14T13:02:07Z""}",2026-07-14 16:00:04+00,2026-07-14 13:02:07.092064+00,2026-07-14 16:39:54.819067+00,closed
836,1,,,353773433,XAUUSD,BUY,4078.63000,4082.95000,0.01,4081.08000,4123.25000,4.32,"{""sl_history"": [{""sl"": 4052.98, ""tier"": ""tier1"", ""time"": ""2026-07-14T13:09:22Z"", ""reason"": ""breakeven""}, {""sl"": 4078.63, ""tier"": ""tier1"", ""time"": ""2026-07-14T13:27:46Z"", ""reason"": ""breakeven""}, {""sl"": 4081.08, ""tier"": ""tier2"", ""time"": ""2026-07-14T13:27:52Z"", ""reason"": ""lock_profit""}], ""current_tier"": ""tier2"", ""last_sl_move_time"": ""2026-07-14T13:30:47Z""}",2026-07-14 16:10:05+00,2026-07-14 13:30:47.796016+00,2026-07-14 16:39:54.819067+00,closed
838,1,,,353789955,XAUUSD,BUY,4075.71000,4082.75000,0.01,4081.56000,4121.87000,7.04,"{""sl_history"": [{""sl"": 4049.32, ""tier"": ""tier1"", ""time"": ""2026-07-14T13:19:27Z"", ""reason"": ""breakeven""}, {""sl"": 4075.71, ""tier"": ""tier1"", ""time"": ""2026-07-14T13:22:35Z"", ""reason"": ""breakeven""}, {""sl"": 4079.32, ""tier"": ""tier2"", ""time"": ""2026-07-14T13:22:41Z"", ""reason"": ""lock_profit""}, {""sl"": 4079.78, ""tier"": ""tier2"", ""time"": ""2026-07-14T13:22:48Z"", ""reason"": ""lock_profit""}, {""sl"": 4081.33, ""tier"": ""tier3"", ""time"": ""2026-07-14T13:22:54Z"", ""reason"": ""trail""}, {""sl"": 4081.56, ""tier"": ""tier3"", ""time"": ""2026-07-14T13:27:46Z"", ""reason"": ""trail""}], ""current_tier"": ""tier3"", ""last_sl_move_time"": ""2026-07-14T13:29:00Z""}",2026-07-14 16:20:10+00,2026-07-14 13:29:00.326895+00,2026-07-14 16:39:54.819067+00,closed
773,1,,,353384079,XAUUSD,SELL,4023.35000,4022.97000,0.01,4030.50000,4010.78000,0.38,"{""sl_history"": [{""sl"": 4030.5, ""tier"": ""tier1"", ""time"": ""2026-07-14T07:43:02Z"", ""reason"": ""breakeven""}], ""current_tier"": ""tier1"", ""last_sl_move_time"": ""2026-07-14T07:45:24Z""}",2026-07-14 10:43:43+00,2026-07-14 07:45:24.571867+00,2026-07-14 08:01:07.52551+00,closed
780,1,,,353388386,XAUUSD,SELL,4023.30000,4023.66000,0.01,4029.62000,4011.67000,-0.36,"{""sl_history"": [{""sl"": 4029.62, ""tier"": ""tier1"", ""time"": ""2026-07-14T07:49:27Z"", ""reason"": ""breakeven""}], ""current_tier"": ""tier1"", ""last_sl_move_time"": ""2026-07-14T07:50:49Z""}",2026-07-14 10:50:07+00,2026-07-14 07:50:49.507607+00,2026-07-14 08:01:07.52551+00,closed
774,1,,,353384085,XAUUSD,SELL,4023.35000,4022.97000,0.01,4030.52000,4010.80000,0.38,"{""sl_history"": [{""sl"": 4030.52, ""tier"": ""tier1"", ""time"": ""2026-07-14T07:43:02Z"", ""reason"": ""breakeven""}], ""current_tier"": ""tier1"", ""last_sl_move_time"": ""2026-07-14T07:45:24Z""}",2026-07-14 10:43:44+00,2026-07-14 07:45:24.576484+00,2026-07-14 08:01:07.52551+00,closed
775,1,,,353384095,XAUUSD,SELL,4023.36000,4022.97000,0.01,4030.56000,4010.79000,0.39,"{""sl_history"": [{""sl"": 4030.56, ""tier"": ""tier1"", ""time"": ""2026-07-14T07:43:02Z"", ""reason"": ""breakeven""}], ""current_tier"": ""tier1"", ""last_sl_move_time"": ""2026-07-14T07:45:24Z""}",2026-07-14 10:43:44+00,2026-07-14 07:45:24.580721+00,2026-07-14 08:01:07.52551+00,closed
776,1,,,353384097,XAUUSD,SELL,4023.32000,4022.97000,0.01,4030.55000,4010.78000,0.35,"{""sl_history"": [{""sl"": 4030.55, ""tier"": ""tier1"", ""time"": ""2026-07-14T07:43:02Z"", ""reason"": ""breakeven""}], ""current_tier"": ""tier1"", ""last_sl_move_time"": ""2026-07-14T07:45:24Z""}",2026-07-14 10:43:45+00,2026-07-14 07:45:24.58485+00,2026-07-14 08:01:07.52551+00,closed
778,1,,,353385007,XAUUSD,SELL,4023.85000,4022.97000,0.01,4023.85000,4012.07000,0.88,"{""sl_history"": [{""sl"": 4030.63, ""tier"": ""tier1"", ""time"": ""2026-07-14T07:44:28Z"", ""reason"": ""breakeven""}, {""sl"": 4023.85, ""tier"": ""tier1"", ""time"": ""2026-07-14T07:45:24Z"", ""reason"": ""breakeven""}], ""current_tier"": ""tier1"", ""last_sl_move_time"": ""2026-07-14T07:45:24Z""}",2026-07-14 10:45:06+00,2026-07-14 07:45:24.588654+00,2026-07-14 08:01:07.52551+00,closed
334,1,,,353380137,XAUUSD,SELL,4026.51000,4025.49000,0.01,4026.40000,4013.94000,1.02,"{""sl_history"": [{""sl"": 4033.74, ""tier"": ""tier1"", ""time"": ""2026-07-14T07:39:15Z"", ""reason"": ""breakeven""}, {""sl"": 4026.51, ""tier"": ""tier1"", ""time"": ""2026-07-14T07:41:11Z"", ""reason"": ""breakeven""}, {""sl"": 4026.4, ""tier"": ""tier2"", ""time"": ""2026-07-14T07:41:32Z"", ""reason"": ""lock_profit""}], ""current_tier"": ""tier2"", ""last_sl_move_time"": ""2026-07-14T07:41:32Z""}",2026-07-14 10:39:52+00,2026-07-14 07:41:32.58225+00,2026-07-14 08:01:07.52551+00,closed
302,1,,,353379885,XAUUSD,SELL,4027.05000,4025.49000,0.01,4026.24000,4014.47000,1.56,"{""sl_history"": [{""sl"": 4034.27, ""tier"": ""tier1"", ""time"": ""2026-07-14T07:39:01Z"", ""reason"": ""breakeven""}, {""sl"": 4027.05, ""tier"": ""tier1"", ""time"": ""2026-07-14T07:40:42Z"", ""reason"": ""breakeven""}, {""sl"": 4026.51, ""tier"": ""tier2"", ""time"": ""2026-07-14T07:41:11Z"", ""reason"": ""lock_profit""}, {""sl"": 4026.24, ""tier"": ""tier2"", ""time"": ""2026-07-14T07:41:32Z"", ""reason"": ""lock_profit""}], ""current_tier"": ""tier2"", ""last_sl_move_time"": ""2026-07-14T07:41:32Z""}",2026-07-14 10:39:42+00,2026-07-14 07:41:32.537729+00,2026-07-14 08:01:07.52551+00,closed
316,1,,,353380008,XAUUSD,SELL,4026.74000,4025.49000,0.01,4026.23000,4014.12000,1.25,"{""sl_history"": [{""sl"": 4033.92, ""tier"": ""tier1"", ""time"": ""2026-07-14T07:39:08Z"", ""reason"": ""breakeven""}, {""sl"": 4026.74, ""tier"": ""tier1"", ""time"": ""2026-07-14T07:41:11Z"", ""reason"": ""breakeven""}, {""sl"": 4026.23, ""tier"": ""tier2"", ""time"": ""2026-07-14T07:41:32Z"", ""reason"": ""lock_profit""}], ""current_tier"": ""tier2"", ""last_sl_move_time"": ""2026-07-14T07:41:32Z""}",2026-07-14 10:39:46+00,2026-07-14 07:41:32.552104+00,2026-07-14 08:01:07.52551+00,closed
176,1,,,353335027,XAUUSD,SELL,4024.63000,4021.49000,0.01,4022.00000,4014.56000,3.14,"{""sl_history"": [{""sl"": 4030.45, ""tier"": ""tier1"", ""time"": ""2026-07-14T06:49:26Z"", ""reason"": ""breakeven""}, {""sl"": 4024.63, ""tier"": ""tier1"", ""time"": ""2026-07-14T06:59:20Z"", ""reason"": ""breakeven""}, {""sl"": 4023.73, ""tier"": ""tier2"", ""time"": ""2026-07-14T06:59:26Z"", ""reason"": ""lock_profit""}, {""sl"": 4023.72, ""tier"": ""tier3"", ""time"": ""2026-07-14T06:59:31Z"", ""reason"": ""trail""}, {""sl"": 4023.16, ""tier"": ""tier3"", ""time"": ""2026-07-14T06:59:35Z"", ""reason"": ""trail""}, {""sl"": 4023.02, ""tier"": ""tier3"", ""time"": ""2026-07-14T06:59:46Z"", ""reason"": ""trail""}, {""sl"": 4022.49, ""tier"": ""tier3"", ""time"": ""2026-07-14T06:59:52Z"", ""reason"": ""trail""}, {""sl"": 4022.0, ""tier"": ""tier3"", ""time"": ""2026-07-14T06:59:57Z"", ""reason"": ""trail""}], ""current_tier"": ""tier3"", ""last_sl_move_time"": ""2026-07-14T07:00:13Z""}",2026-07-14 09:50:06+00,2026-07-14 07:00:13.984287+00,2026-07-14 08:01:07.52551+00,closed
317,1,,,353380016,XAUUSD,SELL,4026.72000,4025.49000,0.01,4026.24000,4014.14000,1.23,"{""sl_history"": [{""sl"": 4033.94, ""tier"": ""tier1"", ""time"": ""2026-07-14T07:39:08Z"", ""reason"": ""breakeven""}, {""sl"": 4026.72, ""tier"": ""tier1"", ""time"": ""2026-07-14T07:41:11Z"", ""reason"": ""breakeven""}, {""sl"": 4026.24, ""tier"": ""tier2"", ""time"": ""2026-07-14T07:41:32Z"", ""reason"": ""lock_profit""}], ""current_tier"": ""tier2"", ""last_sl_move_time"": ""2026-07-14T07:41:32Z""}",2026-07-14 10:39:46+00,2026-07-14 07:41:32.55562+00,2026-07-14 08:01:07.52551+00,closed
336,1,,,353380144,XAUUSD,SELL,4026.51000,4025.49000,0.01,4026.51000,4013.91000,1.02,"{""sl_history"": [{""sl"": 4033.71, ""tier"": ""tier1"", ""time"": ""2026-07-14T07:39:15Z"", ""reason"": ""breakeven""}, {""sl"": 4026.51, ""tier"": ""tier1"", ""time"": ""2026-07-14T07:41:11Z"", ""reason"": ""breakeven""}], ""current_tier"": ""tier1"", ""last_sl_move_time"": ""2026-07-14T07:41:32Z""}",2026-07-14 10:39:53+00,2026-07-14 07:41:32.589242+00,2026-07-14 08:01:07.52551+00,closed
318,1,,,353380021,XAUUSD,SELL,4026.72000,4025.49000,0.01,4026.23000,4014.12000,1.23,"{""sl_history"": [{""sl"": 4033.92, ""tier"": ""tier1"", ""time"": ""2026-07-14T07:39:08Z"", ""reason"": ""breakeven""}, {""sl"": 4026.72, ""tier"": ""tier1"", ""time"": ""2026-07-14T07:41:11Z"", ""reason"": ""breakeven""}, {""sl"": 4026.23, ""tier"": ""tier2"", ""time"": ""2026-07-14T07:41:32Z"", ""reason"": ""lock_profit""}], ""current_tier"": ""tier2"", ""last_sl_move_time"": ""2026-07-14T07:41:32Z""}",2026-07-14 10:39:46+00,2026-07-14 07:41:32.559384+00,2026-07-14 08:01:07.52551+00,closed
320,1,,,353380032,XAUUSD,SELL,4026.76000,4025.49000,0.01,4026.23000,4014.12000,1.27,"{""sl_history"": [{""sl"": 4033.92, ""tier"": ""tier1"", ""time"": ""2026-07-14T07:39:08Z"", ""reason"": ""breakeven""}, {""sl"": 4026.76, ""tier"": ""tier1"", ""time"": ""2026-07-14T07:40:42Z"", ""reason"": ""breakeven""}, {""sl"": 4026.55, ""tier"": ""tier2"", ""time"": ""2026-07-14T07:41:11Z"", ""reason"": ""lock_profit""}, {""sl"": 4026.23, ""tier"": ""tier2"", ""time"": ""2026-07-14T07:41:32Z"", ""reason"": ""lock_profit""}], ""current_tier"": ""tier2"", ""last_sl_move_time"": ""2026-07-14T07:41:32Z""}",2026-07-14 10:39:47+00,2026-07-14 07:41:32.566564+00,2026-07-14 08:01:07.52551+00,closed
321,1,,,353380039,XAUUSD,SELL,4026.74000,4025.49000,0.01,4026.24000,4014.16000,1.25,"{""sl_history"": [{""sl"": 4033.96, ""tier"": ""tier1"", ""time"": ""2026-07-14T07:39:08Z"", ""reason"": ""breakeven""}, {""sl"": 4026.74, ""tier"": ""tier1"", ""time"": ""2026-07-14T07:41:11Z"", ""reason"": ""breakeven""}, {""sl"": 4026.24, ""tier"": ""tier2"", ""time"": ""2026-07-14T07:41:32Z"", ""reason"": ""lock_profit""}], ""current_tier"": ""tier2"", ""last_sl_move_time"": ""2026-07-14T07:41:32Z""}",2026-07-14 10:39:47+00,2026-07-14 07:41:32.570362+00,2026-07-14 08:01:07.52551+00,closed
178,1,,,353342516,XAUUSD,SELL,4022.04000,4027.44000,0.01,4027.97000,4011.50000,-5.40,"{""sl_history"": [{""sl"": 4027.97, ""tier"": ""tier1"", ""time"": ""2026-07-14T06:59:26Z"", ""reason"": ""breakeven""}], ""current_tier"": ""tier1"", ""last_sl_move_time"": ""2026-07-14T07:04:39Z""}",2026-07-14 10:00:06+00,2026-07-14 07:04:39.393426+00,2026-07-14 08:01:07.52551+00,closed
322,1,,,353380047,XAUUSD,SELL,4026.73000,4025.49000,0.01,4026.29000,4014.14000,1.24,"{""sl_history"": [{""sl"": 4033.94, ""tier"": ""tier1"", ""time"": ""2026-07-14T07:39:08Z"", ""reason"": ""breakeven""}, {""sl"": 4026.73, ""tier"": ""tier1"", ""time"": ""2026-07-14T07:41:11Z"", ""reason"": ""breakeven""}, {""sl"": 4026.29, ""tier"": ""tier2"", ""time"": ""2026-07-14T07:41:32Z"", ""reason"": ""lock_profit""}], ""current_tier"": ""tier2"", ""last_sl_move_time"": ""2026-07-14T07:41:32Z""}",2026-07-14 10:39:48+00,2026-07-14 07:41:32.574137+00,2026-07-14 08:01:07.52551+00,closed
333,1,,,353380129,XAUUSD,SELL,4026.54000,4025.49000,0.01,4026.26000,4013.95000,1.05,"{""sl_history"": [{""sl"": 4033.75, ""tier"": ""tier1"", ""time"": ""2026-07-14T07:39:15Z"", ""reason"": ""breakeven""}, {""sl"": 4026.54, ""tier"": ""tier1"", ""time"": ""2026-07-14T07:41:11Z"", ""reason"": ""breakeven""}, {""sl"": 4026.26, ""tier"": ""tier2"", ""time"": ""2026-07-14T07:41:32Z"", ""reason"": ""lock_profit""}], ""current_tier"": ""tier2"", ""last_sl_move_time"": ""2026-07-14T07:41:32Z""}",2026-07-14 10:39:52+00,2026-07-14 07:41:32.5782+00,2026-07-14 08:01:07.52551+00,closed
168,1,,,353294738,XAUUSD,BUY,4030.76000,4031.84000,0.01,4031.78000,4042.39000,1.08,"{""sl_history"": [{""sl"": 4024.16, ""tier"": ""tier1"", ""time"": ""2026-07-14T06:04:24Z"", ""reason"": ""breakeven""}, {""sl"": 4031.78, ""tier"": ""tier3"", ""time"": ""2026-07-14T06:09:54Z"", ""reason"": ""trail""}], ""current_tier"": ""tier3"", ""last_sl_move_time"": ""2026-07-14T06:10:32Z""}",2026-07-14 09:05:06+00,2026-07-14 06:10:32.667985+00,2026-07-14 08:01:07.52551+00,closed
319,1,,,353380026,XAUUSD,SELL,4026.72000,4025.49000,0.01,4026.24000,4014.12000,1.23,"{""sl_history"": [{""sl"": 4033.92, ""tier"": ""tier1"", ""time"": ""2026-07-14T07:39:08Z"", ""reason"": ""breakeven""}, {""sl"": 4026.72, ""tier"": ""tier1"", ""time"": ""2026-07-14T07:41:11Z"", ""reason"": ""breakeven""}, {""sl"": 4026.24, ""tier"": ""tier2"", ""time"": ""2026-07-14T07:41:32Z"", ""reason"": ""lock_profit""}], ""current_tier"": ""tier2"", ""last_sl_move_time"": ""2026-07-14T07:41:32Z""}",2026-07-14 10:39:47+00,2026-07-14 07:41:32.563009+00,2026-07-14 08:01:07.52551+00,closed
335,1,,,353380140,XAUUSD,SELL,4026.51000,4025.49000,0.01,4026.37000,4013.91000,1.02,"{""sl_history"": [{""sl"": 4033.71, ""tier"": ""tier1"", ""time"": ""2026-07-14T07:39:15Z"", ""reason"": ""breakeven""}, {""sl"": 4026.51, ""tier"": ""tier1"", ""time"": ""2026-07-14T07:41:11Z"", ""reason"": ""breakeven""}, {""sl"": 4026.37, ""tier"": ""tier2"", ""time"": ""2026-07-14T07:41:32Z"", ""reason"": ""lock_profit""}], ""current_tier"": ""tier2"", ""last_sl_move_time"": ""2026-07-14T07:41:32Z""}",2026-07-14 10:39:53+00,2026-07-14 07:41:32.585633+00,2026-07-14 08:01:07.52551+00,closed
337,1,,,353380145,XAUUSD,SELL,4026.53000,4025.49000,0.01,4026.53000,4013.91000,1.04,"{""sl_history"": [{""sl"": 4033.71, ""tier"": ""tier1"", ""time"": ""2026-07-14T07:39:15Z"", ""reason"": ""breakeven""}, {""sl"": 4026.53, ""tier"": ""tier1"", ""time"": ""2026-07-14T07:41:11Z"", ""reason"": ""breakeven""}], ""current_tier"": ""tier1"", ""last_sl_move_time"": ""2026-07-14T07:41:32Z""}",2026-07-14 10:39:53+00,2026-07-14 07:41:32.592781+00,2026-07-14 08:01:07.52551+00,closed
356,1,,,353380214,XAUUSD,SELL,4026.50000,4025.49000,0.01,4026.50000,4013.86000,1.01,"{""sl_history"": [{""sl"": 4033.66, ""tier"": ""tier1"", ""time"": ""2026-07-14T07:39:19Z"", ""reason"": ""breakeven""}, {""sl"": 4026.5, ""tier"": ""tier1"", ""time"": ""2026-07-14T07:41:11Z"", ""reason"": ""breakeven""}], ""current_tier"": ""tier1"", ""last_sl_move_time"": ""2026-07-14T07:41:32Z""}",2026-07-14 10:40:00+00,2026-07-14 07:41:32.629551+00,2026-07-14 08:01:07.52551+00,closed
342,1,,,353380168,XAUUSD,SELL,4026.45000,4025.49000,0.01,4026.45000,4013.86000,0.96,"{""sl_history"": [{""sl"": 4033.66, ""tier"": ""tier1"", ""time"": ""2026-07-14T07:39:15Z"", ""reason"": ""breakeven""}, {""sl"": 4026.45, ""tier"": ""tier1"", ""time"": ""2026-07-14T07:41:11Z"", ""reason"": ""breakeven""}], ""current_tier"": ""tier1"", ""last_sl_move_time"": ""2026-07-14T07:41:32Z""}",2026-07-14 10:39:54+00,2026-07-14 07:41:32.61208+00,2026-07-14 08:01:07.52551+00,closed
353,1,,,353380196,XAUUSD,SELL,4026.47000,4025.49000,0.01,4026.47000,4013.86000,0.98,"{""sl_history"": [{""sl"": 4033.66, ""tier"": ""tier1"", ""time"": ""2026-07-14T07:39:19Z"", ""reason"": ""breakeven""}, {""sl"": 4026.47, ""tier"": ""tier1"", ""time"": ""2026-07-14T07:41:11Z"", ""reason"": ""breakeven""}], ""current_tier"": ""tier1"", ""last_sl_move_time"": ""2026-07-14T07:41:32Z""}",2026-07-14 10:39:59+00,2026-07-14 07:41:32.615948+00,2026-07-14 08:01:07.52551+00,closed
354,1,,,353380197,XAUUSD,SELL,4026.46000,4025.49000,0.01,4026.46000,4013.87000,0.97,"{""sl_history"": [{""sl"": 4033.67, ""tier"": ""tier1"", ""time"": ""2026-07-14T07:39:19Z"", ""reason"": ""breakeven""}, {""sl"": 4026.46, ""tier"": ""tier1"", ""time"": ""2026-07-14T07:41:11Z"", ""reason"": ""breakeven""}], ""current_tier"": ""tier1"", ""last_sl_move_time"": ""2026-07-14T07:41:32Z""}",2026-07-14 10:39:59+00,2026-07-14 07:41:32.620858+00,2026-07-14 08:01:07.52551+00,closed
355,1,,,353380198,XAUUSD,SELL,4026.46000,4025.49000,0.01,4026.46000,4013.86000,0.97,"{""sl_history"": [{""sl"": 4033.66, ""tier"": ""tier1"", ""time"": ""2026-07-14T07:39:19Z"", ""reason"": ""breakeven""}, {""sl"": 4026.46, ""tier"": ""tier1"", ""time"": ""2026-07-14T07:41:11Z"", ""reason"": ""breakeven""}], ""current_tier"": ""tier1"", ""last_sl_move_time"": ""2026-07-14T07:41:32Z""}",2026-07-14 10:40:00+00,2026-07-14 07:41:32.625488+00,2026-07-14 08:01:07.52551+00,closed
340,1,,,353380163,XAUUSD,SELL,4026.48000,4025.49000,0.01,4026.48000,4013.90000,0.99,"{""sl_history"": [{""sl"": 4033.7, ""tier"": ""tier1"", ""time"": ""2026-07-14T07:39:15Z"", ""reason"": ""breakeven""}, {""sl"": 4026.48, ""tier"": ""tier1"", ""time"": ""2026-07-14T07:41:11Z"", ""reason"": ""breakeven""}], ""current_tier"": ""tier1"", ""last_sl_move_time"": ""2026-07-14T07:41:32Z""}",2026-07-14 10:39:54+00,2026-07-14 07:41:32.604383+00,2026-07-14 08:01:07.52551+00,closed
341,1,,,353380166,XAUUSD,SELL,4026.46000,4025.49000,0.01,4026.46000,4013.88000,0.97,"{""sl_history"": [{""sl"": 4033.68, ""tier"": ""tier1"", ""time"": ""2026-07-14T07:39:15Z"", ""reason"": ""breakeven""}, {""sl"": 4026.46, ""tier"": ""tier1"", ""time"": ""2026-07-14T07:41:11Z"", ""reason"": ""breakeven""}], ""current_tier"": ""tier1"", ""last_sl_move_time"": ""2026-07-14T07:41:32Z""}",2026-07-14 10:39:54+00,2026-07-14 07:41:32.608314+00,2026-07-14 08:01:07.52551+00,closed
357,1,,,353380254,XAUUSD,SELL,4026.53000,4025.49000,0.01,4026.53000,4013.90000,1.04,"{""sl_history"": [{""sl"": 4033.7, ""tier"": ""tier1"", ""time"": ""2026-07-14T07:39:19Z"", ""reason"": ""breakeven""}, {""sl"": 4026.53, ""tier"": ""tier1"", ""time"": ""2026-07-14T07:41:11Z"", ""reason"": ""breakeven""}], ""current_tier"": ""tier1"", ""last_sl_move_time"": ""2026-07-14T07:41:32Z""}",2026-07-14 10:40:00+00,2026-07-14 07:41:32.633649+00,2026-07-14 08:01:07.52551+00,closed
358,1,,,353380262,XAUUSD,SELL,4026.56000,4025.49000,0.01,4026.56000,4013.93000,1.07,"{""sl_history"": [{""sl"": 4033.73, ""tier"": ""tier1"", ""time"": ""2026-07-14T07:39:19Z"", ""reason"": ""breakeven""}, {""sl"": 4026.56, ""tier"": ""tier1"", ""time"": ""2026-07-14T07:41:11Z"", ""reason"": ""breakeven""}], ""current_tier"": ""tier1"", ""last_sl_move_time"": ""2026-07-14T07:41:32Z""}",2026-07-14 10:40:00+00,2026-07-14 07:41:32.637863+00,2026-07-14 08:01:07.52551+00,closed
338,1,,,353380150,XAUUSD,SELL,4026.46000,4025.49000,0.01,4026.46000,4013.93000,0.97,"{""sl_history"": [{""sl"": 4033.73, ""tier"": ""tier1"", ""time"": ""2026-07-14T07:39:15Z"", ""reason"": ""breakeven""}, {""sl"": 4026.46, ""tier"": ""tier1"", ""time"": ""2026-07-14T07:41:11Z"", ""reason"": ""breakeven""}], ""current_tier"": ""tier1"", ""last_sl_move_time"": ""2026-07-14T07:41:32Z""}",2026-07-14 10:39:53+00,2026-07-14 07:41:32.596431+00,2026-07-14 08:01:07.52551+00,closed
339,1,,,353380158,XAUUSD,SELL,4026.50000,4025.49000,0.01,4026.50000,4013.86000,1.01,"{""sl_history"": [{""sl"": 4033.66, ""tier"": ""tier1"", ""time"": ""2026-07-14T07:39:15Z"", ""reason"": ""breakeven""}, {""sl"": 4026.5, ""tier"": ""tier1"", ""time"": ""2026-07-14T07:41:11Z"", ""reason"": ""breakeven""}], ""current_tier"": ""tier1"", ""last_sl_move_time"": ""2026-07-14T07:41:32Z""}",2026-07-14 10:39:54+00,2026-07-14 07:41:32.600393+00,2026-07-14 08:01:07.52551+00,closed
182,1,,,353359550,XAUUSD,SELL,4025.30000,4025.87000,0.01,4026.10000,4013.97000,-0.57,"{""sl_history"": [{""sl"": 4031.76, ""tier"": ""tier1"", ""time"": ""2026-07-14T07:14:25Z"", ""reason"": ""breakeven""}, {""sl"": 4026.53, ""tier"": ""tier1"", ""time"": ""2026-07-14T07:14:26Z"", ""reason"": ""breakeven""}, {""sl"": 4026.1, ""tier"": ""tier1"", ""time"": ""2026-07-14T07:14:32Z"", ""reason"": ""breakeven""}], ""current_tier"": ""tier1"", ""last_sl_move_time"": ""2026-07-14T07:14:42Z""}",2026-07-14 10:15:07+00,2026-07-14 07:14:42.762029+00,2026-07-14 08:01:07.52551+00,closed
166,1,,,353292287,XAUUSD,BUY,4032.44000,4026.24000,0.01,4025.64000,4044.20000,-6.20,"{""sl_history"": [{""sl"": 4025.64, ""tier"": ""tier1"", ""time"": ""2026-07-14T05:59:23Z"", ""reason"": ""breakeven""}], ""current_tier"": ""tier1"", ""last_sl_move_time"": ""2026-07-14T06:25:31Z""}",2026-07-14 09:00:06+00,2026-07-14 06:25:31.137956+00,2026-07-14 08:01:07.52551+00,closed
172,1,,,353300348,XAUUSD,BUY,4030.93000,4024.81000,0.01,4024.58000,4042.32000,-6.12,"{""sl_history"": [{""sl"": 4024.58, ""tier"": ""tier1"", ""time"": ""2026-07-14T06:14:26Z"", ""reason"": ""breakeven""}], ""current_tier"": ""tier1"", ""last_sl_move_time"": ""2026-07-14T06:26:46Z""}",2026-07-14 09:15:05+00,2026-07-14 06:26:46.769722+00,2026-07-14 08:01:07.52551+00,closed
361,1,,,353380279,XAUUSD,SELL,4026.49000,4025.53000,0.01,4026.49000,4013.95000,0.96,"{""sl_history"": [{""sl"": 4033.75, ""tier"": ""tier1"", ""time"": ""2026-07-14T07:39:19Z"", ""reason"": ""breakeven""}, {""sl"": 4026.49, ""tier"": ""tier1"", ""time"": ""2026-07-14T07:41:11Z"", ""reason"": ""breakeven""}], ""current_tier"": ""tier1"", ""last_sl_move_time"": ""2026-07-14T07:41:32Z""}",2026-07-14 10:40:01+00,2026-07-14 07:41:32.652206+00,2026-07-14 08:01:07.52551+00,closed
362,1,,,353380283,XAUUSD,SELL,4026.51000,4025.53000,0.01,4026.51000,4013.89000,0.98,"{""sl_history"": [{""sl"": 4033.69, ""tier"": ""tier1"", ""time"": ""2026-07-14T07:39:19Z"", ""reason"": ""breakeven""}, {""sl"": 4026.51, ""tier"": ""tier1"", ""time"": ""2026-07-14T07:41:11Z"", ""reason"": ""breakeven""}], ""current_tier"": ""tier1"", ""last_sl_move_time"": ""2026-07-14T07:41:32Z""}",2026-07-14 10:40:01+00,2026-07-14 07:41:32.657727+00,2026-07-14 08:01:07.52551+00,closed
211,1,,,353379380,XAUUSD,SELL,4028.26000,4025.49000,0.01,4026.11000,4015.69000,2.77,"{""sl_history"": [{""sl"": 4035.49, ""tier"": ""tier1"", ""time"": ""2026-07-14T07:38:46Z"", ""reason"": ""breakeven""}, {""sl"": 4028.26, ""tier"": ""tier1"", ""time"": ""2026-07-14T07:39:01Z"", ""reason"": ""breakeven""}, {""sl"": 4027.91, ""tier"": ""tier2"", ""time"": ""2026-07-14T07:39:08Z"", ""reason"": ""lock_profit""}, {""sl"": 4027.78, ""tier"": ""tier2"", ""time"": ""2026-07-14T07:39:15Z"", ""reason"": ""lock_profit""}, {""sl"": 4027.36, ""tier"": ""tier2"", ""time"": ""2026-07-14T07:40:24Z"", ""reason"": ""lock_profit""}, {""sl"": 4026.99, ""tier"": ""tier3"", ""time"": ""2026-07-14T07:40:42Z"", ""reason"": ""trail""}, {""sl"": 4026.95, ""tier"": ""tier3"", ""time"": ""2026-07-14T07:41:11Z"", ""reason"": ""trail""}, {""sl"": 4026.11, ""tier"": ""tier3"", ""time"": ""2026-07-14T07:41:32Z"", ""reason"": ""trail""}], ""current_tier"": ""tier3"", ""last_sl_move_time"": ""2026-07-14T07:41:32Z""}",2026-07-14 10:39:25+00,2026-07-14 07:41:32.353698+00,2026-07-14 08:01:07.52551+00,closed
214,1,,,353379432,XAUUSD,SELL,4028.07000,4025.49000,0.01,4026.00000,4015.55000,2.58,"{""sl_history"": [{""sl"": 4035.35, ""tier"": ""tier1"", ""time"": ""2026-07-14T07:38:46Z"", ""reason"": ""breakeven""}, {""sl"": 4028.07, ""tier"": ""tier1"", ""time"": ""2026-07-14T07:39:08Z"", ""reason"": ""breakeven""}, {""sl"": 4027.79, ""tier"": ""tier2"", ""time"": ""2026-07-14T07:39:15Z"", ""reason"": ""lock_profit""}, {""sl"": 4027.38, ""tier"": ""tier2"", ""time"": ""2026-07-14T07:40:24Z"", ""reason"": ""lock_profit""}, {""sl"": 4027.0, ""tier"": ""tier3"", ""time"": ""2026-07-14T07:40:42Z"", ""reason"": ""trail""}, {""sl"": 4026.95, ""tier"": ""tier3"", ""time"": ""2026-07-14T07:41:11Z"", ""reason"": ""trail""}, {""sl"": 4026.0, ""tier"": ""tier3"", ""time"": ""2026-07-14T07:41:32Z"", ""reason"": ""trail""}], ""current_tier"": ""tier3"", ""last_sl_move_time"": ""2026-07-14T07:41:32Z""}",2026-07-14 10:39:27+00,2026-07-14 07:41:32.365264+00,2026-07-14 08:01:07.52551+00,closed
217,1,,,353379451,XAUUSD,SELL,4027.73000,4025.49000,0.01,4026.68000,4015.50000,2.24,"{""sl_history"": [{""sl"": 4035.3, ""tier"": ""tier1"", ""time"": ""2026-07-14T07:38:46Z"", ""reason"": ""breakeven""}, {""sl"": 4027.73, ""tier"": ""tier1"", ""time"": ""2026-07-14T07:39:08Z"", ""reason"": ""breakeven""}, {""sl"": 4027.41, ""tier"": ""tier2"", ""time"": ""2026-07-14T07:40:24Z"", ""reason"": ""lock_profit""}, {""sl"": 4027.11, ""tier"": ""tier2"", ""time"": ""2026-07-14T07:40:42Z"", ""reason"": ""lock_profit""}, {""sl"": 4026.94, ""tier"": ""tier2"", ""time"": ""2026-07-14T07:41:11Z"", ""reason"": ""lock_profit""}, {""sl"": 4026.68, ""tier"": ""tier3"", ""time"": ""2026-07-14T07:41:32Z"", ""reason"": ""trail""}], ""current_tier"": ""tier3"", ""last_sl_move_time"": ""2026-07-14T07:41:32Z""}",2026-07-14 10:39:28+00,2026-07-14 07:41:32.375908+00,2026-07-14 08:01:07.52551+00,closed
515,1,,,353383498,XAUUSD,SELL,4023.71000,4023.54000,0.01,4030.86000,4011.28000,0.17,"{""sl_history"": [{""sl"": 4030.86, ""tier"": ""tier1"", ""time"": ""2026-07-14T07:42:16Z"", ""reason"": ""breakeven""}], ""current_tier"": ""tier1"", ""last_sl_move_time"": ""2026-07-14T07:43:02Z""}",2026-07-14 10:42:54+00,2026-07-14 07:43:02.055091+00,2026-07-14 08:01:07.52551+00,closed
220,1,,,353379555,XAUUSD,SELL,4027.50000,4025.49000,0.01,4026.45000,4014.90000,2.01,"{""sl_history"": [{""sl"": 4034.7, ""tier"": ""tier1"", ""time"": ""2026-07-14T07:38:46Z"", ""reason"": ""breakeven""}, {""sl"": 4027.5, ""tier"": ""tier1"", ""time"": ""2026-07-14T07:40:24Z"", ""reason"": ""breakeven""}, {""sl"": 4027.07, ""tier"": ""tier2"", ""time"": ""2026-07-14T07:40:42Z"", ""reason"": ""lock_profit""}, {""sl"": 4026.94, ""tier"": ""tier2"", ""time"": ""2026-07-14T07:41:11Z"", ""reason"": ""lock_profit""}, {""sl"": 4026.45, ""tier"": ""tier3"", ""time"": ""2026-07-14T07:41:32Z"", ""reason"": ""trail""}], ""current_tier"": ""tier3"", ""last_sl_move_time"": ""2026-07-14T07:41:32Z""}",2026-07-14 10:39:28+00,2026-07-14 07:41:32.386531+00,2026-07-14 08:01:07.52551+00,closed
221,1,,,353379561,XAUUSD,SELL,4027.50000,4025.49000,0.01,4026.45000,4014.90000,2.01,"{""sl_history"": [{""sl"": 4034.7, ""tier"": ""tier1"", ""time"": ""2026-07-14T07:38:46Z"", ""reason"": ""breakeven""}, {""sl"": 4027.5, ""tier"": ""tier1"", ""time"": ""2026-07-14T07:40:24Z"", ""reason"": ""breakeven""}, {""sl"": 4027.07, ""tier"": ""tier2"", ""time"": ""2026-07-14T07:40:42Z"", ""reason"": ""lock_profit""}, {""sl"": 4026.92, ""tier"": ""tier2"", ""time"": ""2026-07-14T07:41:11Z"", ""reason"": ""lock_profit""}, {""sl"": 4026.45, ""tier"": ""tier3"", ""time"": ""2026-07-14T07:41:32Z"", ""reason"": ""trail""}], ""current_tier"": ""tier3"", ""last_sl_move_time"": ""2026-07-14T07:41:32Z""}",2026-07-14 10:39:29+00,2026-07-14 07:41:32.390419+00,2026-07-14 08:01:07.52551+00,closed
222,1,,,353379581,XAUUSD,SELL,4027.34000,4025.49000,0.01,4025.97000,4014.85000,1.85,"{""sl_history"": [{""sl"": 4034.65, ""tier"": ""tier1"", ""time"": ""2026-07-14T07:38:46Z"", ""reason"": ""breakeven""}, {""sl"": 4027.34, ""tier"": ""tier1"", ""time"": ""2026-07-14T07:40:24Z"", ""reason"": ""breakeven""}, {""sl"": 4027.06, ""tier"": ""tier2"", ""time"": ""2026-07-14T07:40:42Z"", ""reason"": ""lock_profit""}, {""sl"": 4026.91, ""tier"": ""tier2"", ""time"": ""2026-07-14T07:41:11Z"", ""reason"": ""lock_profit""}, {""sl"": 4025.97, ""tier"": ""tier3"", ""time"": ""2026-07-14T07:41:32Z"", ""reason"": ""trail""}], ""current_tier"": ""tier3"", ""last_sl_move_time"": ""2026-07-14T07:41:32Z""}",2026-07-14 10:39:29+00,2026-07-14 07:41:32.39383+00,2026-07-14 08:01:07.52551+00,closed
243,1,,,353379629,XAUUSD,SELL,4027.38000,4025.49000,0.01,4026.33000,4014.81000,1.89,"{""sl_history"": [{""sl"": 4034.61, ""tier"": ""tier1"", ""time"": ""2026-07-14T07:38:53Z"", ""reason"": ""breakeven""}, {""sl"": 4027.38, ""tier"": ""tier1"", ""time"": ""2026-07-14T07:40:24Z"", ""reason"": ""breakeven""}, {""sl"": 4027.08, ""tier"": ""tier2"", ""time"": ""2026-07-14T07:40:42Z"", ""reason"": ""lock_profit""}, {""sl"": 4026.91, ""tier"": ""tier2"", ""time"": ""2026-07-14T07:41:11Z"", ""reason"": ""lock_profit""}, {""sl"": 4026.33, ""tier"": ""tier3"", ""time"": ""2026-07-14T07:41:32Z"", ""reason"": ""trail""}], ""current_tier"": ""tier3"", ""last_sl_move_time"": ""2026-07-14T07:41:32Z""}",2026-07-14 10:39:30+00,2026-07-14 07:41:32.39718+00,2026-07-14 08:01:07.52551+00,closed
245,1,,,353379638,XAUUSD,SELL,4027.39000,4025.49000,0.01,4026.34000,4014.79000,1.90,"{""sl_history"": [{""sl"": 4034.59, ""tier"": ""tier1"", ""time"": ""2026-07-14T07:38:53Z"", ""reason"": ""breakeven""}, {""sl"": 4027.39, ""tier"": ""tier1"", ""time"": ""2026-07-14T07:40:24Z"", ""reason"": ""breakeven""}, {""sl"": 4027.12, ""tier"": ""tier2"", ""time"": ""2026-07-14T07:40:42Z"", ""reason"": ""lock_profit""}, {""sl"": 4026.84, ""tier"": ""tier2"", ""time"": ""2026-07-14T07:41:11Z"", ""reason"": ""lock_profit""}, {""sl"": 4026.34, ""tier"": ""tier3"", ""time"": ""2026-07-14T07:41:32Z"", ""reason"": ""trail""}], ""current_tier"": ""tier3"", ""last_sl_move_time"": ""2026-07-14T07:41:32Z""}",2026-07-14 10:39:31+00,2026-07-14 07:41:32.404494+00,2026-07-14 08:01:07.52551+00,closed
218,1,,,353379505,XAUUSD,SELL,4027.50000,4025.49000,0.01,4026.45000,4015.13000,2.01,"{""sl_history"": [{""sl"": 4034.93, ""tier"": ""tier1"", ""time"": ""2026-07-14T07:38:46Z"", ""reason"": ""breakeven""}, {""sl"": 4027.5, ""tier"": ""tier1"", ""time"": ""2026-07-14T07:40:24Z"", ""reason"": ""breakeven""}, {""sl"": 4027.1, ""tier"": ""tier2"", ""time"": ""2026-07-14T07:40:42Z"", ""reason"": ""lock_profit""}, {""sl"": 4026.94, ""tier"": ""tier2"", ""time"": ""2026-07-14T07:41:11Z"", ""reason"": ""lock_profit""}, {""sl"": 4026.45, ""tier"": ""tier3"", ""time"": ""2026-07-14T07:41:32Z"", ""reason"": ""trail""}], ""current_tier"": ""tier3"", ""last_sl_move_time"": ""2026-07-14T07:41:32Z""}",2026-07-14 10:39:28+00,2026-07-14 07:41:32.379722+00,2026-07-14 08:01:07.52551+00,closed
256,1,,,353379718,XAUUSD,SELL,4027.52000,4025.49000,0.01,4026.19000,4014.85000,2.03,"{""sl_history"": [{""sl"": 4034.65, ""tier"": ""tier1"", ""time"": ""2026-07-14T07:38:53Z"", ""reason"": ""breakeven""}, {""sl"": 4027.52, ""tier"": ""tier1"", ""time"": ""2026-07-14T07:40:42Z"", ""reason"": ""breakeven""}, {""sl"": 4026.36, ""tier"": ""tier3"", ""time"": ""2026-07-14T07:41:11Z"", ""reason"": ""trail""}, {""sl"": 4026.19, ""tier"": ""tier3"", ""time"": ""2026-07-14T07:41:32Z"", ""reason"": ""trail""}], ""current_tier"": ""tier3"", ""last_sl_move_time"": ""2026-07-14T07:41:32Z""}",2026-07-14 10:39:34+00,2026-07-14 07:41:32.445375+00,2026-07-14 08:01:07.52551+00,closed
257,1,,,353379732,XAUUSD,SELL,4027.50000,4025.49000,0.01,4026.19000,4014.92000,2.01,"{""sl_history"": [{""sl"": 4034.72, ""tier"": ""tier1"", ""time"": ""2026-07-14T07:38:53Z"", ""reason"": ""breakeven""}, {""sl"": 4027.5, ""tier"": ""tier1"", ""time"": ""2026-07-14T07:40:42Z"", ""reason"": ""breakeven""}, {""sl"": 4026.36, ""tier"": ""tier3"", ""time"": ""2026-07-14T07:41:11Z"", ""reason"": ""trail""}, {""sl"": 4026.19, ""tier"": ""tier3"", ""time"": ""2026-07-14T07:41:32Z"", ""reason"": ""trail""}], ""current_tier"": ""tier3"", ""last_sl_move_time"": ""2026-07-14T07:41:32Z""}",2026-07-14 10:39:34+00,2026-07-14 07:41:32.448651+00,2026-07-14 08:01:07.52551+00,closed
259,1,,,353379749,XAUUSD,SELL,4027.29000,4025.49000,0.01,4026.09000,4014.88000,1.80,"{""sl_history"": [{""sl"": 4034.68, ""tier"": ""tier1"", ""time"": ""2026-07-14T07:38:53Z"", ""reason"": ""breakeven""}, {""sl"": 4027.29, ""tier"": ""tier1"", ""time"": ""2026-07-14T07:40:42Z"", ""reason"": ""breakeven""}, {""sl"": 4026.35, ""tier"": ""tier2"", ""time"": ""2026-07-14T07:41:11Z"", ""reason"": ""lock_profit""}, {""sl"": 4026.09, ""tier"": ""tier3"", ""time"": ""2026-07-14T07:41:32Z"", ""reason"": ""trail""}], ""current_tier"": ""tier3"", ""last_sl_move_time"": ""2026-07-14T07:41:32Z""}",2026-07-14 10:39:35+00,2026-07-14 07:41:32.455041+00,2026-07-14 08:01:07.52551+00,closed
261,1,,,353379764,XAUUSD,SELL,4027.34000,4025.49000,0.01,4026.08000,4014.82000,1.85,"{""sl_history"": [{""sl"": 4034.62, ""tier"": ""tier1"", ""time"": ""2026-07-14T07:38:53Z"", ""reason"": ""breakeven""}, {""sl"": 4027.34, ""tier"": ""tier1"", ""time"": ""2026-07-14T07:40:42Z"", ""reason"": ""breakeven""}, {""sl"": 4026.29, ""tier"": ""tier3"", ""time"": ""2026-07-14T07:41:11Z"", ""reason"": ""trail""}, {""sl"": 4026.08, ""tier"": ""tier3"", ""time"": ""2026-07-14T07:41:32Z"", ""reason"": ""trail""}], ""current_tier"": ""tier3"", ""last_sl_move_time"": ""2026-07-14T07:41:32Z""}",2026-07-14 10:39:35+00,2026-07-14 07:41:32.461982+00,2026-07-14 08:01:07.52551+00,closed
247,1,,,353379644,XAUUSD,SELL,4027.44000,4025.49000,0.01,4025.95000,4014.79000,1.95,"{""sl_history"": [{""sl"": 4034.59, ""tier"": ""tier1"", ""time"": ""2026-07-14T07:38:53Z"", ""reason"": ""breakeven""}, {""sl"": 4027.44, ""tier"": ""tier1"", ""time"": ""2026-07-14T07:40:24Z"", ""reason"": ""breakeven""}, {""sl"": 4027.14, ""tier"": ""tier2"", ""time"": ""2026-07-14T07:40:42Z"", ""reason"": ""lock_profit""}, {""sl"": 4026.38, ""tier"": ""tier3"", ""time"": ""2026-07-14T07:41:11Z"", ""reason"": ""trail""}, {""sl"": 4025.95, ""tier"": ""tier3"", ""time"": ""2026-07-14T07:41:32Z"", ""reason"": ""trail""}], ""current_tier"": ""tier3"", ""last_sl_move_time"": ""2026-07-14T07:41:32Z""}",2026-07-14 10:39:31+00,2026-07-14 07:41:32.411901+00,2026-07-14 08:01:07.52551+00,closed
248,1,,,353379655,XAUUSD,SELL,4027.43000,4025.49000,0.01,4026.38000,4014.84000,1.94,"{""sl_history"": [{""sl"": 4034.64, ""tier"": ""tier1"", ""time"": ""2026-07-14T07:38:53Z"", ""reason"": ""breakeven""}, {""sl"": 4027.12, ""tier"": ""tier2"", ""time"": ""2026-07-14T07:40:42Z"", ""reason"": ""lock_profit""}, {""sl"": 4026.42, ""tier"": ""tier2"", ""time"": ""2026-07-14T07:41:11Z"", ""reason"": ""lock_profit""}, {""sl"": 4026.38, ""tier"": ""tier3"", ""time"": ""2026-07-14T07:41:32Z"", ""reason"": ""trail""}], ""current_tier"": ""tier3"", ""last_sl_move_time"": ""2026-07-14T07:41:32Z""}",2026-07-14 10:39:31+00,2026-07-14 07:41:32.415572+00,2026-07-14 08:01:07.52551+00,closed
254,1,,,353379710,XAUUSD,SELL,4027.57000,4025.49000,0.01,4026.18000,4015.03000,2.08,"{""sl_history"": [{""sl"": 4034.83, ""tier"": ""tier1"", ""time"": ""2026-07-14T07:38:53Z"", ""reason"": ""breakeven""}, {""sl"": 4027.57, ""tier"": ""tier1"", ""time"": ""2026-07-14T07:40:42Z"", ""reason"": ""breakeven""}, {""sl"": 4026.39, ""tier"": ""tier3"", ""time"": ""2026-07-14T07:41:11Z"", ""reason"": ""trail""}, {""sl"": 4026.18, ""tier"": ""tier3"", ""time"": ""2026-07-14T07:41:32Z"", ""reason"": ""trail""}], ""current_tier"": ""tier3"", ""last_sl_move_time"": ""2026-07-14T07:41:32Z""}",2026-07-14 10:39:33+00,2026-07-14 07:41:32.438175+00,2026-07-14 08:01:07.52551+00,closed
255,1,,,353379713,XAUUSD,SELL,4027.45000,4025.49000,0.01,4026.19000,4014.97000,1.96,"{""sl_history"": [{""sl"": 4034.77, ""tier"": ""tier1"", ""time"": ""2026-07-14T07:38:53Z"", ""reason"": ""breakeven""}, {""sl"": 4027.45, ""tier"": ""tier1"", ""time"": ""2026-07-14T07:40:42Z"", ""reason"": ""breakeven""}, {""sl"": 4026.34, ""tier"": ""tier3"", ""time"": ""2026-07-14T07:41:11Z"", ""reason"": ""trail""}, {""sl"": 4026.19, ""tier"": ""tier3"", ""time"": ""2026-07-14T07:41:32Z"", ""reason"": ""trail""}], ""current_tier"": ""tier3"", ""last_sl_move_time"": ""2026-07-14T07:41:32Z""}",2026-07-14 10:39:34+00,2026-07-14 07:41:32.441643+00,2026-07-14 08:01:07.52551+00,closed
174,1,,,353326619,XAUUSD,SELL,4023.22000,4021.49000,0.01,4022.01000,4011.81000,1.73,"{""sl_history"": [{""sl"": 4029.41, ""tier"": ""tier1"", ""time"": ""2026-07-14T06:39:28Z"", ""reason"": ""breakeven""}, {""sl"": 4023.22, ""tier"": ""tier1"", ""time"": ""2026-07-14T06:59:31Z"", ""reason"": ""breakeven""}, {""sl"": 4023.17, ""tier"": ""tier2"", ""time"": ""2026-07-14T06:59:35Z"", ""reason"": ""lock_profit""}, {""sl"": 4023.06, ""tier"": ""tier2"", ""time"": ""2026-07-14T06:59:46Z"", ""reason"": ""lock_profit""}, {""sl"": 4022.36, ""tier"": ""tier2"", ""time"": ""2026-07-14T06:59:52Z"", ""reason"": ""lock_profit""}, {""sl"": 4022.01, ""tier"": ""tier3"", ""time"": ""2026-07-14T06:59:57Z"", ""reason"": ""trail""}], ""current_tier"": ""tier3"", ""last_sl_move_time"": ""2026-07-14T07:00:13Z""}",2026-07-14 09:40:10+00,2026-07-14 07:00:13.977359+00,2026-07-14 08:01:07.52551+00,closed
284,1,,,353379783,XAUUSD,SELL,4027.39000,4025.49000,0.01,4026.09000,4014.76000,1.90,"{""sl_history"": [{""sl"": 4034.56, ""tier"": ""tier1"", ""time"": ""2026-07-14T07:39:01Z"", ""reason"": ""breakeven""}, {""sl"": 4027.39, ""tier"": ""tier1"", ""time"": ""2026-07-14T07:40:42Z"", ""reason"": ""breakeven""}, {""sl"": 4026.2, ""tier"": ""tier3"", ""time"": ""2026-07-14T07:41:11Z"", ""reason"": ""trail""}, {""sl"": 4026.09, ""tier"": ""tier3"", ""time"": ""2026-07-14T07:41:32Z"", ""reason"": ""trail""}], ""current_tier"": ""tier3"", ""last_sl_move_time"": ""2026-07-14T07:41:32Z""}",2026-07-14 10:39:37+00,2026-07-14 07:41:32.472498+00,2026-07-14 08:01:07.52551+00,closed
285,1,,,353379784,XAUUSD,SELL,4027.37000,4025.49000,0.01,4026.09000,4014.79000,1.88,"{""sl_history"": [{""sl"": 4034.59, ""tier"": ""tier1"", ""time"": ""2026-07-14T07:39:01Z"", ""reason"": ""breakeven""}, {""sl"": 4027.37, ""tier"": ""tier1"", ""time"": ""2026-07-14T07:40:42Z"", ""reason"": ""breakeven""}, {""sl"": 4026.23, ""tier"": ""tier3"", ""time"": ""2026-07-14T07:41:11Z"", ""reason"": ""trail""}, {""sl"": 4026.09, ""tier"": ""tier3"", ""time"": ""2026-07-14T07:41:32Z"", ""reason"": ""trail""}], ""current_tier"": ""tier3"", ""last_sl_move_time"": ""2026-07-14T07:41:32Z""}",2026-07-14 10:39:37+00,2026-07-14 07:41:32.475991+00,2026-07-14 08:01:07.52551+00,closed
286,1,,,353379785,XAUUSD,SELL,4027.37000,4025.49000,0.01,4026.09000,4014.77000,1.88,"{""sl_history"": [{""sl"": 4034.57, ""tier"": ""tier1"", ""time"": ""2026-07-14T07:39:01Z"", ""reason"": ""breakeven""}, {""sl"": 4027.37, ""tier"": ""tier1"", ""time"": ""2026-07-14T07:40:42Z"", ""reason"": ""breakeven""}, {""sl"": 4026.26, ""tier"": ""tier3"", ""time"": ""2026-07-14T07:41:11Z"", ""reason"": ""trail""}, {""sl"": 4026.09, ""tier"": ""tier3"", ""time"": ""2026-07-14T07:41:32Z"", ""reason"": ""trail""}], ""current_tier"": ""tier3"", ""last_sl_move_time"": ""2026-07-14T07:41:32Z""}",2026-07-14 10:39:38+00,2026-07-14 07:41:32.480023+00,2026-07-14 08:01:07.52551+00,closed
287,1,,,353379786,XAUUSD,SELL,4027.38000,4025.49000,0.01,4026.11000,4014.77000,1.89,"{""sl_history"": [{""sl"": 4034.57, ""tier"": ""tier1"", ""time"": ""2026-07-14T07:39:01Z"", ""reason"": ""breakeven""}, {""sl"": 4027.38, ""tier"": ""tier1"", ""time"": ""2026-07-14T07:40:42Z"", ""reason"": ""breakeven""}, {""sl"": 4026.37, ""tier"": ""tier2"", ""time"": ""2026-07-14T07:41:11Z"", ""reason"": ""lock_profit""}, {""sl"": 4026.11, ""tier"": ""tier3"", ""time"": ""2026-07-14T07:41:32Z"", ""reason"": ""trail""}], ""current_tier"": ""tier3"", ""last_sl_move_time"": ""2026-07-14T07:41:32Z""}",2026-07-14 10:39:38+00,2026-07-14 07:41:32.484603+00,2026-07-14 08:01:07.52551+00,closed
246,1,,,353379641,XAUUSD,SELL,4027.39000,4025.49000,0.01,4026.34000,4014.79000,1.90,"{""sl_history"": [{""sl"": 4034.59, ""tier"": ""tier1"", ""time"": ""2026-07-14T07:38:53Z"", ""reason"": ""breakeven""}, {""sl"": 4027.39, ""tier"": ""tier1"", ""time"": ""2026-07-14T07:40:24Z"", ""reason"": ""breakeven""}, {""sl"": 4027.12, ""tier"": ""tier2"", ""time"": ""2026-07-14T07:40:42Z"", ""reason"": ""lock_profit""}, {""sl"": 4026.39, ""tier"": ""tier2"", ""time"": ""2026-07-14T07:41:11Z"", ""reason"": ""lock_profit""}, {""sl"": 4026.34, ""tier"": ""tier3"", ""time"": ""2026-07-14T07:41:32Z"", ""reason"": ""trail""}], ""current_tier"": ""tier3"", ""last_sl_move_time"": ""2026-07-14T07:41:32Z""}",2026-07-14 10:39:31+00,2026-07-14 07:41:32.408047+00,2026-07-14 08:01:07.52551+00,closed
250,1,,,353379666,XAUUSD,SELL,4027.56000,4025.49000,0.01,4025.97000,4014.84000,2.07,"{""sl_history"": [{""sl"": 4034.64, ""tier"": ""tier1"", ""time"": ""2026-07-14T07:38:53Z"", ""reason"": ""breakeven""}, {""sl"": 4027.56, ""tier"": ""tier1"", ""time"": ""2026-07-14T07:40:42Z"", ""reason"": ""breakeven""}, {""sl"": 4026.44, ""tier"": ""tier3"", ""time"": ""2026-07-14T07:41:11Z"", ""reason"": ""trail""}, {""sl"": 4025.97, ""tier"": ""tier3"", ""time"": ""2026-07-14T07:41:32Z"", ""reason"": ""trail""}], ""current_tier"": ""tier3"", ""last_sl_move_time"": ""2026-07-14T07:41:32Z""}",2026-07-14 10:39:32+00,2026-07-14 07:41:32.422945+00,2026-07-14 08:01:07.52551+00,closed
289,1,,,353379788,XAUUSD,SELL,4027.35000,4025.49000,0.01,4026.11000,4014.75000,1.86,"{""sl_history"": [{""sl"": 4034.55, ""tier"": ""tier1"", ""time"": ""2026-07-14T07:39:01Z"", ""reason"": ""breakeven""}, {""sl"": 4027.35, ""tier"": ""tier1"", ""time"": ""2026-07-14T07:40:42Z"", ""reason"": ""breakeven""}, {""sl"": 4026.38, ""tier"": ""tier2"", ""time"": ""2026-07-14T07:41:11Z"", ""reason"": ""lock_profit""}, {""sl"": 4026.11, ""tier"": ""tier3"", ""time"": ""2026-07-14T07:41:32Z"", ""reason"": ""trail""}], ""current_tier"": ""tier3"", ""last_sl_move_time"": ""2026-07-14T07:41:32Z""}",2026-07-14 10:39:38+00,2026-07-14 07:41:32.492605+00,2026-07-14 08:01:07.52551+00,closed
434,1,,,353381675,XAUUSD,SELL,4025.68000,4025.51000,0.01,4032.51000,4013.69000,0.17,"{""sl_history"": [{""sl"": 4032.51, ""tier"": ""tier1"", ""time"": ""2026-07-14T07:41:12Z"", ""reason"": ""breakeven""}], ""current_tier"": ""tier1"", ""last_sl_move_time"": ""2026-07-14T07:41:32Z""}",2026-07-14 10:41:27+00,2026-07-14 07:41:32.796987+00,2026-07-14 08:01:07.52551+00,closed
170,1,,,353297630,XAUUSD,SELL,4032.04000,4024.12000,0.01,4024.27000,4020.50000,7.92,"{""sl_history"": [{""sl"": 4038.57, ""tier"": ""tier1"", ""time"": ""2026-07-14T06:09:24Z"", ""reason"": ""breakeven""}, {""sl"": 4036.73, ""tier"": ""tier1"", ""time"": ""2026-07-14T06:14:51Z"", ""reason"": ""breakeven""}, {""sl"": 4031.05, ""tier"": ""tier2"", ""time"": ""2026-07-14T06:16:17Z"", ""reason"": ""lock_profit""}, {""sl"": 4031.04, ""tier"": ""tier3"", ""time"": ""2026-07-14T06:18:03Z"", ""reason"": ""trail""}, {""sl"": 4031.03, ""tier"": ""tier3"", ""time"": ""2026-07-14T06:19:06Z"", ""reason"": ""trail""}, {""sl"": 4031.02, ""tier"": ""tier2"", ""time"": ""2026-07-14T06:19:12Z"", ""reason"": ""lock_profit""}, {""sl"": 4031.01, ""tier"": ""tier2"", ""time"": ""2026-07-14T06:21:55Z"", ""reason"": ""lock_profit""}, {""sl"": 4031.0, ""tier"": ""tier2"", ""time"": ""2026-07-14T06:22:02Z"", ""reason"": ""lock_profit""}, {""sl"": 4030.99, ""tier"": ""tier3"", ""time"": ""2026-07-14T06:22:08Z"", ""reason"": ""trail""}, {""sl"": 4030.98, ""tier"": ""tier3"", ""time"": ""2026-07-14T06:28:47Z"", ""reason"": ""trail""}, {""sl"": 4030.97, ""tier"": ""tier3"", ""time"": ""2026-07-14T06:31:31Z"", ""reason"": ""trail""}, {""sl"": 4030.96, ""tier"": ""tier2"", ""time"": ""2026-07-14T06:31:48Z"", ""reason"": ""lock_profit""}, {""sl"": 4030.95, ""tier"": ""tier2"", ""time"": ""2026-07-14T06:31:54Z"", ""reason"": ""lock_profit""}, {""sl"": 4030.94, ""tier"": ""tier2"", ""time"": ""2026-07-14T06:38:00Z"", ""reason"": ""lock_profit""}, {""sl"": 4029.62, ""tier"": ""tier3"", ""time"": ""2026-07-14T06:39:22Z"", ""reason"": ""trail""}, {""sl"": 4029.38, ""tier"": ""tier3"", ""time"": ""2026-07-14T06:39:35Z"", ""reason"": ""trail""}, {""sl"": 4028.64, ""tier"": ""tier3"", ""time"": ""2026-07-14T06:39:48Z"", ""reason"": ""trail""}, {""sl"": 4024.97, ""tier"": ""tier3"", ""time"": ""2026-07-14T06:42:00Z"", ""reason"": ""trail""}, {""sl"": 4024.4, ""tier"": ""tier3"", ""time"": ""2026-07-14T06:42:06Z"", ""reason"": ""trail""}, {""sl"": 4024.27, ""tier"": ""tier3"", ""time"": ""2026-07-14T06:42:12Z"", ""reason"": ""trail""}], ""current_tier"": ""tier3"", ""last_sl_move_time"": ""2026-07-14T06:43:20Z""}",2026-07-14 09:10:04+00,2026-07-14 06:43:20.633148+00,2026-07-14 08:01:07.52551+00,closed
293,1,,,353379839,XAUUSD,SELL,4027.12000,4025.49000,0.01,4026.13000,4014.52000,1.63,"{""sl_history"": [{""sl"": 4034.32, ""tier"": ""tier1"", ""time"": ""2026-07-14T07:39:01Z"", ""reason"": ""breakeven""}, {""sl"": 4027.12, ""tier"": ""tier1"", ""time"": ""2026-07-14T07:40:42Z"", ""reason"": ""breakeven""}, {""sl"": 4026.4, ""tier"": ""tier2"", ""time"": ""2026-07-14T07:41:11Z"", ""reason"": ""lock_profit""}, {""sl"": 4026.13, ""tier"": ""tier2"", ""time"": ""2026-07-14T07:41:32Z"", ""reason"": ""lock_profit""}], ""current_tier"": ""tier2"", ""last_sl_move_time"": ""2026-07-14T07:41:32Z""}",2026-07-14 10:39:40+00,2026-07-14 07:41:32.506689+00,2026-07-14 08:01:07.52551+00,closed
294,1,,,353379842,XAUUSD,SELL,4027.06000,4025.49000,0.01,4026.14000,4014.52000,1.57,"{""sl_history"": [{""sl"": 4034.32, ""tier"": ""tier1"", ""time"": ""2026-07-14T07:39:01Z"", ""reason"": ""breakeven""}, {""sl"": 4027.06, ""tier"": ""tier1"", ""time"": ""2026-07-14T07:40:42Z"", ""reason"": ""breakeven""}, {""sl"": 4026.39, ""tier"": ""tier2"", ""time"": ""2026-07-14T07:41:11Z"", ""reason"": ""lock_profit""}, {""sl"": 4026.14, ""tier"": ""tier2"", ""time"": ""2026-07-14T07:41:32Z"", ""reason"": ""lock_profit""}], ""current_tier"": ""tier2"", ""last_sl_move_time"": ""2026-07-14T07:41:32Z""}",2026-07-14 10:39:40+00,2026-07-14 07:41:32.51008+00,2026-07-14 08:01:07.52551+00,closed
295,1,,,353379859,XAUUSD,SELL,4027.03000,4025.49000,0.01,4026.21000,4014.46000,1.54,"{""sl_history"": [{""sl"": 4034.26, ""tier"": ""tier1"", ""time"": ""2026-07-14T07:39:01Z"", ""reason"": ""breakeven""}, {""sl"": 4027.03, ""tier"": ""tier1"", ""time"": ""2026-07-14T07:40:42Z"", ""reason"": ""breakeven""}, {""sl"": 4026.48, ""tier"": ""tier2"", ""time"": ""2026-07-14T07:41:11Z"", ""reason"": ""lock_profit""}, {""sl"": 4026.21, ""tier"": ""tier2"", ""time"": ""2026-07-14T07:41:32Z"", ""reason"": ""lock_profit""}], ""current_tier"": ""tier2"", ""last_sl_move_time"": ""2026-07-14T07:41:32Z""}",2026-07-14 10:39:40+00,2026-07-14 07:41:32.513293+00,2026-07-14 08:01:07.52551+00,closed
297,1,,,353379870,XAUUSD,SELL,4027.01000,4025.49000,0.01,4026.22000,4014.42000,1.52,"{""sl_history"": [{""sl"": 4034.22, ""tier"": ""tier1"", ""time"": ""2026-07-14T07:39:01Z"", ""reason"": ""breakeven""}, {""sl"": 4027.01, ""tier"": ""tier1"", ""time"": ""2026-07-14T07:40:42Z"", ""reason"": ""breakeven""}, {""sl"": 4026.47, ""tier"": ""tier2"", ""time"": ""2026-07-14T07:41:11Z"", ""reason"": ""lock_profit""}, {""sl"": 4026.22, ""tier"": ""tier2"", ""time"": ""2026-07-14T07:41:32Z"", ""reason"": ""lock_profit""}], ""current_tier"": ""tier2"", ""last_sl_move_time"": ""2026-07-14T07:41:32Z""}",2026-07-14 10:39:41+00,2026-07-14 07:41:32.520255+00,2026-07-14 08:01:07.52551+00,closed
299,1,,,353379875,XAUUSD,SELL,4027.01000,4025.49000,0.01,4026.23000,4014.41000,1.52,"{""sl_history"": [{""sl"": 4034.21, ""tier"": ""tier1"", ""time"": ""2026-07-14T07:39:01Z"", ""reason"": ""breakeven""}, {""sl"": 4027.01, ""tier"": ""tier1"", ""time"": ""2026-07-14T07:40:42Z"", ""reason"": ""breakeven""}, {""sl"": 4026.47, ""tier"": ""tier2"", ""time"": ""2026-07-14T07:41:11Z"", ""reason"": ""lock_profit""}, {""sl"": 4026.23, ""tier"": ""tier2"", ""time"": ""2026-07-14T07:41:32Z"", ""reason"": ""lock_profit""}], ""current_tier"": ""tier2"", ""last_sl_move_time"": ""2026-07-14T07:41:32Z""}",2026-07-14 10:39:41+00,2026-07-14 07:41:32.526907+00,2026-07-14 08:01:07.52551+00,closed
383,1,,,353380299,XAUUSD,SELL,4026.43000,4025.53000,0.01,4026.43000,4014.72000,0.90,"{""sl_history"": [{""sl"": 4033.2, ""tier"": ""tier1"", ""time"": ""2026-07-14T07:40:25Z"", ""reason"": ""breakeven""}, {""sl"": 4026.43, ""tier"": ""tier1"", ""time"": ""2026-07-14T07:41:11Z"", ""reason"": ""breakeven""}], ""current_tier"": ""tier1"", ""last_sl_move_time"": ""2026-07-14T07:41:32Z""}",2026-07-14 10:40:03+00,2026-07-14 07:41:32.663115+00,2026-07-14 08:01:07.52551+00,closed
244,1,,,353379634,XAUUSD,SELL,4027.39000,4025.49000,0.01,4026.34000,4014.78000,1.90,"{""sl_history"": [{""sl"": 4034.58, ""tier"": ""tier1"", ""time"": ""2026-07-14T07:38:53Z"", ""reason"": ""breakeven""}, {""sl"": 4027.39, ""tier"": ""tier1"", ""time"": ""2026-07-14T07:40:24Z"", ""reason"": ""breakeven""}, {""sl"": 4027.1, ""tier"": ""tier2"", ""time"": ""2026-07-14T07:40:42Z"", ""reason"": ""lock_profit""}, {""sl"": 4026.84, ""tier"": ""tier2"", ""time"": ""2026-07-14T07:41:11Z"", ""reason"": ""lock_profit""}, {""sl"": 4026.34, ""tier"": ""tier3"", ""time"": ""2026-07-14T07:41:32Z"", ""reason"": ""trail""}], ""current_tier"": ""tier3"", ""last_sl_move_time"": ""2026-07-14T07:41:32Z""}",2026-07-14 10:39:30+00,2026-07-14 07:41:32.400782+00,2026-07-14 08:01:07.52551+00,closed
292,1,,,353379825,XAUUSD,SELL,4027.12000,4025.49000,0.01,4026.14000,4014.52000,1.63,"{""sl_history"": [{""sl"": 4034.32, ""tier"": ""tier1"", ""time"": ""2026-07-14T07:39:01Z"", ""reason"": ""breakeven""}, {""sl"": 4027.12, ""tier"": ""tier1"", ""time"": ""2026-07-14T07:40:42Z"", ""reason"": ""breakeven""}, {""sl"": 4026.38, ""tier"": ""tier2"", ""time"": ""2026-07-14T07:41:11Z"", ""reason"": ""lock_profit""}, {""sl"": 4026.14, ""tier"": ""tier2"", ""time"": ""2026-07-14T07:41:32Z"", ""reason"": ""lock_profit""}], ""current_tier"": ""tier2"", ""last_sl_move_time"": ""2026-07-14T07:41:32Z""}",2026-07-14 10:39:39+00,2026-07-14 07:41:32.503401+00,2026-07-14 08:01:07.52551+00,closed
387,1,,,353380347,XAUUSD,SELL,4026.45000,4025.53000,0.01,4026.45000,4014.68000,0.92,"{""sl_history"": [{""sl"": 4033.16, ""tier"": ""tier1"", ""time"": ""2026-07-14T07:40:25Z"", ""reason"": ""breakeven""}, {""sl"": 4026.45, ""tier"": ""tier1"", ""time"": ""2026-07-14T07:41:11Z"", ""reason"": ""breakeven""}], ""current_tier"": ""tier1"", ""last_sl_move_time"": ""2026-07-14T07:41:32Z""}",2026-07-14 10:40:04+00,2026-07-14 07:41:32.680944+00,2026-07-14 08:01:07.52551+00,closed
435,1,,,353381676,XAUUSD,SELL,4025.66000,4025.51000,0.01,4032.52000,4013.70000,0.15,"{""sl_history"": [{""sl"": 4032.52, ""tier"": ""tier1"", ""time"": ""2026-07-14T07:41:12Z"", ""reason"": ""breakeven""}], ""current_tier"": ""tier1"", ""last_sl_move_time"": ""2026-07-14T07:41:32Z""}",2026-07-14 10:41:27+00,2026-07-14 07:41:32.801125+00,2026-07-14 08:01:07.52551+00,closed
388,1,,,353380355,XAUUSD,SELL,4026.46000,4025.53000,0.01,4026.46000,4014.69000,0.93,"{""sl_history"": [{""sl"": 4033.17, ""tier"": ""tier1"", ""time"": ""2026-07-14T07:40:25Z"", ""reason"": ""breakeven""}, {""sl"": 4026.46, ""tier"": ""tier1"", ""time"": ""2026-07-14T07:41:11Z"", ""reason"": ""breakeven""}], ""current_tier"": ""tier1"", ""last_sl_move_time"": ""2026-07-14T07:41:32Z""}",2026-07-14 10:40:04+00,2026-07-14 07:41:32.685456+00,2026-07-14 08:01:07.52551+00,closed
389,1,,,353380360,XAUUSD,SELL,4026.46000,4025.53000,0.01,4026.46000,4014.70000,0.93,"{""sl_history"": [{""sl"": 4033.18, ""tier"": ""tier1"", ""time"": ""2026-07-14T07:40:25Z"", ""reason"": ""breakeven""}, {""sl"": 4026.46, ""tier"": ""tier1"", ""time"": ""2026-07-14T07:41:11Z"", ""reason"": ""breakeven""}], ""current_tier"": ""tier1"", ""last_sl_move_time"": ""2026-07-14T07:41:32Z""}",2026-07-14 10:40:04+00,2026-07-14 07:41:32.691009+00,2026-07-14 08:01:07.52551+00,closed
391,1,,,353380367,XAUUSD,SELL,4026.46000,4025.53000,0.01,4026.46000,4014.71000,0.93,"{""sl_history"": [{""sl"": 4033.19, ""tier"": ""tier1"", ""time"": ""2026-07-14T07:40:25Z"", ""reason"": ""breakeven""}, {""sl"": 4026.46, ""tier"": ""tier1"", ""time"": ""2026-07-14T07:41:11Z"", ""reason"": ""breakeven""}], ""current_tier"": ""tier1"", ""last_sl_move_time"": ""2026-07-14T07:41:32Z""}",2026-07-14 10:40:05+00,2026-07-14 07:41:32.699134+00,2026-07-14 08:01:07.52551+00,closed
392,1,,,353380371,XAUUSD,SELL,4026.46000,4025.53000,0.01,4026.46000,4014.70000,0.93,"{""sl_history"": [{""sl"": 4033.18, ""tier"": ""tier1"", ""time"": ""2026-07-14T07:40:25Z"", ""reason"": ""breakeven""}, {""sl"": 4026.46, ""tier"": ""tier1"", ""time"": ""2026-07-14T07:41:11Z"", ""reason"": ""breakeven""}], ""current_tier"": ""tier1"", ""last_sl_move_time"": ""2026-07-14T07:41:32Z""}",2026-07-14 10:40:05+00,2026-07-14 07:41:32.70289+00,2026-07-14 08:01:07.52551+00,closed
393,1,,,353380387,XAUUSD,SELL,4026.38000,4025.53000,0.01,4026.38000,4014.63000,0.85,"{""sl_history"": [{""sl"": 4033.13, ""tier"": ""tier1"", ""time"": ""2026-07-14T07:40:25Z"", ""reason"": ""breakeven""}, {""sl"": 4026.38, ""tier"": ""tier1"", ""time"": ""2026-07-14T07:41:11Z"", ""reason"": ""breakeven""}], ""current_tier"": ""tier1"", ""last_sl_move_time"": ""2026-07-14T07:41:32Z""}",2026-07-14 10:40:06+00,2026-07-14 07:41:32.706301+00,2026-07-14 08:01:07.52551+00,closed
395,1,,,353380425,XAUUSD,SELL,4026.19000,4025.53000,0.01,4026.19000,4014.51000,0.66,"{""sl_history"": [{""sl"": 4033.01, ""tier"": ""tier1"", ""time"": ""2026-07-14T07:40:25Z"", ""reason"": ""breakeven""}, {""sl"": 4026.19, ""tier"": ""tier1"", ""time"": ""2026-07-14T07:41:11Z"", ""reason"": ""breakeven""}], ""current_tier"": ""tier1"", ""last_sl_move_time"": ""2026-07-14T07:41:32Z""}",2026-07-14 10:40:06+00,2026-07-14 07:41:32.71402+00,2026-07-14 08:01:07.52551+00,closed
396,1,,,353380447,XAUUSD,SELL,4026.20000,4025.53000,0.01,4026.20000,4014.42000,0.67,"{""sl_history"": [{""sl"": 4032.92, ""tier"": ""tier1"", ""time"": ""2026-07-14T07:40:25Z"", ""reason"": ""breakeven""}, {""sl"": 4026.2, ""tier"": ""tier1"", ""time"": ""2026-07-14T07:41:11Z"", ""reason"": ""breakeven""}], ""current_tier"": ""tier1"", ""last_sl_move_time"": ""2026-07-14T07:41:32Z""}",2026-07-14 10:40:07+00,2026-07-14 07:41:32.718079+00,2026-07-14 08:01:07.52551+00,closed
397,1,,,353380453,XAUUSD,SELL,4026.26000,4025.53000,0.01,4026.26000,4014.43000,0.73,"{""sl_history"": [{""sl"": 4032.93, ""tier"": ""tier1"", ""time"": ""2026-07-14T07:40:25Z"", ""reason"": ""breakeven""}, {""sl"": 4026.26, ""tier"": ""tier1"", ""time"": ""2026-07-14T07:41:11Z"", ""reason"": ""breakeven""}], ""current_tier"": ""tier1"", ""last_sl_move_time"": ""2026-07-14T07:41:32Z""}",2026-07-14 10:40:07+00,2026-07-14 07:41:32.721884+00,2026-07-14 08:01:07.52551+00,closed
399,1,,,353380478,XAUUSD,SELL,4026.10000,4025.53000,0.01,4026.10000,4014.36000,0.57,"{""sl_history"": [{""sl"": 4032.86, ""tier"": ""tier1"", ""time"": ""2026-07-14T07:40:25Z"", ""reason"": ""breakeven""}, {""sl"": 4026.1, ""tier"": ""tier1"", ""time"": ""2026-07-14T07:41:11Z"", ""reason"": ""breakeven""}], ""current_tier"": ""tier1"", ""last_sl_move_time"": ""2026-07-14T07:41:32Z""}",2026-07-14 10:40:07+00,2026-07-14 07:41:32.730304+00,2026-07-14 08:01:07.52551+00,closed
400,1,,,353380490,XAUUSD,SELL,4026.12000,4025.53000,0.01,4026.12000,4014.33000,0.59,"{""sl_history"": [{""sl"": 4032.83, ""tier"": ""tier1"", ""time"": ""2026-07-14T07:40:25Z"", ""reason"": ""breakeven""}, {""sl"": 4026.12, ""tier"": ""tier1"", ""time"": ""2026-07-14T07:41:11Z"", ""reason"": ""breakeven""}], ""current_tier"": ""tier1"", ""last_sl_move_time"": ""2026-07-14T07:41:32Z""}",2026-07-14 10:40:08+00,2026-07-14 07:41:32.734251+00,2026-07-14 08:01:07.52551+00,closed
401,1,,,353380496,XAUUSD,SELL,4026.12000,4025.51000,0.01,4026.12000,4014.35000,0.61,"{""sl_history"": [{""sl"": 4032.85, ""tier"": ""tier1"", ""time"": ""2026-07-14T07:40:25Z"", ""reason"": ""breakeven""}, {""sl"": 4026.12, ""tier"": ""tier1"", ""time"": ""2026-07-14T07:41:11Z"", ""reason"": ""breakeven""}], ""current_tier"": ""tier1"", ""last_sl_move_time"": ""2026-07-14T07:41:32Z""}",2026-07-14 10:40:08+00,2026-07-14 07:41:32.738329+00,2026-07-14 08:01:07.52551+00,closed
402,1,,,353380502,XAUUSD,SELL,4026.12000,4025.51000,0.01,4026.12000,4014.35000,0.61,"{""sl_history"": [{""sl"": 4032.85, ""tier"": ""tier1"", ""time"": ""2026-07-14T07:40:25Z"", ""reason"": ""breakeven""}, {""sl"": 4026.12, ""tier"": ""tier1"", ""time"": ""2026-07-14T07:41:11Z"", ""reason"": ""breakeven""}], ""current_tier"": ""tier1"", ""last_sl_move_time"": ""2026-07-14T07:41:32Z""}",2026-07-14 10:40:08+00,2026-07-14 07:41:32.742395+00,2026-07-14 08:01:07.52551+00,closed
253,1,,,353379706,XAUUSD,SELL,4027.63000,4025.49000,0.01,4026.17000,4015.03000,2.14,"{""sl_history"": [{""sl"": 4034.83, ""tier"": ""tier1"", ""time"": ""2026-07-14T07:38:53Z"", ""reason"": ""breakeven""}, {""sl"": 4027.63, ""tier"": ""tier1"", ""time"": ""2026-07-14T07:39:15Z"", ""reason"": ""breakeven""}, {""sl"": 4027.02, ""tier"": ""tier2"", ""time"": ""2026-07-14T07:40:42Z"", ""reason"": ""lock_profit""}, {""sl"": 4026.4, ""tier"": ""tier3"", ""time"": ""2026-07-14T07:41:11Z"", ""reason"": ""trail""}, {""sl"": 4026.17, ""tier"": ""tier3"", ""time"": ""2026-07-14T07:41:32Z"", ""reason"": ""trail""}], ""current_tier"": ""tier3"", ""last_sl_move_time"": ""2026-07-14T07:41:32Z""}",2026-07-14 10:39:33+00,2026-07-14 07:41:32.434415+00,2026-07-14 08:01:07.52551+00,closed
258,1,,,353379741,XAUUSD,SELL,4027.49000,4025.49000,0.01,4026.09000,4014.90000,2.00,"{""sl_history"": [{""sl"": 4034.7, ""tier"": ""tier1"", ""time"": ""2026-07-14T07:38:53Z"", ""reason"": ""breakeven""}, {""sl"": 4027.49, ""tier"": ""tier1"", ""time"": ""2026-07-14T07:40:42Z"", ""reason"": ""breakeven""}, {""sl"": 4026.36, ""tier"": ""tier3"", ""time"": ""2026-07-14T07:41:11Z"", ""reason"": ""trail""}, {""sl"": 4026.09, ""tier"": ""tier3"", ""time"": ""2026-07-14T07:41:32Z"", ""reason"": ""trail""}], ""current_tier"": ""tier3"", ""last_sl_move_time"": ""2026-07-14T07:41:32Z""}",2026-07-14 10:39:34+00,2026-07-14 07:41:32.451763+00,2026-07-14 08:01:07.52551+00,closed
262,1,,,353379770,XAUUSD,SELL,4027.34000,4025.49000,0.01,4026.09000,4014.74000,1.85,"{""sl_history"": [{""sl"": 4034.54, ""tier"": ""tier1"", ""time"": ""2026-07-14T07:38:53Z"", ""reason"": ""breakeven""}, {""sl"": 4027.34, ""tier"": ""tier1"", ""time"": ""2026-07-14T07:40:42Z"", ""reason"": ""breakeven""}, {""sl"": 4026.19, ""tier"": ""tier3"", ""time"": ""2026-07-14T07:41:11Z"", ""reason"": ""trail""}, {""sl"": 4026.09, ""tier"": ""tier3"", ""time"": ""2026-07-14T07:41:32Z"", ""reason"": ""trail""}], ""current_tier"": ""tier3"", ""last_sl_move_time"": ""2026-07-14T07:41:32Z""}",2026-07-14 10:39:35+00,2026-07-14 07:41:32.465515+00,2026-07-14 08:01:07.52551+00,closed
436,1,,,353381678,XAUUSD,SELL,4025.67000,4025.51000,0.01,4032.50000,4013.68000,0.16,"{""sl_history"": [{""sl"": 4032.5, ""tier"": ""tier1"", ""time"": ""2026-07-14T07:41:12Z"", ""reason"": ""breakeven""}], ""current_tier"": ""tier1"", ""last_sl_move_time"": ""2026-07-14T07:41:32Z""}",2026-07-14 10:41:27+00,2026-07-14 07:41:32.805466+00,2026-07-14 08:01:07.52551+00,closed
291,1,,,353379812,XAUUSD,SELL,4027.12000,4025.49000,0.01,4026.14000,4014.55000,1.63,"{""sl_history"": [{""sl"": 4034.35, ""tier"": ""tier1"", ""time"": ""2026-07-14T07:39:01Z"", ""reason"": ""breakeven""}, {""sl"": 4027.12, ""tier"": ""tier1"", ""time"": ""2026-07-14T07:40:42Z"", ""reason"": ""breakeven""}, {""sl"": 4026.37, ""tier"": ""tier2"", ""time"": ""2026-07-14T07:41:11Z"", ""reason"": ""lock_profit""}, {""sl"": 4026.14, ""tier"": ""tier2"", ""time"": ""2026-07-14T07:41:32Z"", ""reason"": ""lock_profit""}], ""current_tier"": ""tier2"", ""last_sl_move_time"": ""2026-07-14T07:41:32Z""}",2026-07-14 10:39:39+00,2026-07-14 07:41:32.499617+00,2026-07-14 08:01:07.52551+00,closed
296,1,,,353379867,XAUUSD,SELL,4027.02000,4025.49000,0.01,4026.23000,4014.43000,1.53,"{""sl_history"": [{""sl"": 4034.23, ""tier"": ""tier1"", ""time"": ""2026-07-14T07:39:01Z"", ""reason"": ""breakeven""}, {""sl"": 4027.02, ""tier"": ""tier1"", ""time"": ""2026-07-14T07:40:42Z"", ""reason"": ""breakeven""}, {""sl"": 4026.46, ""tier"": ""tier2"", ""time"": ""2026-07-14T07:41:11Z"", ""reason"": ""lock_profit""}, {""sl"": 4026.23, ""tier"": ""tier2"", ""time"": ""2026-07-14T07:41:32Z"", ""reason"": ""lock_profit""}], ""current_tier"": ""tier2"", ""last_sl_move_time"": ""2026-07-14T07:41:32Z""}",2026-07-14 10:39:41+00,2026-07-14 07:41:32.517093+00,2026-07-14 08:01:07.52551+00,closed
384,1,,,353380333,XAUUSD,SELL,4026.43000,4025.53000,0.01,4026.43000,4014.67000,0.90,"{""sl_history"": [{""sl"": 4033.15, ""tier"": ""tier1"", ""time"": ""2026-07-14T07:40:25Z"", ""reason"": ""breakeven""}, {""sl"": 4026.43, ""tier"": ""tier1"", ""time"": ""2026-07-14T07:41:11Z"", ""reason"": ""breakeven""}], ""current_tier"": ""tier1"", ""last_sl_move_time"": ""2026-07-14T07:41:32Z""}",2026-07-14 10:40:03+00,2026-07-14 07:41:32.667561+00,2026-07-14 08:01:07.52551+00,closed
413,1,,,353381596,XAUUSD,SELL,4025.76000,4025.51000,0.01,4032.97000,4014.35000,0.25,"{""sl_history"": [{""sl"": 4032.97, ""tier"": ""tier1"", ""time"": ""2026-07-14T07:40:42Z"", ""reason"": ""breakeven""}], ""current_tier"": ""tier1"", ""last_sl_move_time"": ""2026-07-14T07:41:32Z""}",2026-07-14 10:41:09+00,2026-07-14 07:41:32.746366+00,2026-07-14 08:01:07.52551+00,closed
414,1,,,353381599,XAUUSD,SELL,4025.76000,4025.51000,0.01,4032.53000,4013.91000,0.25,"{""sl_history"": [{""sl"": 4032.53, ""tier"": ""tier1"", ""time"": ""2026-07-14T07:40:42Z"", ""reason"": ""breakeven""}], ""current_tier"": ""tier1"", ""last_sl_move_time"": ""2026-07-14T07:41:32Z""}",2026-07-14 10:41:09+00,2026-07-14 07:41:32.7504+00,2026-07-14 08:01:07.52551+00,closed
415,1,,,353381600,XAUUSD,SELL,4025.76000,4025.51000,0.01,4032.53000,4013.91000,0.25,"{""sl_history"": [{""sl"": 4032.53, ""tier"": ""tier1"", ""time"": ""2026-07-14T07:40:42Z"", ""reason"": ""breakeven""}], ""current_tier"": ""tier1"", ""last_sl_move_time"": ""2026-07-14T07:41:32Z""}",2026-07-14 10:41:09+00,2026-07-14 07:41:32.754503+00,2026-07-14 08:01:07.52551+00,closed
416,1,,,353381601,XAUUSD,SELL,4025.77000,4025.51000,0.01,4032.53000,4013.91000,0.26,"{""sl_history"": [{""sl"": 4032.53, ""tier"": ""tier1"", ""time"": ""2026-07-14T07:40:42Z"", ""reason"": ""breakeven""}], ""current_tier"": ""tier1"", ""last_sl_move_time"": ""2026-07-14T07:41:32Z""}",2026-07-14 10:41:09+00,2026-07-14 07:41:32.759622+00,2026-07-14 08:01:07.52551+00,closed
417,1,,,353381603,XAUUSD,SELL,4025.80000,4025.51000,0.01,4032.54000,4013.92000,0.29,"{""sl_history"": [{""sl"": 4032.54, ""tier"": ""tier1"", ""time"": ""2026-07-14T07:40:42Z"", ""reason"": ""breakeven""}], ""current_tier"": ""tier1"", ""last_sl_move_time"": ""2026-07-14T07:41:32Z""}",2026-07-14 10:41:10+00,2026-07-14 07:41:32.764886+00,2026-07-14 08:01:07.52551+00,closed
418,1,,,353381606,XAUUSD,SELL,4025.76000,4025.51000,0.01,4032.57000,4013.95000,0.25,"{""sl_history"": [{""sl"": 4032.57, ""tier"": ""tier1"", ""time"": ""2026-07-14T07:40:42Z"", ""reason"": ""breakeven""}], ""current_tier"": ""tier1"", ""last_sl_move_time"": ""2026-07-14T07:41:32Z""}",2026-07-14 10:41:10+00,2026-07-14 07:41:32.770023+00,2026-07-14 08:01:07.52551+00,closed
419,1,,,353381607,XAUUSD,SELL,4025.75000,4025.51000,0.01,4032.53000,4013.91000,0.24,"{""sl_history"": [{""sl"": 4032.53, ""tier"": ""tier1"", ""time"": ""2026-07-14T07:40:42Z"", ""reason"": ""breakeven""}], ""current_tier"": ""tier1"", ""last_sl_move_time"": ""2026-07-14T07:41:32Z""}",2026-07-14 10:41:10+00,2026-07-14 07:41:32.774116+00,2026-07-14 08:01:07.52551+00,closed
420,1,,,353381609,XAUUSD,SELL,4025.73000,4025.51000,0.01,4032.52000,4013.90000,0.22,"{""sl_history"": [{""sl"": 4032.52, ""tier"": ""tier1"", ""time"": ""2026-07-14T07:40:42Z"", ""reason"": ""breakeven""}], ""current_tier"": ""tier1"", ""last_sl_move_time"": ""2026-07-14T07:41:32Z""}",2026-07-14 10:41:10+00,2026-07-14 07:41:32.780171+00,2026-07-14 08:01:07.52551+00,closed
421,1,,,353381611,XAUUSD,SELL,4025.73000,4025.51000,0.01,4032.50000,4013.88000,0.22,"{""sl_history"": [{""sl"": 4032.5, ""tier"": ""tier1"", ""time"": ""2026-07-14T07:40:42Z"", ""reason"": ""breakeven""}], ""current_tier"": ""tier1"", ""last_sl_move_time"": ""2026-07-14T07:41:32Z""}",2026-07-14 10:41:11+00,2026-07-14 07:41:32.785092+00,2026-07-14 08:01:07.52551+00,closed
441,1,,,353381694,XAUUSD,SELL,4025.71000,4025.51000,0.01,4032.54000,4013.72000,0.20,"{""sl_history"": [{""sl"": 4032.54, ""tier"": ""tier1"", ""time"": ""2026-07-14T07:41:12Z"", ""reason"": ""breakeven""}], ""current_tier"": ""tier1"", ""last_sl_move_time"": ""2026-07-14T07:41:32Z""}",2026-07-14 10:41:28+00,2026-07-14 07:41:32.825161+00,2026-07-14 08:01:07.52551+00,closed
206,1,,,353379367,XAUUSD,SELL,4028.27000,4025.53000,0.01,4026.14000,4015.61000,2.74,"{""sl_history"": [{""sl"": 4035.41, ""tier"": ""tier1"", ""time"": ""2026-07-14T07:38:46Z"", ""reason"": ""breakeven""}, {""sl"": 4028.27, ""tier"": ""tier1"", ""time"": ""2026-07-14T07:39:01Z"", ""reason"": ""breakeven""}, {""sl"": 4027.95, ""tier"": ""tier2"", ""time"": ""2026-07-14T07:39:08Z"", ""reason"": ""lock_profit""}, {""sl"": 4027.74, ""tier"": ""tier2"", ""time"": ""2026-07-14T07:39:15Z"", ""reason"": ""lock_profit""}, {""sl"": 4027.33, ""tier"": ""tier2"", ""time"": ""2026-07-14T07:40:24Z"", ""reason"": ""lock_profit""}, {""sl"": 4027.0, ""tier"": ""tier3"", ""time"": ""2026-07-14T07:40:42Z"", ""reason"": ""trail""}, {""sl"": 4026.97, ""tier"": ""tier3"", ""time"": ""2026-07-14T07:41:11Z"", ""reason"": ""trail""}, {""sl"": 4026.14, ""tier"": ""tier3"", ""time"": ""2026-07-14T07:41:32Z"", ""reason"": ""trail""}], ""current_tier"": ""tier3"", ""last_sl_move_time"": ""2026-07-14T07:41:32Z""}",2026-07-14 10:39:24+00,2026-07-14 07:41:32.33131+00,2026-07-14 08:01:07.52551+00,closed
207,1,,,353379372,XAUUSD,SELL,4028.37000,4025.49000,0.01,4027.32000,4015.67000,2.88,"{""sl_history"": [{""sl"": 4035.47, ""tier"": ""tier1"", ""time"": ""2026-07-14T07:38:46Z"", ""reason"": ""breakeven""}, {""sl"": 4028.37, ""tier"": ""tier1"", ""time"": ""2026-07-14T07:39:01Z"", ""reason"": ""breakeven""}, {""sl"": 4027.97, ""tier"": ""tier2"", ""time"": ""2026-07-14T07:39:08Z"", ""reason"": ""lock_profit""}, {""sl"": 4027.76, ""tier"": ""tier2"", ""time"": ""2026-07-14T07:39:15Z"", ""reason"": ""lock_profit""}, {""sl"": 4027.36, ""tier"": ""tier3"", ""time"": ""2026-07-14T07:40:24Z"", ""reason"": ""trail""}, {""sl"": 4027.35, ""tier"": ""tier3"", ""time"": ""2026-07-14T07:40:42Z"", ""reason"": ""trail""}, {""sl"": 4027.34, ""tier"": ""tier3"", ""time"": ""2026-07-14T07:41:11Z"", ""reason"": ""trail""}, {""sl"": 4027.32, ""tier"": ""tier3"", ""time"": ""2026-07-14T07:41:32Z"", ""reason"": ""trail""}], ""current_tier"": ""tier3"", ""last_sl_move_time"": ""2026-07-14T07:41:32Z""}",2026-07-14 10:39:25+00,2026-07-14 07:41:32.336431+00,2026-07-14 08:01:07.52551+00,closed
208,1,,,353379375,XAUUSD,SELL,4028.30000,4025.49000,0.01,4026.15000,4015.77000,2.81,"{""sl_history"": [{""sl"": 4035.57, ""tier"": ""tier1"", ""time"": ""2026-07-14T07:38:46Z"", ""reason"": ""breakeven""}, {""sl"": 4028.3, ""tier"": ""tier1"", ""time"": ""2026-07-14T07:39:01Z"", ""reason"": ""breakeven""}, {""sl"": 4027.93, ""tier"": ""tier2"", ""time"": ""2026-07-14T07:39:08Z"", ""reason"": ""lock_profit""}, {""sl"": 4027.77, ""tier"": ""tier2"", ""time"": ""2026-07-14T07:39:15Z"", ""reason"": ""lock_profit""}, {""sl"": 4027.35, ""tier"": ""tier2"", ""time"": ""2026-07-14T07:40:24Z"", ""reason"": ""lock_profit""}, {""sl"": 4027.0, ""tier"": ""tier3"", ""time"": ""2026-07-14T07:40:42Z"", ""reason"": ""trail""}, {""sl"": 4026.98, ""tier"": ""tier3"", ""time"": ""2026-07-14T07:41:11Z"", ""reason"": ""trail""}, {""sl"": 4026.15, ""tier"": ""tier3"", ""time"": ""2026-07-14T07:41:32Z"", ""reason"": ""trail""}], ""current_tier"": ""tier3"", ""last_sl_move_time"": ""2026-07-14T07:41:32Z""}",2026-07-14 10:39:25+00,2026-07-14 07:41:32.34094+00,2026-07-14 08:01:07.52551+00,closed
209,1,,,353379377,XAUUSD,SELL,4028.29000,4025.49000,0.01,4026.11000,4015.70000,2.80,"{""sl_history"": [{""sl"": 4035.5, ""tier"": ""tier1"", ""time"": ""2026-07-14T07:38:46Z"", ""reason"": ""breakeven""}, {""sl"": 4028.29, ""tier"": ""tier1"", ""time"": ""2026-07-14T07:39:01Z"", ""reason"": ""breakeven""}, {""sl"": 4027.93, ""tier"": ""tier2"", ""time"": ""2026-07-14T07:39:08Z"", ""reason"": ""lock_profit""}, {""sl"": 4027.77, ""tier"": ""tier2"", ""time"": ""2026-07-14T07:39:15Z"", ""reason"": ""lock_profit""}, {""sl"": 4027.36, ""tier"": ""tier2"", ""time"": ""2026-07-14T07:40:24Z"", ""reason"": ""lock_profit""}, {""sl"": 4027.0, ""tier"": ""tier3"", ""time"": ""2026-07-14T07:40:42Z"", ""reason"": ""trail""}, {""sl"": 4026.97, ""tier"": ""tier3"", ""time"": ""2026-07-14T07:41:11Z"", ""reason"": ""trail""}, {""sl"": 4026.11, ""tier"": ""tier3"", ""time"": ""2026-07-14T07:41:32Z"", ""reason"": ""trail""}], ""current_tier"": ""tier3"", ""last_sl_move_time"": ""2026-07-14T07:41:32Z""}",2026-07-14 10:39:25+00,2026-07-14 07:41:32.345353+00,2026-07-14 08:01:07.52551+00,closed
215,1,,,353379440,XAUUSD,SELL,4028.09000,4025.49000,0.01,4025.94000,4015.47000,2.60,"{""sl_history"": [{""sl"": 4035.27, ""tier"": ""tier1"", ""time"": ""2026-07-14T07:38:46Z"", ""reason"": ""breakeven""}, {""sl"": 4028.09, ""tier"": ""tier1"", ""time"": ""2026-07-14T07:39:08Z"", ""reason"": ""breakeven""}, {""sl"": 4027.79, ""tier"": ""tier2"", ""time"": ""2026-07-14T07:39:15Z"", ""reason"": ""lock_profit""}, {""sl"": 4027.38, ""tier"": ""tier2"", ""time"": ""2026-07-14T07:40:24Z"", ""reason"": ""lock_profit""}, {""sl"": 4027.0, ""tier"": ""tier3"", ""time"": ""2026-07-14T07:40:42Z"", ""reason"": ""trail""}, {""sl"": 4026.94, ""tier"": ""tier3"", ""time"": ""2026-07-14T07:41:11Z"", ""reason"": ""trail""}, {""sl"": 4025.94, ""tier"": ""tier3"", ""time"": ""2026-07-14T07:41:32Z"", ""reason"": ""trail""}], ""current_tier"": ""tier3"", ""last_sl_move_time"": ""2026-07-14T07:41:32Z""}",2026-07-14 10:39:27+00,2026-07-14 07:41:32.36865+00,2026-07-14 08:01:07.52551+00,closed
422,1,,,353381612,XAUUSD,SELL,4025.71000,4025.51000,0.01,4032.50000,4013.88000,0.20,"{""sl_history"": [{""sl"": 4032.5, ""tier"": ""tier1"", ""time"": ""2026-07-14T07:40:42Z"", ""reason"": ""breakeven""}], ""current_tier"": ""tier1"", ""last_sl_move_time"": ""2026-07-14T07:41:32Z""}",2026-07-14 10:41:11+00,2026-07-14 07:41:32.789196+00,2026-07-14 08:01:07.52551+00,closed
260,1,,,353379756,XAUUSD,SELL,4027.42000,4025.49000,0.01,4026.09000,4014.69000,1.93,"{""sl_history"": [{""sl"": 4034.49, ""tier"": ""tier1"", ""time"": ""2026-07-14T07:38:53Z"", ""reason"": ""breakeven""}, {""sl"": 4027.42, ""tier"": ""tier1"", ""time"": ""2026-07-14T07:40:42Z"", ""reason"": ""breakeven""}, {""sl"": 4026.2, ""tier"": ""tier3"", ""time"": ""2026-07-14T07:41:11Z"", ""reason"": ""trail""}, {""sl"": 4026.09, ""tier"": ""tier3"", ""time"": ""2026-07-14T07:41:32Z"", ""reason"": ""trail""}], ""current_tier"": ""tier3"", ""last_sl_move_time"": ""2026-07-14T07:41:32Z""}",2026-07-14 10:39:35+00,2026-07-14 07:41:32.458216+00,2026-07-14 08:01:07.52551+00,closed
288,1,,,353379787,XAUUSD,SELL,4027.35000,4025.49000,0.01,4026.11000,4014.78000,1.86,"{""sl_history"": [{""sl"": 4034.58, ""tier"": ""tier1"", ""time"": ""2026-07-14T07:39:01Z"", ""reason"": ""breakeven""}, {""sl"": 4027.35, ""tier"": ""tier1"", ""time"": ""2026-07-14T07:40:42Z"", ""reason"": ""breakeven""}, {""sl"": 4026.34, ""tier"": ""tier2"", ""time"": ""2026-07-14T07:41:11Z"", ""reason"": ""lock_profit""}, {""sl"": 4026.11, ""tier"": ""tier3"", ""time"": ""2026-07-14T07:41:32Z"", ""reason"": ""trail""}], ""current_tier"": ""tier3"", ""last_sl_move_time"": ""2026-07-14T07:41:32Z""}",2026-07-14 10:39:38+00,2026-07-14 07:41:32.488724+00,2026-07-14 08:01:07.52551+00,closed
385,1,,,353380341,XAUUSD,SELL,4026.42000,4025.53000,0.01,4026.42000,4014.67000,0.89,"{""sl_history"": [{""sl"": 4033.15, ""tier"": ""tier1"", ""time"": ""2026-07-14T07:40:25Z"", ""reason"": ""breakeven""}, {""sl"": 4026.42, ""tier"": ""tier1"", ""time"": ""2026-07-14T07:41:11Z"", ""reason"": ""breakeven""}], ""current_tier"": ""tier1"", ""last_sl_move_time"": ""2026-07-14T07:41:32Z""}",2026-07-14 10:40:03+00,2026-07-14 07:41:32.672452+00,2026-07-14 08:01:07.52551+00,closed
390,1,,,353380365,XAUUSD,SELL,4026.47000,4025.53000,0.01,4026.47000,4014.70000,0.94,"{""sl_history"": [{""sl"": 4033.18, ""tier"": ""tier1"", ""time"": ""2026-07-14T07:40:25Z"", ""reason"": ""breakeven""}, {""sl"": 4026.47, ""tier"": ""tier1"", ""time"": ""2026-07-14T07:41:11Z"", ""reason"": ""breakeven""}], ""current_tier"": ""tier1"", ""last_sl_move_time"": ""2026-07-14T07:41:32Z""}",2026-07-14 10:40:04+00,2026-07-14 07:41:32.69557+00,2026-07-14 08:01:07.52551+00,closed
394,1,,,353380398,XAUUSD,SELL,4026.28000,4025.53000,0.01,4026.28000,4014.61000,0.75,"{""sl_history"": [{""sl"": 4033.11, ""tier"": ""tier1"", ""time"": ""2026-07-14T07:40:25Z"", ""reason"": ""breakeven""}, {""sl"": 4026.28, ""tier"": ""tier1"", ""time"": ""2026-07-14T07:41:11Z"", ""reason"": ""breakeven""}], ""current_tier"": ""tier1"", ""last_sl_move_time"": ""2026-07-14T07:41:32Z""}",2026-07-14 10:40:06+00,2026-07-14 07:41:32.710072+00,2026-07-14 08:01:07.52551+00,closed
398,1,,,353380468,XAUUSD,SELL,4026.13000,4025.53000,0.01,4026.13000,4014.49000,0.60,"{""sl_history"": [{""sl"": 4032.99, ""tier"": ""tier1"", ""time"": ""2026-07-14T07:40:25Z"", ""reason"": ""breakeven""}, {""sl"": 4026.13, ""tier"": ""tier1"", ""time"": ""2026-07-14T07:41:11Z"", ""reason"": ""breakeven""}], ""current_tier"": ""tier1"", ""last_sl_move_time"": ""2026-07-14T07:41:32Z""}",2026-07-14 10:40:07+00,2026-07-14 07:41:32.7261+00,2026-07-14 08:01:07.52551+00,closed
433,1,,,353381674,XAUUSD,SELL,4025.67000,4025.51000,0.01,4032.50000,4013.68000,0.16,"{""sl_history"": [{""sl"": 4032.5, ""tier"": ""tier1"", ""time"": ""2026-07-14T07:41:12Z"", ""reason"": ""breakeven""}], ""current_tier"": ""tier1"", ""last_sl_move_time"": ""2026-07-14T07:41:32Z""}",2026-07-14 10:41:26+00,2026-07-14 07:41:32.792985+00,2026-07-14 08:01:07.52551+00,closed
437,1,,,353381679,XAUUSD,SELL,4025.67000,4025.51000,0.01,4032.51000,4013.69000,0.16,"{""sl_history"": [{""sl"": 4032.51, ""tier"": ""tier1"", ""time"": ""2026-07-14T07:41:12Z"", ""reason"": ""breakeven""}], ""current_tier"": ""tier1"", ""last_sl_move_time"": ""2026-07-14T07:41:32Z""}",2026-07-14 10:41:27+00,2026-07-14 07:41:32.809643+00,2026-07-14 08:01:07.52551+00,closed
438,1,,,353381680,XAUUSD,SELL,4025.67000,4025.51000,0.01,4032.51000,4013.69000,0.16,"{""sl_history"": [{""sl"": 4032.51, ""tier"": ""tier1"", ""time"": ""2026-07-14T07:41:12Z"", ""reason"": ""breakeven""}], ""current_tier"": ""tier1"", ""last_sl_move_time"": ""2026-07-14T07:41:32Z""}",2026-07-14 10:41:28+00,2026-07-14 07:41:32.813698+00,2026-07-14 08:01:07.52551+00,closed
439,1,,,353381683,XAUUSD,SELL,4025.69000,4025.51000,0.01,4032.51000,4013.69000,0.18,"{""sl_history"": [{""sl"": 4032.51, ""tier"": ""tier1"", ""time"": ""2026-07-14T07:41:12Z"", ""reason"": ""breakeven""}], ""current_tier"": ""tier1"", ""last_sl_move_time"": ""2026-07-14T07:41:32Z""}",2026-07-14 10:41:28+00,2026-07-14 07:41:32.81753+00,2026-07-14 08:01:07.52551+00,closed
440,1,,,353381687,XAUUSD,SELL,4025.70000,4025.51000,0.01,4032.53000,4013.71000,0.19,"{""sl_history"": [{""sl"": 4032.53, ""tier"": ""tier1"", ""time"": ""2026-07-14T07:41:12Z"", ""reason"": ""breakeven""}], ""current_tier"": ""tier1"", ""last_sl_move_time"": ""2026-07-14T07:41:32Z""}",2026-07-14 10:41:28+00,2026-07-14 07:41:32.821535+00,2026-07-14 08:01:07.52551+00,closed
203,1,,,353379342,XAUUSD,SELL,4028.68000,4025.53000,0.01,4026.14000,4016.08000,3.15,"{""sl_history"": [{""sl"": 4028.68, ""tier"": ""tier1"", ""time"": ""2026-07-14T07:38:46Z"", ""reason"": ""breakeven""}, {""sl"": 4028.65, ""tier"": ""tier2"", ""time"": ""2026-07-14T07:38:53Z"", ""reason"": ""lock_profit""}, {""sl"": 4028.36, ""tier"": ""tier2"", ""time"": ""2026-07-14T07:39:01Z"", ""reason"": ""lock_profit""}, {""sl"": 4028.09, ""tier"": ""tier2"", ""time"": ""2026-07-14T07:39:08Z"", ""reason"": ""lock_profit""}, {""sl"": 4027.76, ""tier"": ""tier2"", ""time"": ""2026-07-14T07:39:15Z"", ""reason"": ""lock_profit""}, {""sl"": 4027.36, ""tier"": ""tier3"", ""time"": ""2026-07-14T07:40:24Z"", ""reason"": ""trail""}, {""sl"": 4026.95, ""tier"": ""tier3"", ""time"": ""2026-07-14T07:40:42Z"", ""reason"": ""trail""}, {""sl"": 4026.14, ""tier"": ""tier3"", ""time"": ""2026-07-14T07:41:32Z"", ""reason"": ""trail""}], ""current_tier"": ""tier3"", ""last_sl_move_time"": ""2026-07-14T07:41:32Z""}",2026-07-14 10:39:24+00,2026-07-14 07:41:32.316587+00,2026-07-14 08:01:07.52551+00,closed
204,1,,,353379344,XAUUSD,SELL,4028.68000,4025.53000,0.01,4027.63000,4016.08000,3.15,"{""sl_history"": [{""sl"": 4028.68, ""tier"": ""tier1"", ""time"": ""2026-07-14T07:38:46Z"", ""reason"": ""breakeven""}, {""sl"": 4028.63, ""tier"": ""tier2"", ""time"": ""2026-07-14T07:38:53Z"", ""reason"": ""lock_profit""}, {""sl"": 4028.41, ""tier"": ""tier2"", ""time"": ""2026-07-14T07:39:01Z"", ""reason"": ""lock_profit""}, {""sl"": 4028.06, ""tier"": ""tier2"", ""time"": ""2026-07-14T07:39:08Z"", ""reason"": ""lock_profit""}, {""sl"": 4027.75, ""tier"": ""tier2"", ""time"": ""2026-07-14T07:39:15Z"", ""reason"": ""lock_profit""}, {""sl"": 4027.67, ""tier"": ""tier3"", ""time"": ""2026-07-14T07:40:24Z"", ""reason"": ""trail""}, {""sl"": 4027.66, ""tier"": ""tier3"", ""time"": ""2026-07-14T07:40:42Z"", ""reason"": ""trail""}, {""sl"": 4027.65, ""tier"": ""tier3"", ""time"": ""2026-07-14T07:41:11Z"", ""reason"": ""trail""}, {""sl"": 4027.63, ""tier"": ""tier3"", ""time"": ""2026-07-14T07:41:32Z"", ""reason"": ""trail""}], ""current_tier"": ""tier3"", ""last_sl_move_time"": ""2026-07-14T07:41:32Z""}",2026-07-14 10:39:24+00,2026-07-14 07:41:32.32197+00,2026-07-14 08:01:07.52551+00,closed
205,1,,,353379350,XAUUSD,SELL,4028.21000,4025.53000,0.01,4026.14000,4016.08000,2.68,"{""sl_history"": [{""sl"": 4035.88, ""tier"": ""tier1"", ""time"": ""2026-07-14T07:38:46Z"", ""reason"": ""breakeven""}, {""sl"": 4028.21, ""tier"": ""tier1"", ""time"": ""2026-07-14T07:39:08Z"", ""reason"": ""breakeven""}, {""sl"": 4027.76, ""tier"": ""tier2"", ""time"": ""2026-07-14T07:39:15Z"", ""reason"": ""lock_profit""}, {""sl"": 4027.34, ""tier"": ""tier2"", ""time"": ""2026-07-14T07:40:24Z"", ""reason"": ""lock_profit""}, {""sl"": 4026.96, ""tier"": ""tier3"", ""time"": ""2026-07-14T07:40:42Z"", ""reason"": ""trail""}, {""sl"": 4026.14, ""tier"": ""tier3"", ""time"": ""2026-07-14T07:41:32Z"", ""reason"": ""trail""}], ""current_tier"": ""tier3"", ""last_sl_move_time"": ""2026-07-14T07:41:32Z""}",2026-07-14 10:39:24+00,2026-07-14 07:41:32.326866+00,2026-07-14 08:01:07.52551+00,closed
210,1,,,353379379,XAUUSD,SELL,4028.29000,4025.49000,0.01,4026.10000,4015.69000,2.80,"{""sl_history"": [{""sl"": 4035.49, ""tier"": ""tier1"", ""time"": ""2026-07-14T07:38:46Z"", ""reason"": ""breakeven""}, {""sl"": 4028.29, ""tier"": ""tier1"", ""time"": ""2026-07-14T07:39:01Z"", ""reason"": ""breakeven""}, {""sl"": 4027.93, ""tier"": ""tier2"", ""time"": ""2026-07-14T07:39:08Z"", ""reason"": ""lock_profit""}, {""sl"": 4027.78, ""tier"": ""tier2"", ""time"": ""2026-07-14T07:39:15Z"", ""reason"": ""lock_profit""}, {""sl"": 4027.35, ""tier"": ""tier2"", ""time"": ""2026-07-14T07:40:24Z"", ""reason"": ""lock_profit""}, {""sl"": 4026.99, ""tier"": ""tier3"", ""time"": ""2026-07-14T07:40:42Z"", ""reason"": ""trail""}, {""sl"": 4026.95, ""tier"": ""tier3"", ""time"": ""2026-07-14T07:41:11Z"", ""reason"": ""trail""}, {""sl"": 4026.1, ""tier"": ""tier3"", ""time"": ""2026-07-14T07:41:32Z"", ""reason"": ""trail""}], ""current_tier"": ""tier3"", ""last_sl_move_time"": ""2026-07-14T07:41:32Z""}",2026-07-14 10:39:25+00,2026-07-14 07:41:32.349543+00,2026-07-14 08:01:07.52551+00,closed
212,1,,,353379383,XAUUSD,SELL,4028.25000,4025.49000,0.01,4026.07000,4015.66000,2.76,"{""sl_history"": [{""sl"": 4035.46, ""tier"": ""tier1"", ""time"": ""2026-07-14T07:38:46Z"", ""reason"": ""breakeven""}, {""sl"": 4028.25, ""tier"": ""tier1"", ""time"": ""2026-07-14T07:39:01Z"", ""reason"": ""breakeven""}, {""sl"": 4027.88, ""tier"": ""tier2"", ""time"": ""2026-07-14T07:39:08Z"", ""reason"": ""lock_profit""}, {""sl"": 4027.78, ""tier"": ""tier2"", ""time"": ""2026-07-14T07:39:15Z"", ""reason"": ""lock_profit""}, {""sl"": 4027.35, ""tier"": ""tier2"", ""time"": ""2026-07-14T07:40:24Z"", ""reason"": ""lock_profit""}, {""sl"": 4026.99, ""tier"": ""tier3"", ""time"": ""2026-07-14T07:40:42Z"", ""reason"": ""trail""}, {""sl"": 4026.95, ""tier"": ""tier3"", ""time"": ""2026-07-14T07:41:11Z"", ""reason"": ""trail""}, {""sl"": 4026.07, ""tier"": ""tier3"", ""time"": ""2026-07-14T07:41:32Z"", ""reason"": ""trail""}], ""current_tier"": ""tier3"", ""last_sl_move_time"": ""2026-07-14T07:41:32Z""}",2026-07-14 10:39:26+00,2026-07-14 07:41:32.35756+00,2026-07-14 08:01:07.52551+00,closed
454,1,,,353382421,XAUUSD,SELL,4024.80000,4025.51000,0.01,4031.78000,4012.58000,-0.71,"{""sl_history"": [{""sl"": 4031.78, ""tier"": ""tier1"", ""time"": ""2026-07-14T07:41:32Z"", ""reason"": ""breakeven""}], ""current_tier"": ""tier1"", ""last_sl_move_time"": ""2026-07-14T07:41:32Z""}",2026-07-14 10:41:56+00,2026-07-14 07:41:32.83638+00,2026-07-14 08:01:07.52551+00,closed
213,1,,,353379429,XAUUSD,SELL,4028.15000,4025.49000,0.01,4026.08000,4015.51000,2.66,"{""sl_history"": [{""sl"": 4035.31, ""tier"": ""tier1"", ""time"": ""2026-07-14T07:38:46Z"", ""reason"": ""breakeven""}, {""sl"": 4028.15, ""tier"": ""tier1"", ""time"": ""2026-07-14T07:39:08Z"", ""reason"": ""breakeven""}, {""sl"": 4027.79, ""tier"": ""tier2"", ""time"": ""2026-07-14T07:39:15Z"", ""reason"": ""lock_profit""}, {""sl"": 4027.36, ""tier"": ""tier2"", ""time"": ""2026-07-14T07:40:24Z"", ""reason"": ""lock_profit""}, {""sl"": 4027.0, ""tier"": ""tier3"", ""time"": ""2026-07-14T07:40:42Z"", ""reason"": ""trail""}, {""sl"": 4026.95, ""tier"": ""tier3"", ""time"": ""2026-07-14T07:41:11Z"", ""reason"": ""trail""}, {""sl"": 4026.08, ""tier"": ""tier3"", ""time"": ""2026-07-14T07:41:32Z"", ""reason"": ""trail""}], ""current_tier"": ""tier3"", ""last_sl_move_time"": ""2026-07-14T07:41:32Z""}",2026-07-14 10:39:27+00,2026-07-14 07:41:32.361878+00,2026-07-14 08:01:07.52551+00,closed
216,1,,,353379443,XAUUSD,SELL,4028.10000,4025.49000,0.01,4025.97000,4015.49000,2.61,"{""sl_history"": [{""sl"": 4035.29, ""tier"": ""tier1"", ""time"": ""2026-07-14T07:38:46Z"", ""reason"": ""breakeven""}, {""sl"": 4028.1, ""tier"": ""tier1"", ""time"": ""2026-07-14T07:39:08Z"", ""reason"": ""breakeven""}, {""sl"": 4027.79, ""tier"": ""tier2"", ""time"": ""2026-07-14T07:39:15Z"", ""reason"": ""lock_profit""}, {""sl"": 4027.38, ""tier"": ""tier2"", ""time"": ""2026-07-14T07:40:24Z"", ""reason"": ""lock_profit""}, {""sl"": 4027.0, ""tier"": ""tier3"", ""time"": ""2026-07-14T07:40:42Z"", ""reason"": ""trail""}, {""sl"": 4026.97, ""tier"": ""tier3"", ""time"": ""2026-07-14T07:41:11Z"", ""reason"": ""trail""}, {""sl"": 4025.97, ""tier"": ""tier3"", ""time"": ""2026-07-14T07:41:32Z"", ""reason"": ""trail""}], ""current_tier"": ""tier3"", ""last_sl_move_time"": ""2026-07-14T07:41:32Z""}",2026-07-14 10:39:27+00,2026-07-14 07:41:32.37212+00,2026-07-14 08:01:07.52551+00,closed
219,1,,,353379538,XAUUSD,SELL,4027.50000,4025.49000,0.01,4026.45000,4014.90000,2.01,"{""sl_history"": [{""sl"": 4034.7, ""tier"": ""tier1"", ""time"": ""2026-07-14T07:38:46Z"", ""reason"": ""breakeven""}, {""sl"": 4027.5, ""tier"": ""tier1"", ""time"": ""2026-07-14T07:40:24Z"", ""reason"": ""breakeven""}, {""sl"": 4027.04, ""tier"": ""tier2"", ""time"": ""2026-07-14T07:40:42Z"", ""reason"": ""lock_profit""}, {""sl"": 4026.95, ""tier"": ""tier2"", ""time"": ""2026-07-14T07:41:11Z"", ""reason"": ""lock_profit""}, {""sl"": 4026.45, ""tier"": ""tier3"", ""time"": ""2026-07-14T07:41:32Z"", ""reason"": ""trail""}], ""current_tier"": ""tier3"", ""last_sl_move_time"": ""2026-07-14T07:41:32Z""}",2026-07-14 10:39:28+00,2026-07-14 07:41:32.383252+00,2026-07-14 08:01:07.52551+00,closed
249,1,,,353379661,XAUUSD,SELL,4027.44000,4025.49000,0.01,4026.39000,4014.83000,1.95,"{""sl_history"": [{""sl"": 4034.63, ""tier"": ""tier1"", ""time"": ""2026-07-14T07:38:53Z"", ""reason"": ""breakeven""}, {""sl"": 4027.44, ""tier"": ""tier1"", ""time"": ""2026-07-14T07:40:42Z"", ""reason"": ""breakeven""}, {""sl"": 4026.43, ""tier"": ""tier2"", ""time"": ""2026-07-14T07:41:11Z"", ""reason"": ""lock_profit""}, {""sl"": 4026.39, ""tier"": ""tier3"", ""time"": ""2026-07-14T07:41:32Z"", ""reason"": ""trail""}], ""current_tier"": ""tier3"", ""last_sl_move_time"": ""2026-07-14T07:41:32Z""}",2026-07-14 10:39:32+00,2026-07-14 07:41:32.419276+00,2026-07-14 08:01:07.52551+00,closed
252,1,,,353379677,XAUUSD,SELL,4027.62000,4025.49000,0.01,4026.19000,4015.01000,2.13,"{""sl_history"": [{""sl"": 4034.81, ""tier"": ""tier1"", ""time"": ""2026-07-14T07:38:53Z"", ""reason"": ""breakeven""}, {""sl"": 4027.62, ""tier"": ""tier1"", ""time"": ""2026-07-14T07:39:15Z"", ""reason"": ""breakeven""}, {""sl"": 4027.14, ""tier"": ""tier2"", ""time"": ""2026-07-14T07:40:42Z"", ""reason"": ""lock_profit""}, {""sl"": 4026.4, ""tier"": ""tier3"", ""time"": ""2026-07-14T07:41:11Z"", ""reason"": ""trail""}, {""sl"": 4026.19, ""tier"": ""tier3"", ""time"": ""2026-07-14T07:41:32Z"", ""reason"": ""trail""}], ""current_tier"": ""tier3"", ""last_sl_move_time"": ""2026-07-14T07:41:32Z""}",2026-07-14 10:39:32+00,2026-07-14 07:41:32.430383+00,2026-07-14 08:01:07.52551+00,closed
290,1,,,353379798,XAUUSD,SELL,4027.15000,4025.49000,0.01,4026.15000,4014.75000,1.66,"{""sl_history"": [{""sl"": 4034.55, ""tier"": ""tier1"", ""time"": ""2026-07-14T07:39:01Z"", ""reason"": ""breakeven""}, {""sl"": 4027.15, ""tier"": ""tier1"", ""time"": ""2026-07-14T07:40:42Z"", ""reason"": ""breakeven""}, {""sl"": 4026.38, ""tier"": ""tier2"", ""time"": ""2026-07-14T07:41:11Z"", ""reason"": ""lock_profit""}, {""sl"": 4026.15, ""tier"": ""tier2"", ""time"": ""2026-07-14T07:41:32Z"", ""reason"": ""lock_profit""}], ""current_tier"": ""tier2"", ""last_sl_move_time"": ""2026-07-14T07:41:32Z""}",2026-07-14 10:39:39+00,2026-07-14 07:41:32.496097+00,2026-07-14 08:01:07.52551+00,closed
298,1,,,353379873,XAUUSD,SELL,4027.01000,4025.49000,0.01,4026.23000,4014.41000,1.52,"{""sl_history"": [{""sl"": 4034.21, ""tier"": ""tier1"", ""time"": ""2026-07-14T07:39:01Z"", ""reason"": ""breakeven""}, {""sl"": 4027.01, ""tier"": ""tier1"", ""time"": ""2026-07-14T07:40:42Z"", ""reason"": ""breakeven""}, {""sl"": 4026.46, ""tier"": ""tier2"", ""time"": ""2026-07-14T07:41:11Z"", ""reason"": ""lock_profit""}, {""sl"": 4026.23, ""tier"": ""tier2"", ""time"": ""2026-07-14T07:41:32Z"", ""reason"": ""lock_profit""}], ""current_tier"": ""tier2"", ""last_sl_move_time"": ""2026-07-14T07:41:32Z""}",2026-07-14 10:39:41+00,2026-07-14 07:41:32.52391+00,2026-07-14 08:01:07.52551+00,closed
300,1,,,353379881,XAUUSD,SELL,4027.08000,4025.49000,0.01,4026.23000,4014.41000,1.59,"{""sl_history"": [{""sl"": 4034.21, ""tier"": ""tier1"", ""time"": ""2026-07-14T07:39:01Z"", ""reason"": ""breakeven""}, {""sl"": 4027.08, ""tier"": ""tier1"", ""time"": ""2026-07-14T07:40:42Z"", ""reason"": ""breakeven""}, {""sl"": 4026.48, ""tier"": ""tier2"", ""time"": ""2026-07-14T07:41:11Z"", ""reason"": ""lock_profit""}, {""sl"": 4026.23, ""tier"": ""tier2"", ""time"": ""2026-07-14T07:41:32Z"", ""reason"": ""lock_profit""}], ""current_tier"": ""tier2"", ""last_sl_move_time"": ""2026-07-14T07:41:32Z""}",2026-07-14 10:39:42+00,2026-07-14 07:41:32.530306+00,2026-07-14 08:01:07.52551+00,closed
301,1,,,353379883,XAUUSD,SELL,4027.07000,4025.49000,0.01,4026.23000,4014.48000,1.58,"{""sl_history"": [{""sl"": 4034.28, ""tier"": ""tier1"", ""time"": ""2026-07-14T07:39:01Z"", ""reason"": ""breakeven""}, {""sl"": 4027.07, ""tier"": ""tier1"", ""time"": ""2026-07-14T07:40:42Z"", ""reason"": ""breakeven""}, {""sl"": 4026.5, ""tier"": ""tier2"", ""time"": ""2026-07-14T07:41:11Z"", ""reason"": ""lock_profit""}, {""sl"": 4026.23, ""tier"": ""tier2"", ""time"": ""2026-07-14T07:41:32Z"", ""reason"": ""lock_profit""}], ""current_tier"": ""tier2"", ""last_sl_move_time"": ""2026-07-14T07:41:32Z""}",2026-07-14 10:39:42+00,2026-07-14 07:41:32.534253+00,2026-07-14 08:01:07.52551+00,closed
386,1,,,353380345,XAUUSD,SELL,4026.44000,4025.53000,0.01,4026.44000,4014.66000,0.91,"{""sl_history"": [{""sl"": 4033.14, ""tier"": ""tier1"", ""time"": ""2026-07-14T07:40:25Z"", ""reason"": ""breakeven""}, {""sl"": 4026.44, ""tier"": ""tier1"", ""time"": ""2026-07-14T07:41:11Z"", ""reason"": ""breakeven""}], ""current_tier"": ""tier1"", ""last_sl_move_time"": ""2026-07-14T07:41:32Z""}",2026-07-14 10:40:03+00,2026-07-14 07:41:32.676537+00,2026-07-14 08:01:07.52551+00,closed
442,1,,,353381696,XAUUSD,SELL,4025.71000,4025.51000,0.01,4032.55000,4013.73000,0.20,"{""sl_history"": [{""sl"": 4032.55, ""tier"": ""tier1"", ""time"": ""2026-07-14T07:41:12Z"", ""reason"": ""breakeven""}], ""current_tier"": ""tier1"", ""last_sl_move_time"": ""2026-07-14T07:41:32Z""}",2026-07-14 10:41:29+00,2026-07-14 07:41:32.828838+00,2026-07-14 08:01:07.52551+00,closed
453,1,,,353382419,XAUUSD,SELL,4024.80000,4025.51000,0.01,4031.73000,4012.53000,-0.71,"{""sl_history"": [{""sl"": 4031.73, ""tier"": ""tier1"", ""time"": ""2026-07-14T07:41:32Z"", ""reason"": ""breakeven""}], ""current_tier"": ""tier1"", ""last_sl_move_time"": ""2026-07-14T07:41:32Z""}",2026-07-14 10:41:56+00,2026-07-14 07:41:32.832401+00,2026-07-14 08:01:07.52551+00,closed
455,1,,,353382423,XAUUSD,SELL,4024.80000,4025.51000,0.01,4031.78000,4012.58000,-0.71,"{""sl_history"": [{""sl"": 4031.78, ""tier"": ""tier1"", ""time"": ""2026-07-14T07:41:32Z"", ""reason"": ""breakeven""}], ""current_tier"": ""tier1"", ""last_sl_move_time"": ""2026-07-14T07:41:32Z""}",2026-07-14 10:41:56+00,2026-07-14 07:41:32.841182+00,2026-07-14 08:01:07.52551+00,closed
456,1,,,353382425,XAUUSD,SELL,4024.82000,4025.51000,0.01,4031.78000,4012.58000,-0.69,"{""sl_history"": [{""sl"": 4031.78, ""tier"": ""tier1"", ""time"": ""2026-07-14T07:41:32Z"", ""reason"": ""breakeven""}], ""current_tier"": ""tier1"", ""last_sl_move_time"": ""2026-07-14T07:41:32Z""}",2026-07-14 10:41:56+00,2026-07-14 07:41:32.845974+00,2026-07-14 08:01:07.52551+00,closed
513,1,,,353383493,XAUUSD,SELL,4023.71000,4023.54000,0.01,4030.90000,4011.32000,0.17,"{""sl_history"": [{""sl"": 4030.9, ""tier"": ""tier1"", ""time"": ""2026-07-14T07:42:16Z"", ""reason"": ""breakeven""}], ""current_tier"": ""tier1"", ""last_sl_move_time"": ""2026-07-14T07:43:02Z""}",2026-07-14 10:42:54+00,2026-07-14 07:43:02.04794+00,2026-07-14 08:01:07.52551+00,closed
514,1,,,353383497,XAUUSD,SELL,4023.74000,4023.54000,0.01,4030.83000,4011.25000,0.20,"{""sl_history"": [{""sl"": 4030.83, ""tier"": ""tier1"", ""time"": ""2026-07-14T07:42:16Z"", ""reason"": ""breakeven""}], ""current_tier"": ""tier1"", ""last_sl_move_time"": ""2026-07-14T07:43:02Z""}",2026-07-14 10:42:54+00,2026-07-14 07:43:02.051721+00,2026-07-14 08:01:07.52551+00,closed
484,1,,,353383463,XAUUSD,SELL,4023.80000,4023.54000,0.01,4030.89000,4011.31000,0.26,"{""sl_history"": [{""sl"": 4030.89, ""tier"": ""tier1"", ""time"": ""2026-07-14T07:42:10Z"", ""reason"": ""breakeven""}], ""current_tier"": ""tier1"", ""last_sl_move_time"": ""2026-07-14T07:43:02Z""}",2026-07-14 10:42:51+00,2026-07-14 07:43:02.016768+00,2026-07-14 08:01:07.52551+00,closed
485,1,,,353383467,XAUUSD,SELL,4023.81000,4023.54000,0.01,4030.92000,4011.34000,0.27,"{""sl_history"": [{""sl"": 4030.92, ""tier"": ""tier1"", ""time"": ""2026-07-14T07:42:10Z"", ""reason"": ""breakeven""}], ""current_tier"": ""tier1"", ""last_sl_move_time"": ""2026-07-14T07:43:02Z""}",2026-07-14 10:42:51+00,2026-07-14 07:43:02.020173+00,2026-07-14 08:01:07.52551+00,closed
486,1,,,353383470,XAUUSD,SELL,4023.81000,4023.54000,0.01,4030.93000,4011.35000,0.27,"{""sl_history"": [{""sl"": 4030.93, ""tier"": ""tier1"", ""time"": ""2026-07-14T07:42:10Z"", ""reason"": ""breakeven""}], ""current_tier"": ""tier1"", ""last_sl_move_time"": ""2026-07-14T07:43:02Z""}",2026-07-14 10:42:51+00,2026-07-14 07:43:02.023395+00,2026-07-14 08:01:07.52551+00,closed
487,1,,,353383472,XAUUSD,SELL,4023.81000,4023.54000,0.01,4030.93000,4011.35000,0.27,"{""sl_history"": [{""sl"": 4030.93, ""tier"": ""tier1"", ""time"": ""2026-07-14T07:42:10Z"", ""reason"": ""breakeven""}], ""current_tier"": ""tier1"", ""last_sl_move_time"": ""2026-07-14T07:43:02Z""}",2026-07-14 10:42:52+00,2026-07-14 07:43:02.026547+00,2026-07-14 08:01:07.52551+00,closed
488,1,,,353383476,XAUUSD,SELL,4023.81000,4023.54000,0.01,4030.93000,4011.35000,0.27,"{""sl_history"": [{""sl"": 4030.93, ""tier"": ""tier1"", ""time"": ""2026-07-14T07:42:10Z"", ""reason"": ""breakeven""}], ""current_tier"": ""tier1"", ""last_sl_move_time"": ""2026-07-14T07:43:02Z""}",2026-07-14 10:42:52+00,2026-07-14 07:43:02.029851+00,2026-07-14 08:01:07.52551+00,closed
490,1,,,353383479,XAUUSD,SELL,4023.76000,4023.54000,0.01,4030.87000,4011.29000,0.22,"{""sl_history"": [{""sl"": 4030.87, ""tier"": ""tier1"", ""time"": ""2026-07-14T07:42:10Z"", ""reason"": ""breakeven""}], ""current_tier"": ""tier1"", ""last_sl_move_time"": ""2026-07-14T07:43:02Z""}",2026-07-14 10:42:52+00,2026-07-14 07:43:02.037618+00,2026-07-14 08:01:07.52551+00,closed
491,1,,,353383482,XAUUSD,SELL,4023.76000,4023.54000,0.01,4030.88000,4011.30000,0.22,"{""sl_history"": [{""sl"": 4030.88, ""tier"": ""tier1"", ""time"": ""2026-07-14T07:42:10Z"", ""reason"": ""breakeven""}], ""current_tier"": ""tier1"", ""last_sl_move_time"": ""2026-07-14T07:43:02Z""}",2026-07-14 10:42:53+00,2026-07-14 07:43:02.041126+00,2026-07-14 08:01:07.52551+00,closed
492,1,,,353383490,XAUUSD,SELL,4023.77000,4023.54000,0.01,4030.88000,4011.30000,0.23,"{""sl_history"": [{""sl"": 4030.88, ""tier"": ""tier1"", ""time"": ""2026-07-14T07:42:10Z"", ""reason"": ""breakeven""}], ""current_tier"": ""tier1"", ""last_sl_move_time"": ""2026-07-14T07:43:02Z""}",2026-07-14 10:42:53+00,2026-07-14 07:43:02.044473+00,2026-07-14 08:01:07.52551+00,closed
489,1,,,353383478,XAUUSD,SELL,4023.75000,4023.54000,0.01,4030.93000,4011.35000,0.21,"{""sl_history"": [{""sl"": 4030.93, ""tier"": ""tier1"", ""time"": ""2026-07-14T07:42:10Z"", ""reason"": ""breakeven""}], ""current_tier"": ""tier1"", ""last_sl_move_time"": ""2026-07-14T07:43:02Z""}",2026-07-14 10:42:52+00,2026-07-14 07:43:02.033176+00,2026-07-14 08:01:07.52551+00,closed
522,1,,,353383510,XAUUSD,SELL,4023.74000,4023.54000,0.01,4030.86000,4011.28000,0.20,"{""sl_history"": [{""sl"": 4030.86, ""tier"": ""tier1"", ""time"": ""2026-07-14T07:42:16Z"", ""reason"": ""breakeven""}], ""current_tier"": ""tier1"", ""last_sl_move_time"": ""2026-07-14T07:43:02Z""}",2026-07-14 10:42:56+00,2026-07-14 07:43:02.078832+00,2026-07-14 08:01:07.52551+00,closed
523,1,,,353383513,XAUUSD,SELL,4023.69000,4023.54000,0.01,4030.81000,4011.23000,0.15,"{""sl_history"": [{""sl"": 4030.81, ""tier"": ""tier1"", ""time"": ""2026-07-14T07:42:16Z"", ""reason"": ""breakeven""}], ""current_tier"": ""tier1"", ""last_sl_move_time"": ""2026-07-14T07:43:02Z""}",2026-07-14 10:42:57+00,2026-07-14 07:43:02.082074+00,2026-07-14 08:01:07.52551+00,closed
524,1,,,353383516,XAUUSD,SELL,4023.69000,4023.54000,0.01,4030.81000,4011.23000,0.15,"{""sl_history"": [{""sl"": 4030.81, ""tier"": ""tier1"", ""time"": ""2026-07-14T07:42:16Z"", ""reason"": ""breakeven""}], ""current_tier"": ""tier1"", ""last_sl_move_time"": ""2026-07-14T07:43:02Z""}",2026-07-14 10:42:57+00,2026-07-14 07:43:02.085564+00,2026-07-14 08:01:07.52551+00,closed
525,1,,,353383521,XAUUSD,SELL,4023.78000,4023.54000,0.01,4030.81000,4011.23000,0.24,"{""sl_history"": [{""sl"": 4030.81, ""tier"": ""tier1"", ""time"": ""2026-07-14T07:42:16Z"", ""reason"": ""breakeven""}], ""current_tier"": ""tier1"", ""last_sl_move_time"": ""2026-07-14T07:43:02Z""}",2026-07-14 10:42:57+00,2026-07-14 07:43:02.089274+00,2026-07-14 08:01:07.52551+00,closed
526,1,,,353383524,XAUUSD,SELL,4023.82000,4023.54000,0.01,4030.93000,4011.35000,0.28,"{""sl_history"": [{""sl"": 4030.93, ""tier"": ""tier1"", ""time"": ""2026-07-14T07:42:16Z"", ""reason"": ""breakeven""}], ""current_tier"": ""tier1"", ""last_sl_move_time"": ""2026-07-14T07:43:02Z""}",2026-07-14 10:42:58+00,2026-07-14 07:43:02.092677+00,2026-07-14 08:01:07.52551+00,closed
527,1,,,353383530,XAUUSD,SELL,4023.73000,4023.54000,0.01,4030.94000,4011.36000,0.19,"{""sl_history"": [{""sl"": 4030.94, ""tier"": ""tier1"", ""time"": ""2026-07-14T07:42:16Z"", ""reason"": ""breakeven""}], ""current_tier"": ""tier1"", ""last_sl_move_time"": ""2026-07-14T07:43:02Z""}",2026-07-14 10:42:58+00,2026-07-14 07:43:02.095772+00,2026-07-14 08:01:07.52551+00,closed
528,1,,,353383531,XAUUSD,SELL,4023.72000,4023.54000,0.01,4030.85000,4011.27000,0.18,"{""sl_history"": [{""sl"": 4030.85, ""tier"": ""tier1"", ""time"": ""2026-07-14T07:42:16Z"", ""reason"": ""breakeven""}], ""current_tier"": ""tier1"", ""last_sl_move_time"": ""2026-07-14T07:43:02Z""}",2026-07-14 10:42:58+00,2026-07-14 07:43:02.099337+00,2026-07-14 08:01:07.52551+00,closed
529,1,,,353383532,XAUUSD,SELL,4023.69000,4023.54000,0.01,4030.84000,4011.26000,0.15,"{""sl_history"": [{""sl"": 4030.84, ""tier"": ""tier1"", ""time"": ""2026-07-14T07:42:16Z"", ""reason"": ""breakeven""}], ""current_tier"": ""tier1"", ""last_sl_move_time"": ""2026-07-14T07:43:02Z""}",2026-07-14 10:42:58+00,2026-07-14 07:43:02.102763+00,2026-07-14 08:01:07.52551+00,closed
531,1,,,353383535,XAUUSD,SELL,4023.73000,4023.54000,0.01,4030.86000,4011.28000,0.19,"{""sl_history"": [{""sl"": 4030.86, ""tier"": ""tier1"", ""time"": ""2026-07-14T07:42:16Z"", ""reason"": ""breakeven""}], ""current_tier"": ""tier1"", ""last_sl_move_time"": ""2026-07-14T07:43:02Z""}",2026-07-14 10:42:59+00,2026-07-14 07:43:02.110227+00,2026-07-14 08:01:07.52551+00,closed
532,1,,,353383537,XAUUSD,SELL,4023.77000,4023.54000,0.01,4030.85000,4011.27000,0.23,"{""sl_history"": [{""sl"": 4030.85, ""tier"": ""tier1"", ""time"": ""2026-07-14T07:42:16Z"", ""reason"": ""breakeven""}], ""current_tier"": ""tier1"", ""last_sl_move_time"": ""2026-07-14T07:43:02Z""}",2026-07-14 10:42:59+00,2026-07-14 07:43:02.113592+00,2026-07-14 08:01:07.52551+00,closed
516,1,,,353383500,XAUUSD,SELL,4023.73000,4023.54000,0.01,4030.83000,4011.25000,0.19,"{""sl_history"": [{""sl"": 4030.83, ""tier"": ""tier1"", ""time"": ""2026-07-14T07:42:16Z"", ""reason"": ""breakeven""}], ""current_tier"": ""tier1"", ""last_sl_move_time"": ""2026-07-14T07:43:02Z""}",2026-07-14 10:42:54+00,2026-07-14 07:43:02.058131+00,2026-07-14 08:01:07.52551+00,closed
517,1,,,353383501,XAUUSD,SELL,4023.73000,4023.54000,0.01,4030.85000,4011.27000,0.19,"{""sl_history"": [{""sl"": 4030.85, ""tier"": ""tier1"", ""time"": ""2026-07-14T07:42:16Z"", ""reason"": ""breakeven""}], ""current_tier"": ""tier1"", ""last_sl_move_time"": ""2026-07-14T07:43:02Z""}",2026-07-14 10:42:55+00,2026-07-14 07:43:02.06158+00,2026-07-14 08:01:07.52551+00,closed
518,1,,,353383502,XAUUSD,SELL,4023.74000,4023.54000,0.01,4030.85000,4011.27000,0.20,"{""sl_history"": [{""sl"": 4030.85, ""tier"": ""tier1"", ""time"": ""2026-07-14T07:42:16Z"", ""reason"": ""breakeven""}], ""current_tier"": ""tier1"", ""last_sl_move_time"": ""2026-07-14T07:43:02Z""}",2026-07-14 10:42:55+00,2026-07-14 07:43:02.065196+00,2026-07-14 08:01:07.52551+00,closed
519,1,,,353383503,XAUUSD,SELL,4023.74000,4023.54000,0.01,4030.86000,4011.28000,0.20,"{""sl_history"": [{""sl"": 4030.86, ""tier"": ""tier1"", ""time"": ""2026-07-14T07:42:16Z"", ""reason"": ""breakeven""}], ""current_tier"": ""tier1"", ""last_sl_move_time"": ""2026-07-14T07:43:02Z""}",2026-07-14 10:42:55+00,2026-07-14 07:43:02.06906+00,2026-07-14 08:01:07.52551+00,closed
520,1,,,353383506,XAUUSD,SELL,4023.75000,4023.54000,0.01,4030.86000,4011.28000,0.21,"{""sl_history"": [{""sl"": 4030.86, ""tier"": ""tier1"", ""time"": ""2026-07-14T07:42:16Z"", ""reason"": ""breakeven""}], ""current_tier"": ""tier1"", ""last_sl_move_time"": ""2026-07-14T07:43:02Z""}",2026-07-14 10:42:55+00,2026-07-14 07:43:02.072667+00,2026-07-14 08:01:07.52551+00,closed
521,1,,,353383507,XAUUSD,SELL,4023.74000,4023.54000,0.01,4030.87000,4011.29000,0.20,"{""sl_history"": [{""sl"": 4030.87, ""tier"": ""tier1"", ""time"": ""2026-07-14T07:42:16Z"", ""reason"": ""breakeven""}], ""current_tier"": ""tier1"", ""last_sl_move_time"": ""2026-07-14T07:43:02Z""}",2026-07-14 10:42:56+00,2026-07-14 07:43:02.075964+00,2026-07-14 08:01:07.52551+00,closed
557,1,,,353383600,XAUUSD,SELL,4023.86000,4023.54000,0.01,4030.94000,4011.36000,0.32,"{""sl_history"": [{""sl"": 4030.94, ""tier"": ""tier1"", ""time"": ""2026-07-14T07:42:22Z"", ""reason"": ""breakeven""}], ""current_tier"": ""tier1"", ""last_sl_move_time"": ""2026-07-14T07:43:02Z""}",2026-07-14 10:43:01+00,2026-07-14 07:43:02.130427+00,2026-07-14 08:01:07.52551+00,closed
558,1,,,353383602,XAUUSD,SELL,4023.85000,4023.54000,0.01,4030.96000,4011.38000,0.31,"{""sl_history"": [{""sl"": 4030.96, ""tier"": ""tier1"", ""time"": ""2026-07-14T07:42:22Z"", ""reason"": ""breakeven""}], ""current_tier"": ""tier1"", ""last_sl_move_time"": ""2026-07-14T07:43:02Z""}",2026-07-14 10:43:01+00,2026-07-14 07:43:02.133456+00,2026-07-14 08:01:07.52551+00,closed
559,1,,,353383605,XAUUSD,SELL,4023.86000,4023.54000,0.01,4030.97000,4011.39000,0.32,"{""sl_history"": [{""sl"": 4030.97, ""tier"": ""tier1"", ""time"": ""2026-07-14T07:42:22Z"", ""reason"": ""breakeven""}], ""current_tier"": ""tier1"", ""last_sl_move_time"": ""2026-07-14T07:43:02Z""}",2026-07-14 10:43:01+00,2026-07-14 07:43:02.136852+00,2026-07-14 08:01:07.52551+00,closed
560,1,,,353383607,XAUUSD,SELL,4023.87000,4023.54000,0.01,4030.98000,4011.40000,0.33,"{""sl_history"": [{""sl"": 4030.98, ""tier"": ""tier1"", ""time"": ""2026-07-14T07:42:22Z"", ""reason"": ""breakeven""}], ""current_tier"": ""tier1"", ""last_sl_move_time"": ""2026-07-14T07:43:02Z""}",2026-07-14 10:43:02+00,2026-07-14 07:43:02.140376+00,2026-07-14 08:01:07.52551+00,closed
561,1,,,353383611,XAUUSD,SELL,4023.91000,4023.54000,0.01,4030.99000,4011.41000,0.37,"{""sl_history"": [{""sl"": 4030.99, ""tier"": ""tier1"", ""time"": ""2026-07-14T07:42:22Z"", ""reason"": ""breakeven""}], ""current_tier"": ""tier1"", ""last_sl_move_time"": ""2026-07-14T07:43:02Z""}",2026-07-14 10:43:02+00,2026-07-14 07:43:02.143664+00,2026-07-14 08:01:07.52551+00,closed
562,1,,,353383613,XAUUSD,SELL,4023.96000,4023.54000,0.01,4031.03000,4011.45000,0.42,"{""sl_history"": [{""sl"": 4031.03, ""tier"": ""tier1"", ""time"": ""2026-07-14T07:42:22Z"", ""reason"": ""breakeven""}], ""current_tier"": ""tier1"", ""last_sl_move_time"": ""2026-07-14T07:43:02Z""}",2026-07-14 10:43:02+00,2026-07-14 07:43:02.147045+00,2026-07-14 08:01:07.52551+00,closed
563,1,,,353383632,XAUUSD,SELL,4023.81000,4023.54000,0.01,4030.93000,4011.35000,0.27,"{""sl_history"": [{""sl"": 4030.93, ""tier"": ""tier1"", ""time"": ""2026-07-14T07:42:22Z"", ""reason"": ""breakeven""}], ""current_tier"": ""tier1"", ""last_sl_move_time"": ""2026-07-14T07:43:02Z""}",2026-07-14 10:43:03+00,2026-07-14 07:43:02.149997+00,2026-07-14 08:01:07.52551+00,closed
564,1,,,353383640,XAUUSD,SELL,4023.82000,4023.54000,0.01,4030.93000,4011.35000,0.28,"{""sl_history"": [{""sl"": 4030.93, ""tier"": ""tier1"", ""time"": ""2026-07-14T07:42:22Z"", ""reason"": ""breakeven""}], ""current_tier"": ""tier1"", ""last_sl_move_time"": ""2026-07-14T07:43:02Z""}",2026-07-14 10:43:03+00,2026-07-14 07:43:02.153298+00,2026-07-14 08:01:07.52551+00,closed
565,1,,,353383642,XAUUSD,SELL,4023.82000,4023.54000,0.01,4030.94000,4011.36000,0.28,"{""sl_history"": [{""sl"": 4030.94, ""tier"": ""tier1"", ""time"": ""2026-07-14T07:42:22Z"", ""reason"": ""breakeven""}], ""current_tier"": ""tier1"", ""last_sl_move_time"": ""2026-07-14T07:43:02Z""}",2026-07-14 10:43:03+00,2026-07-14 07:43:02.157107+00,2026-07-14 08:01:07.52551+00,closed
566,1,,,353383644,XAUUSD,SELL,4023.83000,4023.54000,0.01,4030.94000,4011.36000,0.29,"{""sl_history"": [{""sl"": 4030.94, ""tier"": ""tier1"", ""time"": ""2026-07-14T07:42:22Z"", ""reason"": ""breakeven""}], ""current_tier"": ""tier1"", ""last_sl_move_time"": ""2026-07-14T07:43:02Z""}",2026-07-14 10:43:04+00,2026-07-14 07:43:02.160784+00,2026-07-14 08:01:07.52551+00,closed
567,1,,,353383647,XAUUSD,SELL,4023.85000,4023.54000,0.01,4030.95000,4011.37000,0.31,"{""sl_history"": [{""sl"": 4030.95, ""tier"": ""tier1"", ""time"": ""2026-07-14T07:42:22Z"", ""reason"": ""breakeven""}], ""current_tier"": ""tier1"", ""last_sl_move_time"": ""2026-07-14T07:43:02Z""}",2026-07-14 10:43:04+00,2026-07-14 07:43:02.164529+00,2026-07-14 08:01:07.52551+00,closed
568,1,,,353383651,XAUUSD,SELL,4023.85000,4023.54000,0.01,4030.97000,4011.39000,0.31,"{""sl_history"": [{""sl"": 4030.97, ""tier"": ""tier1"", ""time"": ""2026-07-14T07:42:22Z"", ""reason"": ""breakeven""}], ""current_tier"": ""tier1"", ""last_sl_move_time"": ""2026-07-14T07:43:02Z""}",2026-07-14 10:43:04+00,2026-07-14 07:43:02.167827+00,2026-07-14 08:01:07.52551+00,closed
569,1,,,353383655,XAUUSD,SELL,4023.83000,4023.54000,0.01,4030.97000,4011.39000,0.29,"{""sl_history"": [{""sl"": 4030.97, ""tier"": ""tier1"", ""time"": ""2026-07-14T07:42:22Z"", ""reason"": ""breakeven""}], ""current_tier"": ""tier1"", ""last_sl_move_time"": ""2026-07-14T07:43:02Z""}",2026-07-14 10:43:04+00,2026-07-14 07:43:02.171027+00,2026-07-14 08:01:07.52551+00,closed
570,1,,,353383657,XAUUSD,SELL,4023.86000,4023.54000,0.01,4030.95000,4011.37000,0.32,"{""sl_history"": [{""sl"": 4030.95, ""tier"": ""tier1"", ""time"": ""2026-07-14T07:42:22Z"", ""reason"": ""breakeven""}], ""current_tier"": ""tier1"", ""last_sl_move_time"": ""2026-07-14T07:43:02Z""}",2026-07-14 10:43:05+00,2026-07-14 07:43:02.17414+00,2026-07-14 08:01:07.52551+00,closed
571,1,,,353383658,XAUUSD,SELL,4023.86000,4023.54000,0.01,4030.98000,4011.40000,0.32,"{""sl_history"": [{""sl"": 4030.98, ""tier"": ""tier1"", ""time"": ""2026-07-14T07:42:22Z"", ""reason"": ""breakeven""}], ""current_tier"": ""tier1"", ""last_sl_move_time"": ""2026-07-14T07:43:02Z""}",2026-07-14 10:43:05+00,2026-07-14 07:43:02.177763+00,2026-07-14 08:01:07.52551+00,closed
572,1,,,353383659,XAUUSD,SELL,4023.86000,4023.54000,0.01,4030.98000,4011.40000,0.32,"{""sl_history"": [{""sl"": 4030.98, ""tier"": ""tier1"", ""time"": ""2026-07-14T07:42:22Z"", ""reason"": ""breakeven""}], ""current_tier"": ""tier1"", ""last_sl_move_time"": ""2026-07-14T07:43:02Z""}",2026-07-14 10:43:05+00,2026-07-14 07:43:02.18138+00,2026-07-14 08:01:07.52551+00,closed
530,1,,,353383534,XAUUSD,SELL,4023.74000,4023.54000,0.01,4030.81000,4011.23000,0.20,"{""sl_history"": [{""sl"": 4030.81, ""tier"": ""tier1"", ""time"": ""2026-07-14T07:42:16Z"", ""reason"": ""breakeven""}], ""current_tier"": ""tier1"", ""last_sl_move_time"": ""2026-07-14T07:43:02Z""}",2026-07-14 10:42:59+00,2026-07-14 07:43:02.106669+00,2026-07-14 08:01:07.52551+00,closed
553,1,,,353383577,XAUUSD,SELL,4023.75000,4023.54000,0.01,4030.88000,4011.30000,0.21,"{""sl_history"": [{""sl"": 4030.88, ""tier"": ""tier1"", ""time"": ""2026-07-14T07:42:22Z"", ""reason"": ""breakeven""}], ""current_tier"": ""tier1"", ""last_sl_move_time"": ""2026-07-14T07:43:02Z""}",2026-07-14 10:43:00+00,2026-07-14 07:43:02.116733+00,2026-07-14 08:01:07.52551+00,closed
554,1,,,353383587,XAUUSD,SELL,4023.76000,4023.54000,0.01,4030.89000,4011.31000,0.22,"{""sl_history"": [{""sl"": 4030.89, ""tier"": ""tier1"", ""time"": ""2026-07-14T07:42:22Z"", ""reason"": ""breakeven""}], ""current_tier"": ""tier1"", ""last_sl_move_time"": ""2026-07-14T07:43:02Z""}",2026-07-14 10:43:00+00,2026-07-14 07:43:02.120068+00,2026-07-14 08:01:07.52551+00,closed
555,1,,,353383594,XAUUSD,SELL,4023.79000,4023.54000,0.01,4030.88000,4011.30000,0.25,"{""sl_history"": [{""sl"": 4030.88, ""tier"": ""tier1"", ""time"": ""2026-07-14T07:42:22Z"", ""reason"": ""breakeven""}], ""current_tier"": ""tier1"", ""last_sl_move_time"": ""2026-07-14T07:43:02Z""}",2026-07-14 10:43:00+00,2026-07-14 07:43:02.12348+00,2026-07-14 08:01:07.52551+00,closed
556,1,,,353383598,XAUUSD,SELL,4023.82000,4023.54000,0.01,4030.91000,4011.33000,0.28,"{""sl_history"": [{""sl"": 4030.91, ""tier"": ""tier1"", ""time"": ""2026-07-14T07:42:22Z"", ""reason"": ""breakeven""}], ""current_tier"": ""tier1"", ""last_sl_move_time"": ""2026-07-14T07:43:02Z""}",2026-07-14 10:43:01+00,2026-07-14 07:43:02.12703+00,2026-07-14 08:01:07.52551+00,closed
598,1,,,353383678,XAUUSD,SELL,4023.91000,4023.54000,0.01,4031.11000,4011.53000,0.37,"{""sl_history"": [{""sl"": 4031.11, ""tier"": ""tier1"", ""time"": ""2026-07-14T07:42:28Z"", ""reason"": ""breakeven""}], ""current_tier"": ""tier1"", ""last_sl_move_time"": ""2026-07-14T07:43:02Z""}",2026-07-14 10:43:07+00,2026-07-14 07:43:02.201818+00,2026-07-14 08:01:07.52551+00,closed
599,1,,,353383680,XAUUSD,SELL,4023.96000,4023.54000,0.01,4031.03000,4011.45000,0.42,"{""sl_history"": [{""sl"": 4031.03, ""tier"": ""tier1"", ""time"": ""2026-07-14T07:42:28Z"", ""reason"": ""breakeven""}], ""current_tier"": ""tier1"", ""last_sl_move_time"": ""2026-07-14T07:43:02Z""}",2026-07-14 10:43:08+00,2026-07-14 07:43:02.20526+00,2026-07-14 08:01:07.52551+00,closed
600,1,,,353383682,XAUUSD,SELL,4023.94000,4023.54000,0.01,4031.08000,4011.50000,0.40,"{""sl_history"": [{""sl"": 4031.08, ""tier"": ""tier1"", ""time"": ""2026-07-14T07:42:28Z"", ""reason"": ""breakeven""}], ""current_tier"": ""tier1"", ""last_sl_move_time"": ""2026-07-14T07:43:02Z""}",2026-07-14 10:43:08+00,2026-07-14 07:43:02.208151+00,2026-07-14 08:01:07.52551+00,closed
602,1,,,353383685,XAUUSD,SELL,4023.95000,4023.54000,0.01,4031.06000,4011.48000,0.41,"{""sl_history"": [{""sl"": 4031.06, ""tier"": ""tier1"", ""time"": ""2026-07-14T07:42:28Z"", ""reason"": ""breakeven""}], ""current_tier"": ""tier1"", ""last_sl_move_time"": ""2026-07-14T07:43:02Z""}",2026-07-14 10:43:08+00,2026-07-14 07:43:02.214975+00,2026-07-14 08:01:07.52551+00,closed
603,1,,,353383686,XAUUSD,SELL,4023.89000,4023.55000,0.01,4031.03000,4011.45000,0.34,"{""sl_history"": [{""sl"": 4031.03, ""tier"": ""tier1"", ""time"": ""2026-07-14T07:42:28Z"", ""reason"": ""breakeven""}], ""current_tier"": ""tier1"", ""last_sl_move_time"": ""2026-07-14T07:43:02Z""}",2026-07-14 10:43:09+00,2026-07-14 07:43:02.219102+00,2026-07-14 08:01:07.52551+00,closed
604,1,,,353383687,XAUUSD,SELL,4023.87000,4023.55000,0.01,4031.01000,4011.43000,0.32,"{""sl_history"": [{""sl"": 4031.01, ""tier"": ""tier1"", ""time"": ""2026-07-14T07:42:28Z"", ""reason"": ""breakeven""}], ""current_tier"": ""tier1"", ""last_sl_move_time"": ""2026-07-14T07:43:02Z""}",2026-07-14 10:43:09+00,2026-07-14 07:43:02.223281+00,2026-07-14 08:01:07.52551+00,closed
605,1,,,353383688,XAUUSD,SELL,4023.91000,4023.55000,0.01,4031.03000,4011.45000,0.36,"{""sl_history"": [{""sl"": 4031.03, ""tier"": ""tier1"", ""time"": ""2026-07-14T07:42:28Z"", ""reason"": ""breakeven""}], ""current_tier"": ""tier1"", ""last_sl_move_time"": ""2026-07-14T07:43:02Z""}",2026-07-14 10:43:10+00,2026-07-14 07:43:02.227225+00,2026-07-14 08:01:07.52551+00,closed
606,1,,,353383691,XAUUSD,SELL,4023.91000,4023.55000,0.01,4031.03000,4011.45000,0.36,"{""sl_history"": [{""sl"": 4031.03, ""tier"": ""tier1"", ""time"": ""2026-07-14T07:42:28Z"", ""reason"": ""breakeven""}], ""current_tier"": ""tier1"", ""last_sl_move_time"": ""2026-07-14T07:43:02Z""}",2026-07-14 10:43:10+00,2026-07-14 07:43:02.231719+00,2026-07-14 08:01:07.52551+00,closed
607,1,,,353383693,XAUUSD,SELL,4023.88000,4023.55000,0.01,4030.99000,4011.41000,0.33,"{""sl_history"": [{""sl"": 4030.99, ""tier"": ""tier1"", ""time"": ""2026-07-14T07:42:28Z"", ""reason"": ""breakeven""}], ""current_tier"": ""tier1"", ""last_sl_move_time"": ""2026-07-14T07:43:02Z""}",2026-07-14 10:43:10+00,2026-07-14 07:43:02.236221+00,2026-07-14 08:01:07.52551+00,closed
608,1,,,353383695,XAUUSD,SELL,4023.86000,4023.55000,0.01,4031.00000,4011.42000,0.31,"{""sl_history"": [{""sl"": 4031.0, ""tier"": ""tier1"", ""time"": ""2026-07-14T07:42:28Z"", ""reason"": ""breakeven""}], ""current_tier"": ""tier1"", ""last_sl_move_time"": ""2026-07-14T07:43:02Z""}",2026-07-14 10:43:10+00,2026-07-14 07:43:02.240951+00,2026-07-14 08:01:07.52551+00,closed
609,1,,,353383697,XAUUSD,SELL,4023.72000,4023.55000,0.01,4030.98000,4011.40000,0.17,"{""sl_history"": [{""sl"": 4030.98, ""tier"": ""tier1"", ""time"": ""2026-07-14T07:42:28Z"", ""reason"": ""breakeven""}], ""current_tier"": ""tier1"", ""last_sl_move_time"": ""2026-07-14T07:43:02Z""}",2026-07-14 10:43:11+00,2026-07-14 07:43:02.245504+00,2026-07-14 08:01:07.52551+00,closed
610,1,,,353383698,XAUUSD,SELL,4023.74000,4023.55000,0.01,4030.84000,4011.26000,0.19,"{""sl_history"": [{""sl"": 4030.84, ""tier"": ""tier1"", ""time"": ""2026-07-14T07:42:28Z"", ""reason"": ""breakeven""}], ""current_tier"": ""tier1"", ""last_sl_move_time"": ""2026-07-14T07:43:02Z""}",2026-07-14 10:43:11+00,2026-07-14 07:43:02.248749+00,2026-07-14 08:01:07.52551+00,closed
611,1,,,353383699,XAUUSD,SELL,4023.74000,4023.55000,0.01,4030.86000,4011.28000,0.19,"{""sl_history"": [{""sl"": 4030.86, ""tier"": ""tier1"", ""time"": ""2026-07-14T07:42:28Z"", ""reason"": ""breakeven""}], ""current_tier"": ""tier1"", ""last_sl_move_time"": ""2026-07-14T07:43:02Z""}",2026-07-14 10:43:11+00,2026-07-14 07:43:02.252077+00,2026-07-14 08:01:07.52551+00,closed
612,1,,,353383703,XAUUSD,SELL,4023.79000,4023.55000,0.01,4030.86000,4011.28000,0.24,"{""sl_history"": [{""sl"": 4030.86, ""tier"": ""tier1"", ""time"": ""2026-07-14T07:42:28Z"", ""reason"": ""breakeven""}], ""current_tier"": ""tier1"", ""last_sl_move_time"": ""2026-07-14T07:43:02Z""}",2026-07-14 10:43:11+00,2026-07-14 07:43:02.255694+00,2026-07-14 08:01:07.52551+00,closed
594,1,,,353383666,XAUUSD,SELL,4023.89000,4023.54000,0.01,4030.95000,4011.37000,0.35,"{""sl_history"": [{""sl"": 4030.95, ""tier"": ""tier1"", ""time"": ""2026-07-14T07:42:28Z"", ""reason"": ""breakeven""}], ""current_tier"": ""tier1"", ""last_sl_move_time"": ""2026-07-14T07:43:02Z""}",2026-07-14 10:43:06+00,2026-07-14 07:43:02.188254+00,2026-07-14 08:01:07.52551+00,closed
595,1,,,353383673,XAUUSD,SELL,4023.95000,4023.54000,0.01,4031.01000,4011.43000,0.41,"{""sl_history"": [{""sl"": 4031.01, ""tier"": ""tier1"", ""time"": ""2026-07-14T07:42:28Z"", ""reason"": ""breakeven""}], ""current_tier"": ""tier1"", ""last_sl_move_time"": ""2026-07-14T07:43:02Z""}",2026-07-14 10:43:07+00,2026-07-14 07:43:02.191187+00,2026-07-14 08:01:07.52551+00,closed
596,1,,,353383674,XAUUSD,SELL,4023.96000,4023.54000,0.01,4031.07000,4011.49000,0.42,"{""sl_history"": [{""sl"": 4031.07, ""tier"": ""tier1"", ""time"": ""2026-07-14T07:42:28Z"", ""reason"": ""breakeven""}], ""current_tier"": ""tier1"", ""last_sl_move_time"": ""2026-07-14T07:43:02Z""}",2026-07-14 10:43:07+00,2026-07-14 07:43:02.194404+00,2026-07-14 08:01:07.52551+00,closed
597,1,,,353383677,XAUUSD,SELL,4023.99000,4023.54000,0.01,4031.08000,4011.50000,0.45,"{""sl_history"": [{""sl"": 4031.08, ""tier"": ""tier1"", ""time"": ""2026-07-14T07:42:28Z"", ""reason"": ""breakeven""}], ""current_tier"": ""tier1"", ""last_sl_move_time"": ""2026-07-14T07:43:02Z""}",2026-07-14 10:43:07+00,2026-07-14 07:43:02.197814+00,2026-07-14 08:01:07.52551+00,closed
635,1,,,353383710,XAUUSD,SELL,4023.80000,4023.55000,0.01,4030.89000,4011.31000,0.25,"{""sl_history"": [{""sl"": 4030.89, ""tier"": ""tier1"", ""time"": ""2026-07-14T07:42:35Z"", ""reason"": ""breakeven""}], ""current_tier"": ""tier1"", ""last_sl_move_time"": ""2026-07-14T07:43:07Z""}",2026-07-14 10:43:13+00,2026-07-14 07:43:07.237548+00,2026-07-14 08:01:07.52551+00,closed
636,1,,,353383711,XAUUSD,SELL,4023.81000,4023.55000,0.01,4030.91000,4011.33000,0.26,"{""sl_history"": [{""sl"": 4030.91, ""tier"": ""tier1"", ""time"": ""2026-07-14T07:42:35Z"", ""reason"": ""breakeven""}], ""current_tier"": ""tier1"", ""last_sl_move_time"": ""2026-07-14T07:43:07Z""}",2026-07-14 10:43:13+00,2026-07-14 07:43:07.243045+00,2026-07-14 08:01:07.52551+00,closed
637,1,,,353383712,XAUUSD,SELL,4023.81000,4023.55000,0.01,4030.93000,4011.35000,0.26,"{""sl_history"": [{""sl"": 4030.93, ""tier"": ""tier1"", ""time"": ""2026-07-14T07:42:35Z"", ""reason"": ""breakeven""}], ""current_tier"": ""tier1"", ""last_sl_move_time"": ""2026-07-14T07:43:07Z""}",2026-07-14 10:43:13+00,2026-07-14 07:43:07.2479+00,2026-07-14 08:01:07.52551+00,closed
638,1,,,353383713,XAUUSD,SELL,4023.80000,4023.55000,0.01,4030.93000,4011.35000,0.25,"{""sl_history"": [{""sl"": 4030.93, ""tier"": ""tier1"", ""time"": ""2026-07-14T07:42:35Z"", ""reason"": ""breakeven""}], ""current_tier"": ""tier1"", ""last_sl_move_time"": ""2026-07-14T07:43:07Z""}",2026-07-14 10:43:14+00,2026-07-14 07:43:07.252925+00,2026-07-14 08:01:07.52551+00,closed
639,1,,,353383716,XAUUSD,SELL,4023.73000,4023.55000,0.01,4030.92000,4011.34000,0.18,"{""sl_history"": [{""sl"": 4030.92, ""tier"": ""tier1"", ""time"": ""2026-07-14T07:42:35Z"", ""reason"": ""breakeven""}], ""current_tier"": ""tier1"", ""last_sl_move_time"": ""2026-07-14T07:43:07Z""}",2026-07-14 10:43:14+00,2026-07-14 07:43:07.257517+00,2026-07-14 08:01:07.52551+00,closed
640,1,,,353383718,XAUUSD,SELL,4023.75000,4023.55000,0.01,4030.85000,4011.27000,0.20,"{""sl_history"": [{""sl"": 4030.85, ""tier"": ""tier1"", ""time"": ""2026-07-14T07:42:35Z"", ""reason"": ""breakeven""}], ""current_tier"": ""tier1"", ""last_sl_move_time"": ""2026-07-14T07:43:07Z""}",2026-07-14 10:43:14+00,2026-07-14 07:43:07.26156+00,2026-07-14 08:01:07.52551+00,closed
641,1,,,353383720,XAUUSD,SELL,4023.76000,4023.55000,0.01,4030.87000,4011.29000,0.21,"{""sl_history"": [{""sl"": 4030.87, ""tier"": ""tier1"", ""time"": ""2026-07-14T07:42:35Z"", ""reason"": ""breakeven""}], ""current_tier"": ""tier1"", ""last_sl_move_time"": ""2026-07-14T07:43:07Z""}",2026-07-14 10:43:14+00,2026-07-14 07:43:07.265254+00,2026-07-14 08:01:07.52551+00,closed
642,1,,,353383721,XAUUSD,SELL,4023.79000,4023.55000,0.01,4030.88000,4011.30000,0.24,"{""sl_history"": [{""sl"": 4030.88, ""tier"": ""tier1"", ""time"": ""2026-07-14T07:42:35Z"", ""reason"": ""breakeven""}], ""current_tier"": ""tier1"", ""last_sl_move_time"": ""2026-07-14T07:43:07Z""}",2026-07-14 10:43:15+00,2026-07-14 07:43:07.269475+00,2026-07-14 08:01:07.52551+00,closed
643,1,,,353383724,XAUUSD,SELL,4023.87000,4023.55000,0.01,4030.93000,4011.35000,0.32,"{""sl_history"": [{""sl"": 4030.93, ""tier"": ""tier1"", ""time"": ""2026-07-14T07:42:35Z"", ""reason"": ""breakeven""}], ""current_tier"": ""tier1"", ""last_sl_move_time"": ""2026-07-14T07:43:07Z""}",2026-07-14 10:43:15+00,2026-07-14 07:43:07.273672+00,2026-07-14 08:01:07.52551+00,closed
644,1,,,353383725,XAUUSD,SELL,4023.87000,4023.55000,0.01,4030.99000,4011.41000,0.32,"{""sl_history"": [{""sl"": 4030.99, ""tier"": ""tier1"", ""time"": ""2026-07-14T07:42:35Z"", ""reason"": ""breakeven""}], ""current_tier"": ""tier1"", ""last_sl_move_time"": ""2026-07-14T07:43:07Z""}",2026-07-14 10:43:16+00,2026-07-14 07:43:07.277832+00,2026-07-14 08:01:07.52551+00,closed
645,1,,,353383726,XAUUSD,SELL,4023.90000,4023.55000,0.01,4030.99000,4011.41000,0.35,"{""sl_history"": [{""sl"": 4030.99, ""tier"": ""tier1"", ""time"": ""2026-07-14T07:42:35Z"", ""reason"": ""breakeven""}], ""current_tier"": ""tier1"", ""last_sl_move_time"": ""2026-07-14T07:43:07Z""}",2026-07-14 10:43:16+00,2026-07-14 07:43:07.28191+00,2026-07-14 08:01:07.52551+00,closed
646,1,,,353383729,XAUUSD,SELL,4023.88000,4023.55000,0.01,4031.02000,4011.44000,0.33,"{""sl_history"": [{""sl"": 4031.02, ""tier"": ""tier1"", ""time"": ""2026-07-14T07:42:35Z"", ""reason"": ""breakeven""}], ""current_tier"": ""tier1"", ""last_sl_move_time"": ""2026-07-14T07:43:07Z""}",2026-07-14 10:43:16+00,2026-07-14 07:43:07.286233+00,2026-07-14 08:01:07.52551+00,closed
647,1,,,353383730,XAUUSD,SELL,4023.91000,4023.55000,0.01,4031.00000,4011.42000,0.36,"{""sl_history"": [{""sl"": 4031.0, ""tier"": ""tier1"", ""time"": ""2026-07-14T07:42:35Z"", ""reason"": ""breakeven""}], ""current_tier"": ""tier1"", ""last_sl_move_time"": ""2026-07-14T07:43:07Z""}",2026-07-14 10:43:16+00,2026-07-14 07:43:07.290072+00,2026-07-14 08:01:07.52551+00,closed
648,1,,,353383731,XAUUSD,SELL,4023.94000,4023.55000,0.01,4031.03000,4011.45000,0.39,"{""sl_history"": [{""sl"": 4031.03, ""tier"": ""tier1"", ""time"": ""2026-07-14T07:42:35Z"", ""reason"": ""breakeven""}], ""current_tier"": ""tier1"", ""last_sl_move_time"": ""2026-07-14T07:43:07Z""}",2026-07-14 10:43:17+00,2026-07-14 07:43:07.294109+00,2026-07-14 08:01:07.52551+00,closed
649,1,,,353383733,XAUUSD,SELL,4023.93000,4023.55000,0.01,4031.06000,4011.48000,0.38,"{""sl_history"": [{""sl"": 4031.06, ""tier"": ""tier1"", ""time"": ""2026-07-14T07:42:35Z"", ""reason"": ""breakeven""}], ""current_tier"": ""tier1"", ""last_sl_move_time"": ""2026-07-14T07:43:07Z""}",2026-07-14 10:43:17+00,2026-07-14 07:43:07.298492+00,2026-07-14 08:01:07.52551+00,closed
650,1,,,353383734,XAUUSD,SELL,4023.85000,4023.55000,0.01,4031.05000,4011.47000,0.30,"{""sl_history"": [{""sl"": 4031.05, ""tier"": ""tier1"", ""time"": ""2026-07-14T07:42:35Z"", ""reason"": ""breakeven""}], ""current_tier"": ""tier1"", ""last_sl_move_time"": ""2026-07-14T07:43:07Z""}",2026-07-14 10:43:17+00,2026-07-14 07:43:07.302674+00,2026-07-14 08:01:07.52551+00,closed
651,1,,,353383736,XAUUSD,SELL,4023.87000,4023.55000,0.01,4030.97000,4011.39000,0.32,"{""sl_history"": [{""sl"": 4030.97, ""tier"": ""tier1"", ""time"": ""2026-07-14T07:42:35Z"", ""reason"": ""breakeven""}], ""current_tier"": ""tier1"", ""last_sl_move_time"": ""2026-07-14T07:43:07Z""}",2026-07-14 10:43:17+00,2026-07-14 07:43:07.306909+00,2026-07-14 08:01:07.52551+00,closed
634,1,,,353383709,XAUUSD,SELL,4023.77000,4023.55000,0.01,4030.90000,4011.32000,0.22,"{""sl_history"": [{""sl"": 4030.9, ""tier"": ""tier1"", ""time"": ""2026-07-14T07:42:35Z"", ""reason"": ""breakeven""}], ""current_tier"": ""tier1"", ""last_sl_move_time"": ""2026-07-14T07:43:07Z""}",2026-07-14 10:43:13+00,2026-07-14 07:43:07.228961+00,2026-07-14 08:01:07.52551+00,closed
593,1,,,353383664,XAUUSD,SELL,4023.83000,4023.54000,0.01,4030.95000,4011.37000,0.29,"{""sl_history"": [{""sl"": 4030.95, ""tier"": ""tier1"", ""time"": ""2026-07-14T07:42:28Z"", ""reason"": ""breakeven""}], ""current_tier"": ""tier1"", ""last_sl_move_time"": ""2026-07-14T07:43:02Z""}",2026-07-14 10:43:06+00,2026-07-14 07:43:02.185041+00,2026-07-14 08:01:07.52551+00,closed
601,1,,,353383684,XAUUSD,SELL,4023.94000,4023.54000,0.01,4031.06000,4011.48000,0.40,"{""sl_history"": [{""sl"": 4031.06, ""tier"": ""tier1"", ""time"": ""2026-07-14T07:42:28Z"", ""reason"": ""breakeven""}], ""current_tier"": ""tier1"", ""last_sl_move_time"": ""2026-07-14T07:43:02Z""}",2026-07-14 10:43:08+00,2026-07-14 07:43:02.211437+00,2026-07-14 08:01:07.52551+00,closed
633,1,,,353383708,XAUUSD,SELL,4023.78000,4023.55000,0.01,4030.90000,4011.32000,0.23,"{""sl_history"": [{""sl"": 4030.9, ""tier"": ""tier1"", ""time"": ""2026-07-14T07:42:35Z"", ""reason"": ""breakeven""}], ""current_tier"": ""tier1"", ""last_sl_move_time"": ""2026-07-14T07:43:02Z""}",2026-07-14 10:43:12+00,2026-07-14 07:43:02.258629+00,2026-07-14 08:01:07.52551+00,closed
676,1,,,353383745,XAUUSD,SELL,4023.83000,4023.55000,0.01,4031.01000,4011.43000,0.28,"{""sl_history"": [{""sl"": 4031.01, ""tier"": ""tier1"", ""time"": ""2026-07-14T07:42:41Z"", ""reason"": ""breakeven""}], ""current_tier"": ""tier1"", ""last_sl_move_time"": ""2026-07-14T07:43:07Z""}",2026-07-14 10:43:20+00,2026-07-14 07:43:07.328316+00,2026-07-14 08:01:07.52551+00,closed
674,1,,,353383742,XAUUSD,SELL,4023.90000,4023.55000,0.01,4031.02000,4011.44000,0.35,"{""sl_history"": [{""sl"": 4031.02, ""tier"": ""tier1"", ""time"": ""2026-07-14T07:42:41Z"", ""reason"": ""breakeven""}], ""current_tier"": ""tier1"", ""last_sl_move_time"": ""2026-07-14T07:43:07Z""}",2026-07-14 10:43:19+00,2026-07-14 07:43:07.319963+00,2026-07-14 08:01:07.52551+00,closed
675,1,,,353383743,XAUUSD,SELL,4023.89000,4023.55000,0.01,4031.02000,4011.44000,0.34,"{""sl_history"": [{""sl"": 4031.02, ""tier"": ""tier1"", ""time"": ""2026-07-14T07:42:41Z"", ""reason"": ""breakeven""}], ""current_tier"": ""tier1"", ""last_sl_move_time"": ""2026-07-14T07:43:07Z""}",2026-07-14 10:43:19+00,2026-07-14 07:43:07.324288+00,2026-07-14 08:01:07.52551+00,closed
677,1,,,353383746,XAUUSD,SELL,4023.82000,4023.55000,0.01,4030.95000,4011.37000,0.27,"{""sl_history"": [{""sl"": 4030.95, ""tier"": ""tier1"", ""time"": ""2026-07-14T07:42:41Z"", ""reason"": ""breakeven""}], ""current_tier"": ""tier1"", ""last_sl_move_time"": ""2026-07-14T07:43:07Z""}",2026-07-14 10:43:20+00,2026-07-14 07:43:07.332353+00,2026-07-14 08:01:07.52551+00,closed
678,1,,,353383749,XAUUSD,SELL,4023.80000,4023.55000,0.01,4030.94000,4011.36000,0.25,"{""sl_history"": [{""sl"": 4030.94, ""tier"": ""tier1"", ""time"": ""2026-07-14T07:42:41Z"", ""reason"": ""breakeven""}], ""current_tier"": ""tier1"", ""last_sl_move_time"": ""2026-07-14T07:43:07Z""}",2026-07-14 10:43:20+00,2026-07-14 07:43:07.336862+00,2026-07-14 08:01:07.52551+00,closed
679,1,,,353383750,XAUUSD,SELL,4023.83000,4023.55000,0.01,4030.92000,4011.34000,0.28,"{""sl_history"": [{""sl"": 4030.92, ""tier"": ""tier1"", ""time"": ""2026-07-14T07:42:41Z"", ""reason"": ""breakeven""}], ""current_tier"": ""tier1"", ""last_sl_move_time"": ""2026-07-14T07:43:07Z""}",2026-07-14 10:43:20+00,2026-07-14 07:43:07.342585+00,2026-07-14 08:01:07.52551+00,closed
680,1,,,353383751,XAUUSD,SELL,4023.84000,4023.55000,0.01,4030.95000,4011.37000,0.29,"{""sl_history"": [{""sl"": 4030.95, ""tier"": ""tier1"", ""time"": ""2026-07-14T07:42:41Z"", ""reason"": ""breakeven""}], ""current_tier"": ""tier1"", ""last_sl_move_time"": ""2026-07-14T07:43:07Z""}",2026-07-14 10:43:21+00,2026-07-14 07:43:07.349157+00,2026-07-14 08:01:07.52551+00,closed
681,1,,,353383752,XAUUSD,SELL,4023.84000,4023.55000,0.01,4030.96000,4011.38000,0.29,"{""sl_history"": [{""sl"": 4030.96, ""tier"": ""tier1"", ""time"": ""2026-07-14T07:42:41Z"", ""reason"": ""breakeven""}], ""current_tier"": ""tier1"", ""last_sl_move_time"": ""2026-07-14T07:43:07Z""}",2026-07-14 10:43:21+00,2026-07-14 07:43:07.353554+00,2026-07-14 08:01:07.52551+00,closed
682,1,,,353383753,XAUUSD,SELL,4023.95000,4023.55000,0.01,4030.96000,4011.38000,0.40,"{""sl_history"": [{""sl"": 4030.96, ""tier"": ""tier1"", ""time"": ""2026-07-14T07:42:41Z"", ""reason"": ""breakeven""}], ""current_tier"": ""tier1"", ""last_sl_move_time"": ""2026-07-14T07:43:07Z""}",2026-07-14 10:43:21+00,2026-07-14 07:43:07.357576+00,2026-07-14 08:01:07.52551+00,closed
683,1,,,353383757,XAUUSD,SELL,4023.71000,4023.55000,0.01,4030.88000,4011.30000,0.16,"{""sl_history"": [{""sl"": 4030.88, ""tier"": ""tier1"", ""time"": ""2026-07-14T07:42:41Z"", ""reason"": ""breakeven""}], ""current_tier"": ""tier1"", ""last_sl_move_time"": ""2026-07-14T07:43:07Z""}",2026-07-14 10:43:22+00,2026-07-14 07:43:07.361676+00,2026-07-14 08:01:07.52551+00,closed
684,1,,,353383760,XAUUSD,SELL,4023.71000,4023.55000,0.01,4030.83000,4011.25000,0.16,"{""sl_history"": [{""sl"": 4030.83, ""tier"": ""tier1"", ""time"": ""2026-07-14T07:42:41Z"", ""reason"": ""breakeven""}], ""current_tier"": ""tier1"", ""last_sl_move_time"": ""2026-07-14T07:43:07Z""}",2026-07-14 10:43:22+00,2026-07-14 07:43:07.365388+00,2026-07-14 08:01:07.52551+00,closed
652,1,,,353383737,XAUUSD,SELL,4023.90000,4023.55000,0.01,4030.99000,4011.41000,0.35,"{""sl_history"": [{""sl"": 4030.99, ""tier"": ""tier1"", ""time"": ""2026-07-14T07:42:35Z"", ""reason"": ""breakeven""}], ""current_tier"": ""tier1"", ""last_sl_move_time"": ""2026-07-14T07:43:07Z""}",2026-07-14 10:43:18+00,2026-07-14 07:43:07.310862+00,2026-07-14 08:01:07.52551+00,closed
483,1,,,353383459,XAUUSD,SELL,4023.77000,4023.54000,0.01,4031.04000,4011.46000,0.23,"{""sl_history"": [{""sl"": 4031.04, ""tier"": ""tier1"", ""time"": ""2026-07-14T07:42:10Z"", ""reason"": ""breakeven""}], ""current_tier"": ""tier1"", ""last_sl_move_time"": ""2026-07-14T07:43:02Z""}",2026-07-14 10:42:51+00,2026-07-14 07:43:02.012646+00,2026-07-14 08:01:07.52551+00,closed
673,1,,,353383741,XAUUSD,SELL,4023.90000,4023.55000,0.01,4031.01000,4011.43000,0.35,"{""sl_history"": [{""sl"": 4031.01, ""tier"": ""tier1"", ""time"": ""2026-07-14T07:42:41Z"", ""reason"": ""breakeven""}], ""current_tier"": ""tier1"", ""last_sl_move_time"": ""2026-07-14T07:43:07Z""}",2026-07-14 10:43:19+00,2026-07-14 07:43:07.31499+00,2026-07-14 08:01:07.52551+00,closed
688,1,,,353383764,XAUUSD,SELL,4023.72000,4023.55000,0.01,4030.84000,4011.26000,0.17,"{""sl_history"": [{""sl"": 4030.84, ""tier"": ""tier1"", ""time"": ""2026-07-14T07:42:41Z"", ""reason"": ""breakeven""}], ""current_tier"": ""tier1"", ""last_sl_move_time"": ""2026-07-14T07:43:07Z""}",2026-07-14 10:43:23+00,2026-07-14 07:43:07.379612+00,2026-07-14 08:01:07.52551+00,closed
689,1,,,353383766,XAUUSD,SELL,4023.71000,4023.55000,0.01,4030.84000,4011.26000,0.16,"{""sl_history"": [{""sl"": 4030.84, ""tier"": ""tier1"", ""time"": ""2026-07-14T07:42:41Z"", ""reason"": ""breakeven""}], ""current_tier"": ""tier1"", ""last_sl_move_time"": ""2026-07-14T07:43:07Z""}",2026-07-14 10:43:23+00,2026-07-14 07:43:07.382785+00,2026-07-14 08:01:07.52551+00,closed
690,1,,,353383767,XAUUSD,SELL,4023.71000,4023.55000,0.01,4030.83000,4011.25000,0.16,"{""sl_history"": [{""sl"": 4030.83, ""tier"": ""tier1"", ""time"": ""2026-07-14T07:42:41Z"", ""reason"": ""breakeven""}], ""current_tier"": ""tier1"", ""last_sl_move_time"": ""2026-07-14T07:43:07Z""}",2026-07-14 10:43:24+00,2026-07-14 07:43:07.385897+00,2026-07-14 08:01:07.52551+00,closed
691,1,,,353383770,XAUUSD,SELL,4023.72000,4023.55000,0.01,4030.83000,4011.25000,0.17,"{""sl_history"": [{""sl"": 4030.83, ""tier"": ""tier1"", ""time"": ""2026-07-14T07:42:41Z"", ""reason"": ""breakeven""}], ""current_tier"": ""tier1"", ""last_sl_move_time"": ""2026-07-14T07:43:07Z""}",2026-07-14 10:43:24+00,2026-07-14 07:43:07.389365+00,2026-07-14 08:01:07.52551+00,closed
692,1,,,353383774,XAUUSD,SELL,4023.72000,4023.55000,0.01,4030.84000,4011.26000,0.17,"{""sl_history"": [{""sl"": 4030.84, ""tier"": ""tier1"", ""time"": ""2026-07-14T07:42:41Z"", ""reason"": ""breakeven""}], ""current_tier"": ""tier1"", ""last_sl_move_time"": ""2026-07-14T07:43:07Z""}",2026-07-14 10:43:24+00,2026-07-14 07:43:07.392912+00,2026-07-14 08:01:07.52551+00,closed
713,1,,,353383777,XAUUSD,SELL,4023.82000,4023.55000,0.01,4030.88000,4011.30000,0.27,"{""sl_history"": [{""sl"": 4030.88, ""tier"": ""tier1"", ""time"": ""2026-07-14T07:42:54Z"", ""reason"": ""breakeven""}], ""current_tier"": ""tier1"", ""last_sl_move_time"": ""2026-07-14T07:43:07Z""}",2026-07-14 10:43:25+00,2026-07-14 07:43:07.395898+00,2026-07-14 08:01:07.52551+00,closed
714,1,,,353383778,XAUUSD,SELL,4023.81000,4023.55000,0.01,4030.94000,4011.36000,0.26,"{""sl_history"": [{""sl"": 4030.94, ""tier"": ""tier1"", ""time"": ""2026-07-14T07:42:54Z"", ""reason"": ""breakeven""}], ""current_tier"": ""tier1"", ""last_sl_move_time"": ""2026-07-14T07:43:07Z""}",2026-07-14 10:43:26+00,2026-07-14 07:43:07.399657+00,2026-07-14 08:01:07.52551+00,closed
715,1,,,353383782,XAUUSD,SELL,4023.70000,4023.55000,0.01,4030.93000,4011.35000,0.15,"{""sl_history"": [{""sl"": 4030.93, ""tier"": ""tier1"", ""time"": ""2026-07-14T07:42:54Z"", ""reason"": ""breakeven""}], ""current_tier"": ""tier1"", ""last_sl_move_time"": ""2026-07-14T07:43:07Z""}",2026-07-14 10:43:26+00,2026-07-14 07:43:07.402932+00,2026-07-14 08:01:07.52551+00,closed
687,1,,,353383763,XAUUSD,SELL,4023.72000,4023.55000,0.01,4030.85000,4011.27000,0.17,"{""sl_history"": [{""sl"": 4030.85, ""tier"": ""tier1"", ""time"": ""2026-07-14T07:42:41Z"", ""reason"": ""breakeven""}], ""current_tier"": ""tier1"", ""last_sl_move_time"": ""2026-07-14T07:43:07Z""}",2026-07-14 10:43:23+00,2026-07-14 07:43:07.376443+00,2026-07-14 08:01:07.52551+00,closed
716,1,,,353383783,XAUUSD,SELL,4023.72000,4023.55000,0.01,4030.82000,4011.24000,0.17,"{""sl_history"": [{""sl"": 4030.82, ""tier"": ""tier1"", ""time"": ""2026-07-14T07:42:54Z"", ""reason"": ""breakeven""}], ""current_tier"": ""tier1"", ""last_sl_move_time"": ""2026-07-14T07:43:07Z""}",2026-07-14 10:43:26+00,2026-07-14 07:43:07.406656+00,2026-07-14 08:01:07.52551+00,closed
717,1,,,353383784,XAUUSD,SELL,4023.68000,4023.55000,0.01,4030.79000,4011.21000,0.13,"{""sl_history"": [{""sl"": 4030.79, ""tier"": ""tier1"", ""time"": ""2026-07-14T07:42:54Z"", ""reason"": ""breakeven""}], ""current_tier"": ""tier1"", ""last_sl_move_time"": ""2026-07-14T07:43:07Z""}",2026-07-14 10:43:26+00,2026-07-14 07:43:07.410804+00,2026-07-14 08:01:07.52551+00,closed
685,1,,,353383761,XAUUSD,SELL,4023.71000,4023.55000,0.01,4030.83000,4011.25000,0.16,"{""sl_history"": [{""sl"": 4030.83, ""tier"": ""tier1"", ""time"": ""2026-07-14T07:42:41Z"", ""reason"": ""breakeven""}], ""current_tier"": ""tier1"", ""last_sl_move_time"": ""2026-07-14T07:43:07Z""}",2026-07-14 10:43:22+00,2026-07-14 07:43:07.368778+00,2026-07-14 08:01:07.52551+00,closed
686,1,,,353383762,XAUUSD,SELL,4023.73000,4023.55000,0.01,4030.83000,4011.25000,0.18,"{""sl_history"": [{""sl"": 4030.83, ""tier"": ""tier1"", ""time"": ""2026-07-14T07:42:41Z"", ""reason"": ""breakeven""}], ""current_tier"": ""tier1"", ""last_sl_move_time"": ""2026-07-14T07:43:07Z""}",2026-07-14 10:43:23+00,2026-07-14 07:43:07.372838+00,2026-07-14 08:01:07.52551+00,closed
722,1,,,353383798,XAUUSD,SELL,4023.69000,4023.55000,0.01,4030.81000,4011.23000,0.14,"{""sl_history"": [{""sl"": 4030.81, ""tier"": ""tier1"", ""time"": ""2026-07-14T07:42:54Z"", ""reason"": ""breakeven""}], ""current_tier"": ""tier1"", ""last_sl_move_time"": ""2026-07-14T07:43:07Z""}",2026-07-14 10:43:29+00,2026-07-14 07:43:07.428157+00,2026-07-14 08:01:07.52551+00,closed
723,1,,,353383799,XAUUSD,SELL,4023.74000,4023.55000,0.01,4030.87000,4011.29000,0.19,"{""sl_history"": [{""sl"": 4030.87, ""tier"": ""tier1"", ""time"": ""2026-07-14T07:42:54Z"", ""reason"": ""breakeven""}], ""current_tier"": ""tier1"", ""last_sl_move_time"": ""2026-07-14T07:43:07Z""}",2026-07-14 10:43:29+00,2026-07-14 07:43:07.431816+00,2026-07-14 08:01:07.52551+00,closed
724,1,,,353383800,XAUUSD,SELL,4023.75000,4023.55000,0.01,4030.86000,4011.28000,0.20,"{""sl_history"": [{""sl"": 4030.86, ""tier"": ""tier1"", ""time"": ""2026-07-14T07:42:54Z"", ""reason"": ""breakeven""}], ""current_tier"": ""tier1"", ""last_sl_move_time"": ""2026-07-14T07:43:07Z""}",2026-07-14 10:43:30+00,2026-07-14 07:43:07.436126+00,2026-07-14 08:01:07.52551+00,closed
725,1,,,353383808,XAUUSD,SELL,4023.75000,4023.55000,0.01,4030.87000,4011.29000,0.20,"{""sl_history"": [{""sl"": 4030.87, ""tier"": ""tier1"", ""time"": ""2026-07-14T07:42:54Z"", ""reason"": ""breakeven""}], ""current_tier"": ""tier1"", ""last_sl_move_time"": ""2026-07-14T07:43:07Z""}",2026-07-14 10:43:30+00,2026-07-14 07:43:07.439852+00,2026-07-14 08:01:07.52551+00,closed
726,1,,,353383823,XAUUSD,SELL,4023.85000,4023.55000,0.01,4030.97000,4011.39000,0.30,"{""sl_history"": [{""sl"": 4030.97, ""tier"": ""tier1"", ""time"": ""2026-07-14T07:42:54Z"", ""reason"": ""breakeven""}], ""current_tier"": ""tier1"", ""last_sl_move_time"": ""2026-07-14T07:43:07Z""}",2026-07-14 10:43:35+00,2026-07-14 07:43:07.443441+00,2026-07-14 08:01:07.52551+00,closed
727,1,,,353383824,XAUUSD,SELL,4023.89000,4023.55000,0.01,4030.97000,4011.39000,0.34,"{""sl_history"": [{""sl"": 4030.97, ""tier"": ""tier1"", ""time"": ""2026-07-14T07:42:54Z"", ""reason"": ""breakeven""}], ""current_tier"": ""tier1"", ""last_sl_move_time"": ""2026-07-14T07:43:07Z""}",2026-07-14 10:43:35+00,2026-07-14 07:43:07.44682+00,2026-07-14 08:01:07.52551+00,closed
728,1,,,353383825,XAUUSD,SELL,4023.88000,4023.55000,0.01,4031.01000,4011.43000,0.33,"{""sl_history"": [{""sl"": 4031.01, ""tier"": ""tier1"", ""time"": ""2026-07-14T07:42:54Z"", ""reason"": ""breakeven""}], ""current_tier"": ""tier1"", ""last_sl_move_time"": ""2026-07-14T07:43:07Z""}",2026-07-14 10:43:36+00,2026-07-14 07:43:07.449938+00,2026-07-14 08:01:07.52551+00,closed
729,1,,,353383827,XAUUSD,SELL,4023.82000,4023.55000,0.01,4031.00000,4011.42000,0.27,"{""sl_history"": [{""sl"": 4031.0, ""tier"": ""tier1"", ""time"": ""2026-07-14T07:42:54Z"", ""reason"": ""breakeven""}], ""current_tier"": ""tier1"", ""last_sl_move_time"": ""2026-07-14T07:43:07Z""}",2026-07-14 10:43:36+00,2026-07-14 07:43:07.453472+00,2026-07-14 08:01:07.52551+00,closed
730,1,,,353383839,XAUUSD,SELL,4023.70000,4023.55000,0.01,4030.94000,4011.36000,0.15,"{""sl_history"": [{""sl"": 4030.94, ""tier"": ""tier1"", ""time"": ""2026-07-14T07:42:54Z"", ""reason"": ""breakeven""}], ""current_tier"": ""tier1"", ""last_sl_move_time"": ""2026-07-14T07:43:07Z""}",2026-07-14 10:43:36+00,2026-07-14 07:43:07.457072+00,2026-07-14 08:01:07.52551+00,closed
732,1,,,353383899,XAUUSD,SELL,4023.39000,4022.96000,0.01,4030.51000,4010.93000,0.43,"{""sl_history"": [{""sl"": 4030.51, ""tier"": ""tier1"", ""time"": ""2026-07-14T07:42:54Z"", ""reason"": ""breakeven""}], ""current_tier"": ""tier1"", ""last_sl_move_time"": ""2026-07-14T07:45:24Z""}",2026-07-14 10:43:37+00,2026-07-14 07:45:24.491047+00,2026-07-14 08:01:07.52551+00,closed
731,1,,,353383858,XAUUSD,SELL,4023.39000,4022.96000,0.01,4030.82000,4011.24000,0.43,"{""sl_history"": [{""sl"": 4030.82, ""tier"": ""tier1"", ""time"": ""2026-07-14T07:42:54Z"", ""reason"": ""breakeven""}], ""current_tier"": ""tier1"", ""last_sl_move_time"": ""2026-07-14T07:45:24Z""}",2026-07-14 10:43:36+00,2026-07-14 07:45:24.470918+00,2026-07-14 08:01:07.52551+00,closed
743,1,,,353383950,XAUUSD,SELL,4023.45000,4022.96000,0.01,4030.63000,4010.94000,0.49,"{""sl_history"": [{""sl"": 4030.63, ""tier"": ""tier1"", ""time"": ""2026-07-14T07:42:57Z"", ""reason"": ""breakeven""}], ""current_tier"": ""tier1"", ""last_sl_move_time"": ""2026-07-14T07:45:24Z""}",2026-07-14 10:43:38+00,2026-07-14 07:45:24.496445+00,2026-07-14 08:01:07.52551+00,closed
718,1,,,353383785,XAUUSD,SELL,4023.67000,4023.55000,0.01,4030.79000,4011.21000,0.12,"{""sl_history"": [{""sl"": 4030.79, ""tier"": ""tier1"", ""time"": ""2026-07-14T07:42:54Z"", ""reason"": ""breakeven""}], ""current_tier"": ""tier1"", ""last_sl_move_time"": ""2026-07-14T07:43:07Z""}",2026-07-14 10:43:27+00,2026-07-14 07:43:07.41462+00,2026-07-14 08:01:07.52551+00,closed
720,1,,,353383794,XAUUSD,SELL,4023.69000,4023.55000,0.01,4030.82000,4011.24000,0.14,"{""sl_history"": [{""sl"": 4030.82, ""tier"": ""tier1"", ""time"": ""2026-07-14T07:42:54Z"", ""reason"": ""breakeven""}], ""current_tier"": ""tier1"", ""last_sl_move_time"": ""2026-07-14T07:43:07Z""}",2026-07-14 10:43:28+00,2026-07-14 07:43:07.421636+00,2026-07-14 08:01:07.52551+00,closed
721,1,,,353383797,XAUUSD,SELL,4023.69000,4023.55000,0.01,4030.81000,4011.23000,0.14,"{""sl_history"": [{""sl"": 4030.81, ""tier"": ""tier1"", ""time"": ""2026-07-14T07:42:54Z"", ""reason"": ""breakeven""}], ""current_tier"": ""tier1"", ""last_sl_move_time"": ""2026-07-14T07:43:07Z""}",2026-07-14 10:43:28+00,2026-07-14 07:43:07.42467+00,2026-07-14 08:01:07.52551+00,closed
719,1,,,353383789,XAUUSD,SELL,4023.70000,4023.55000,0.01,4030.78000,4011.20000,0.15,"{""sl_history"": [{""sl"": 4030.78, ""tier"": ""tier1"", ""time"": ""2026-07-14T07:42:54Z"", ""reason"": ""breakeven""}], ""current_tier"": ""tier1"", ""last_sl_move_time"": ""2026-07-14T07:43:07Z""}",2026-07-14 10:43:28+00,2026-07-14 07:43:07.41824+00,2026-07-14 08:01:07.52551+00,closed
769,1,,,353384057,XAUUSD,SELL,4023.30000,4022.97000,0.01,4030.47000,4010.75000,0.33,"{""sl_history"": [{""sl"": 4030.47, ""tier"": ""tier1"", ""time"": ""2026-07-14T07:43:02Z"", ""reason"": ""breakeven""}], ""current_tier"": ""tier1"", ""last_sl_move_time"": ""2026-07-14T07:45:24Z""}",2026-07-14 10:43:42+00,2026-07-14 07:45:24.550548+00,2026-07-14 08:01:07.52551+00,closed
770,1,,,353384062,XAUUSD,SELL,4023.38000,4022.97000,0.01,4030.47000,4010.75000,0.41,"{""sl_history"": [{""sl"": 4030.47, ""tier"": ""tier1"", ""time"": ""2026-07-14T07:43:02Z"", ""reason"": ""breakeven""}], ""current_tier"": ""tier1"", ""last_sl_move_time"": ""2026-07-14T07:45:24Z""}",2026-07-14 10:43:43+00,2026-07-14 07:45:24.554854+00,2026-07-14 08:01:07.52551+00,closed
771,1,,,353384066,XAUUSD,SELL,4023.29000,4022.97000,0.01,4030.55000,4010.83000,0.32,"{""sl_history"": [{""sl"": 4030.55, ""tier"": ""tier1"", ""time"": ""2026-07-14T07:43:02Z"", ""reason"": ""breakeven""}], ""current_tier"": ""tier1"", ""last_sl_move_time"": ""2026-07-14T07:45:24Z""}",2026-07-14 10:43:43+00,2026-07-14 07:45:24.559797+00,2026-07-14 08:01:07.52551+00,closed
772,1,,,353384074,XAUUSD,SELL,4023.33000,4022.97000,0.01,4030.46000,4010.74000,0.36,"{""sl_history"": [{""sl"": 4030.46, ""tier"": ""tier1"", ""time"": ""2026-07-14T07:43:02Z"", ""reason"": ""breakeven""}], ""current_tier"": ""tier1"", ""last_sl_move_time"": ""2026-07-14T07:45:24Z""}",2026-07-14 10:43:43+00,2026-07-14 07:45:24.567113+00,2026-07-14 08:01:07.52551+00,closed
749,1,,,353383973,XAUUSD,SELL,4023.56000,4023.55000,0.01,4030.66000,4010.97000,0.01,"{""sl_history"": [{""sl"": 4030.66, ""tier"": ""tier1"", ""time"": ""2026-07-14T07:42:57Z"", ""reason"": ""breakeven""}], ""current_tier"": ""tier1"", ""last_sl_move_time"": ""2026-07-14T07:43:07Z""}",2026-07-14 10:43:39+00,2026-07-14 07:43:07.488598+00,2026-07-14 08:01:07.52551+00,closed
750,1,,,353383975,XAUUSD,SELL,4023.57000,4023.55000,0.01,4030.72000,4011.03000,0.02,"{""sl_history"": [{""sl"": 4030.72, ""tier"": ""tier1"", ""time"": ""2026-07-14T07:42:57Z"", ""reason"": ""breakeven""}], ""current_tier"": ""tier1"", ""last_sl_move_time"": ""2026-07-14T07:43:07Z""}",2026-07-14 10:43:40+00,2026-07-14 07:43:07.491336+00,2026-07-14 08:01:07.52551+00,closed
751,1,,,353383979,XAUUSD,SELL,4023.56000,4023.55000,0.01,4030.73000,4011.04000,0.01,"{""sl_history"": [{""sl"": 4030.73, ""tier"": ""tier1"", ""time"": ""2026-07-14T07:42:57Z"", ""reason"": ""breakeven""}], ""current_tier"": ""tier1"", ""last_sl_move_time"": ""2026-07-14T07:43:07Z""}",2026-07-14 10:43:40+00,2026-07-14 07:43:07.494133+00,2026-07-14 08:01:07.52551+00,closed
752,1,,,353383981,XAUUSD,SELL,4023.56000,4023.55000,0.01,4030.72000,4011.03000,0.01,"{""sl_history"": [{""sl"": 4030.72, ""tier"": ""tier1"", ""time"": ""2026-07-14T07:42:57Z"", ""reason"": ""breakeven""}], ""current_tier"": ""tier1"", ""last_sl_move_time"": ""2026-07-14T07:43:07Z""}",2026-07-14 10:43:40+00,2026-07-14 07:43:07.498081+00,2026-07-14 08:01:07.52551+00,closed
768,1,,,353384055,XAUUSD,SELL,4023.30000,4022.97000,0.01,4030.49000,4010.77000,0.33,"{""sl_history"": [{""sl"": 4030.49, ""tier"": ""tier1"", ""time"": ""2026-07-14T07:43:02Z"", ""reason"": ""breakeven""}], ""current_tier"": ""tier1"", ""last_sl_move_time"": ""2026-07-14T07:45:24Z""}",2026-07-14 10:43:42+00,2026-07-14 07:45:24.546189+00,2026-07-14 08:01:07.52551+00,closed
744,1,,,353383954,XAUUSD,SELL,4023.45000,4022.96000,0.01,4030.61000,4010.92000,0.49,"{""sl_history"": [{""sl"": 4030.61, ""tier"": ""tier1"", ""time"": ""2026-07-14T07:42:57Z"", ""reason"": ""breakeven""}], ""current_tier"": ""tier1"", ""last_sl_move_time"": ""2026-07-14T07:45:24Z""}",2026-07-14 10:43:38+00,2026-07-14 07:45:24.501522+00,2026-07-14 08:01:07.52551+00,closed
745,1,,,353383959,XAUUSD,SELL,4023.44000,4022.96000,0.01,4030.61000,4010.92000,0.48,"{""sl_history"": [{""sl"": 4030.61, ""tier"": ""tier1"", ""time"": ""2026-07-14T07:42:57Z"", ""reason"": ""breakeven""}], ""current_tier"": ""tier1"", ""last_sl_move_time"": ""2026-07-14T07:45:24Z""}",2026-07-14 10:43:38+00,2026-07-14 07:45:24.50771+00,2026-07-14 08:01:07.52551+00,closed
746,1,,,353383964,XAUUSD,SELL,4023.49000,4022.97000,0.01,4030.60000,4010.91000,0.52,"{""sl_history"": [{""sl"": 4030.6, ""tier"": ""tier1"", ""time"": ""2026-07-14T07:42:57Z"", ""reason"": ""breakeven""}], ""current_tier"": ""tier1"", ""last_sl_move_time"": ""2026-07-14T07:45:24Z""}",2026-07-14 10:43:39+00,2026-07-14 07:45:24.515332+00,2026-07-14 08:01:07.52551+00,closed
747,1,,,353383966,XAUUSD,SELL,4023.48000,4022.97000,0.01,4030.65000,4010.96000,0.51,"{""sl_history"": [{""sl"": 4030.65, ""tier"": ""tier1"", ""time"": ""2026-07-14T07:42:57Z"", ""reason"": ""breakeven""}], ""current_tier"": ""tier1"", ""last_sl_move_time"": ""2026-07-14T07:45:24Z""}",2026-07-14 10:43:39+00,2026-07-14 07:45:24.523062+00,2026-07-14 08:01:07.52551+00,closed
748,1,,,353383968,XAUUSD,SELL,4023.50000,4022.97000,0.01,4030.64000,4010.95000,0.53,"{""sl_history"": [{""sl"": 4030.64, ""tier"": ""tier1"", ""time"": ""2026-07-14T07:42:57Z"", ""reason"": ""breakeven""}], ""current_tier"": ""tier1"", ""last_sl_move_time"": ""2026-07-14T07:45:24Z""}",2026-07-14 10:43:39+00,2026-07-14 07:45:24.528623+00,2026-07-14 08:01:07.52551+00,closed
765,1,,,353384015,XAUUSD,SELL,4023.33000,4022.97000,0.01,4030.52000,4010.80000,0.36,"{""sl_history"": [{""sl"": 4030.52, ""tier"": ""tier1"", ""time"": ""2026-07-14T07:43:02Z"", ""reason"": ""breakeven""}], ""current_tier"": ""tier1"", ""last_sl_move_time"": ""2026-07-14T07:45:24Z""}",2026-07-14 10:43:41+00,2026-07-14 07:45:24.532969+00,2026-07-14 08:01:07.52551+00,closed
766,1,,,353384036,XAUUSD,SELL,4023.28000,4022.97000,0.01,4030.50000,4010.78000,0.31,"{""sl_history"": [{""sl"": 4030.5, ""tier"": ""tier1"", ""time"": ""2026-07-14T07:43:02Z"", ""reason"": ""breakeven""}], ""current_tier"": ""tier1"", ""last_sl_move_time"": ""2026-07-14T07:45:24Z""}",2026-07-14 10:43:42+00,2026-07-14 07:45:24.537303+00,2026-07-14 08:01:07.52551+00,closed
767,1,,,353384050,XAUUSD,SELL,4023.32000,4022.97000,0.01,4030.45000,4010.73000,0.35,"{""sl_history"": [{""sl"": 4030.45, ""tier"": ""tier1"", ""time"": ""2026-07-14T07:43:02Z"", ""reason"": ""breakeven""}], ""current_tier"": ""tier1"", ""last_sl_move_time"": ""2026-07-14T07:45:24Z""}",2026-07-14 10:43:42+00,2026-07-14 07:45:24.541576+00,2026-07-14 08:01:07.52551+00,closed
782,1,,,353488252,XAUUSD,SELL,4014.57000,4021.43000,0.01,4021.65000,4002.23000,-6.86,"{""sl_history"": [{""sl"": 4021.65, ""tier"": ""tier1"", ""time"": ""2026-07-14T09:34:27Z"", ""reason"": ""breakeven""}], ""current_tier"": ""tier1"", ""last_sl_move_time"": ""2026-07-14T09:47:46Z""}",2026-07-14 12:35:10+00,2026-07-14 09:47:46.378416+00,2026-07-14 16:39:54.819067+00,closed
784,1,,,353490126,XAUUSD,SELL,4015.73000,4022.03000,0.01,4022.40000,4004.09000,-6.30,"{""sl_history"": [{""sl"": 4022.4, ""tier"": ""tier1"", ""time"": ""2026-07-14T09:39:29Z"", ""reason"": ""breakeven""}], ""current_tier"": ""tier1"", ""last_sl_move_time"": ""2026-07-14T09:48:49Z""}",2026-07-14 12:40:09+00,2026-07-14 09:48:49.338298+00,2026-07-14 16:39:54.819067+00,closed
