tree
version=v4
num_class=1
num_tree_per_iteration=1
label_index=0
max_feature_idx=36
objective=binary sigmoid:1
feature_names=adx_14 rsi_14 macd atr_14 plus_di minus_di er bbw bbw_pct hurst mm ema20_dist_atr body_ratio pullback_depth atr_pct spread_num spread_atr donchian_q dev_z_ema20 dev_z_ema60 macd_slope3 body_wick_ratio extreme_reversal di_ratio di_net close_mom_atr trend_aligned session_eu session_us macro_risk_score sentiment_risk_score ds_fake_prob ds_sl_coeff ds_continuity verdict h1_trend_dir dir_sign
feature_infos=[10.91:57.229999999999997] [20.219999999999999:91.569999999999993] [-11.2422:21.919699999999999] [2.2400000000000002:24.649999999999999] [0.41888039204915772:59.768767397086776] [0.060115136098921801:39.105226332051615] [0.0012958963282827:1] [0.0012916801265697999:0.033463959919623198] [0.83333333333333337:100] [0.4616808695420403:0.78688275849070621] [-0.99845125289899117:0.99999936755882035] [1.0175854496590985e-05:5.9756021997292006] [8.0121785115121544e-05:0.99472295514512343] [5.1943749090145457e-05:8.3506651963963456] [0.83333333333333337:100] [17:27] [0.074233601727246398:8.1145705534675852] [0:0.99995794431827645] [-2.9045746760323352:3.7092199478015422] [-3.9470428925515111:5.4175372369156856] [-3.7563746621095042:4.6220277750857699] [0.0053050397877936004:12479.999999727515] [-1:1] [0.1184049717108966:14.334733037110764] [-0.78826086284296393:0.86957817798174009] [-4.5276303315102417:8.1122526161270319] [0:1] [0:1] [0:1] [10:18] [3:15] [0:0.81999999999999995] [0:1.25] [0:88] [-1:1] [-1:1] [-1:1]
tree_sizes=1673 1699 1684 1709 1692 1712 1709 1706 1710 1712 1705 1713 1712 1718 1713 1719 1733 1719 1710 1726 1727 1713 1713 1724 1720 1716 1724 1713 1720 1722 1722 1714 1722 1715 1730 1717 1711 1722 1718 1729 1727 1723 1729 1710 1716 1717 1724 1730 1723 1719 1724 1730 1725 1720 1727 1717 1734 1734 1730 1723 1734 1723 1705 1727 1718 1736 1719 1735 1731 1725 1728 1741 1730 1728 1731 1716 1723 1721 1731 1726 1730 1732 1726 1713 1722 1728 1734 1730 1725 1720 1727 1734 1738 1729 1738 1725 1728 1723 1728 1736 1733 1725 1727 1741 1731 1739 1734 1733 1728 1712 1737 1748 1734 1725 1716 1727 1742 1730 1730 1735 1730 1740 1719 1742 1724 1726 1735 1734 1722 1729 1730 1733 1735 1719 1736 1729 1729 1722 1734 1747 1740 1736 1736 1730 1754 1738 1734 1728 1727 1746 1718 1724 1734 1736 1735 1738 1729 1747 1728 1738 1745 1735 1751 1727 1725 1745 1734 1746 1731 1710 1748 1723 1747 1742 1750 1745 1739 1736 1732 1735 1769 1743 1734 1733 1737 1750 1737 1732 1727 1758 1737 1733 1747 1728 1750 1739 1738 1739 1723 1740

Tree=0
num_leaves=15
num_cat=0
split_feature=16 6 6 13 14 5 36 13 34 5 19 7 19 9
split_gain=274.491 114.056 98.3813 59.2563 78.8931 123.001 86.0956 147.097 33.4234 43.2311 28.5102 26.2622 24.8832 24.2157
threshold=2.1952114967702339 0.7476157838420614 0.92857142857147323 0.095395547237334219 38.750000000000007 2.620537941148342 1.0000000180025095e-35 0.90460399633968391 0.54410000000000014 13.421027086475441 -1.143381482158609 0.0054332862493668517 0.49303149932343343 0.70466701308925805
decision_type=2 2 2 2 2 2 2 2 2 2 2 2 2 2
left_child=3 8 -3 12 -5 6 -6 -8 9 -2 13 -10 -1 -11
right_child=1 2 -4 4 5 -7 7 -9 11 10 -12 -13 -14 -15
leaf_value=-1.3274972609135303 -1.4267838054291304 -1.1720075914547432 -1.3820169254543027 -1.4622307513325437 -1.1594738778871303 -1.4392173251447467 -1.4654931951055534 -1.1684606357784664 -1.4380675436756118 -1.2546871282687571 -1.2610837154486654 -1.3366610075850693 -1.4699518682620001 -1.4007031008009383
leaf_weight=3.1589010357856742 10.424373418092726 16.110395282506946 8.5290327966213209 45.330229863524437 8.2131426930427569 32.536680668592453 11.214098677039148 6.6336921751499167 21.954362198710445 3.9486262947320947 15.320670023560524 9.0028679519891721 103.61195397377014 10.108483314514158
leaf_count=20 66 102 54 287 52 206 71 42 139 25 97 57 656 64
internal_value=-1.40772 -1.33735 -1.2447 -1.43958 -1.4127 -1.37438 -1.29344 -1.35509 -1.36961 -1.33931 -1.30827 -1.40858 -1.46574 -1.35969
internal_weight=306.098 95.3988 24.6394 210.699 103.928 58.5976 26.0609 17.8478 70.7594 39.8022 29.3778 30.9572 106.771 14.0571
internal_count=1938 604 156 1334 658 371 165 113 448 252 186 196 676 89
is_linear=0
shrinkage=1


Tree=1
num_leaves=15
num_cat=0
split_feature=16 17 5 34 7 8 34 4 0 16 11 30 4 8
split_gain=241.725 99.6589 138.916 77.1759 62.9563 49.9493 60.6259 46.4907 43.1741 30.806 30.2401 29.4302 20.1774 16.4837
threshold=2.1952114967702339 0.83636264869201848 1.9219608731404065 0.54410000000000014 0.004411007004149951 11.250000000000002 -1.0000000180025095e-35 3.6263944268993522 23.095000000000002 3.2051213954782303 0.078867398113378659 7.5000000000000009 28.791054331293399 21.250000000000004
decision_type=2 2 2 2 2 2 2 2 2 2 2 2 2 2
left_child=1 2 4 5 -1 9 11 -6 -8 -2 -4 -7 -5 -14
right_child=3 -3 10 12 7 6 8 -9 -10 -11 -12 -13 13 -15
leaf_value=0.19686621805978774 0.090647280221988868 -0.057737061323912799 0.084068828329607978 -0.023476433857424765 -0.023915932271762821 0.077134553170718989 0.14951756657918849 0.18974523436393287 0.01217589997562332 -0.050083415910262913 -0.043914385287377442 0.20340090584783113 -0.023687990117590596 0.10640062204884895
leaf_weight=11.647650972008707 7.465550333261489 129.62485194206238 5.1109058111906043 23.260752737522125 9.1159206479787809 6.0391357392072704 9.1397804617881793 3.5325914174318305 15.302728176116942 8.1161987036466581 47.614712953567505 19.567586824297905 3.7951543480157834 6.7949995696544647
leaf_count=66 45 849 32 148 58 36 54 20 94 51 309 111 23 42
internal_value=-0.000144136 -0.0309715 0.014074 0.0638913 0.112993 0.0955192 0.119857 0.0357573 0.063532 0.0173437 -0.0315085 0.173622 0.00257048 0.0597812
internal_weight=306.129 206.647 77.0218 99.4819 24.2962 65.631 50.0492 12.6485 24.4425 15.5817 52.7256 25.6067 33.8509 10.5902
internal_count=1938 1334 485 604 144 391 295 78 148 96 341 147 213 65
is_linear=0
shrinkage=0.05


Tree=2
num_leaves=15
num_cat=0
split_feature=4 17 5 6 23 23 32 5 9 7 34 18 33 5
split_gain=174.242 115.116 102.827 79.6219 68.1642 51.2383 46.8768 22.1058 22.2888 33.9897 21.3932 21.1186 20.4038 18.4795
threshold=9.3350920762659371 0.83636264869201848 1.1820675979715334 0.81614583333332769 9.1853361491895971 2.8571660628971691 1.175 7.6586597545648791 0.74826216568864234 0.0050934995971500009 0.62500000000000011 0.54094230063574089 60.000000000000007 11.301924793251159
decision_type=2 2 2 2 2 2 2 2 2 2 2 2 2 2
left_child=1 2 -1 7 13 6 -4 -2 10 11 12 -10 -9 -5
right_child=3 -3 5 4 -6 -7 -8 8 9 -11 -12 -13 -14 -15
leaf_value=0.15086904905086462 -0.04557470268201097 -0.057690407009227673 -0.029509856687524878 0.18612631714085506 -0.041653771230220515 0.18511472246723298 0.12291778239292091 0.01794522319231337 0.087765089328459722 0.13067591405783882 -0.038527917922051069 -0.062194635044426384 0.11333888276070277 0.061233933187211979
leaf_weight=12.601966336369513 9.3264536410570127 122.91838121414185 55.66091376543045 17.90652413666249 4.8748470544815055 3.3504349440336219 5.5465686321258536 27.563668832182884 4.2948395907878893 12.822532832622526 12.70095758140087 5.1787099540233612 7.0364457368850699 3.548813357949256
leaf_count=67 61 835 363 93 31 17 30 165 26 75 81 33 41 20
internal_value=-0.000246301 -0.0276418 0.0202267 0.0518302 0.127121 -0.00527525 -0.015697 0.0267118 0.0363987 0.0776121 0.0169721 0.0057897 0.0373449 0.165469
internal_weight=305.332 200.078 77.1599 105.254 26.3302 64.5579 61.2075 78.9236 69.5972 22.2961 47.3011 9.47355 34.6001 21.4553
internal_count=1938 1312 477 626 144 410 393 482 421 134 287 59 206 113
is_linear=0
shrinkage=0.05


Tree=3
num_leaves=15
num_cat=0
split_feature=16 27 14 3 6 6 9 6 13 9 18 9 4 20
split_gain=191.012 64.7121 87.7864 98.9169 61.6092 43.1681 32.105 50.0967 20.8544 21.5904 17.5648 18.6572 14.2305 20.6148
threshold=2.1952114967702339 1.0000000180025095e-35 34.583333333333336 4.5150000000000006 0.6712136151108391 0.93903363705683962 0.71659721812665855 0.44844511177842822 1.6491201515213862 0.6668738689453706 -1.2576917073101479 0.71446174896615655 18.054619343599036 0.59702934067840807
decision_type=2 2 2 2 2 2 2 2 2 2 2 2 2 2
left_child=1 -1 -3 -4 8 -6 7 -5 9 -2 11 -10 -12 -14
right_child=4 2 3 6 5 -7 -8 -9 10 -11 12 -13 13 -15
leaf_value=-0.050199455301722512 0.079445347936609831 -0.052597786394504589 0.16570438068061488 0.14360990758346301 0.13308365026930644 -0.01827909800019914 -0.060758236269710691 -0.060496615778503987 0.074055889489566137 -0.027751882950559383 0.11663882315988752 -0.056124721425563989 0.021751713496739482 0.15268137949129501
leaf_weight=129.04864959418774 5.9170758277177837 31.042143642902374 14.110301822423933 6.9431742280721682 29.058832436800003 5.6217732280492774 11.632902309298514 5.3020532727241516 4.6212743520736677 22.782534837722778 10.425788566470148 6.8053097724914551 16.961451843380932 3.6540470272302619
leaf_count=895 35 215 67 40 146 35 80 37 25 142 58 41 102 20
internal_value=-0.000321522 -0.0292975 0.00977753 0.0607473 0.0539028 0.108548 -0.0012749 0.055234 0.0272738 -0.00565074 0.0495241 -0.00347554 0.0690338 0.0449587
internal_weight=303.927 198.079 69.0306 37.9884 105.848 34.6806 23.8781 12.2452 71.1675 28.6996 42.4679 11.4266 31.0413 20.6155
internal_count=1938 1334 439 224 604 181 157 77 423 177 246 66 180 122
is_linear=0
shrinkage=0.05


Tree=4
num_leaves=15
num_cat=0
split_feature=16 17 5 14 6 23 11 17 8 8 1 16 5 34
split_gain=171.136 85.5294 91.9188 78.3394 52.457 48.542 27.1149 20.5693 19.6884 22.5366 23.2999 19.7421 13.7324 12.9461
threshold=2.1952114967702339 0.83636264869201848 1.9219608731404065 34.583333333333336 0.7476157838420614 9.1853361491895971 0.078867398113378659 0.90020765151932747 32.916666666666671 17.916666666666668 43.065000000000005 5.5323229634024012 11.698833820048607 0.54410000000000014
decision_type=2 2 2 2 2 2 2 2 2 2 2 2 2 2
left_child=1 2 3 -1 7 12 -4 8 9 -2 -11 13 -6 -10
right_child=4 -3 6 -5 5 -7 -8 -9 11 10 -12 -13 -14 -15
leaf_value=-0.060878756947559343 0.032729083938046473 -0.055563006979836439 0.078806110280383465 0.13398857054983954 0.14819369910013705 -0.041426483567025767 -0.041246522675406704 -0.023932765997959973 0.03450225656652111 0.054789487668924934 0.19358365123698001 0.094118194691166432 0.057386735911849798 -0.035523776097538047
leaf_weight=6.8674677312374142 16.267270967364315 116.56396727263927 5.2638533711433402 20.713821694254875 21.535964876413352 4.8424338549375525 44.168712615966797 15.448036044836043 11.886348471045496 6.167299419641493 5.9324401468038559 6.2827448695898047 5.161194533109664 14.841431424021719
leaf_count=47 91 849 32 97 98 31 309 97 65 34 31 36 27 94
internal_value=-0.000384154 -0.0285482 0.01234 0.0854685 0.0499266 0.104221 -0.0284627 0.027637 0.0406165 0.071165 0.12284 0.0143652 0.130639 -0.00438188
internal_weight=301.943 193.578 77.0139 27.5813 108.365 31.5396 49.4326 76.8256 61.3775 28.367 12.0997 33.0105 26.6972 26.7278
internal_count=1938 1334 485 144 604 156 341 448 351 156 65 195 125 159
is_linear=0
shrinkage=0.05


Tree=5
num_leaves=15
num_cat=0
split_feature=16 17 17 14 16 34 23 23 17 7 16 9 34 20
split_gain=154.005 80.7769 83.5029 64.6979 45.5808 43.9235 27.5166 31.7216 18.6762 15.6707 18.4094 16.0376 18.4821 15.4024
threshold=2.1952114967702339 0.83636264869201848 0.36964602314921585 39.583333333333336 0.74704072107801645 0.54410000000000014 9.1853361491895971 4.0702695712537471 0.85652118495115226 0.0054332862493668517 5.9620765645434171 0.75341084442868522 0.62500000000000011 1.2962042512354652
decision_type=2 2 2 2 2 2 2 2 2 2 2 2 2 2
left_child=1 2 -1 -4 -5 6 7 8 13 10 -7 12 -11 -2
right_child=5 -3 3 4 -6 9 -8 -9 -10 11 -12 -13 -14 -15
leaf_value=-0.045960631968979565 0.059710195236105712 -0.054866132067256372 -0.034082327753410656 0.13655693442571645 -0.0067843739996100317 -0.041643111349074086 -0.035967298068373968 0.13233298210652353 -0.0090474098723402601 0.093343066487848514 0.087231625227487508 0.13234752729304597 -0.062478100473532576 0.15732463024102905
leaf_weight=34.5393435806036 37.548118531703949 112.25172877311707 12.968233019113539 21.803248926997188 7.4379477053880683 19.971024408936504 5.8862534910440436 18.695513486862183 9.0257799029350263 3.4110966622829419 3.2174847722053519 3.7601154893636703 4.3043172955513 4.5284850001335135
leaf_count=244 197 849 91 98 52 131 39 81 53 18 17 20 27 21
internal_value=-0.000434594 -0.0278377 0.0116938 0.0588716 0.100096 0.0465004 0.0678492 0.0766043 0.0562163 -0.000111658 -0.0237613 0.047677 0.0064127 0.0702159
internal_weight=299.349 189.001 76.7488 42.2094 29.2412 110.348 75.6842 69.7979 51.1024 34.664 23.1885 11.4755 7.71541 42.0766
internal_count=1938 1334 485 241 150 604 391 352 271 213 148 65 45 218
is_linear=0
shrinkage=0.05


Tree=6
num_leaves=15
num_cat=0
split_feature=16 17 17 14 16 6 23 16 16 8 14 23 10 7
split_gain=139.124 76.2969 75.4361 56.5031 43.1157 39.3105 29.1688 16.348 17.6956 17.0513 15.1126 14.9702 14.8085 21.8425
threshold=2.1952114967702339 0.83636264869201848 0.36964602314921585 38.750000000000007 0.74704072107801645 0.69407512604433363 9.1853361491895971 5.5323229634024012 2.5834197286378644 10.41666666666667 78.750000000000014 2.616901460079089 0.0050623937779039003 0.0077519292708854515
decision_type=2 2 2 2 2 2 2 2 2 2 2 2 2 2
left_child=1 2 -1 -4 -5 7 11 8 9 -2 -9 -7 13 -10
right_child=5 -3 3 4 -6 6 -8 10 12 -11 -12 -13 -14 -15
leaf_value=-0.045046911528900731 0.0063161639929848528 -0.054196267102569029 -0.03859787004249024 0.12494657507641937 -0.010076827283685285 0.044394305168841866 -0.029892695053350724 0.14837512199220962 0.0068251030426266044 0.12987541112284301 0.030565412506774928 0.12221370688683267 -0.026647134688591523 0.13084830006298331
leaf_weight=33.504381790757179 5.4409941434860212 108.06350691616535 11.678299576044081 23.116099134087566 7.9441455602645865 8.2962883561849576 4.7819315791130057 4.5478622019290906 22.171944007277492 5.7355862557888031 6.7810630053281784 24.227447167038918 25.678414925932884 4.2268525660037986
leaf_count=244 29 849 85 100 56 42 32 22 130 28 39 103 158 21
internal_value=-0.000474926 -0.0271745 0.011125 0.0551602 0.0904122 0.0435056 0.0854103 0.0225452 0.0126384 0.0697242 0.0778587 0.102363 0.00038685 0.0266831
internal_weight=296.195 184.306 76.2429 42.7385 31.0602 111.888 37.3057 74.5827 63.2538 11.1766 11.3289 32.5237 52.0772 26.3988
internal_count=1938 1334 485 241 156 604 177 427 366 57 61 145 309 151
is_linear=0
shrinkage=0.05


Tree=7
num_leaves=15
num_cat=0
split_feature=11 14 27 3 4 1 8 18 6 8 4 4 23 35
split_gain=108.935 52.2638 57.2061 55.3281 34.0038 25.3312 27.2067 47.389 24.6444 26.7171 22.4355 21.5618 36.3527 20.6197
threshold=1.2145685649919769 38.750000000000007 1.0000000180025095e-35 4.5150000000000006 25.504507907200104 52.905000000000008 29.583333333333339 -0.55711306430115715 0.6712136151108391 12.91666666666667 15.147825206934478 3.3340762504493902 1.8887113489794345 1.0000000180025095e-35
decision_type=2 2 2 2 2 2 2 2 2 2 2 2 2 2
left_child=1 10 4 -4 5 6 7 -3 -2 13 -1 12 -5 -10
right_child=8 2 3 11 -6 -7 -8 -9 9 -11 -12 -13 -14 -15
leaf_value=-0.055276507469307123 0.020811301991008706 -0.039555106765930159 0.10207014826347068 0.11161468076163704 0.089594470136817567 -0.052093922050383518 -0.025366651272412468 0.19787227828495854 -0.053108211198134747 0.10354867074344812 0.024716629648399747 -0.056248786283784137 -0.05893001857872069 0.10280476513830941
leaf_weight=81.382107086479664 31.001267425715923 4.0906684249639511 23.055930703878403 7.2799138873815554 6.3118030130863181 50.563222199678421 19.243869483470917 4.322224438190462 5.6512848138809186 29.68884202837944 9.8234325349330884 11.384972855448721 5.4742920249700546 3.3942552804946899
leaf_count=643 176 26 102 38 34 397 134 25 37 128 55 82 44 17
internal_value=-0.000505187 -0.0175662 0.0025783 0.0466759 -0.0220419 -0.0310502 0.00742274 0.0824261 0.054036 0.0806275 -0.0466607 -0.00623243 0.0384144 0.00539669
internal_weight=292.668 222.932 131.727 47.1951 84.5318 78.22 27.6568 8.41289 69.7356 38.7344 91.2055 24.1392 12.7542 9.04554
internal_count=1938 1580 882 266 616 582 185 51 358 182 698 164 82 54
is_linear=0
shrinkage=0.05


Tree=8
num_leaves=15
num_cat=0
split_feature=16 27 14 3 34 23 23 4 13 9 9 16 13 14
split_gain=114.609 48.7164 56.1921 49.04 32.3152 19.5166 20.812 16.6031 30.3186 12.9333 18.3781 11.3612 10.5525 21.9959
threshold=2.1952114967702339 1.0000000180025095e-35 34.583333333333336 4.9850000000000012 0.54410000000000014 9.1853361491895971 4.0702695712537471 3.3340762504493902 0.17881894158845416 0.66515247765924479 0.75341084442868522 5.7170486921167836 0.16110703216642952 44.583333333333336
decision_type=2 2 2 2 2 2 2 2 2 2 2 2 2 2
left_child=1 12 -3 -4 5 6 -2 8 -5 -6 11 -11 -1 -14
right_child=4 2 3 7 9 -7 -8 -9 -10 10 -12 -13 13 -15
leaf_value=-0.057890977718101679 0.046698345033396427 -0.048687473075003596 0.10028599289837564 -0.058691156787118198 0.073394293853391343 -0.033900344074398937 0.10647071414179238 -0.05927189034282096 0.11816196165044124 -0.049013831570404849 0.058736523553052693 0.05323703003941558 -0.058692972716684201 0.016801673131491088
leaf_weight=70.491437688469887 53.783744663000107 26.062006421387196 20.20122691988945 4.6161809861660021 4.9214910119771949 5.6046826541423789 19.970549374818802 9.3132919371128065 5.1016295701265335 20.056562453508384 6.7202467024326316 3.1422482579946509 21.958470106124878 17.210259854793549
leaf_count=599 271 215 90 38 27 39 81 72 24 134 37 15 175 121
internal_value=-0.000537869 -0.0259701 0.00822246 0.0460277 0.0384245 0.0560477 0.062883 -0.0115667 0.0341527 -0.0017173 -0.0140727 -0.0351641 -0.0463292 -0.0255216
internal_weight=289.154 174.955 65.2943 39.2323 114.2 79.359 73.7543 19.0311 9.71781 34.8405 29.9191 23.1988 109.66 39.1687
internal_count=1938 1334 439 224 604 391 352 134 62 213 186 149 895 296
is_linear=0
shrinkage=0.05


Tree=9
num_leaves=15
num_cat=0
split_feature=16 17 14 11 3 6 23 13 17 9 8 19 9 9
split_gain=104.225 65.6833 64.3377 64.6935 28.7667 28.5484 25.0002 15.069 16.7324 13.1416 11.4012 11.3465 16.5982 9.52692
threshold=2.1952114967702339 0.88949837742916149 38.750000000000007 0.24811517507677397 5.9650000000000007 0.7476157838420614 9.1853361491895971 1.6491201515213862 0.84267816427893494 0.6668738689453706 82.916666666666686 -1.2457239247432657 0.70466701308925805 0.74350784675930914
decision_type=2 2 2 2 2 2 2 2 2 2 2 2 2 2
left_child=1 2 -1 4 -4 7 -7 8 9 -2 11 12 -9 -11
right_child=5 -3 3 -5 -6 6 -8 10 -10 13 -12 -13 -14 -15
leaf_value=-0.050110520743020817 0.094716141099044207 -0.054750815636923605 0.10683739842380587 -0.028521329114108197 -0.036568191243238166 0.090685412174342742 -0.037403082624046895 0.087967726785411038 -0.039782671487170969 -0.044588999583358456 -0.040356747852820438 0.065032355222991139 -0.018335612714080237 0.062162276954844803
leaf_weight=30.262060157954693 5.4018099606037167 89.937259577214718 26.423017583787445 19.643824674189091 4.0304399728775016 29.959971249103546 4.3643926084041587 5.2376386076211956 17.424868494272232 5.5210341513156873 4.3073315620422354 27.198652684688568 12.284660100936888 3.3631141483783722
leaf_count=249 27 793 118 146 28 125 31 24 112 35 27 139 67 17
internal_value=-0.000560035 -0.0253985 0.00745234 0.0422241 0.087858 0.0362014 0.0743988 0.0199627 -0.00689631 0.0332158 0.0373348 0.0448177 0.0134398 -0.00417807
internal_weight=285.36 170.297 80.3593 50.0973 30.4535 115.063 34.3244 80.7391 31.7108 14.286 49.0283 44.721 17.5223 8.88415
internal_count=1938 1334 541 292 146 604 156 448 191 79 257 230 91 52
is_linear=0
shrinkage=0.05


Tree=10
num_leaves=15
num_cat=0
split_feature=16 27 16 29 8 34 8 6 16 5 2 33 19 16
split_gain=94.9878 43.2593 38.6786 31.6503 34.7554 27.199 16.9286 18.3422 17.2133 17.0132 24.7364 18.6958 16.4045 29.278
threshold=2.1952114967702339 1.0000000180025095e-35 0.23842983484556643 14.500000000000002 7.916666666666667 0.54410000000000014 11.250000000000002 0.65745332581773142 3.2051213954782303 13.421027086475441 -2.7807499999999998 66.500000000000014 0.92934259601724378 0.5357689335991801
decision_type=2 2 2 2 2 2 2 2 2 2 2 2 2 2
left_child=1 -1 -3 4 -4 6 8 9 -2 -8 11 -11 -6 -14
right_child=5 2 3 -5 12 -7 7 -9 -10 10 -12 -13 13 -15
leaf_value=-0.044897575899850085 0.051924716713140057 -0.057159351912644263 -0.05810708850274951 -0.048158338578320664 0.099974450248458718 -0.0027157659338301779 -0.033720719658326258 0.091573281727552303 -0.049391564872642783 -0.058979937141825138 0.090588433891296768 0.07723642819212817 -0.058024048956286579 0.11407349783843695
leaf_weight=102.5533979460597 9.173793092370035 16.830229543149471 5.9052411764860144 9.8439643010497075 20.515774138271812 34.852821424603462 6.7398163080215445 28.694373235106468 7.720207378268241 6.4627638906240481 17.830140098929405 4.1279109269380569 5.3341315686702711 4.6047519594430923
leaf_count=895 45 154 51 81 89 213 41 119 51 35 82 18 45 19
internal_value=-0.00058032 -0.0248617 0.00773574 0.0313744 0.0529069 0.0342002 0.0501338 0.0619094 0.00562528 0.0377008 0.054638 -0.0058871 0.0744328 0.0217099
internal_weight=281.189 165.587 63.0341 46.2039 36.3599 115.602 80.749 63.855 16.894 35.1606 28.4208 10.5907 30.4547 9.93888
internal_count=1938 1334 439 285 204 604 391 295 96 176 135 53 153 64
is_linear=0
shrinkage=0.05


Tree=11
num_leaves=15
num_cat=0
split_feature=16 27 5 2 11 0 23 18 16 4 16 5 18 25
split_gain=87.5778 45.2577 52.8361 33.1741 25.909 19.3485 16.0766 16.794 15.1568 13.1134 34.7816 14.5968 12.6226 11.921
threshold=0.23842983484556643 1.0000000180025095e-35 7.6586597545648791 -3.4821499999999994 0.04709854210659576 34.070000000000007 0.37694345010614322 -1.2576917073101479 5.6166987340099181 1.4856299902399106 0.5260715199585424 10.679130053163677 0.87283327655354526 -0.041881837310267393
decision_type=2 2 2 2 2 2 2 2 2 2 2 2 2 2
left_child=-1 2 4 -3 13 9 -4 -8 -9 -5 -11 -12 -13 -2
right_child=1 3 6 5 -6 -7 7 8 -10 10 11 12 -14 -15
leaf_value=-0.056872815706990459 0.1350229388773668 -0.043601767122047594 0.091648144812545809 0.10003590193559164 -0.053024356528649869 -0.036807457682612309 -0.057334739215157152 0.011998533960685939 0.082995837639930972 -0.04863450379495099 0.078462067642953645 0.056501344411570745 -0.021929520424793885 -0.010199456719041714
leaf_weight=55.311519801616669 2.7229696959257126 10.918678462505339 7.7232300192117682 13.607077322900293 51.62924262881279 6.1406442373991004 7.0728452652692786 41.255533315241337 9.1922867447137815 8.4565309658646566 37.940508432686329 13.738940246403219 8.1868859976530057 2.9377353787422171
leaf_count=525 17 79 36 58 458 47 46 247 41 72 178 66 45 23
internal_value=-0.000592249 0.0134603 -0.00685264 0.0386047 -0.0418905 0.0487963 0.0239138 0.0148192 0.0249352 0.0552123 0.0462853 0.0596934 0.027216 0.0596569
internal_weight=276.835 221.523 122.534 98.9893 57.2899 88.0706 65.2439 57.5207 50.4478 81.9299 68.3229 59.8663 21.9258 5.66071
internal_count=1938 1413 868 545 498 466 370 334 288 419 361 289 111 40
is_linear=0
shrinkage=0.05


Tree=12
num_leaves=15
num_cat=0
split_feature=16 27 5 8 11 0 2 23 18 14 11 16 6 9
split_gain=82.1018 40.9572 48.817 36.4662 24.0511 18.7056 18.6113 13.9232 15.3717 13.629 13.5579 13.2845 11.0064 22.712
threshold=0.23842983484556643 1.0000000180025095e-35 7.6586597545648791 11.250000000000002 0.04709854210659576 34.070000000000007 -3.4821499999999994 0.37694345010614322 -1.2576917073101479 16.250000000000004 2.3478342121330358 5.6166987340099181 0.20092653871610242 0.74197795741473782
decision_type=2 2 2 2 2 2 2 2 2 2 2 2 2 2
left_child=-1 2 4 9 -2 6 -5 -4 -9 10 -3 12 -10 -14
right_child=1 3 7 5 -6 -7 -8 8 11 -11 -12 -13 13 -15
leaf_value=-0.056494247126457356 0.054907194615194881 -0.015461425649158559 0.084629929152579719 -0.047655452062539697 -0.052436664424083616 -0.039815020191563813 0.066451950815158201 -0.056349414702427707 -0.026316551451697964 -0.052512788723119611 0.10513150486901422 0.077202406420599848 -0.0075883310497160119 0.083903546578224603
leaf_weight=52.957575350999832 5.831061676144599 7.079921670258047 7.9395646750926963 3.7761714681982985 49.647778131067753 4.9942532405257216 66.569481983780861 6.8425560593605033 13.229922465980051 12.797696426510809 3.4745127856731415 9.3827642649412137 16.991877868771557 11.290161862969397
leaf_count=525 40 45 36 28 458 40 314 46 85 101 17 41 101 61
internal_value=-0.000606479 0.0128559 -0.00662202 0.0367673 -0.0411544 0.0536883 0.0603266 0.0225483 0.0140113 -0.017824 0.0242377 0.023471 0.0113263 0.0289351
internal_weight=272.805 219.848 121.156 98.692 55.4788 75.3399 70.3457 65.6768 57.7373 23.3521 10.5544 50.8947 41.512 28.282
internal_count=1938 1413 868 545 498 382 342 370 334 163 62 288 247 162
is_linear=0
shrinkage=0.05


Tree=13
num_leaves=15
num_cat=0
split_feature=16 27 5 8 29 30 11 9 24 30 20 20 8 3
split_gain=77.0069 37.0212 45.1311 32.6623 29.2104 28.4449 21.2392 14.0938 13.6598 12.4536 11.5628 16.0732 11.5215 11.0283
threshold=0.23842983484556643 1.0000000180025095e-35 8.4298486956790413 11.250000000000002 14.500000000000002 7.5000000000000009 0.04709854210659576 0.74826216568864234 -0.45310190319472415 4.5000000000000009 0.47785406926659241 1.2925806212939588 55.416666666666679 6.7150000000000007
decision_type=2 2 2 2 2 2 2 2 2 2 2 2 2 2
left_child=-1 2 6 9 -5 -6 -2 8 -4 -3 13 -12 -9 -10
right_child=1 3 7 4 5 -7 -8 12 10 -11 11 -13 -14 -15
leaf_value=-0.056138807967702237 0.050544880498805025 0.065070226219747354 0.084653687732553981 0.073221952629289794 0.059118359361662501 -0.04594266377833206 -0.048771268653219825 0.072848201080438407 -0.043694310456384847 -0.033759450884162601 0.083784905542050481 -0.02036427319668066 -0.022932341050331199 0.058601442881853483
leaf_weight=50.685668133199215 6.0126703307032576 3.8256340175867107 4.8399111628532401 49.771336674690247 13.150895155966282 12.630026064813137 51.418555177748203 17.681449890136722 17.949376232922081 19.112024925649166 7.0341428220272046 7.8261114209890366 3.8176378756761542 3.0879861563444129
leaf_count=525 40 20 22 230 61 91 485 81 120 143 32 47 25 16
internal_value=-0.000621565 0.012277 -0.006409 0.034981 0.0508464 0.00764916 -0.0383735 0.0230875 0.00580234 -0.0172762 -0.00482882 0.028935 0.0558403 -0.0286787
internal_weight=268.843 218.158 119.668 98.4899 75.5523 25.7809 57.4312 62.2366 40.7375 22.9377 35.8976 14.8603 21.4991 21.0374
internal_count=1938 1413 868 545 382 152 525 343 237 163 215 79 106 136
is_linear=0
shrinkage=0.05


Tree=14
num_leaves=15
num_cat=0
split_feature=16 27 5 17 0 1 6 17 30 7 1 20 1 17
split_gain=72.301 33.5842 42.024 19.6652 15.7289 11.9595 23.3245 24.3559 11.9248 10.7126 14.2333 13.4983 13.0237 15.06
threshold=0.23842983484556643 1.0000000180025095e-35 7.6586597545648791 0.36964602314921585 34.070000000000007 50.290000000000013 0.69763331776648474 0.48298872341519589 7.5000000000000009 0.0058898376576614004 72.540000000000006 0.47785406926659241 62.675000000000004 0.33316153001521503
decision_type=2 2 2 2 2 2 2 2 2 2 2 2 2 2
left_child=-1 2 -2 8 5 -5 7 -7 -3 11 12 -4 13 -11
right_child=1 3 9 4 -6 6 -8 -9 -10 10 -12 -13 -14 -15
leaf_value=-0.055804840867689179 -0.039728268932672443 0.040715049634401507 -0.014985997067346365 0.091051765299797888 -0.035773117657085199 0.081692179589850727 0.075481846016715315 -0.012543978095508196 -0.046856832404534615 0.075166132930134008 -0.034099207545121711 0.051876179442046068 0.11386608300904422 -0.025801817807839935
leaf_weight=48.49492659419775 52.177807308733463 6.0442537516355541 27.80943513661623 14.210686922073362 5.7912289425730696 9.4213833659887296 26.440281882882118 25.187028340995312 10.894003666937349 9.0183823853731209 4.8183791339397422 10.360748261213301 7.614739015698432 6.2544325441122046
leaf_count=525 498 29 174 60 45 44 119 162 86 44 29 52 33 38
internal_value=-0.00063266 0.0117518 -0.00620861 0.0333899 0.0436296 0.0497397 0.0401232 0.0131098 -0.0156077 0.0203409 0.0440071 0.00316278 0.0604504 0.0338183
internal_weight=264.538 216.043 118.054 97.9889 81.0506 75.2594 61.0487 34.6084 16.9383 65.8761 27.7059 38.1702 22.8876 15.2728
internal_count=1938 1413 868 545 430 385 325 206 115 370 144 226 115 82
is_linear=0
shrinkage=0.05


Tree=15
num_leaves=15
num_cat=0
split_feature=13 6 34 17 12 36 6 3 5 9 14 9 34 5
split_gain=66.4671 30.0134 20.4615 19.1227 18.7952 18.5768 16.4469 14.3594 16.8023 10.5328 13.6389 13.2866 12.694 9.77397
threshold=0.090019893760967959 0.7476157838420614 -0.41664999999999991 0.90020765151932747 0.8439426406012468 1.0000000180025095e-35 0.93903363705683962 8.6000000000000014 1.0681154108164692 0.70272147500188187 1.2500000000000002 0.74919915499995016 0.42499999999999999 15.431011733521361
decision_type=2 2 2 2 2 2 2 2 2 2 2 2 2 2
left_child=4 2 -2 7 5 -1 -3 8 -4 -10 -11 12 -12 -13
right_child=1 6 3 -5 -6 -7 -8 -9 9 10 11 13 -14 -15
leaf_value=0.093397596479483508 -0.045286700420740907 0.074459520354688988 0.080768770392334502 -0.028086789714488469 0.060294994740787158 -0.055373542166229417 -0.02165750537183319 -0.05843957495027572 0.048584442859627208 -0.059676015098199767 0.017667664014355954 0.017386984191605778 -0.04033906135401083 0.073360545310536235
leaf_weight=2.1732694655656806 17.678825780749321 26.712422251701355 11.667418926954268 24.925482161343098 4.0954576432704917 60.85099209100008 5.3404478356242171 5.5483469367027274 21.37456339597702 6.6173860728740683 25.263710983097553 20.398323647677898 15.049961522221563 12.626890167593954
leaf_count=9 169 122 53 208 18 668 35 49 111 57 145 134 104 56
internal_value=-0.000634049 0.0142573 0.00546835 0.0117225 -0.0434987 -0.0502435 0.0584451 0.0200927 0.0239487 0.0174064 0.0090716 0.0152747 -0.00398749 0.038788
internal_weight=260.323 193.204 161.151 143.472 67.1197 63.0243 32.0529 118.547 112.998 101.331 79.9563 73.3389 40.3137 33.0252
internal_count=1938 1243 1086 917 695 677 157 709 660 607 496 439 249 190
is_linear=0
shrinkage=0.05


Tree=16
num_leaves=15
num_cat=0
split_feature=16 27 16 8 29 30 11 35 13 17 35 7 23 20
split_gain=64.0623 28.3627 31.5022 26.0548 23.0329 24.1349 14.1166 11.638 10.3338 11.9307 13.8306 9.28946 8.75678 8.60536
threshold=0.23842983484556643 1.0000000180025095e-35 1.0699902025313508 11.250000000000002 14.500000000000002 7.5000000000000009 0.044563040018879604 1.0000000180025095e-35 2.1860818781492406 0.83636264869201848 1.0000000180025095e-35 0.0036194399932684505 3.2366374580694708 -0.43549210004802358
decision_type=2 2 2 2 2 2 2 2 2 2 2 2 2 2
left_child=-1 2 6 7 -5 -6 -2 -3 13 10 11 -10 -9 -4
right_child=1 3 8 4 5 -7 -8 12 9 -11 -12 -13 -14 -15
leaf_value=-0.05520910109059253 0.041067425509403524 -0.039990292976154862 -0.052228475358644638 0.065268132913895313 0.052568644412205989 -0.044824388956366965 -0.051671168220992471 -0.015939461463656636 -0.029905320943801474 0.11834615382601095 -0.041375098692206999 0.059132698174454837 0.099608440330351447 0.0076705130464799834
leaf_weight=44.450202092528343 4.6271168217062941 15.694359637796881 7.1602029725909224 48.621521405875683 13.481470517814159 12.043730229139328 36.258911207318306 3.4321142882108679 3.5407860130071738 3.8268990591168395 6.2169605419039717 16.965508095920086 3.1396414637565613 36.881717465817928
leaf_count=525 31 120 57 230 61 91 397 28 18 19 38 77 15 231
internal_value=-0.000635658 0.0108127 -0.00590226 0.030833 0.0450766 0.00661502 -0.0411758 -0.0165989 0.0134322 0.0357772 0.0239529 0.0437587 0.0392633 -0.00206768
internal_weight=256.341 211.891 115.478 96.4128 74.1467 25.5252 40.886 22.2661 74.5921 30.5502 26.7233 20.5063 6.57176 44.0419
internal_count=1938 1413 868 545 382 152 428 163 440 152 133 95 43 288
is_linear=0
shrinkage=0.05


Tree=17
num_leaves=15
num_cat=0
split_feature=16 34 6 17 5 6 16 14 5 8 3 16 18 34
split_gain=60.2455 26.5542 20.6264 26.4192 19.7189 15.6401 10.3888 12.3778 11.8513 12.2778 12.2618 10.031 8.76535 16.4779
threshold=0.23842983484556643 -0.41664999999999991 0.81614583333332769 0.9103884794095366 1.0158534852378021 0.93903363705683962 0.51410279546106885 88.750000000000014 2.5581790046786521 32.083333333333336 5.8450000000000006 4.9759834607321904 -0.55711306430115715 0.27205000000000007
decision_type=2 2 2 2 2 2 2 2 2 2 2 2 2 2
left_child=-1 -2 3 4 -3 -4 7 -6 -8 12 -11 -5 13 -10
right_child=1 2 5 11 6 -7 8 -9 9 10 -12 -13 -14 -15
leaf_value=-0.054930173901603929 -0.043055116028670709 0.075398215559721232 0.068825867437312352 -0.042196943472730723 -0.057694298424921742 -0.023308671081174084 0.072587860075657595 0.067477549812265711 0.039838355654301737 0.005879003120507563 -0.061790794416381169 0.044997355181413567 0.050690234762485853 -0.054246196796644698
leaf_weight=42.491607680916786 20.944353044033051 13.855911597609518 26.503661535680294 28.003670342266563 9.5301530510187131 5.5749804601073256 8.8775238618254644 2.491305634379386 13.043968088924887 37.211826846003532 8.1627643108367902 3.7388282045721999 24.554127119481564 7.2350682467222205
leaf_count=525 217 66 125 271 87 37 44 12 63 218 62 20 133 58
internal_value=-0.000640216 0.0103591 0.0162851 0.00880741 0.0191545 0.0528137 0.0121405 -0.0317539 0.0174659 0.0120413 -0.00629461 -0.0319267 0.0305985 0.00627127
internal_weight=252.22 209.728 188.784 156.705 124.963 32.0786 111.107 12.0215 99.0853 90.2078 45.3746 31.7425 44.8332 20.279
internal_count=1938 1413 1196 1034 743 162 677 99 578 534 280 291 254 121
is_linear=0
shrinkage=0.05


Tree=18
num_leaves=15
num_cat=0
split_feature=16 34 6 17 13 6 4 13 13 8 23 20 16 9
split_gain=56.6897 24.4963 18.816 24.1871 21.305 14.2218 13.6031 12.4766 8.52031 9.58367 8.65032 10.7022 9.86111 8.41313
threshold=0.23842983484556643 -0.41664999999999991 0.81614583333332769 0.9103884794095366 1.6199078588007001 0.93903363705683962 1.3603941545095306 1.139862923845768 0.17881894158845416 72.916666666666671 1.6245259142064927 0.078596388675929815 0.56950087100722524 0.70112231766225674
decision_type=2 2 2 2 2 2 2 2 2 2 2 2 2 2
left_child=-1 -2 3 6 -5 -4 7 -3 -8 10 12 -12 -10 -11
right_child=1 2 5 4 -6 -7 8 -9 9 13 11 -13 -14 -15
leaf_value=-0.054667453310599259 -0.042245467842371348 0.082404810142614415 0.065942711393414302 -0.0420737913575586 0.12617665901347772 -0.02242105014177221 -0.041474354686239973 -0.028568126255091492 -0.046342128227016242 0.038685654514851411 0.079186787006818693 0.018503354428258775 0.01754473815216627 -0.052051541723765221
leaf_weight=40.608599431812763 20.29507514834404 13.092490144073965 26.284869581460956 28.940714262425903 2.0123502165079108 5.5076522380113593 7.0054417401552191 3.1403280720114699 6.8365145772695533 3.6023826897144309 12.200461998581888 17.962928846478462 51.84731037914753 8.7832630723714811
leaf_count=525 217 63 125 280 11 37 55 28 63 19 60 103 291 61
internal_value=-0.000641414 0.0099311 0.0155873 0.00841817 -0.0311353 0.0506348 0.0182542 0.0609365 0.011853 0.0155433 0.0212873 0.0430485 0.0101021 -0.0256605
internal_weight=248.12 207.512 187.217 155.424 30.9531 31.7925 124.471 16.2328 108.238 101.233 88.8472 30.1634 58.6838 12.3856
internal_count=1938 1413 1196 1034 291 162 743 91 652 597 517 163 354 80
is_linear=0
shrinkage=0.05


Tree=19
num_leaves=15
num_cat=0
split_feature=16 27 16 8 14 17 11 14 17 15 13 17 35 20
split_gain=53.3623 22.4516 26.5401 22.2694 13.4188 16.0621 12.6687 11.2388 10.1066 8.70398 8.4301 9.73969 11.7597 7.70399
threshold=0.23842983484556643 1.0000000180025095e-35 1.0699902025313508 11.250000000000002 10.41666666666667 0.36964602314921585 0.044563040018879604 16.250000000000004 0.27265926306727778 19.500000000000004 2.1860818781492406 0.83636264869201848 1.0000000180025095e-35 -0.43549210004802358
decision_type=2 2 2 2 2 2 2 2 2 2 2 2 2 2
left_child=-1 2 6 7 -5 -6 -2 8 -3 -7 13 12 -12 -4
right_child=1 3 10 4 5 9 -8 -9 -10 -11 11 -13 -14 -15
leaf_value=-0.054419862520878687 0.037189947042646283 -0.039940749163928271 -0.051352859190726047 -0.031675004718248065 -0.015764314209263355 -0.0048855400945139755 -0.050689315527885692 -0.050974319318247113 0.0611209511519668 0.063318905151178814 0.038766392260259915 0.10451866554257896 -0.040422485851796398 0.0066053923252196115
leaf_weight=38.799391396343708 4.683358632028102 4.100009851157667 6.7869591861963263 5.8207561448216429 8.6979176700115186 5.1407411471009246 32.986024796962738 11.386100903153418 6.2372273132205009 51.932862110435963 20.77569333463908 4.0014538019895545 6.0544588342308989 36.941275410354137
leaf_count=525 31 29 57 43 60 34 397 101 33 245 95 19 38 231
internal_value=-0.000639079 0.00951278 -0.00555554 0.0276352 0.04109 0.0475297 -0.0397635 -0.016707 0.0210373 0.0571756 0.0117271 0.0317495 0.0208967 -0.00239018
internal_weight=244.344 205.545 112.229 93.3156 71.5923 65.7715 37.6694 21.7233 10.3372 57.0736 74.5598 30.8316 26.8302 43.7282
internal_count=1938 1413 868 545 382 339 428 163 62 279 440 152 133 288
is_linear=0
shrinkage=0.05


Tree=20
num_leaves=15
num_cat=0
split_feature=16 34 6 17 11 14 16 23 9 9 23 1 13 20
split_gain=50.2578 21.3159 16.4164 20.9627 18.6104 14.8143 14.0565 12.8026 9.88468 8.77262 7.39415 11.7827 9.78228 11.1528
threshold=0.23842983484556643 -0.41664999999999991 0.81614583333332769 0.91817194939627356 0.078867398113378659 41.250000000000007 4.9759834607321904 9.1853361491895971 0.72559976029253648 0.69807047183703086 3.1095322809998049 69.805000000000021 1.7223123072125064 -0.36767854768650243
decision_type=2 2 2 2 2 2 2 2 2 2 2 2 2 2
left_child=-1 -2 3 4 5 -3 -5 8 -4 -6 12 -12 13 -11
right_child=1 2 7 6 9 -7 -8 -9 -10 10 11 -13 -14 -15
leaf_value=-0.054186417584913209 -0.041119397020914279 -0.021520044881768036 -0.013899619685067897 -0.045128924525356585 0.035232234859394855 0.076046817460515115 0.070278935355814032 -0.035383628121162393 0.072448347370459409 0.020166602383432704 0.071334520296479131 -0.040440079832034521 0.0091593364249490383 -0.048385873587533268
leaf_weight=37.062103278934956 19.123869575560093 4.897733740508559 3.8713934049010339 23.961301334202293 21.590704530477524 18.920147716999054 2.9649023264646521 4.0447813048958769 23.034334048628807 8.3031507954001444 7.725954242050646 3.3933015912771225 40.65705781430006 20.784994997084141
leaf_count=525 217 37 23 255 111 93 15 31 108 62 41 20 224 176
internal_value=-0.00063905 0.00912404 0.0143418 0.00763169 0.0161725 0.0559839 -0.0324211 0.0475556 0.060024 0.00691745 -0.00064256 0.0372239 -0.00667949 -0.0288177
internal_weight=240.336 203.274 184.15 153.199 126.273 23.8179 26.9262 30.9505 26.9057 102.455 80.8645 11.1193 69.7452 29.0881
internal_count=1938 1413 1196 1034 764 130 270 162 131 634 523 61 462 238
is_linear=0
shrinkage=0.05


Tree=21
num_leaves=15
num_cat=0
split_feature=16 30 33 11 9 8 13 23 1 17 17 4 23 8
split_gain=47.3569 19.1565 16.6724 24.8338 13.1961 10.2037 10.4328 9.60193 10.8286 10.3163 9.42329 11.9276 8.05383 11.7272
threshold=0.23842983484556643 9.0000000000000018 41.500000000000007 0.076511890954655715 0.72559976029253648 82.916666666666686 1.3252481335140762 0.86348505731087055 53.015000000000008 0.69908961262941893 0.76046847219732361 35.74999662864932 3.1095322809998049 12.91666666666667
decision_type=2 2 2 2 2 2 2 2 2 2 2 2 2 2
left_child=-1 2 3 7 -3 6 10 -2 -9 -10 -4 -12 -5 -14
right_child=1 4 5 12 -6 -7 -8 8 9 -11 11 -13 13 -15
leaf_value=-0.05396620376014083 -0.042179890304047923 -0.027577554213376144 0.059840357720957721 -0.033197018463309497 0.06316879807576678 -0.038589869520806341 0.040648522894684062 0.079061683556564621 0.078891888046009717 -0.043032345934464346 -0.045832994549561745 0.038280382351754773 -0.036115416147679449 0.04709708978291767
leaf_weight=35.39478438347578 3.4008828997612026 4.8548335805535343 5.0916113406419781 59.330207087099552 22.917218424379826 6.6658594682812682 44.041425406932831 11.672852635383608 2.74812127649784 4.7058073878288269 12.250630713999273 6.4251485615968695 8.3868412896990794 8.5509403496980649
leaf_count=525 31 31 24 601 117 44 208 59 12 46 82 32 74 52
internal_value=-0.000635425 0.0087538 0.00257468 -0.0108914 0.0473054 0.0204384 0.0262411 0.0352335 0.0489982 0.00191879 -0.000456176 -0.0168949 -0.0245156 0.00589393
internal_weight=236.437 201.042 173.27 98.7957 27.7721 74.4747 67.8088 22.5277 19.1268 7.45393 23.7674 18.6758 76.268 16.9378
internal_count=1938 1413 1265 875 148 390 346 148 117 58 138 114 727 126
is_linear=0
shrinkage=0.05


Tree=22
num_leaves=15
num_cat=0
split_feature=13 6 25 14 11 3 11 1 6 17 18 2 9 7
split_gain=45.0219 19.3837 14.2542 11.1924 16.2187 15.8808 12.7903 21.8189 11.015 10.6214 27.1834 10.0889 9.99079 9.80658
threshold=0.090019893760967959 0.7476157838420614 3.6350749237073372 47.916666666666679 0.8758132039924541 5.495000000000001 0.29515504141307664 53.015000000000008 0.92857142857147323 0.66036682067517261 -0.24592281764858112 0.80670000000000008 0.696480799775688 0.01027004370512795
decision_type=2 2 2 2 2 2 2 2 2 2 2 2 2 2
left_child=2 3 11 4 9 -6 7 -5 -3 10 -2 -1 -7 -14
right_child=1 8 -4 6 5 12 -8 -9 -10 -11 -12 -13 13 -15
leaf_value=0.050334714521383328 -0.04917970948754969 0.068047411844942618 0.056879180658779165 0.07361117328159611 -0.062290809597120633 0.11365574893295374 0.00079806810923940959 -0.010703022740433353 0.001025483777751957 -0.053508225254837533 0.057981441302313197 -0.053973587152750024 -0.009096836784131623 0.086459947121001857
leaf_weight=2.4413916841149321 14.474462017416956 20.752823166549209 3.4224453866481772 19.669423274695873 4.0714202299714115 4.2837536260485676 53.091697469353676 12.581019349396227 8.7005580291151983 21.533105500042439 10.010893873870371 45.93421770259738 7.6394570767879468 4.1399580389261246
leaf_count=16 149 101 16 104 29 19 327 111 56 230 56 663 42 19
internal_value=-0.000631046 0.0111347 -0.0417329 0.003919 -0.0115172 0.025911 0.0158844 0.0407199 0.0482491 -0.0278932 -0.00536663 -0.0487094 0.0482669 0.0244873
internal_weight=232.747 180.949 51.7981 151.495 66.1531 20.1346 85.3421 32.2504 29.4534 46.0185 24.4854 48.3756 16.0632 11.7794
internal_count=1938 1243 695 1086 544 109 542 215 157 435 205 679 80 61
is_linear=0
shrinkage=0.05


Tree=23
num_leaves=15
num_cat=0
split_feature=16 34 6 17 5 13 6 16 13 11 18 11 21 4
split_gain=42.3001 17.9238 13.4758 16.8176 15.5522 14.4326 11.2497 10.2575 7.79561 13.295 15.5446 10.8863 7.29287 5.94247
threshold=0.23842983484556643 -0.41664999999999991 0.81614583333332769 0.91817194939627356 1.0158534852378021 1.6199078588007001 0.93903363705683962 5.8288622260237952 0.60311404348864384 0.28510810893309385 -0.55711306430115715 0.78125855700438973 2.3290598290594917 5.1507369167864159
decision_type=2 2 2 2 2 2 2 2 2 2 2 2 2 2
left_child=-1 -2 3 4 -3 7 -4 -5 12 10 -10 -11 -6 -12
right_child=1 2 6 5 8 -7 -8 -9 9 11 13 -13 -14 -15
leaf_value=-0.053585154828227059 -0.039872347275135604 0.065559030835362048 0.05827577169450944 -0.051864399880255263 0.028984651488075282 0.10078947000905816 -0.022019147264830435 0.065967542033042406 -0.026015689418455071 -0.026069339448183515 0.090478784007033297 0.016350499836955804 -0.043745224715409224 0.036272016157692315
leaf_weight=32.375763855874538 17.719128347933292 13.217816546559332 24.127560742199424 21.116555452346809 4.8177222013473537 1.9291215538978566 5.3249197676777831 2.0239881575107566 6.1100805476307896 22.797851964831352 10.736733034253122 44.936437353491783 12.112488590180872 9.555664546787737
leaf_count=525 217 72 125 250 26 10 37 10 55 169 52 226 109 55
internal_value=-0.000629014 0.008095 0.0128484 0.00675292 0.0142883 -0.0306045 0.0437587 -0.0415582 0.00818674 0.0138044 0.0439009 0.00207293 -0.0230489 0.0649529
internal_weight=228.902 196.526 178.807 149.354 124.285 25.0697 29.4525 23.1405 111.067 94.1368 26.4025 67.7343 16.9302 20.2924
internal_count=1938 1413 1196 1034 764 270 162 260 692 557 162 395 135 107
is_linear=0
shrinkage=0.05


Tree=24
num_leaves=15
num_cat=0
split_feature=13 6 34 12 36 23 17 13 11 14 11 16 3 8
split_gain=40.0174 16.594 11.6427 11.3591 11.7683 10.2637 9.81656 13.1659 8.6542 21.5941 11.0046 8.41237 7.10923 7.44365
threshold=0.090019893760967959 0.7476157838420614 -0.41664999999999991 0.8439426406012468 1.0000000180025095e-35 9.1853361491895971 0.91817194939627356 1.6199078588007001 0.28510810893309385 38.750000000000007 0.78125855700438973 0.5260715199585424 5.035000000000001 14.583333333333334
decision_type=2 2 2 2 2 2 2 2 2 2 2 2 2 2
left_child=3 2 -2 4 -1 -3 8 -8 9 11 -10 -4 -12 -14
right_child=1 5 6 -5 -6 -7 7 -9 10 -11 12 -13 13 -15
leaf_value=0.074991509394099307 -0.04027846494833668 0.056601110084311783 -0.055592348488552407 0.044391813350023603 -0.053507502919266675 -0.032510709376517635 -0.044248645874183132 0.092930942678002768 -0.025114306262322129 0.052370428417217146 -0.0022144807417932926 0.023927744605218276 0.0031344745387354052 0.06086389780720089
leaf_weight=1.8598797023296345 13.719977617263792 25.041076727211479 8.0031258426606637 3.5874349325895301 42.435389090329409 3.7099859714508048 14.65814980491996 1.9860749095678318 24.252188414335251 32.322206545621157 24.963938988745213 5.6907969191670409 9.696660593152048 13.164740510284899
leaf_count=9 169 127 97 18 668 30 159 10 184 183 133 40 52 59
internal_value=-0.000624301 0.0103345 0.00360116 -0.0411815 -0.0481121 0.0451023 0.0080693 -0.0278797 0.013136 0.030076 0.00232101 -0.0225461 0.0162334 0.036378
internal_weight=225.092 177.209 148.458 47.8827 44.2953 28.7511 134.738 16.6442 118.094 46.0161 72.0775 13.6939 47.8253 22.8614
internal_count=1938 1243 1086 695 677 157 917 169 748 320 428 137 244 111
is_linear=0
shrinkage=0.05


Tree=25
num_leaves=15
num_cat=0
split_feature=16 27 5 8 11 29 30 14 1 14 17 7 14 1
split_gain=37.8629 15.3522 23.295 15.744 15.3893 14.6764 17.778 17.4953 13.8077 8.93223 8.78157 6.8443 9.37236 10.4757
threshold=0.23842983484556643 1.0000000180025095e-35 7.6586597545648791 11.250000000000002 0.063338995932980466 14.500000000000002 7.5000000000000009 34.583333333333336 53.015000000000008 16.250000000000004 0.27265926306727778 0.0058898376576614004 68.750000000000014 72.540000000000006
decision_type=2 2 2 2 2 2 2 2 2 2 2 2 2 2
left_child=-1 2 4 9 8 7 -7 -5 -2 10 -3 -4 13 -13
right_child=1 3 11 5 -6 6 -8 -9 -10 -11 -12 12 -14 -15
leaf_value=-0.053255694695338043 0.07763182423601972 -0.040243930771319929 -0.00069043909328572468 -0.05659007922278661 -0.050448655376738073 0.042140511528333244 -0.043213863423137336 0.063198045853506982 -0.056585613280024011 -0.048896578513441889 0.05437025435563702 0.032409356666226873 0.088630140848119918 -0.060979188123603201
leaf_weight=29.599183473736048 5.0304177179932577 4.0244229808449763 37.492322787642479 3.3171268925070754 32.408765766769648 13.916048482060432 10.862578622996807 37.588875092566013 3.0952815562486649 10.015633493661879 6.2785147726535797 18.363186687231071 5.7942227497696868 3.589930646121501
leaf_count=525 27 29 226 33 436 61 91 197 35 101 33 94 25 25
internal_value=-0.000621245 0.00750243 -0.00525386 0.0231912 -0.0350222 0.0350895 0.00472243 0.0534843 0.0265051 -0.0152729 0.0174131 0.0132417 0.0320669 0.0171378
internal_weight=221.377 191.777 105.774 86.0032 40.5345 65.6846 24.7786 40.906 8.1257 20.3186 10.3029 65.2397 27.7473 21.9531
internal_count=1938 1413 868 545 498 382 152 230 62 163 62 370 144 119
is_linear=0
shrinkage=0.05


Tree=26
num_leaves=15
num_cat=0
split_feature=16 34 6 18 2 16 13 5 6 5 34 9 34 7
split_gain=35.7479 14.4364 11.1118 13.2652 15.3263 12.0989 10.1862 16.636 9.63573 9.34748 9.09532 9.23089 8.89916 9.26733
threshold=0.23842983484556643 -0.41664999999999991 0.81614583333332769 0.49383143813132624 -3.0024999999999995 0.5260715199585424 1.139862923845768 26.204345918125703 0.93903363705683962 2.2550215506899591 0.54410000000000014 0.74826216568864234 0.27205000000000007 0.0054332862493668517
decision_type=2 2 2 2 2 2 2 2 2 2 2 2 2 2
left_child=-1 -2 3 4 6 -5 -3 -8 -4 -7 -6 -12 -11 -14
right_child=1 2 8 5 10 9 7 -9 -10 12 11 -13 13 -15
leaf_value=-0.053087558301802854 -0.038001748370401441 0.08450417324524942 0.054322507541865329 -0.046647333846344841 0.053024051583839174 0.062349712348658083 -0.050813600556185445 0.024023054657068693 -0.021538613735412562 -0.045796965347311987 -0.032335338795547473 0.06407007135091862 -0.01837538269852022 0.032726497242422124
leaf_weight=28.242534045130014 16.13728729262948 2.8575064465403548 22.742982298135761 16.986076269298792 32.46315211057663 5.7059318274259558 15.233446583151819 14.489520385861395 5.1300681307911864 10.557792223989962 7.2875097543001157 3.7662831768393517 18.234724059700966 17.278959311544895
leaf_count=525 217 18 125 239 167 32 138 67 37 88 49 23 118 95
internal_value=-0.000621014 0.00722448 0.0114496 0.00588689 0.0202698 -0.01003 -0.00566329 -0.0143318 0.0403602 0.00198268 0.0396855 0.000512216 -0.00549375 0.00648792
internal_weight=217.114 188.871 172.734 144.861 76.0974 68.7635 32.5805 29.723 27.8731 51.7774 43.5169 11.0538 46.0715 35.5137
internal_count=1938 1413 1196 1034 462 572 223 205 162 333 239 72 301 213
is_linear=0
shrinkage=0.05


Tree=27
num_leaves=15
num_cat=0
split_feature=16 27 5 8 29 14 30 1 14 17 23 18 4 4
split_gain=33.7498 13.4201 20.7976 13.8802 13.4916 15.638 15.4354 9.02143 8.19287 7.49149 6.34501 12.0406 9.04398 10.1356
threshold=0.23842983484556643 1.0000000180025095e-35 7.6586597545648791 11.250000000000002 14.500000000000002 34.583333333333336 7.5000000000000009 28.910000000000004 16.250000000000004 0.27265926306727778 0.37694345010614322 -1.1375476330469421 19.261956282334403 25.504507907200104
decision_type=2 2 2 2 2 2 2 2 2 2 2 2 2 2
left_child=-1 2 7 8 5 -5 -6 -2 9 -3 -4 -12 -13 -14
right_child=1 3 10 4 6 -7 -8 -9 -10 -11 11 12 13 -15
leaf_value=-0.052928568503885158 0.061009600444940748 -0.03864439525547602 0.052376236713562431 -0.056088873725734435 0.038401841888106365 0.060912238617288866 -0.042031454886413841 -0.04042338004576513 -0.048078536958583599 0.049649127677869914 -0.050657388276898731 0.055689506516418498 -0.034250188026390509 0.021500531987458715
leaf_weight=26.943789072334766 2.3339196890592566 3.8555876016616839 8.5146996676921827 3.1032604798674575 14.012544125318527 35.827534072101116 10.385418258607388 36.070430018007755 9.5194254443049413 6.3742451667785645 8.024602569639681 10.847715690732 11.918374128639696 25.801212579011917
leaf_count=525 17 29 36 33 61 197 91 481 101 33 56 57 87 134
internal_value=-0.000618288 0.00693541 -0.0050777 0.0219031 0.0333161 0.0515858 0.00416401 -0.0342591 -0.0146943 0.0163716 0.0121355 0.00608094 0.0154556 0.00388481
internal_weight=213.533 186.589 103.511 83.078 63.3288 38.9308 24.398 38.4043 19.7493 10.2298 65.1066 56.5919 48.5673 37.7196
internal_count=1938 1413 868 545 382 230 152 498 163 62 370 334 278 221
is_linear=0
shrinkage=0.05


Tree=28
num_leaves=15
num_cat=0
split_feature=13 14 11 7 1 12 36 11 1 14 14 20 5 1
split_gain=32.1695 11.9011 14.3776 9.81556 10.0867 9.06797 9.85014 8.90369 12.7522 9.39418 8.04776 11.9172 8.12284 8.98233
threshold=0.090019893760967959 47.916666666666679 1.2385604137725899 0.013922430735135351 74.465000000000018 0.8439426406012468 1.0000000180025095e-35 0.29515504141307664 53.015000000000008 63.750000000000007 79.583333333333343 0.82468455312041633 15.137728908565757 46.905000000000008
decision_type=2 2 2 2 2 2 2 2 2 2 2 2 2 2
left_child=5 2 -2 4 7 6 -1 8 -3 -10 12 -12 -9 -14
right_child=1 3 -4 -5 -6 -7 -8 10 9 -11 11 -13 13 -15
leaf_value=0.070802576290654659 -0.020567630430580779 0.064134463921033169 0.036950795774347282 -0.047974033816197623 0.062386136017585248 0.038839402102624196 -0.052882662475817466 -0.0066364697382663533 0.067838161016032739 -0.033886528887329473 -0.037409748995639348 0.045447546582643016 0.017498858410974472 0.091466456698816048
leaf_weight=1.685147389769553 49.764521420001984 18.458573818206791 13.898995421826838 5.1418065130710593 13.896822929382322 3.321312688291072 35.956761047244072 14.747027017176149 3.2139526009559614 7.7240335494279861 17.942571267485622 5.724090799689292 11.725460670888426 6.3147826939821234
leaf_count=9 494 104 71 51 78 18 668 104 17 85 126 31 55 27
internal_value=-0.000615227 0.00904334 -0.00801023 0.0193942 0.0228669 -0.0403576 -0.0473455 0.0164698 0.0387841 -0.00399635 0.00485039 -0.0173696 0.0208894 0.0433904
internal_weight=209.516 168.553 63.6635 104.889 99.7473 40.9632 37.6419 85.8505 29.3966 10.938 56.4539 23.6667 32.7873 18.0402
internal_count=1938 1243 565 678 627 695 677 549 206 102 343 157 186 82
is_linear=0
shrinkage=0.05


Tree=29
num_leaves=15
num_cat=0
split_feature=16 34 6 17 13 5 6 8 13 19 20 24 2 12
split_gain=30.3131 12.1211 9.30528 11.1296 12.9504 10.1016 8.41991 6.14017 6.39219 6.51004 10.6946 6.42058 10.359 6.14102
threshold=0.23842983484556643 -0.41664999999999991 0.81614583333332769 0.9103884794095366 1.6199078588007001 1.0158534852378021 0.92857142857147323 82.916666666666686 0.17881894158845416 -1.2457239247432657 -1.8577835730592585 -0.096634185001621228 -3.3953999999999995 0.45451755790388354
decision_type=2 2 2 2 2 2 2 2 2 2 2 2 2 2
left_child=-1 -2 3 5 -5 -3 -4 8 -7 10 -10 12 13 -11
right_child=1 2 6 4 -6 7 -8 -9 9 11 -12 -13 -14 -15
leaf_value=-0.052656591397023993 -0.036705654976172515 0.05751478384559168 0.057089704306055693 -0.037028847854773804 0.089042797059353834 -0.04477670916963393 -0.003572044380453436 -0.037120607266310106 0.059923570249750147 -0.042655492393349453 -0.024989608645108199 0.012998457167381006 0.087892614808584207 0.052487950987909066
leaf_weight=24.630639795213938 14.930264305323361 10.888761311769484 17.839847058057789 22.192390218377117 2.2428596317768088 5.0091699734330168 8.4201941788196546 7.3592646345496169 4.5666398331522968 3.4327098131179801 19.724050138145685 53.456643100827939 8.1899007409810931 3.3522029295563698
leaf_count=525 217 66 104 280 11 44 58 55 22 30 142 330 38 16
internal_value=-0.000605566 0.00645399 0.0103201 0.00521105 -0.025457 0.0116724 0.0376387 0.00692251 0.010239 0.0132111 -0.00902597 0.0211045 0.0500412 0.00435176
internal_weight=206.236 181.605 166.675 140.415 24.4352 115.979 26.26 105.091 97.7313 92.7221 24.2907 68.4315 14.9748 6.78491
internal_count=1938 1413 1196 1034 291 743 162 677 622 578 164 414 84 46
is_linear=0
shrinkage=0.05


Tree=30
num_leaves=15
num_cat=0
split_feature=13 14 9 9 13 23 2 12 36 35 1 33 8 14
split_gain=28.7541 10.3807 13.5563 10.3681 10.1822 17.1371 9.52973 8.26065 8.88841 7.66787 12.3499 7.8644 9.49961 7.6394
threshold=0.090019893760967959 47.916666666666679 0.6668738689453706 0.76983803118490501 0.8243130695711397 1.4699684156895556 10.357200000000001 0.8439426406012468 1.0000000180025095e-35 1.0000000180025095e-35 38.500000000000007 49.000000000000007 67.083333333333343 62.083333333333343
decision_type=2 2 2 2 2 2 2 2 2 2 2 2 2 2
left_child=7 2 -2 6 -4 -6 9 8 -1 10 13 12 -11 -3
right_child=1 3 4 -5 5 -7 -8 -9 -10 11 -12 -13 -14 -15
leaf_value=0.068586506968620328 0.062853890919989427 0.066497926231127436 -0.049512774261078016 -0.049950966112155458 -0.02474424673434952 0.044273207542809591 -0.057614405200042552 0.036927325380828421 -0.052567080187580176 -0.0014664787546795172 0.044610670069458846 -0.039662680677218676 0.094721608790167777 -0.019479073051805497
leaf_weight=1.5865480005741108 6.1518751569092265 3.1584569513797787 15.707966551184652 5.295525111258029 27.465838126838207 13.373470939695833 3.6288982331752768 3.2014969661831847 33.052443839609623 10.463653750717642 54.382137972861528 8.1912210211157781 3.4012297242879859 14.196824885904787
leaf_count=9 38 14 217 51 232 78 35 18 668 65 344 59 15 95
internal_value=-0.000596205 0.00839846 -0.00763345 0.0181844 -0.0153019 -0.0021434 0.0218879 -0.0399158 -0.047018 0.0249639 0.032891 -0.000818846 0.0221297 -0.00383227
internal_weight=203.258 165.417 62.6992 102.718 56.5473 40.8393 97.4224 37.8405 34.639 93.7935 71.7374 22.0561 13.8649 17.3553
internal_count=1938 1243 565 678 527 310 627 695 677 592 453 139 80 109
is_linear=0
shrinkage=0.05


Tree=31
num_leaves=15
num_cat=0
split_feature=16 30 3 33 11 14 34 14 17 23 3 11 33 21
split_gain=27.1562 10.7915 11.8169 10.0785 14.8339 11.5203 9.02598 8.2127 6.11621 5.49971 13.3636 5.11091 5.96082 9.35219
threshold=0.23842983484556643 9.0000000000000018 4.6750000000000007 41.500000000000007 0.076511890954655715 39.583333333333336 0.92500000000000016 74.583333333333357 0.88949837742916149 3.1095322809998049 5.1650000000000009 0.38637597063853857 70.000000000000014 0.36686346149186
decision_type=2 2 2 2 2 2 2 2 2 2 2 2 2 2
left_child=-1 3 7 4 5 -2 11 -3 -7 -6 -11 -5 13 -13
right_child=1 2 -4 6 9 8 -8 -9 -10 10 -12 12 -14 -15
leaf_value=-0.052405267927983418 -0.055505858399629543 -0.061706393520277181 0.061047102084065989 0.054001568689364246 -0.030566011339287394 0.062192943637518351 -0.035997767676805875 0.044584762578502274 -0.014672442807782911 0.049761514576106565 -0.049142522663602445 0.045785342101840709 0.048744446545634285 -0.0067382031927308381
leaf_weight=22.452650804072618 3.4062495790421989 4.1503202021122005 16.349437914788723 9.8475998789072019 48.775359977036715 12.29099518060684 7.8318228945136061 3.23294647783041 3.2782394364476195 7.57869705557823 6.2170558385550976 11.428171306848524 10.497833244502543 32.798146195709705
leaf_count=525 42 29 102 47 601 69 58 17 37 58 68 57 50 178
internal_value=-0.000593186 0.00595398 0.0373377 0.00111591 -0.0109387 0.0277857 0.0146928 -0.0151642 0.0460083 -0.0226824 0.00519041 0.020841 0.0148737 0.00683399
internal_weight=200.136 177.683 23.7327 153.95 81.5466 18.9755 72.4036 7.38327 15.5692 62.5711 13.7958 64.5718 54.7242 44.2263
internal_count=1938 1413 148 1265 875 148 390 46 106 727 126 332 285 235
is_linear=0
shrinkage=0.05


Tree=32
num_leaves=15
num_cat=0
split_feature=16 34 6 4 16 11 2 5 5 11 6 5 5 9
split_gain=25.6788 10.1775 8.17427 10.8064 10.8082 12.5925 8.66084 8.13587 8.39123 10.4333 7.26602 5.52332 6.19956 7.49623
threshold=0.23842983484556643 -0.41664999999999991 0.81614583333332769 1.3603941545095306 0.51410279546106885 0.018209977728906254 -3.4821499999999994 2.5581790046786521 8.097298184799202 0.06533081473741191 0.93903363705683962 10.679130053163677 14.972558197522257 0.74826216568864234
decision_type=2 2 2 2 2 2 2 2 2 2 2 2 2 2
left_child=-1 -2 3 6 5 -5 -3 -6 9 -9 -4 -10 -13 -14
right_child=1 2 10 4 7 -7 -8 8 11 -11 -12 12 13 -15
leaf_value=-0.052282965217609736 -0.035380490977279404 -0.041820529341061952 0.048952376491132106 0.075823753366168367 0.056864259539719991 -0.04949932514089183 0.069346193984343454 0.071865117041494606 0.042968657346922984 -0.047696498311576151 -0.019801927372871141 -0.02232656812775119 0.00037984951058658227 0.04099499809459925
leaf_weight=21.406320415437222 13.867037262767552 2.1281057111918917 19.960630416870121 2.2761148065328625 7.4143412373960009 16.792447458952665 9.9153935015201551 2.1144576705992213 10.377958767116068 13.31281767785549 4.7588510736823073 17.120651811361313 39.359800770878792 15.970430888235567
leaf_count=525 217 27 125 11 46 273 64 11 60 140 37 113 213 76
internal_value=-0.000584552 0.00572598 0.00925551 0.0044735 0.00010663 -0.0345402 0.0497029 0.00635875 0.00254764 -0.0313094 0.0357162 0.00885368 0.00396701 0.0121029
internal_weight=196.775 175.369 161.502 136.783 124.739 19.0686 12.0435 105.67 98.2561 15.4273 24.7195 82.8288 72.4509 55.3302
internal_count=1938 1413 1196 1034 943 284 91 659 613 151 162 462 402 289
is_linear=0
shrinkage=0.05


Tree=33
num_leaves=15
num_cat=0
split_feature=13 6 25 36 6 9 19 25 17 14 7 35 5 9
split_gain=24.6819 10.8687 8.45666 7.7165 7.02829 6.88184 9.59321 9.12351 9.20218 8.68495 8.42562 12.5932 9.0562 8.1368
threshold=0.090019893760967959 0.7476157838420614 3.6350749237073372 1.0000000180025095e-35 0.92857142857147323 0.70272147500188187 -1.9828984276576294 -1.6694210452653053 0.10270539595964702 46.25 0.0076966607241339005 1.0000000180025095e-35 28.537293049958091 0.76983803118490501
decision_type=2 2 2 2 2 2 2 2 2 2 2 2 2 2
left_child=2 5 3 -1 -3 7 -7 -2 -9 10 -8 12 -12 -11
right_child=1 4 -4 -5 -6 6 9 8 -10 13 11 -13 -14 -15
leaf_value=0.066452809556901027 0.086472232008646732 0.056490493569863069 0.04480484828601803 -0.052373783155343148 -0.0011467366218503056 -0.06455163117051968 -0.034749462126077484 -0.064356396120176268 0.023310421976245853 0.017599488492945899 -0.057002955110459566 0.070971328547571641 0.067485683594835894 -0.048770841733915257
leaf_weight=1.4324671626091028 4.7917774170637157 16.747764095664028 2.7370478212833396 29.559975385665894 7.7304975017905226 6.1451529152691355 26.27868327870965 3.4738224782049683 21.642958130687475 54.281964659690857 6.0165362134575826 5.6297865621745586 1.9294172972440717 5.0472985841333857
leaf_count=9 21 101 16 670 56 62 268 33 155 366 85 35 8 53
internal_value=-0.000577394 0.00763012 -0.0394415 -0.0468816 0.038288 0.00208097 -0.00392936 0.0232475 0.0111855 -0.000173367 -0.0182256 0.0137599 -0.0267749 0.0119532
internal_weight=193.445 159.716 33.7295 30.9924 24.4783 135.237 105.329 29.9086 25.1168 99.1837 39.8544 13.5757 7.94595 59.3293
internal_count=1938 1243 695 679 157 1086 877 209 188 815 396 128 93 419
is_linear=0
shrinkage=0.05


Tree=34
num_leaves=15
num_cat=0
split_feature=13 6 25 36 6 34 9 19 24 18 13 17 11 33
split_gain=23.1762 9.99326 7.98799 7.29446 6.57304 6.46079 6.27794 8.79323 7.87399 6.90706 6.36342 6.19379 8.37733 6.31487
threshold=0.090019893760967959 0.7476157838420614 3.6350749237073372 1.0000000180025095e-35 0.92857142857147323 -0.41664999999999991 0.70272147500188187 -1.9828984276576294 0.34558287087381306 0.55249052660175602 1.7223123072125064 0.60419883670331676 2.1163111543392037 66.500000000000014
decision_type=2 2 2 2 2 2 2 2 2 2 2 2 2 2
left_child=2 5 3 -1 -3 -2 8 -8 -7 -9 11 -11 -13 -14
right_child=1 4 -4 -5 -6 6 7 9 -10 10 -12 12 13 -15
leaf_value=0.065547371346648939 -0.035498237157243387 0.054844215481200553 0.043371120768125493 -0.052144182764723004 -0.0010897972683827967 0.040162750366277589 -0.066312549667405477 0.014428247249367726 -0.028267501220232357 0.025555979058903236 0.023339536852119799 -0.052996189908539826 -0.033338121218010663 0.062233034812527205
leaf_weight=1.3809481114149118 10.594379462301729 16.396986261010174 2.6874307841062537 28.23902078345418 7.7277461141347876 21.373093232512478 4.8527028486132613 53.338416136801243 5.233020953834056 5.1315260529518154 9.0966267287731153 17.774495802819732 3.6598149985074988 3.275219164788723
leaf_count=9 169 101 16 670 56 122 42 376 44 37 50 200 30 16
internal_value=-0.00057192 0.00729755 -0.0391683 -0.0466571 0.0369272 0.00197625 0.00518487 -0.000709657 0.0267036 0.00274033 -0.0132703 -0.0244302 -0.0348111 0.0117974
internal_weight=190.761 158.454 32.3074 29.62 24.1247 134.329 123.735 97.1288 26.6061 92.2761 38.9377 29.8411 24.7095 6.93503
internal_count=1938 1243 695 679 157 1086 917 751 166 709 333 283 246 46
is_linear=0
shrinkage=0.05


Tree=35
num_leaves=15
num_cat=0
split_feature=16 27 5 11 1 17 8 14 29 30 14 9 1 1
split_gain=22.0452 8.81536 14.0201 10.3358 10.1003 9.53858 9.25341 7.92851 6.92976 12.7255 8.15963 6.5045 6.83129 11.2105
threshold=0.23842983484556643 1.0000000180025095e-35 8.4298486956790413 0.063338995932980466 53.015000000000008 0.10270539595964702 11.250000000000002 16.250000000000004 14.500000000000002 7.5000000000000009 38.750000000000007 0.74826216568864234 72.280000000000015 62.345000000000006
decision_type=2 2 2 2 2 2 2 2 2 2 2 2 2 2
left_child=-1 2 3 4 -2 -3 7 -7 10 -10 -8 12 13 -4
right_child=1 5 11 -5 -6 6 8 -9 9 -11 -12 -13 -14 -15
leaf_value=-0.052000533196796497 0.063535606379220441 -0.046647829959419088 -0.011843581037997737 -0.043542813801328795 -0.056485960308650253 0.02592110136876536 -0.029609438766796316 -0.04574176225014704 0.042126554212763928 -0.037907162175823003 0.056056965595718024 0.032448283328045002 -0.064075684805980304 0.052653194139827025
leaf_weight=18.755118828266859 5.032713256776332 5.269349478185176 25.856836725026369 28.247303821146488 2.6897333189845085 7.5209097042679769 3.0763522982597378 7.9282707870006561 12.655093356966972 8.1752017587423325 28.820424102246761 20.926620543003082 3.9922893345355979 9.1114681586623174
leaf_count=525 27 43 163 463 35 46 35 98 55 75 193 106 28 46
internal_value=-0.000566197 0.00513163 -0.00485524 -0.0295288 0.021732 0.0181659 0.0231754 -0.0108551 0.0331464 0.010716 0.0477947 0.00996431 -0.00211235 0.00496193
internal_weight=188.058 169.303 95.857 35.9698 7.72245 73.4456 68.1763 15.4492 52.7271 20.8303 31.8968 59.8872 38.9606 34.9683
internal_count=1938 1413 868 525 62 545 502 144 358 130 228 343 237 209
is_linear=0
shrinkage=0.05


Tree=36
num_leaves=15
num_cat=0
split_feature=16 27 5 11 21 3 14 32 30 4 5 33 23 18
split_gain=20.8643 8.12886 13.1447 11.3096 9.13716 7.51316 12.8981 10.4274 10.3932 6.20004 5.88275 5.14436 4.73598 9.76127
threshold=0.23842983484556643 1.0000000180025095e-35 7.2341189185412738 0.063338995932980466 10.855316380285824 5.205000000000001 34.583333333333336 1.175 6.5000000000000009 1.7033141101963243 24.314565462920136 46.500000000000007 0.37694345010614322 -1.1375476330469421
decision_type=2 2 2 2 2 2 2 2 2 2 2 2 2 2
left_child=-1 2 3 4 -2 6 -3 11 -7 -10 -11 -8 -4 -14
right_child=1 5 12 -5 -6 8 7 -9 9 10 -12 -13 13 -15
leaf_value=-0.051899689398085182 0.095958993643593227 -0.05543505271673338 0.043234648303008077 -0.049464638512846007 -0.01890849557116029 0.036724442798060017 0.058603484984307619 -0.029046550100320642 0.055128741107621851 -0.046666867857148873 0.031760303484233823 0.0014283238777421168 -0.049951654965689582 0.011144069332538392
leaf_weight=17.874210465699434 2.6458125188946751 3.8608193174004546 8.3572519421577436 22.749226830899715 5.0083807073533535 11.441880267113449 28.067639123648405 4.7027035057544699 2.2268482074141529 14.293978124856951 2.8713530153036109 4.5755445063114157 7.5604884400963774 48.326743505895138
leaf_count=525 13 50 36 424 49 63 196 25 15 156 14 26 56 290
internal_value=-0.000561676 0.00494336 -0.00468973 -0.0317758 0.0207976 0.0175994 0.0315671 0.0405613 -0.00106701 -0.0233649 -0.0335479 0.0505893 0.00812864 0.00287897
internal_weight=184.563 166.689 94.6479 30.4034 7.65419 72.0408 41.2067 37.3459 30.8341 19.3922 17.1653 32.6432 64.2445 55.8872
internal_count=1938 1413 868 486 62 545 297 247 248 185 170 222 382 346
is_linear=0
shrinkage=0.05


Tree=37
num_leaves=15
num_cat=0
split_feature=13 6 25 2 9 14 11 1 13 7 27 11 33 9
split_gain=20.0215 8.59405 6.63772 5.9082 5.66376 7.40265 8.32752 8.76393 7.36584 6.86038 9.41362 8.50799 5.82923 7.86958
threshold=0.090019893760967959 0.7476157838420614 3.6350749237073372 1.0000000180025095e-35 0.69915635879854798 46.25 0.29515504141307664 53.015000000000008 0.93970142273829749 0.010541135520611552 1.0000000180025095e-35 0.81011748670340056 41.500000000000007 0.7660009631848681
decision_type=2 2 2 2 2 2 2 2 2 2 2 2 2 2
left_child=2 4 3 -1 -2 9 7 -7 -9 10 -6 -11 -8 -14
right_child=1 -3 -4 -5 5 6 12 8 -10 11 -12 -13 13 -15
leaf_value=0.056955800806725312 0.02248610982508413 0.035051047089035337 0.038860404375862828 -0.051774623802746583 -0.055018130315745421 0.056218929637838026 -0.031645495252057225 -0.055161014363398132 0.035044548571805847 -0.055430775631294497 -0.002563730024686032 0.063016741059198508 0.020009651528253958 -0.058009930122847012
leaf_weight=1.3154498040676177 26.155702870339155 22.676149941980839 2.506351724267005 24.873424919322133 17.390250183641911 13.885572221130134 14.648320838809012 4.2316952496767026 4.8645747974514961 2.2273975089192382 16.831979416310787 4.7471606284379959 21.149096034467224 3.8151437714695922
leaf_count=11 184 157 16 668 236 85 139 67 34 40 140 24 113 24
internal_value=-0.000555795 0.00664851 -0.0388738 -0.0463132 0.00169218 -0.00354796 0.00728501 0.0312283 -0.00692017 -0.0200076 -0.0292188 0.0251893 -0.00660608 0.00808636
internal_weight=181.318 152.623 28.6952 26.1889 129.947 103.791 62.5944 22.9818 9.09627 41.1968 34.2222 6.97456 39.6126 24.9642
internal_count=1938 1243 695 679 1086 902 462 186 101 440 376 64 276 137
is_linear=0
shrinkage=0.05


Tree=38
num_leaves=15
num_cat=0
split_feature=13 6 25 36 6 9 25 34 23 14 11 1 33 9
split_gain=18.8032 7.80477 6.27767 5.96353 5.761 5.15728 7.84238 10.5711 7.46577 6.70478 7.74069 7.12671 6.95652 7.63619
threshold=0.090019893760967959 0.7476157838420614 3.6350749237073372 1.0000000180025095e-35 0.92857142857147323 0.70272147500188187 -1.6694210452653053 -1.0000000180025095e-35 2.0561525160356582 46.25 0.29515504141307664 53.015000000000008 41.500000000000007 0.76371016776356793
decision_type=2 2 2 2 2 2 2 2 2 2 2 2 2 2
left_child=2 5 3 -1 -3 6 -2 -8 -9 -7 11 -11 -12 -14
right_child=1 4 -4 -5 -6 9 7 8 -10 10 12 -13 13 -15
leaf_value=0.062688265431820059 0.078808134543116304 0.051330407623695555 0.037580436252994787 -0.051549073953919014 -0.0023417059901773892 -0.019763135571457001 -0.056675055956589948 0.043724181997797491 -0.027036754870822785 0.053306125178425458 -0.035542474585455362 -0.0050980097852778928 0.023881239068519397 -0.04352514907958048
leaf_weight=1.199928954243666 4.7631757631897953 15.05405516177416 2.4632452875375739 23.838635278865695 7.4858024045824996 39.60683311894536 4.9358294419944349 14.315367884933947 5.0399344265460959 13.327364213764669 13.606763638556002 8.5897683687508088 19.095797330141071 5.3868578970432273
leaf_count=9 21 101 16 670 56 432 56 88 44 82 134 95 103 31
internal_value=-0.000552464 0.00636435 -0.0385818 -0.0460745 0.0335051 0.00160986 0.0201451 0.00864208 0.0252987 -0.00379634 0.00674241 0.0304164 -0.00687988 0.00904998
internal_weight=178.709 151.208 27.5018 25.0386 22.5399 128.668 29.0543 24.2911 19.3553 99.6134 60.0066 21.9171 38.0894 24.4827
internal_count=1938 1243 695 679 157 1086 209 188 132 877 445 177 268 134
is_linear=0
shrinkage=0.05


Tree=39
num_leaves=15
num_cat=0
split_feature=16 30 3 13 14 1 5 33 30 9 36 17 34 14
split_gain=17.9926 7.5205 9.39937 6.97181 6.66141 5.55778 5.43084 9.73489 8.35717 7.58364 7.30337 8.61142 7.00217 6.10902
threshold=0.23842983484556643 9.0000000000000018 4.6750000000000007 0.090019893760967959 74.583333333333357 58.580000000000005 1.2979485260914807 41.500000000000007 6.5000000000000009 0.71659721812665855 1.0000000180025095e-35 0.67620306391900808 0.92500000000000016 39.583333333333336
decision_type=2 2 2 2 2 2 2 2 2 2 2 2 2 2
left_child=-1 3 4 5 -3 -2 10 8 9 -8 -5 -12 -9 -11
right_child=1 2 -4 6 -6 -7 7 12 -10 13 11 -13 -14 -15
leaf_value=-0.05168155058645553 0.043180030228157577 -0.060371869004965051 0.056069882282185027 0.070562694785107336 0.040433864296816273 -0.052457723589848265 0.037688233702989363 0.018389875511397032 -0.041356951476784386 -0.05330915632845689 0.066988445798826832 -0.056134820962966903 -0.034048166873259504 0.0038897494357196388
leaf_weight=15.670295916497706 1.8063570819795121 3.7382169514894512 13.907461438328026 6.6904864907264709 2.9181618764996529 9.5520645901560766 9.3369896151125449 59.287463150918484 20.123220458626747 7.3117986917495754 2.4012531042098981 3.4758309535682201 7.132014535367488 12.910428650677202
leaf_count=525 21 29 102 46 17 199 66 311 255 139 14 49 53 112
internal_value=-0.000541569 0.00444859 0.0326835 0.00030214 -0.0161786 -0.0372482 0.00361693 0.000237284 -0.016503 0.000417033 0.0348389 -0.00582924 0.0127592 -0.0167918
internal_weight=176.262 160.592 20.5638 140.028 6.65638 11.3584 128.669 116.102 49.6824 29.5592 12.5676 5.87708 66.4195 20.2222
internal_count=1938 1413 148 1265 46 220 1045 936 572 317 109 63 364 251
is_linear=0
shrinkage=0.05


Tree=40
num_leaves=15
num_cat=0
split_feature=16 30 13 1 21 5 33 30 8 13 18 1 13 4
split_gain=17.037 6.94826 6.52051 6.41921 6.19169 6.00391 7.59828 9.85288 8.92051 7.25183 9.37899 6.46075 6.31836 5.8631
threshold=0.23842983484556643 9.0000000000000018 0.090019893760967959 62.345000000000006 0.11952631578962426 1.2979485260914807 41.500000000000007 6.5000000000000009 82.916666666666686 0.3816420075288835 -0.55711306430115715 53.015000000000008 0.8580456486621183 40.139741679013021
decision_type=2 2 2 2 2 2 2 2 2 2 2 2 2 2
left_child=-1 2 -2 -3 -4 11 7 9 -8 -7 -11 -6 -13 -5
right_child=1 3 4 13 5 6 8 -9 -10 10 -12 12 -14 -15
leaf_value=-0.051597440085771468 -0.036738644683975336 -0.025238298503375514 0.052619580340873752 0.059863253805166744 0.066133999659958989 -0.05355675208829716 0.014643099487395879 -0.046213381995303587 -0.054568063805412098 -0.033427224600084758 0.033275466629128669 -0.047861808393461727 0.067958616954029494 -0.018343742427017213
leaf_weight=14.929731760174034 10.953767403960226 3.9717471823096302 6.0991865843534461 13.239698708057405 6.8984930664300901 5.1388400048017528 56.351366460323334 18.510616604238749 5.0748919248580924 7.7637966088950625 16.40663027390838 3.3944369703531265 1.8029978126287458 2.9261464253067961
leaf_count=525 220 34 35 91 50 100 301 246 37 86 131 49 10 23
internal_value=-0.00053551 0.00427322 0.000280287 0.0317146 0.00346212 0.000991249 -0.00270957 -0.0176546 0.00892504 0.000382013 0.0118499 0.0344157 -0.00768353 0.0457072
internal_weight=173.462 158.533 138.395 20.1376 127.441 121.342 109.246 47.8199 61.4263 29.3093 24.1704 12.0959 5.19743 16.1658
internal_count=1938 1413 1265 148 1045 1010 901 563 338 317 217 109 59 114
is_linear=0
shrinkage=0.05


Tree=41
num_leaves=15
num_cat=0
split_feature=16 11 17 17 13 5 13 5 9 6 12 6 9 9
split_gain=16.1375 6.48839 10.4858 8.60511 5.77227 5.7133 9.08475 8.78456 6.31001 5.4315 4.74977 5.23201 6.13351 6.7227
threshold=0.23842983484556643 2.4838728167275836 0.92472800598690241 0.10270539595964702 1.4910827849162136 1.0158534852378021 0.55148178660207858 2.7809708996527074 0.64560469111184138 0.93903363705683962 0.031935012232611706 0.81614583333332769 0.70272147500188187 0.7389462615031942
decision_type=2 2 2 2 2 2 2 2 2 2 2 2 2 2
left_child=-1 2 3 -2 -4 -5 8 -8 -7 -3 -9 12 -12 -14
right_child=1 9 4 5 -6 6 7 10 -10 -11 11 -13 13 -15
leaf_value=-0.051517638623928053 -0.033514279453977502 0.036657343002298989 -0.050340760155505898 0.047934536488327913 0.045925256842018383 0.023389889152373996 0.065173637168132598 -0.055479133675305138 -0.052984833946110303 -0.029185642263118556 0.037232378930288849 0.070843241004816024 -0.025460367463073563 0.011936271675245559
leaf_weight=14.223043380305169 13.025938816368578 21.810074429959062 13.545191597193478 8.8901477046310884 1.7594577223062504 3.7356586232781401 7.1767373383045188 2.902339916676282 9.7964956462383253 3.657374069094657 13.22287807613611 3.342306822538375 18.221306316554546 35.297912448644638
leaf_count=525 133 156 281 74 9 21 42 30 160 32 79 20 140 236
internal_value=-0.000527139 0.00411043 -0.00038156 0.00476698 -0.0392738 0.00962779 0.00599312 0.0123899 -0.031901 0.0272016 0.00719972 0.00979538 0.00673823 -0.000795895
internal_weight=170.607 156.384 130.916 115.612 15.3046 102.586 93.6956 80.1635 13.5322 25.4674 72.9867 70.0844 66.7421 53.5192
internal_count=1938 1413 1225 935 290 802 728 547 181 188 505 475 455 376
is_linear=0
shrinkage=0.05


Tree=42
num_leaves=15
num_cat=0
split_feature=16 30 14 9 13 21 17 19 27 30 4 13 14 9
split_gain=15.2851 6.06402 6.63197 8.40784 5.82504 5.70657 5.34397 6.49792 5.468 9.76788 15.2932 10.7544 7.66325 9.4907
threshold=0.23842983484556643 9.0000000000000018 86.250000000000014 0.74498704135670291 0.058977402207155208 0.11952631578962426 0.041229836153110204 -2.6333877480821282 1.0000000180025095e-35 7.5000000000000009 2.2976986415705101 0.45907215768837417 44.583333333333336 0.63545857055804456
decision_type=2 2 2 2 2 2 2 2 2 2 2 2 2 2
left_child=-1 4 3 -3 -2 -6 -7 -8 12 11 -11 -10 13 -9
right_child=1 2 -4 -5 5 6 7 8 9 10 -12 -13 -14 -15
leaf_value=-0.051441919751619464 -0.048926867124981614 -0.042197446484481788 0.06244775606313574 0.046508137009451084 0.050177885918808 -0.057399397625199848 0.075075174183956012 0.072329210951255468 -0.038604910924265025 0.057456619263093638 -0.042791302946513343 0.047331456073829464 0.0022119791129168167 -0.044006599235135953
leaf_weight=13.5487894564867 5.7782307751476756 5.1633193045854586 8.7169021144509298 5.5347695797681808 5.9579457789659491 3.9158495888113967 2.9634355604648581 1.9264532476663614 4.356301803141835 5.3336221203207996 13.269143290817736 22.158847860991955 49.974259100854397 19.484369177371264
leaf_count=525 130 42 73 33 35 46 14 9 52 48 153 113 397 268
internal_value=-0.000520034 0.00394456 0.0300739 0.00369533 0.00019008 0.00238436 7.64852e-05 0.00196042 0.000100632 0.0137259 -0.0140491 0.0332126 -0.00851102 -0.0335392
internal_weight=168.082 154.533 19.415 10.6981 135.118 129.34 123.382 119.466 116.503 45.1179 18.6028 26.5151 71.3851 21.4108
internal_count=1938 1413 148 75 1265 1135 1100 1054 1040 366 201 165 674 277
is_linear=0
shrinkage=0.05


Tree=43
num_leaves=15
num_cat=0
split_feature=16 30 3 14 33 2 1 17 29 29 16 8 19 5
split_gain=14.485 5.63776 8.22385 5.53038 5.10009 9.33298 13.663 14.4475 12.3595 11.7943 7.23454 7.1441 4.8256 5.21555
threshold=0.23842983484556643 9.0000000000000018 4.6750000000000007 74.583333333333357 41.500000000000007 -3.5562999999999998 53.015000000000008 0.58210716847671973 12.500000000000002 14.500000000000002 3.8983792163725579 82.916666666666686 1.467985703477926 10.995862644869378
decision_type=2 2 2 2 2 2 2 2 2 2 2 2 2 2
left_child=-1 4 3 -3 5 -2 9 8 -8 -7 -9 12 13 -6
right_child=1 2 -4 -5 11 6 7 10 -10 -11 -12 -13 -14 -15
leaf_value=-0.051370060888590766 -0.051568282933099258 -0.059472255465262927 0.052469370897215983 0.035351427105007584 0.076791162811293001 0.059854313178011133 0.06812735508510169 -0.051145595161299587 -0.056010949180330227 -0.027652386628813436 0.023476158048758751 -0.044517413917386617 -0.010623450640422289 0.017109691081245586
leaf_weight=12.90558038651943 11.139864314347504 3.4869230762124088 12.67860636860132 2.7506394013762474 3.9877839386463156 12.864529073238375 6.9021321684122068 21.225701646879319 2.8260350935161114 5.4955033324658862 3.8348534256219855 5.5997105613350859 14.77566124498844 44.627456180751324
leaf_count=525 179 29 102 17 18 96 43 437 38 53 29 44 98 230
internal_value=-0.000511148 0.00380149 0.0293454 -0.0176569 0.000176075 -0.00995617 -0.00123436 -0.0196512 0.0320651 0.0336619 -0.0397267 0.00961776 0.0143999 0.0220052
internal_weight=165.101 152.195 18.9162 6.23756 133.279 64.2886 53.1488 34.7887 9.72817 18.36 25.0606 68.9906 63.3909 48.6152
internal_count=1938 1413 148 46 1265 875 696 547 81 149 466 390 346 248
is_linear=0
shrinkage=0.05


Tree=44
num_leaves=15
num_cat=0
split_feature=16 11 17 2 4 12 12 4 4 17 29 14 17 5
split_gain=13.7262 5.84553 9.21937 8.15063 8.8792 8.21013 7.44418 5.39475 4.28368 3.78711 5.7673 8.35878 8.02551 10.1162
threshold=0.23842983484556643 2.5973879407213087 0.92472800598690241 -3.9309499999999997 1.3603941545095306 0.38714407954910429 0.55131454821374881 32.977667425813749 39.665062133475772 0.76635717620248422 14.500000000000002 34.583333333333336 0.64591820446800874 19.310643175071906
decision_type=2 2 2 2 2 2 2 2 2 2 2 2 2 2
left_child=-1 2 3 5 -5 -2 -7 -4 -3 10 11 -6 13 -12
right_child=1 8 7 4 9 6 -8 -9 -10 -11 12 -13 -14 -15
leaf_value=-0.051301858536169614 -0.049673127069180048 0.045760167719611326 -0.04954814394383121 0.062507183804867902 -0.053477905635330128 0.06375845657596084 -0.035032764538821863 0.045931334028920044 0.0026739169013880147 -0.0097399698124138526 -0.050098606810363426 0.044332483985038251 0.047331235237765605 0.01145475261571649
leaf_weight=12.292076317593454 12.443015057593586 12.995022542774679 12.639667814597486 7.5440149940550318 2.4613699913024929 3.9595391042530528 3.6782822124660015 1.675534352660178 10.37384571507573 26.562936523929238 10.552448045462372 19.404642701148987 7.3685549050569525 18.166234351694584
leaf_count=525 176 95 284 67 44 22 23 8 86 242 104 131 37 94
internal_value=-0.000508064 0.0036592 -0.00058639 0.00423716 0.0105328 -0.024625 0.0161818 -0.0383727 0.0266334 0.00589348 0.0130591 0.0333224 0.000781151 -0.0111625
internal_weight=162.117 149.825 126.456 112.141 92.0602 20.0808 7.63782 14.3152 23.3689 84.5162 57.9532 21.866 36.0872 28.7187
internal_count=1938 1413 1232 940 719 221 45 292 181 652 410 175 235 198
is_linear=0
shrinkage=0.05


Tree=45
num_leaves=15
num_cat=0
split_feature=16 11 17 2 33 4 6 13 13 36 4 25 5 5
split_gain=13.008 5.32219 8.625 7.4882 9.74369 8.30286 5.68172 5.21956 5.11737 9.37531 8.26452 7.30437 6.19626 7.27869
threshold=0.23842983484556643 2.5973879407213087 0.92472800598690241 -3.9309499999999997 56.500000000000007 1.3603941545095306 0.81614583333332769 1.4910827849162136 0.8243130695711397 1.0000000180025095e-35 5.0786055213123467 1.9257842798680465 8.4298486956790413 10.229820834332925
decision_type=2 2 2 2 2 2 2 2 2 2 2 2 2 2
left_child=-1 2 3 4 -2 -5 8 -4 9 -7 -10 -11 -12 -14
right_child=1 -3 7 5 -6 6 -8 -9 10 11 12 -13 13 -15
leaf_value=-0.051237116545591592 -0.049828251325831407 0.02551305800581416 -0.049407253799401044 0.061094608313975486 0.02396447848743849 0.074150169189192427 0.076921062666404083 0.043901810749085099 0.053176891623549008 -0.055905290079408934 -0.039381670833371088 0.023998344688124056 0.087127867398393399 0.0041602556206287913
leaf_weight=11.706986308097838 12.751597944647076 23.183986939489841 12.09455771371722 7.3378225453197947 6.89071500301361 2.2516590803861627 2.7048659920692435 1.7107307016849507 9.3592230901122075 11.087736267596481 7.6567999199032775 3.8544336482882509 2.8116285055875769 44.201829116791487
leaf_count=525 187 181 283 67 34 13 20 9 66 183 85 22 12 251
internal_value=-0.000501682 0.00351433 -0.000575181 0.00406391 -0.023941 0.0100912 0.00563193 -0.0378445 0.00325789 -0.0209611 0.00976142 -0.0352936 0.00232895 0.00912211
internal_weight=159.605 147.898 124.714 110.908 19.6423 91.266 83.9282 13.8053 81.2233 17.1938 64.0295 14.9422 54.6703 47.0135
internal_count=1938 1413 1232 940 221 719 652 292 632 218 414 205 348 263
is_linear=0
shrinkage=0.05


Tree=46
num_leaves=15
num_cat=0
split_feature=16 34 4 4 16 36 2 23 29 4 1 33 9 13
split_gain=12.3286 4.49935 5.19448 4.36126 6.6937 8.26052 6.04549 4.65838 4.82352 5.90076 6.50077 8.05751 5.78598 5.74512
threshold=0.23842983484556643 -0.41664999999999991 13.181475676283432 1.3603941545095306 0.51410279546106885 1.0000000180025095e-35 -3.4821499999999994 3.0367052816282176 11.000000000000002 19.261956282334403 38.500000000000007 56.500000000000007 0.67820279920247462 0.967396707812891
decision_type=2 2 2 2 2 2 2 2 2 2 2 2 2 2
left_child=-1 2 -2 6 5 -5 -3 8 -6 10 11 -10 -11 -12
right_child=1 3 -4 4 7 -7 -8 -9 9 12 13 -13 -14 -15
leaf_value=-0.051175658321232144 -0.041917476024507482 -0.042982263739621253 0.090715870226033779 0.038363179797439043 0.05293269880961976 -0.053115415042854122 0.061133537162753097 0.025217184455035249 -0.048067082700342149 0.022418774085672295 -0.041317990801573418 0.017386503703262925 -0.028438538366498907 0.03085372198519053
leaf_weight=11.149066157639025 8.4580759163945878 1.7481806501746175 0.8087941091507681 3.2845724504441014 4.3460589051246634 9.9238967169076187 6.8864961266517621 27.377409946173429 8.8829084597527999 7.1281424686312667 3.0576455798000124 9.9896239340305311 25.960361231118441 28.084461763501167
leaf_count=525 212 29 5 34 26 256 64 219 67 36 54 48 182 181
internal_value=-0.000497428 0.00337422 -0.0303415 0.00566031 0.00334078 -0.0303673 0.0400542 0.00721821 0.00158334 -0.00110209 0.00973482 -0.0134211 -0.0174825 0.0237676
internal_weight=157.086 145.937 9.26687 136.67 128.035 13.2085 8.63468 114.827 87.4492 83.1031 50.0146 18.8725 33.0885 31.1421
internal_count=1938 1413 217 1196 1103 290 93 813 594 568 350 115 218 235
is_linear=0
shrinkage=0.05


Tree=47
num_leaves=15
num_cat=0
split_feature=16 11 2 4 13 36 13 4 25 11 6 13 4 9
split_gain=11.6851 4.50503 4.61376 8.96039 11.9742 10.5634 8.83236 7.08469 6.15867 5.5143 4.52296 5.42591 5.55637 4.83501
threshold=0.23842983484556643 2.5973879407213087 -3.9309499999999997 1.3603941545095306 0.64550345419131239 1.0000000180025095e-35 3.4323722340336089 5.0786055213123467 2.1389819563657095 1.9153086146065454 0.47762102520254729 1.2522270817832715 8.3119140760868238 0.74826216568864234
decision_type=2 2 2 2 2 2 2 2 2 2 2 2 2 2
left_child=-1 2 6 -4 5 -5 -2 -6 -7 -8 11 -9 -13 -14
right_child=1 -3 3 4 7 8 9 10 -10 -11 -12 12 13 -15
leaf_value=-0.051117306484073081 -0.054226757519764759 0.023471988549756101 0.058361458767140585 0.076133867888240614 0.05091244193738298 -0.053167718788843223 0.051954881620721233 -0.040288592323016181 0.016229191562316558 -0.028453272303011992 0.02979241755440587 -0.054054335424897119 -0.0048172123547541128 0.032062189293775668
leaf_weight=10.617120679467915 10.404115434736015 23.094428673386574 6.9561510123312464 2.1086224839091328 9.1792435608804208 18.224505120888356 4.5572555065155012 8.1983046382665616 3.8771860152482978 4.0069547817111015 13.211477279663084 3.7049041762948027 21.849579345434904 14.980658970773218
leaf_count=525 176 181 67 11 66 432 23 75 26 22 84 44 127 79
internal_value=-0.000491425 0.00323208 -0.000622716 0.00357717 -0.000420207 -0.0307924 -0.0232715 0.00991834 -0.0409938 0.0143342 0.00384368 -0.00319094 0.00431212 0.0101834
internal_weight=154.971 144.353 121.259 102.291 95.3345 24.2103 18.9683 71.1242 22.1017 8.56421 61.9449 48.7334 40.5351 36.8302
internal_count=1938 1413 1232 1011 944 469 221 475 458 45 409 325 250 206
is_linear=0
shrinkage=0.05


Tree=48
num_leaves=15
num_cat=0
split_feature=16 30 3 14 20 5 16 18 16 3 17 4 5 4
split_gain=11.0768 4.09119 7.88372 4.79906 4.56378 6.3914 8.96203 6.35966 5.09024 5.92843 5.45776 6.93309 6.27856 5.08067
threshold=0.23842983484556643 9.0000000000000018 4.6750000000000007 74.583333333333357 -0.73459975104667818 15.431011733521361 0.97766343985688009 -1.2576917073101479 5.4407135064158014 3.0450000000000004 0.81610369676906147 32.190441859806235 11.222243941817011 1.6304383050717564
decision_type=2 2 2 2 2 2 2 2 2 2 2 2 2 2
left_child=-1 4 3 -3 5 6 13 -6 10 -10 -9 -12 -13 -2
right_child=1 2 -4 -5 7 -7 -8 8 9 -11 11 12 -14 -15
leaf_value=-0.051061899004565862 0.086865240811138181 -0.059240809047609255 0.049774291769500004 0.030973173021899447 -0.044801216525766505 0.040467429422868566 -0.057817281864128482 0.0046156958480614635 -0.020398115417547963 0.052668802527229677 -0.045175409642730646 0.026731477059717831 -0.049777503385858499 -0.00015059434754448729
leaf_weight=10.109999621286986 2.4021957851946372 3.4536862522363689 11.590190075337885 2.5720160081982613 9.1833948064595443 14.669456414878367 5.298695208504796 46.480123493820429 4.153170831501483 8.3727504983544332 15.903816360980274 9.0899333208799344 3.8034922108054152 5.5605897437781096
leaf_count=525 22 29 102 17 75 78 65 428 21 42 360 73 28 73
internal_value=-0.000488686 0.00309851 0.0256563 -0.0207338 -8.25882e-05 0.0177262 -0.0074295 -0.00521129 -0.00107056 0.0284423 -0.0059814 -0.0230856 0.00416173 0.0261002
internal_weight=152.644 142.534 17.6159 6.0257 124.918 27.9309 13.2615 96.9867 87.8033 12.5259 75.2774 28.7972 12.8934 7.96279
internal_count=1938 1413 148 46 1265 238 160 1027 952 63 889 461 101 95
is_linear=0
shrinkage=0.05


Tree=49
num_leaves=15
num_cat=0
split_feature=16 14 9 9 13 1 27 8 13 4 7 9 30 14
split_gain=10.5016 4.01334 6.81388 6.45324 6.09026 8.54589 5.30185 7.67939 6.75895 4.85473 7.084 6.09243 5.20209 4.98804
threshold=0.23842983484556643 47.916666666666679 0.6668738689453706 0.75990538024837984 0.40049375529349723 64.575000000000003 1.0000000180025095e-35 10.41666666666667 4.6554168619557341 1.6108394523858773 0.0054332862493668517 0.72110390362085497 7.5000000000000009 58.750000000000007
decision_type=2 2 2 2 2 2 2 2 2 2 2 2 2 2
left_child=-1 2 -2 9 -4 6 8 -8 -6 -3 13 12 -12 -11
right_child=1 3 4 -5 5 -7 7 -9 -10 10 11 -13 -14 -15
leaf_value=-0.051009284755165474 0.039769014276407388 0.058109247419163124 -0.053810826476560707 -0.02008349178911004 -0.051674273338356072 0.04147330093313463 -0.044458206567695099 0.03502306836229592 0.033394463840965657 0.033477229823485138 0.058226649568471282 0.041741799184566823 -0.049416718397319689 -0.011023794119700114
leaf_weight=9.6265985630452615 6.4973797611892214 6.1335845068097106 8.2580733243375999 15.382132472470401 13.716766119003298 7.465658262372016 4.837531469762328 8.1743548624217492 2.8139714226126662 7.8745893724262706 1.5981308519840265 23.168101830407977 3.7703745495527983 31.430425189435482
leaf_count=525 50 70 210 157 187 48 41 60 13 49 7 202 61 258
internal_value=-0.000481395 0.00296537 -0.00811309 0.00938301 -0.0149859 -0.00632249 -0.0184009 0.00547369 -0.0371933 0.0155102 0.0116588 0.0306208 -0.0173728 -0.00210821
internal_weight=150.748 141.121 51.7637 89.3573 45.2664 37.0083 29.5426 13.0119 16.5307 73.9752 67.8416 28.5366 5.36851 39.305
internal_count=1938 1413 609 804 559 349 301 101 200 647 577 270 68 307
is_linear=0
shrinkage=0.05


Tree=50
num_leaves=15
num_cat=0
split_feature=16 8 14 9 2 17 18 9 2 7 27 14 18 4
split_gain=9.95852 3.71223 4.32899 6.22606 6.18169 7.95162 6.05029 6.03834 5.88558 5.66111 4.64706 4.77858 5.00929 4.58396
threshold=0.23842983484556643 97.083333333333357 47.916666666666679 0.76983803118490501 10.357200000000001 0.81610369676906147 1.5257011099931632 0.6668738689453706 10.357200000000001 0.010541135520611552 1.0000000180025095e-35 10.41666666666667 1.0000000180025095e-35 1.6108394523858773
decision_type=2 2 2 2 2 2 2 2 2 2 2 2 2 2
left_child=-1 2 4 8 5 6 7 -2 13 10 -9 -12 -13 -4
right_child=1 -3 3 -5 -6 -7 -8 9 -10 -11 11 12 -14 -15
leaf_value=-0.050959315992203692 0.048030922853204032 -0.060544960672688268 0.056909672017551108 -0.045919690572921543 0.060384005264133622 -0.05364378879428059 0.058281319320914127 -0.048133113841730191 -0.055941398040198514 0.0361355411645818 -0.031538107033718545 -0.033620717015070578 0.061157574684302766 0.012852616308281072
leaf_weight=9.1658564079552871 4.1314218491315833 2.2720017507672301 6.4266228638589373 4.5996220260858527 3.1253146752715102 9.3094625547528249 3.7415100503712884 11.979823097586635 2.9123943112790576 4.3832658007740966 7.8067653849720955 2.1600533705204725 3.9315907917916775 72.607417367398739
leaf_count=525 30 27 73 79 16 210 27 162 35 37 72 23 29 593
internal_value=-0.000475582 0.00284414 0.0038945 0.0106856 -0.00772804 -0.0122148 -0.00210112 -0.00866996 0.0138628 -0.016411 -0.0253113 -0.00563997 0.0275499 0.0164351
internal_weight=148.553 139.387 137.115 86.5461 50.5692 47.4439 38.1344 34.3929 81.9464 30.2615 25.8782 13.8984 6.09164 79.034
internal_count=1938 1413 1386 780 606 590 380 353 701 323 286 124 52 666
is_linear=0
shrinkage=0.05


Tree=51
num_leaves=15
num_cat=0
split_feature=21 19 7 11 17 17 12 4 19 2 23 21 7 21
split_gain=6.56091 5.41132 4.58505 3.3623 4.43787 5.36358 4.15371 4.13424 3.50871 5.15176 5.91956 5.20898 4.84295 3.33698
threshold=34.037660256415499 0.84347030394364519 0.0042159246355792509 2.5973879407213087 0.92472800598690241 0.10270539595964702 0.65916947220531374 32.977667425813749 -2.4276629987288745 -3.9309499999999997 0.36680325671095065 0.41027901272423195 0.011217035101794552 1.718820861678229
decision_type=2 2 2 2 2 2 2 2 2 2 2 2 2 2
left_child=3 2 -2 4 5 -1 -5 -6 -7 11 -11 -10 -12 -8
right_child=1 -3 -4 6 7 8 13 -9 9 10 12 -13 -14 -15
leaf_value=-0.029648867119834568 0.038589787125575585 -0.049343110534698809 -0.036328527962104638 0.037663560801652465 -0.046141334421124509 0.056066831196567739 -0.038841008406101579 0.041770923733669599 0.040173469249654342 0.084504790010364983 0.0097541031175212341 -0.050016787279761436 -0.061148002101366276 0.027280567811947216
leaf_weight=10.931445132941006 4.3926222426816839 11.544390637427567 3.8167638694867492 14.122131407260897 8.270286890678106 3.5724286735057822 4.0971728675067416 1.5952874794602383 2.0638747289776784 2.567572232335805 66.465356661006808 7.1372838392853737 2.4989663995802394 3.5713893994688988
leaf_count=112 85 499 85 106 247 22 41 8 10 13 559 88 32 31
internal_value=-0.000470338 -0.0272749 0.00375825 0.0037024 -3.53329e-06 0.00330328 0.0215771 -0.0319257 0.00757601 0.00543029 0.00996025 -0.0297866 0.00718492 -0.00804698
internal_weight=146.647 19.7538 8.20939 126.893 105.103 95.2369 21.7907 9.86557 84.3055 80.7331 71.5319 9.20116 68.9643 7.66856
internal_count=1938 669 170 1269 1091 836 178 255 724 702 604 98 591 72
is_linear=0
shrinkage=0.05


Tree=52
num_leaves=15
num_cat=0
split_feature=13 6 6 25 36 18 9 19 25 34 23 14 7 35
split_gain=9.356 4.1172 4.35623 3.31855 3.68647 3.21777 3.13824 6.91018 5.85795 7.57243 4.47216 4.42059 6.28703 6.10756
threshold=0.090019893760967959 0.7476157838420614 0.92857142857147323 3.6350749237073372 1.0000000180025095e-35 -0.94652848280528523 0.70272147500188187 -1.9828984276576294 -1.6694210452653053 -1.0000000180025095e-35 2.0561525160356582 46.25 0.0076966607241339005 1.0000000180025095e-35
decision_type=2 2 2 2 2 2 2 2 2 2 2 2 2 2
left_child=3 6 5 4 -1 -3 8 -8 -2 -10 -11 12 -9 -14
right_child=1 2 -4 -5 -6 -7 7 11 9 10 -12 -13 13 -15
leaf_value=0.05880061940396325 0.067716531050379253 -0.006843343987036692 -0.0062628271805643902 0.026544314444428976 -0.050444263159550452 0.057611836804941342 -0.06338845411674042 -0.032956353695206657 -0.056649673640415982 0.034752135596693864 -0.024927808714112404 0.0082847737787349104 -0.019965552927218688 0.055609216229842676
leaf_weight=0.81863482296466727 4.4855935275554684 2.4437754899263409 6.7063266374170771 1.8695236593484867 13.624000326730313 9.3250062689185125 4.658335192129015 19.3523797467351 4.0470526255667272 12.388734944164751 4.2043750025331965 50.505723031237721 5.8265414610505086 4.9398395568132401
leaf_count=9 21 16 56 16 670 85 62 268 56 88 44 419 93 35
internal_value=-0.000461724 0.00405366 0.0259001 -0.0361381 -0.0442521 0.0442278 0.000398014 -0.00417751 0.0159284 0.00467365 0.0196304 -0.000756407 -0.0159174 0.0147097
internal_weight=145.196 128.884 18.4751 16.3122 14.4426 11.7688 110.409 85.2828 25.1258 20.6402 16.5931 80.6245 30.1188 10.7664
internal_count=1938 1243 157 695 679 101 1086 877 209 188 132 815 396 128
is_linear=0
shrinkage=0.05


Tree=53
num_leaves=15
num_cat=0
split_feature=13 6 6 25 36 8 16 9 17 22 13 14 9 19
split_gain=8.7905 3.79584 4.07872 3.15141 3.48647 3.09163 3.78708 7.5614 4.72 3.68664 4.6851 3.64513 3.45297 7.64424
threshold=0.090019893760967959 0.7476157838420614 0.92857142857147323 3.6350749237073372 1.0000000180025095e-35 97.083333333333357 5.4407135064158014 0.76425369068656668 0.92472800598690241 1.0000000180025095e-35 1.4910827849162136 83.750000000000014 0.70228088333750804 -1.4494638486528715
decision_type=2 2 2 2 2 2 2 2 2 2 2 2 2 2
left_child=3 5 -3 4 -1 6 8 11 9 12 -11 -8 -2 -14
right_child=1 2 -4 -5 -6 -7 7 -9 -10 10 -12 -13 13 -15
leaf_value=0.058371130290066388 0.01674087427737303 0.043155729524663067 -0.0059611374722004307 0.025551880553089847 -0.05017602745368404 -0.060923914514081835 0.074488386506705515 -0.033986583932677839 -0.04076914908018775 0.007219442129802277 0.10160997814966928 0.015578701849992764 -0.048076625079965907 0.00021855705020447599
leaf_weight=0.78429424017667493 19.279999516904354 11.468173235654833 6.6937735825777045 1.845650054514407 13.027100119739771 2.0191024765372267 5.6917111724615079 3.9217480272054663 7.3009662628173819 3.8522702679038039 1.9956683367490766 4.8750499337911606 9.763384547084561 50.95489555969835
leaf_count=9 157 101 56 16 670 19 27 22 158 62 9 27 123 482
internal_value=-0.000450476 0.00388116 0.0250532 -0.0358119 -0.0440121 0.000374464 0.00152434 0.0253046 -0.00217455 0.00110781 0.0394312 0.04731 -0.00169366 -0.00754722
internal_weight=143.474 127.817 18.1619 15.657 13.8114 109.655 107.636 14.4885 93.1472 85.8462 5.84794 10.5668 79.9983 60.7183
internal_count=1938 1243 157 695 679 1086 1067 76 991 833 71 54 762 605
is_linear=0
shrinkage=0.05


Tree=54
num_leaves=15
num_cat=0
split_feature=13 24 18 8 17 33 36 17 2 13 18 21 8 20
split_gain=8.25721 3.69886 3.6308 5.77212 5.75532 8.74949 7.6272 5.6822 6.34413 6.21943 5.42305 4.9441 4.911 3.79685
threshold=0.090019893760967959 0.50454553930585977 0.55764991482543036 16.250000000000004 0.40406990872031057 56.500000000000007 1.0000000180025095e-35 0.48298872341519589 0.44370000000000004 1.047144907487471 -0.55711306430115715 0.23911734712694718 31.250000000000004 0.68935909253932259
decision_type=2 2 2 2 2 2 2 2 2 2 2 2 2 2
left_child=-1 2 4 -4 5 10 -6 -8 -9 -10 11 -2 -5 -14
right_child=1 -3 3 12 6 -7 7 8 9 -11 -12 -13 13 -15
leaf_value=-0.035479128284804068 0.049279648957412915 0.020913148375474179 -0.061848173833384451 0.041162753247850237 0.059904102259918206 0.026280768591540361 0.062851214482332038 -0.066380795388363931 -0.054254863142502323 0.027016782845200378 0.022440049652382908 -0.040558001508103354 -0.031627902342591184 0.012682546923091753
leaf_weight=15.032171375118194 1.6563241928815866 25.076603882014751 5.388634845614436 4.7172966338694122 9.3168330229818839 13.594256803393362 3.5654580444097546 3.5180773660540607 3.0273336023092261 10.584365874528883 5.328374000266197 20.317650068551302 13.154890822246672 7.6435312107205382
leaf_count=695 8 234 68 48 71 75 20 27 73 62 47 260 187 63
internal_value=-0.000439106 0.00371196 -0.000524698 -0.0148271 0.00570877 -0.00649403 0.0223372 0.00542485 -0.0065281 0.00894142 -0.0228131 -0.0337863 -0.00489679 -0.0153436
internal_weight=141.922 126.89 101.813 30.9044 70.9087 40.8966 30.0121 20.6952 17.1298 13.6117 27.3023 21.974 25.5157 20.7984
internal_count=1938 1243 1009 366 643 390 253 182 162 135 315 268 298 250
is_linear=0
shrinkage=0.05


Tree=55
num_leaves=15
num_cat=0
split_feature=16 8 14 8 4 9 2 25 2 4 18 24 9 4
split_gain=8.06114 3.17011 3.24722 5.74788 5.51163 5.10123 5.19188 4.35944 5.18244 3.97829 6.21687 6.18483 4.68601 6.74202
threshold=0.23842983484556643 97.083333333333357 44.583333333333336 32.083333333333336 12.623681567919263 0.76983803118490501 10.357200000000001 0.078813759494625671 2.9463500000000002 1.6108394523858773 -1.2576917073101479 -0.49482490613925906 0.72559976029253648 9.6697443252771578
decision_type=2 2 2 2 2 2 2 2 2 2 2 2 2 2
left_child=-1 2 3 4 -2 6 9 -6 -9 -4 11 -11 -12 -14
right_child=1 -3 5 -5 7 -7 -8 8 -10 10 12 -13 13 -15
leaf_value=-0.050811942834357041 -0.024899064648700706 -0.059377543150886336 0.052839003180014214 -0.034140187396611718 0.048464165744377591 -0.044678425383435985 -0.055734340920888872 -0.056046875699448474 0.023497984519856796 0.020495877305198765 -0.0027937233052360315 -0.051376339259819048 -0.0088459186994244501 0.037400292798879409
leaf_weight=7.5145820174366227 9.8402097206562775 2.043283535167574 6.0279180221259585 14.07025760412216 8.212007053196432 4.2492234595119944 2.780234705656766 2.9697664901614171 6.5943694300949574 5.085559893399477 20.409924110397704 7.2754808571189553 10.375137802213429 32.782395094633102
leaf_count=525 163 27 83 262 41 81 35 18 47 28 199 62 143 224
internal_value=-0.000432198 0.00242038 0.0033867 -0.00812916 0.00512321 0.00878145 0.0114623 0.0217424 -0.00120155 0.0137418 0.0106379 -0.0218068 0.0169469 0.0262826
internal_weight=140.23 132.716 130.672 41.6866 27.6164 88.9859 84.7367 17.7761 9.56414 81.9564 75.9285 12.361 63.5675 43.1575
internal_count=1938 1413 1386 531 269 855 774 106 65 739 656 90 566 367
is_linear=0
shrinkage=0.05


Tree=56
num_leaves=15
num_cat=0
split_feature=16 13 21 2 13 4 13 4 6 25 36 6 2 23
split_gain=7.64831 2.96274 3.20594 3.39337 7.65452 5.59069 4.17476 7.26624 7.14899 6.68068 9.41909 4.22802 3.81791 4.82974
threshold=0.23842983484556643 0.045302685327362903 0.11952631578962426 -3.6031499999999999 2.9923163301030589 1.3603941545095306 0.71275036509498224 5.0786055213123467 0.82426834219444101 2.1389819563657095 1.0000000180025095e-35 0.93903363705683962 -2.7807499999999998 0.82377933364190603
decision_type=2 2 2 2 2 2 2 2 2 2 2 2 2 2
left_child=-1 -2 -3 4 -4 -5 9 -8 12 10 -7 -11 -9 -14
right_child=1 2 3 5 -6 6 7 8 -10 11 -12 -13 13 -15
leaf_value=-0.050771974016792121 -0.046286841738275901 0.041857628665003081 -0.049223962773564237 0.054660760951903822 0.009113763313009603 0.071508388537274037 0.056939468823463152 -0.037774438377910523 0.069825418071268075 0.024810803507288034 -0.049948334825343221 -0.045557729346840214 0.039789430385173158 -0.0029716977731548766
leaf_weight=7.1535767363384357 3.0622249525040379 5.2197323665022841 9.7081986274570244 5.5388082675635806 13.362022951245306 1.8107037544250477 7.3361485823988906 6.1275986768305293 3.8595300987362853 11.698083221912382 13.478904127143325 2.6110725738108149 7.9252501875162116 39.590064354240894
leaf_count=525 99 36 191 65 74 10 57 49 37 92 346 27 38 292
internal_value=-0.00042495 0.0023175 0.00347788 0.00184978 -0.0154354 0.00583845 0.00297499 0.0100779 0.00409927 -0.0125844 -0.0355646 0.0119703 -0.000629629 0.00416058
internal_weight=138.482 131.328 128.266 123.046 23.0702 99.9762 94.4374 64.8386 57.5024 29.5988 15.2896 14.3092 53.6429 47.5153
internal_count=1938 1413 1314 1278 265 1013 948 473 416 475 356 119 379 330
is_linear=0
shrinkage=0.05


Tree=57
num_leaves=15
num_cat=0
split_feature=16 8 13 17 10 27 8 18 9 24 9 13 6 11
split_gain=7.25842 2.93822 2.87837 3.12793 4.61206 2.85692 4.22911 4.89151 4.21022 4.27888 5.2564 4.08834 4.58869 7.80154
threshold=0.23842983484556643 97.083333333333357 0.045302685327362903 0.10270539595964702 -0.88969221855237002 1.0000000180025095e-35 10.41666666666667 1.7442919499124809 0.66515247765924479 -0.56574785977855935 0.73740776698638655 0.8243130695711397 0.20804527996764888 0.06533081473741191
decision_type=2 2 2 2 2 2 2 2 2 2 2 2 2 2
left_child=-1 2 -2 4 -4 8 7 -7 -5 -10 -11 -12 13 -13
right_child=1 -3 3 5 -6 6 -8 -9 9 10 11 12 -14 -15
leaf_value=-0.050733990639930893 -0.04562577566594378 -0.058788809329303998 0.018698789039980481 0.038767019543730651 -0.043180046058818318 -0.029769024801627009 0.024153329973183146 0.052514776271001762 0.047031952154561685 -0.027595810582469921 -0.030299549187818572 0.062642337830990352 0.030611378478290003 -0.035502269525575982
leaf_weight=6.8096585981547824 2.9540240345522752 1.9435119442641724 4.9146076664328575 6.341103406623005 7.7754375915974361 8.2319256477057916 37.228743044659495 2.3138233311474314 3.8146196436136881 20.644636317156262 6.7401199750602236 2.6791942864656475 15.70980843901634 8.2902898099273425
leaf_count=525 99 27 27 39 117 101 358 20 32 234 157 16 100 86
internal_value=-0.000417915 0.00222625 0.0031553 0.00431103 -0.0192156 0.00697682 0.0162357 -0.0117153 8.89508e-05 -0.00414856 -0.00775973 0.00449389 0.0132839 -0.0115314
internal_weight=136.392 129.582 127.638 124.684 12.69 111.994 47.7745 10.5457 64.2198 57.8787 54.064 33.4194 26.6793 10.9695
internal_count=1938 1413 1386 1287 144 1143 479 121 664 625 593 359 202 102
is_linear=0
shrinkage=0.05


Tree=58
num_leaves=15
num_cat=0
split_feature=16 8 7 34 33 13 2 23 13 6 1 17 0 29
split_gain=6.88786 2.76457 2.83139 3.66611 3.39766 5.52647 4.66547 6.89062 5.50849 5.18774 8.5052 8.10148 6.43771 6.13633
threshold=0.23842983484556643 97.083333333333357 0.0024346757335368505 0.92500000000000016 60.000000000000007 1.2837858746108433 -3.5562999999999998 0.29857429520108308 4.6554168619557341 0.7476157838420614 53.015000000000008 0.62394750172031055 32.640000000000008 12.500000000000002
decision_type=2 2 2 2 2 2 2 2 2 2 2 2 2 2
left_child=-1 2 -2 4 6 -6 8 -8 -4 10 11 -9 -11 -12
right_child=1 -3 3 -5 5 -7 7 9 -10 12 13 -13 -14 -15
leaf_value=-0.050697892699023694 0.038822830010519969 -0.058344517588036271 -0.041528634921303237 -0.040887770764349185 -0.006710712799802271 0.037723282024716059 0.094217414405744132 -0.0067031704028337026 0.017552579714571272 0.045511237077667299 -0.0016117860152733894 0.052437491105696815 -0.04713966994704618 -0.047230108047927953
leaf_weight=6.4820434385910621 5.2910484550520769 1.862447291612624 13.103758167475464 4.9046746641397467 12.448738049715759 15.981048267334698 2.0706117749214163 14.651001270860435 5.6447445303201667 10.962017892859874 15.512061265297234 9.5752853788435441 2.261700793169438 14.047464061528444
leaf_count=525 34 27 219 43 93 83 9 112 30 139 267 81 36 240
internal_value=-0.000411011 0.00212928 0.00301995 0.00145649 0.00324289 0.0182667 -0.00162025 0.00438328 -0.0237406 0.00160738 -0.00529079 0.0166718 0.0296648 -0.0232908
internal_weight=134.799 128.317 126.454 121.163 116.258 28.4298 87.8286 69.0801 18.7485 67.0095 53.7858 24.2263 13.2237 29.5595
internal_count=1938 1413 1386 1352 1309 176 1133 884 249 875 700 193 175 507
is_linear=0
shrinkage=0.05


Tree=59
num_leaves=15
num_cat=0
split_feature=16 8 21 17 20 18 5 16 16 30 3 18 8 17
split_gain=6.53754 2.60286 2.57729 4.0045 3.65741 6.19461 5.60281 8.0385 4.2187 3.89055 10.3044 4.77842 7.55534 6.01783
threshold=0.23842983484556643 97.083333333333357 0.11952631578962426 0.041229836153110204 -0.63062759248015998 -1.2576917073101479 15.431011733521361 0.97766343985688009 5.5323229634024012 9.0000000000000018 4.6750000000000007 0.40260522243495911 23.750000000000004 0.58210716847671973
decision_type=2 2 2 2 2 2 2 2 2 2 2 2 2 2
left_child=-1 2 -2 -4 6 -6 7 -5 9 11 -11 12 -7 -13
right_child=1 -3 3 4 5 8 -8 -9 -10 10 -12 13 -14 -15
leaf_value=-0.050663584456429579 0.03756654923999081 -0.057923626093416905 -0.053900878475375717 0.027808135625766131 -0.052777657424310148 0.040469576521630746 0.041264180799998565 -0.057167580503470178 0.030661544465699814 -0.042525725201372537 0.052624200891169405 0.02241886718016492 -0.01599073786300936 -0.02858739562527185
leaf_weight=6.1699805855751029 5.1402889862656584 1.7841619122773398 3.1853380091488352 7.0251579992473143 5.5839483235031357 10.832798138260843 13.782044537365435 4.6089567691087723 10.882354773581026 4.187530566006898 8.8779181875288469 7.126163149252533 13.079299982637165 30.674257399514318
leaf_count=525 36 27 49 94 50 86 79 64 55 38 89 74 154 518
internal_value=-0.000404374 0.00204177 0.00289777 0.0014108 0.00292105 -0.00175143 0.0196953 -0.00585574 0.00157482 -0.00265814 0.0221283 -0.00790578 0.00958724 -0.0189717
internal_weight=132.94 126.77 124.986 119.846 116.66 91.2443 25.4162 11.6341 85.6603 74.778 13.0654 61.7125 23.9121 37.8004
internal_count=1938 1413 1386 1350 1301 1064 237 158 1014 959 127 832 240 592
is_linear=0
shrinkage=0.05


Tree=60
num_leaves=15
num_cat=0
split_feature=16 13 6 6 6 13 8 6 11 36 17 9 14 13
split_gain=6.2052 2.45779 2.66302 2.84658 5.94031 3.77386 3.56205 3.50968 3.13256 5.01577 5.4152 3.871 3.68914 3.29183
threshold=0.23842983484556643 0.027857516537830102 0.7476157838420614 0.52193541856462378 0.47762102520254729 4.6554168619557341 25.416666666666671 0.46509103810429259 0.078867398113378659 1.0000000180025095e-35 0.66036682067517261 0.64560469111184138 77.083333333333357 1.7223123072125064
decision_type=2 2 2 2 2 2 2 2 2 2 2 2 2 2
left_child=-1 -2 3 4 5 7 -5 8 9 12 -11 -10 -3 -13
right_child=1 2 -4 6 -6 -7 -8 -9 11 10 -12 13 -14 -15
leaf_value=-0.050630976742045211 -0.054489044314690344 -0.0033692369693243498 0.020308264926237773 -0.033226973711244986 0.044820026778751285 0.061342937918936337 0.011132371329211278 -0.062484397247759338 0.034104017428536269 0.050512231034456581 -0.043896328351850367 -0.023510108540740173 0.070146662142656524 0.0016323480905695226
leaf_weight=5.8727516178041688 1.8994415132328857 2.4875782020390034 18.510923613794148 12.671846968121828 7.9621401466429225 2.3877959996461859 7.0396174164488903 2.3623963445425025 5.5032865796238175 2.3088200539350492 4.4396027587354183 24.188778022304177 5.434717558324337 28.191085437312722
leaf_count=525 69 23 188 159 52 11 88 37 45 20 76 402 52 191
internal_value=-0.000398164 0.00195457 0.00282276 -0.000260495 0.00369822 -0.000537229 -0.0173848 -0.00250953 -0.000556711 0.02008 -0.0115966 -0.00578716 0.0470629 -0.00997832
internal_weight=131.261 125.388 123.489 104.978 85.2662 77.3041 19.7115 74.9163 72.5539 14.6707 6.74842 57.8832 7.9223 52.3799
internal_count=1938 1413 1344 1156 909 857 247 846 809 171 96 638 75 593
is_linear=0
shrinkage=0.05


Tree=61
num_leaves=15
num_cat=0
split_feature=13 23 14 34 0 17 20 14 3 22 9 9 17 23
split_gain=5.76275 3.03483 3.82843 4.26742 4.97817 5.07711 4.60781 3.61853 8.08261 3.54693 4.63143 5.04355 3.29698 3.37595
threshold=0.090019893760967959 3.0367052816282176 5.416666666666667 0.54410000000000014 23.035000000000004 0.1065934950771588 -0.2784252256432917 26.250000000000004 5.3850000000000007 1.0000000180025095e-35 0.67820279920247462 0.75072193400810561 0.80699108064677672 2.338752921673247
decision_type=2 2 2 2 2 2 2 2 2 2 2 2 2 2
left_child=-1 2 -2 4 5 -4 -6 -3 -9 10 -5 -12 -7 -14
right_child=1 7 3 9 6 12 -8 8 -10 -11 11 -13 13 -15
leaf_value=-0.033176010254834104 -0.02952600620244954 0.078450237088033517 -0.034807858374076538 0.026751248088879631 0.015015431844085375 0.039953547397341249 -0.021900032962841855 0.026545186641793467 -0.056764467526456003 0.034601600432744531 -0.056447822325568386 0.0075871020768135296 -0.033676939648169618 0.059726913793584024
leaf_weight=12.147264930419622 10.449721303768454 2.3187021184712675 3.238941257819536 3.4834363944828572 16.435660671442744 21.251006973907355 17.40466113481671 17.413225682452325 3.4958892259746781 2.8836341239511958 10.321069898083804 4.3798963315784922 3.3133585005998603 1.3663292527198789
leaf_count=695 174 17 27 23 150 156 231 166 51 39 96 36 66 11
internal_value=-0.000387088 0.00299531 -0.000983668 0.00256375 0.00907732 0.0242147 -0.00397083 0.0191881 0.0126163 -0.0169169 -0.0250866 -0.0373697 0.0315871 -0.0064058
internal_weight=129.903 117.756 94.5277 84.078 63.01 29.1696 33.8403 23.2278 20.9091 21.068 18.1844 14.701 25.9307 4.67969
internal_count=1938 1243 1009 835 641 260 381 234 217 194 155 132 233 77
is_linear=0
shrinkage=0.05


Tree=62
num_leaves=15
num_cat=0
split_feature=16 8 14 3 35 9 1 32 9 2 4 1 33 9
split_gain=5.73288 2.38386 2.4948 5.29172 4.45168 7.26571 7.64725 5.05309 4.13181 4.25547 3.37407 4.76515 5.69691 5.35511
threshold=0.23842983484556643 97.083333333333357 44.583333333333336 5.6450000000000005 1.0000000180025095e-35 0.65574317111635805 46.905000000000008 1.175 0.76983803118490501 10.357200000000001 1.6108394523858773 42.330000000000005 41.500000000000007 0.73654081544315642
decision_type=2 2 2 2 2 2 2 2 2 2 2 2 2 2
left_child=-1 2 3 -2 5 -5 7 -7 9 10 -4 12 -12 -13
right_child=1 -3 8 4 -6 6 -8 -9 -10 -11 11 13 -14 -15
leaf_value=-0.050589795627679547 -0.033543585065490447 -0.05755840672985052 0.050639207447944638 0.071837638799088638 0.037836269856178079 -0.049482299549606062 -0.063902523764254149 0.031427647277104676 -0.043127304400157426 -0.055167989432857528 -0.059014031758208532 0.0021400075455636578 0.0045528188285980029 0.03375604438267734
leaf_weight=5.4442056082189074 13.185455387458203 1.6662489846348751 5.2820977661758652 2.4582028202712598 7.4995942153036586 2.7238502744585258 6.1662229159846893 6.6188618391752243 3.8354228511452666 2.427010651677846 4.9405538700521019 29.430418934673071 12.298821099102495 24.579214411787689
leaf_count=525 303 27 83 13 50 56 75 34 81 35 64 311 68 213
internal_value=-0.000379479 0.0018409 0.00265587 -0.00783251 0.00547946 -0.00802648 -0.0206851 0.0078385 0.00755237 0.0100142 0.0120813 0.00922273 -0.0136645 0.0165281
internal_weight=128.556 123.112 121.446 38.6522 25.4667 17.9671 15.5089 9.34271 82.7935 78.9581 76.5311 71.249 17.2394 54.0096
internal_count=1938 1413 1386 531 228 178 165 90 855 774 739 656 132 524
is_linear=0
shrinkage=0.05


Tree=63
num_leaves=15
num_cat=0
split_feature=16 11 13 36 5 0 19 33 23 0 9 9 16 1
split_gain=5.44192 2.24599 3.30332 13.6337 6.1746 4.60203 3.47267 6.07944 3.63565 5.04334 2.98486 3.84129 3.25449 2.95858
threshold=0.23842983484556643 2.4838728167275836 0.60311404348864384 1.0000000180025095e-35 2.5581790046786521 16.640000000000004 -1.0885310338410614 63.500000000000007 0.82377933364190603 23.315000000000001 0.67820279920247462 0.73654081544315642 4.7047800332649299 69.805000000000021
decision_type=2 2 2 2 2 2 2 2 2 2 2 2 2 2
left_child=-1 2 3 -2 -4 -5 7 -6 9 -8 -10 12 -12 -3
right_child=1 13 4 5 6 -7 8 -9 10 -11 11 -13 -14 -15
leaf_value=-0.050560855503327944 0.058756806582474369 0.045082141398166825 0.052786783453319122 0.073126022741822422 -0.033672760461498218 -0.046953494967730693 0.056515347293074274 0.023203268130536588 0.038230617391063662 -0.0062684011602443471 -0.051357019620563805 0.0049449964749997731 0.0064628028622678892 0.0038999369512314206
leaf_weight=5.1815781304612747 4.3965562023222473 6.4059231057763126 5.8405700866132966 0.84217640012502926 15.98765764385462 15.178776709362863 7.3972121905535442 6.6536845192313185 4.3100608289241782 5.6354558952152729 6.8937964066863042 24.824778120964766 3.7617042846977711 13.663065921515225
leaf_count=525 57 36 59 7 230 443 40 35 21 38 68 194 33 152
internal_value=-0.000376583 0.00175849 -0.00125743 -0.0192376 0.0032578 -0.0406413 -0.000575498 -0.0169584 0.00644666 0.029367 -0.00106053 -0.00583353 -0.0309449 0.0170451
internal_weight=126.973 121.791 101.722 20.4175 81.3049 16.021 75.4643 22.6413 52.823 13.0327 39.7903 35.4803 10.6555 20.069
internal_count=1938 1413 1225 507 718 450 659 265 394 78 316 295 101 188
is_linear=0
shrinkage=0.05


Tree=64
num_leaves=15
num_cat=0
split_feature=16 5 34 16 23 15 1 2 23 19 2 33 11 13
split_gain=5.16718 2.30949 2.29306 3.45176 2.81677 2.67699 4.17955 7.45304 3.63213 4.07559 3.355 3.34653 2.48521 2.23053
threshold=0.23842983484556643 35.25844645265051 -0.41664999999999991 2.1952114967702339 3.1943845094142218 18.000000000000004 44.535000000000004 -2.6359999999999997 0.37694345010614322 -1.2457239247432657 -3.6031499999999999 56.500000000000007 0.24811517507677397 0.045302685327362903
decision_type=2 2 2 2 2 2 2 2 2 2 2 2 2 2
left_child=-1 2 3 4 -2 6 7 -4 10 12 11 -7 -10 -11
right_child=1 -3 5 -5 -6 8 -8 -9 9 13 -12 -13 -14 -15
leaf_value=-0.050533342904621852 -0.051868583616083964 -0.050202186806786578 -0.047013894103690897 0.078570325223280474 0.062381463464988546 -0.012833495558679908 -0.069733214820447739 0.063805466492875315 0.018516240822993357 -0.043388249626900389 0.084434881858671318 0.053789857494480613 -0.047434652699798949 0.0079446284821397799
leaf_weight=4.9314854294061652 5.0321857351809731 2.1069623231887809 3.426413943991065 0.69379183650016774 0.60426484048366536 4.0391556043177843 3.0246843658387661 2.7228694409131986 1.8912634029984463 2.171766120940446 2.5633593797683698 3.534027986228466 5.8370785024017096 82.712898721918464
leaf_count=525 210 11 43 3 4 41 32 12 29 78 11 19 54 866
internal_value=-0.00036979 0.00168554 0.00261004 -0.0266666 -0.0396202 0.00426588 -0.0216129 0.00205632 0.00657646 0.0034664 0.0349917 0.0182563 -0.0312953 0.00663128
internal_weight=125.292 120.361 118.254 6.33024 5.63645 111.924 9.17397 6.14928 102.75 92.613 10.1365 7.57318 7.72834 84.8847
internal_count=1938 1413 1402 217 214 1185 87 55 1098 1027 71 60 83 944
is_linear=0
shrinkage=0.05


Tree=65
num_leaves=15
num_cat=0
split_feature=16 21 17 19 2 12 23 8 27 14 9 18 17 36
split_gain=4.90596 2.2151 3.23529 2.959 2.86724 5.29154 4.98711 3.90841 3.23385 4.57974 6.4192 4.41547 4.6941 5.54126
threshold=0.23842983484556643 0.11952631578962426 0.041229836153110204 -2.6333877480821282 -3.5562999999999998 0.38714407954910429 0.29857429520108308 22.083333333333339 1.0000000180025095e-35 40.416666666666679 0.63545857055804456 -1.2576917073101479 0.77381666780320113 1.0000000180025095e-35
decision_type=2 2 2 2 2 2 2 2 2 2 2 2 2 2
left_child=-1 -2 -3 -4 5 -5 -6 -7 9 10 -8 -11 -13 -14
right_child=1 2 3 4 6 7 8 -9 -10 11 -12 12 13 -15
leaf_value=-0.050507188573071599 0.034537373763798965 -0.052013839356135218 0.055452545593396935 -0.045550588313116827 0.08050538605179873 0.043228276655865573 0.066181143263442169 -0.023626642308545137 0.012904499350826819 -0.06208573192182909 -0.055960684510560937 0.026261584349084433 0.083563799749510628 -0.015501833726510154
leaf_weight=4.693341880105435 4.8973784744739524 2.8919296236708751 2.4894338212907305 8.8062491845339554 2.0746845453977576 4.3148575574159604 1.2515889955684523 4.4311616085469723 39.038913667201996 2.6237458325922409 7.6545536555349827 15.525940274819737 1.5081935524940515 22.033129530027509
leaf_count=525 37 49 17 157 9 26 9 33 436 21 195 103 7 314
internal_value=-0.000362102 0.00160665 0.000199915 0.0015511 0.000323019 -0.0181913 0.00386643 0.0093563 0.00209258 -0.00624951 -0.038796 0.000703151 0.00492003 -0.00915512
internal_weight=124.235 119.542 114.644 111.752 109.263 17.5523 91.7108 8.74602 89.6361 50.5972 8.90614 41.691 39.0673 23.5413
internal_count=1938 1413 1376 1327 1310 216 1094 59 1085 649 204 445 424 321
is_linear=0
shrinkage=0.05


Tree=66
num_leaves=15
num_cat=0
split_feature=16 5 5 2 4 14 13 16 19 3 19 15 2 17
split_gain=4.6583 2.04496 2.16429 7.72885 4.17727 3.49844 3.31586 5.4993 3.42004 3.76645 2.60433 3.22165 2.64487 3.15981
threshold=0.23842983484556643 35.25844645265051 27.780787458510094 -3.9309499999999997 1.6108394523858773 77.083333333333357 0.16110703216642952 3.915247040857555 -1.2457239247432657 4.0950000000000006 -0.8325369726446632 18.000000000000004 0.26690000000000008 0.53953306189718975
decision_type=2 2 2 2 2 2 2 2 2 2 2 2 2 2
left_child=-1 2 3 -2 5 -5 7 -6 9 -8 -10 -12 -13 -14
right_child=1 -3 -4 4 6 -7 8 -9 10 -11 11 12 13 -15
leaf_value=-0.050482322968558146 -0.049253105794842163 -0.047849964123252819 0.023143942671903634 -0.009481771297032102 -0.05239007673165326 0.070858383689414994 -0.064983031595405943 0.022791274405486086 0.037130040115162299 0.0084978430996020173 -0.046853014391480236 -0.024488558493994634 0.03975985153598649 0.0057681233365117456
leaf_weight=4.4665884906426063 7.3575474442914119 2.0598943531513205 11.355261497199534 2.0357671938836566 6.7185341501608473 4.052259523421526 3.5428712144494048 3.8126915171742439 6.8685735911130896 3.4344483632594347 2.8882575295865527 5.9983312338590613 7.9096690118312827 50.405128876678646
leaf_count=525 179 11 63 31 301 59 31 35 43 29 26 59 66 480
internal_value=-0.000356982 0.00153335 0.00240742 0.00016538 0.00388824 0.0439935 0.00122209 -0.0251717 0.00465167 -0.0288135 0.00780406 0.00480669 0.00712669 0.0103787
internal_weight=122.906 118.439 116.379 105.024 97.6665 6.08803 91.5785 10.5312 81.0473 6.97732 74.07 67.2014 64.3131 58.3148
internal_count=1938 1413 1402 1339 1160 90 1070 336 734 60 674 631 605 546
is_linear=0
shrinkage=0.05


Tree=67
num_leaves=15
num_cat=0
split_feature=16 21 17 20 18 5 16 30 3 13 30 13 18 21
split_gain=4.42377 1.95421 2.86614 2.73753 5.17786 4.85797 6.65829 3.13179 6.35502 4.00352 3.77253 4.98432 5.97072 4.93143
threshold=0.23842983484556643 0.11952631578962426 0.041229836153110204 -0.63062759248015998 -1.2576917073101479 15.431011733521361 0.97766343985688009 9.0000000000000018 4.6750000000000007 3.4689093553266162 7.5000000000000009 0.71275036509498224 -0.57660626139194071 2.3290598290594917
decision_type=2 2 2 2 2 2 2 2 2 2 2 2 2 2
left_child=-1 -2 -3 5 -5 6 -4 9 -9 10 11 13 -13 -6
right_child=1 2 3 4 7 -7 -8 8 -10 -11 -12 12 -14 -15
leaf_value=-0.050458682628144715 0.032579738944680692 -0.05032574038816149 0.023600892450986889 -0.051038911579335745 0.03334204191081639 0.036479457512361847 -0.056624258785667118 -0.021098357090856869 0.04983693611545062 0.038945023209114055 -0.021370152737267077 -0.053574300209264271 0.02365030438552955 -0.049117109548325606
leaf_weight=4.2506907163187853 4.8382322490215293 2.7462518243119112 6.4221554417163151 5.2229578597471109 2.4525982029736024 13.312240451574324 4.3301355708390474 5.1399983353912821 8.1858802549540979 5.0077388882637015 27.460141784511507 2.817643158137801 22.412026960402727 6.9543935740366578
leaf_count=525 37 49 97 51 20 82 67 43 89 24 413 39 179 223
internal_value=-0.000350713 0.00146505 0.00012649 0.00138932 -0.00279695 0.0162896 -0.00870718 0.000335764 0.0224761 -0.00406095 -0.00752912 0.00344412 0.0150259 -0.0276183
internal_weight=121.553 117.302 112.464 109.718 85.6534 24.0645 10.7523 80.4304 13.3259 67.1045 62.0968 34.6367 25.2297 9.40699
internal_count=1938 1413 1376 1327 1081 246 164 1030 132 898 874 461 218 243
is_linear=0
shrinkage=0.05


Tree=68
num_leaves=15
num_cat=0
split_feature=16 8 7 34 6 1 33 17 29 14 5 5 8 34
split_gain=4.20134 2.18095 2.14825 2.66584 2.58325 3.92303 3.15557 4.41848 5.00794 5.41683 5.27396 4.70036 5.64072 3.78813
threshold=0.23842983484556643 97.083333333333357 0.0024346757335368505 0.92500000000000016 0.7476157838420614 88.980000000000004 60.000000000000007 0.91817194939627356 13.500000000000002 34.583333333333336 13.94442302983432 5.2582390194160906 24.583333333333339 0.27205000000000007
decision_type=2 2 2 2 2 2 2 2 2 2 2 2 2 2
left_child=-1 2 -2 4 6 -6 7 8 9 -4 -10 -11 -13 -12
right_child=1 -3 3 -5 5 -7 -8 -9 10 11 13 12 -14 -15
leaf_value=-0.050436206921877308 0.034317381283828656 -0.057073213161530717 -0.034753719330097251 -0.037706582348523116 0.028533623208070999 -0.049603726997196687 0.014814545136610451 -0.052354372888417371 -0.049539176302071289 0.04461973873827365 0.011320909504596579 0.024471036398590672 -0.052306328571701255 -0.029771586485041981
leaf_weight=4.0451385080814353 4.981235862709581 1.5730130150914181 4.9513017954304841 4.3297403417527667 15.113024103455247 1.7974100410938252 23.010383356362581 4.9056718079373232 8.7299817735329253 11.915244320407512 14.91484108567238 7.2354525309056026 3.5738978870213032 8.9882504642009717
leaf_count=525 34 27 138 43 192 17 156 230 178 148 82 58 47 63
internal_value=-0.000345727 0.00140073 0.00220443 0.000743121 0.00232658 0.0202284 -0.00110474 -0.00672171 -0.00300984 0.0126356 -0.0162786 0.0229609 -0.000913881 -0.00413105
internal_weight=120.065 116.019 114.446 109.465 105.135 16.9104 88.225 65.2146 60.309 27.6759 32.6331 22.7246 10.8094 23.9031
internal_count=1938 1413 1386 1352 1309 209 1100 944 714 391 323 253 105 145
is_linear=0
shrinkage=0.05


Tree=69
num_leaves=15
num_cat=0
split_feature=13 25 2 23 14 3 14 34 0 17 10 22 11 2
split_gain=3.83333 2.34096 2.33333 2.18326 3.21137 6.79568 3.18136 3.44522 3.93325 3.82837 3.65794 3.0814 3.06724 2.92779
threshold=0.090019893760967959 3.6350749237073372 1.0000000180025095e-35 3.0367052816282176 26.250000000000004 5.3850000000000007 5.416666666666667 0.54410000000000014 23.035000000000004 0.1065934950771588 -0.86807612079473928 1.0000000180025095e-35 0.066867858617952372 -6.094949999999999
decision_type=2 2 2 2 2 2 2 2 2 2 2 2 2 2
left_child=1 2 -1 6 -5 -6 -2 8 9 -8 -10 -9 -12 -14
right_child=3 -3 -4 4 5 -7 7 11 10 -11 12 -13 13 -15
leaf_value=0.053759314264947039 -0.028835752504921337 0.024975070414523692 -0.048702060932532182 0.07457982433395785 0.023100063108172818 -0.056511492425813006 -0.032408843737132174 -0.024157667284503234 0.030163460526911146 0.028721630686973351 0.03191044316386666 0.0324865269020553 0.044220458869362649 -0.024828503910885587
leaf_weight=0.59966958686709215 9.2990566929802281 1.599047303199767 7.5682317921891809 2.1451876293867853 16.487705539911989 3.200927445665001 2.8661901876330402 16.751395037397746 6.2931167632341376 24.066810062155128 3.3590099392458859 2.8026021588593713 1.6642966773360992 19.792248987592757
leaf_count=11 174 16 668 17 166 51 27 155 37 233 42 39 20 282
internal_value=-0.000343305 -0.0303487 -0.0411796 0.00235204 0.0164866 0.010157 -0.00119951 0.00211241 0.00822757 0.0222162 -0.00388336 -0.0160391 -0.0125175 -0.0194727
internal_weight=118.495 9.76695 8.1679 108.729 21.8338 19.6886 86.8947 77.5957 58.0417 26.933 31.1087 19.554 24.8156 21.4565
internal_count=1938 695 679 1243 234 217 1009 835 641 260 381 194 344 302
is_linear=0
shrinkage=0.05


Tree=70
num_leaves=15
num_cat=0
split_feature=16 5 23 18 0 25 5 2 3 2 13 36 25 6
split_gain=3.83209 1.81293 1.93072 3.94175 3.04556 4.27597 2.74474 3.37088 2.5882 3.42338 2.52981 6.08216 9.27772 5.0767
threshold=0.23842983484556643 35.25844645265051 0.33494721034496383 -1.2576917073101479 25.335000000000004 -1.6694210452653053 27.780787458510094 -3.9309499999999997 5.0950000000000006 -4.5316499999999991 0.71275036509498224 1.0000000180025095e-35 1.9257842798680465 0.69763331776648474
decision_type=2 2 2 2 2 2 2 2 2 2 2 2 2 2
left_child=-1 2 4 8 -2 -6 7 -5 -4 -10 11 -9 -13 -12
right_child=1 -3 3 6 5 -7 -8 10 9 -11 13 12 -14 -15
leaf_value=-0.050401481040545107 0.05749122174698678 -0.045677485287159397 -0.052692544749606322 -0.052800117529075943 0.053452898056786838 -0.032827525028970447 0.03861857677488921 0.057379084925222673 -0.055695023935039979 0.045842204209232566 0.0046035916955184586 -0.048728697345860619 0.010043126659562229 0.059051743044622663
leaf_weight=3.7013832041993728 3.9176727244630438 2.0175857096910468 5.5405315887182933 2.8118730001151553 2.3563904464244843 3.6763695981353521 5.1500634998083106 3.1191951297223595 1.4425752051174643 1.9552947077900169 49.769059805199504 12.186042069457473 14.956563889980314 4.6840105205774298
leaf_count=525 38 11 56 69 14 51 26 44 38 24 413 437 145 47
internal_value=-0.000335528 0.00129599 0.00214547 8.71881e-05 0.023165 0.000873528 0.00314549 0.00105825 -0.0316224 0.00273429 0.00284593 -0.00874445 -0.0163433 0.00928718
internal_weight=117.285 113.583 111.566 101.615 9.95043 6.03276 92.6768 87.5267 8.9384 3.39787 84.7149 30.2618 27.1426 54.4531
internal_count=1938 1413 1402 1299 103 65 1181 1155 118 62 1086 626 582 460
is_linear=0
shrinkage=0.05


Tree=71
num_leaves=15
num_cat=0
split_feature=16 13 21 17 19 19 8 35 36 0 16 17 19 5
split_gain=3.64014 1.76979 2.01105 2.56561 2.27963 2.36526 3.44024 4.04615 2.88562 6.34389 5.83621 3.63239 4.4778 3.31776
threshold=0.23842983484556643 0.027857516537830102 0.11952631578962426 0.041229836153110204 -2.6333877480821282 -1.0885310338410614 26.250000000000004 1.0000000180025095e-35 1.0000000180025095e-35 21.430000000000003 0.5260715199585424 0.52105222183297417 0.39362181122126777 5.2582390194160906
decision_type=2 2 2 2 2 2 2 2 2 2 2 2 2 2
left_child=-1 -2 -3 -4 -5 6 7 -6 9 -7 -10 -12 -13 -11
right_child=1 2 3 4 5 8 -8 -9 10 13 11 12 -14 -15
leaf_value=-0.050381823403206495 -0.054261580191734139 0.034664523887313912 -0.04891153232337514 0.051376234356262596 0.017256379019256338 0.058896717191083775 -0.044279806953333258 -0.057225483167190672 -0.047679037027159706 0.053561150110978575 0.032925440148012207 -0.072670554522043976 0.0019021017654128802 -0.016301577806256708
leaf_weight=3.5222036549821487 1.4182715006172646 4.5062979124486437 2.5574467508122316 2.2664368897676459 8.5322381965816039 7.0471341237425831 6.674929470755159 2.3189790342003098 5.9934755638241759 2.1251547932624808 9.227930745109914 2.098943166434764 49.16771013662219 8.4824102278798801
leaf_count=525 69 36 49 17 105 58 97 29 258 26 81 15 499 74
internal_value=-0.000329673 0.00123854 0.00194768 0.000563248 0.00178063 0.00067503 -0.0160351 0.0013391 0.0041556 0.0221245 -0.000615732 0.00404705 -0.00115103 -0.00230505
internal_weight=115.94 112.417 110.999 106.493 103.935 101.669 17.5261 10.8512 84.1428 17.6547 66.4881 60.4946 51.2667 10.6076
internal_count=1938 1413 1344 1308 1259 1242 231 134 1011 158 853 595 514 100
is_linear=0
shrinkage=0.05


Tree=72
num_leaves=15
num_cat=0
split_feature=16 1 6 9 6 20 18 16 13 2 7 8 1 16
split_gain=3.45794 1.76865 3.25437 5.37525 2.15689 2.14448 3.16385 4.15645 3.98304 3.27801 3.41512 4.43692 4.4309 3.93335
threshold=0.23842983484556643 88.980000000000004 0.81614583333332769 0.70696444866796104 0.93903363705683962 -0.73459975104667818 -1.2576917073101479 5.5323229634024012 3.4689093553266162 -3.5562999999999998 0.0054104071580023004 54.583333333333336 69.805000000000021 3.759188686540901
decision_type=2 2 2 2 2 2 2 2 2 2 2 2 2 2
left_child=-1 2 5 -4 -5 -2 -7 8 9 -8 11 -11 13 -12
right_child=1 -3 3 4 -6 6 7 -9 -10 10 12 -13 -14 -15
leaf_value=-0.050363131498619498 0.012892135577971829 -0.049119209115330728 -0.047437253013189407 0.053735280159277657 -0.00039976856496768412 -0.037774537813309576 -0.055525953688466606 0.029959228260315329 0.040457566316519297 -0.048314066236933351 0.0069400525414112695 -0.003959363384962937 -0.033890917125998697 0.06965485960769334
leaf_weight=3.3516358919441691 21.398746126331389 1.7205690145492543 2.0628963373601428 7.8386845635250193 2.4043446946889162 6.7229745658114544 3.704887387342743 8.9446644112467748 4.1909608989953986 9.0825760131701916 19.773341149557389 14.867729415185748 5.8665176057256749 2.8619972690939894
leaf_count=525 238 17 21 112 29 75 95 51 22 153 246 224 113 17
internal_value=-0.000323276 0.0011817 0.00197049 0.0261983 0.0410282 -0.00109011 -0.00502617 -0.00184883 -0.00656336 -0.0100725 -0.00686196 -0.0207798 0.00483331 0.0148697
internal_weight=114.793 111.441 109.72 12.3059 10.243 97.4144 76.0156 69.2927 60.348 56.157 52.4522 23.9503 28.5019 22.6353
internal_count=1938 1413 1396 162 141 1234 996 921 870 848 753 377 376 263
is_linear=0
shrinkage=0.05


Tree=73
num_leaves=15
num_cat=0
split_feature=16 13 6 9 3 23 16 14 18 20 9 16 14 17
split_gain=3.28522 1.64914 1.69608 3.37953 4.51753 2.14973 2.27663 4.86911 3.67526 2.8772 4.70236 4.38716 2.4756 4.66935
threshold=0.23842983484556643 0.027857516537830102 0.81614583333332769 0.70696444866796104 5.205000000000001 0.18315953553491685 5.4407135064158014 74.583333333333357 0.95920264932976018 -0.36767854768650243 0.76187052018485946 4.5749068553484697 47.916666666666679 0.52578660857022486
decision_type=2 2 2 2 2 2 2 2 2 2 2 2 2 2
left_child=-1 -2 5 -4 -5 -3 9 -8 -9 10 11 12 13 -7
right_child=1 2 3 4 -6 6 7 8 -10 -11 -12 -13 -14 -15
leaf_value=-0.050345357914614412 -0.054002262155801964 -0.069829206762628146 -0.039100333743038021 0.046717113627102347 -0.029166208040776877 0.017068928447600908 0.0585616941609459 -0.026959635223342389 0.036230437164177745 -0.010037777131764486 0.060052943600015007 -0.057330357775101072 0.024393371958376805 -0.055181463974596882
leaf_weight=3.1892718090675762 1.3400191282853473 1.1058397740125645 2.1368967629969111 8.6545304106548411 2.5360489785671225 6.0282416343688983 4.9828907772898665 5.8922961652278882 3.7754752486944199 51.744539233390249 3.9962216522544614 2.801280850544571 11.929740327410398 3.5549730965867639
leaf_count=525 69 18 20 112 30 81 28 39 22 742 28 35 134 55
internal_value=-0.00031579 0.00112845 0.00180535 0.0185177 0.0295202 -0.000519359 0.000289944 0.0184114 -0.00228254 -0.00302642 0.00978861 0.0015273 0.00919137 -0.00973295
internal_weight=113.668 110.479 109.139 13.3275 11.1906 95.8115 94.7057 14.6507 9.66777 80.055 28.3105 24.3142 21.513 9.58321
internal_count=1938 1413 1344 162 142 1182 1164 89 61 1075 333 305 270 136
is_linear=0
shrinkage=0.05


Tree=74
num_leaves=15
num_cat=0
split_feature=16 13 21 17 19 2 12 23 8 27 3 30 14 9
split_gain=3.12164 1.56039 1.73017 2.24864 1.99532 2.41608 4.27979 3.85516 3.09303 2.23251 4.15094 7.64383 3.73316 6.04296
threshold=0.23842983484556643 0.027857516537830102 0.11952631578962426 0.041229836153110204 -2.6333877480821282 -3.5562999999999998 0.38714407954910429 0.29857429520108308 22.083333333333339 1.0000000180025095e-35 5.205000000000001 7.5000000000000009 40.416666666666679 0.63545857055804456
decision_type=2 2 2 2 2 2 2 2 2 2 2 2 2 2
left_child=-1 -2 -3 -4 -5 6 -6 -7 -8 12 -11 -12 13 -9
right_child=1 2 3 4 5 7 8 9 -10 10 11 -13 -14 -15
leaf_value=-0.050328457429274623 -0.053832127509043252 0.032497416734863969 -0.046734621217405722 0.048822222190685931 -0.044343030371998583 0.071705471298134704 0.038428784678422347 0.067149938116117275 -0.0231854297940596 0.02717839816476314 0.02610119896095572 -0.043412428012803199 0.0013389199269859221 -0.05577342085605333
leaf_weight=3.0347222415730348 1.2785926805809129 4.3838943503797045 2.467081473208963 2.1866634078323832 7.6219926020130506 2.0465946942567816 4.0949597507715207 1.1817279933020461 4.0527276061475277 19.43392220698297 8.2294845879077894 7.613199525512754 38.44776654895395 6.4950262983329594
leaf_count=525 69 36 49 17 157 9 26 7 33 254 53 118 406 179
internal_value=-0.00030569 0.00108023 0.0017288 0.000430206 0.00157769 0.000536461 -0.017412 0.00392831 0.00778136 0.00222425 0.0116926 -0.00730356 -0.00501725 -0.0368511
internal_weight=112.568 109.534 108.255 103.871 101.404 99.2174 15.7697 83.4477 8.14769 81.4011 35.2766 15.8427 46.1245 7.67675
internal_count=1938 1413 1344 1308 1259 1242 216 1026 59 1017 425 171 592 186
is_linear=0
shrinkage=0.05


Tree=75
num_leaves=15
num_cat=0
split_feature=16 11 4 17 13 2 12 12 7 4 11 29 11 21
split_gain=2.96582 1.49583 3.06298 2.6388 3.3365 3.0004 4.42286 4.61649 3.72848 2.94686 2.47162 2.44528 2.62109 3.68538
threshold=0.23842983484556643 2.5973879407213087 39.665062133475772 0.92472800598690241 1.4910827849162136 -3.9309499999999997 0.38714407954910429 0.55131454821374881 0.011217035101794552 1.6108394523858773 0.22494387641860808 11.000000000000002 0.28510810893309385 2.7808669194830959
decision_type=2 2 2 2 2 2 2 2 2 2 2 2 2 2
left_child=-1 3 -3 5 -5 6 -2 -8 9 10 -7 -11 13 -13
right_child=1 2 -4 4 -6 8 7 -9 -10 11 -12 12 -14 -15
leaf_value=-0.050312387466783043 -0.047362687604479412 0.035762625131555988 -0.0061070245007104999 -0.044447281740873007 0.042794908169323305 0.02406799814724904 0.05524453354420749 -0.033517167716168597 -0.061562343636560407 0.044321549082431883 0.10444442214576995 0.046747740293582085 -0.0057525013964330358 0.0010360876292561287
leaf_weight=2.8876159051433197 7.1585362898185831 8.5717873536050337 8.9067751765251142 6.3989888904616228 1.3223985359072683 4.1433249358087769 2.9532362669706345 2.9066362641751766 2.0342042986303559 3.5617357380688182 1.243507884442806 6.6844322606921223 39.536005584523082 12.954577036201952
leaf_count=525 176 95 86 283 9 83 22 23 26 29 7 39 334 201
internal_value=-0.000301706 0.0010308 0.0144266 -0.00154506 -0.0295058 0.00105059 -0.0209949 0.0112166 0.00514132 0.00713312 0.0426223 0.00408588 0.0016641 0.0165947
internal_weight=111.264 108.376 17.4786 90.8976 7.72139 83.1762 13.0184 5.85987 70.1578 68.1236 5.38683 62.7368 59.175 19.639
internal_count=1938 1413 181 1232 292 940 221 45 719 693 90 603 574 240
is_linear=0
shrinkage=0.05


Tree=76
num_leaves=15
num_cat=0
split_feature=16 13 21 17 19 2 12 24 8 27 3 30 32 0
split_gain=2.81827 1.44106 1.60006 2.00795 1.88452 2.12043 3.76081 3.25572 2.75477 2.02467 3.69278 6.99198 3.83375 4.25568
threshold=0.23842983484556643 0.027857516537830102 0.11952631578962426 0.041229836153110204 -2.6333877480821282 -3.5562999999999998 0.38714407954910429 -0.52530197326516925 22.083333333333339 1.0000000180025095e-35 5.205000000000001 7.5000000000000009 1.175 33.135000000000005
decision_type=2 2 2 2 2 2 2 2 2 2 2 2 2 2
left_child=-1 -2 -3 -4 -5 6 -6 -7 -8 -9 12 -12 13 -11
right_child=1 2 3 4 5 7 8 9 -10 10 11 -13 -14 -15
leaf_value=-0.050297104529250881 -0.053689742579650424 0.031426324855143663 -0.04520575429391404 0.047931285323005411 -0.042756264738040575 0.066270430906389302 0.036027508149625923 -0.0049279841587824879 -0.022595947315153131 0.043726956127700528 0.024803051758738794 -0.042382092430786444 -0.024941768653155182 -0.047820926345097235
leaf_weight=2.7475987300276747 1.1917878971435119 4.3135558962821952 2.3641538908705106 2.1310002170503131 7.2653806116431943 2.020197480916976 4.0349259972572309 45.527257829438895 3.9811402559280396 14.571754605509343 8.1861105524003488 7.349070791155099 3.1085334718227378 1.390584373846649
leaf_count=525 69 36 49 17 157 9 26 592 33 212 53 118 18 24
internal_value=-0.000293558 0.000985254 0.00159857 0.000336297 0.00141767 0.000400375 -0.0167019 0.00358159 0.00691245 0.00200118 0.0111171 -0.00697954 0.0258587 0.0357516
internal_weight=110.183 107.435 106.244 101.93 99.566 97.435 15.2814 82.1535 8.01607 80.1333 34.6061 15.5352 19.0709 15.9623
internal_count=1938 1413 1344 1308 1259 1242 216 1026 59 1017 425 171 254 236
is_linear=0
shrinkage=0.05


Tree=77
num_leaves=15
num_cat=0
split_feature=13 23 14 3 14 4 4 8 3 13 20 2 13 16
split_gain=2.74006 1.80313 3.07877 5.4136 2.74777 2.26446 5.49184 3.60761 4.11439 3.81097 3.70699 3.64347 3.90606 3.37238
threshold=0.090019893760967959 3.0367052816282176 26.250000000000004 5.3850000000000007 5.416666666666667 19.261956282334403 16.322032501734189 11.250000000000002 6.1300000000000008 1.3136849176439196 -0.84323125033443558 -2.6359999999999997 1.0154580543504739 0.37420257028477938
decision_type=2 2 2 2 2 2 2 2 2 2 2 2 2 2
left_child=-1 4 -3 -4 -2 6 7 9 10 -6 -9 -12 13 -13
right_child=1 2 3 -5 5 -7 -8 8 -10 -11 11 12 -14 -15
leaf_value=-0.028999771340749977 -0.028373150706760133 0.072967606120264261 0.020367083805397968 -0.055872662148096788 -0.022580833930296182 -0.0098900393296169134 0.052547052656967089 0.029575555633496356 -0.047918244307810283 0.056490540344559019 -0.029339066250295878 0.042624445575010647 0.047259291694608914 -0.052470365213509243
leaf_weight=7.7192622972652307 8.4626595680601877 2.0777159854769733 15.180471964180471 2.7502741226926437 2.1553619960322967 26.607072427868843 6.1176437586545935 8.4655556040815956 4.852647535968571 5.2007302213460207 10.835328496992586 1.4079822688363579 4.3846455104649067 2.759677710942924
leaf_count=695 174 17 166 51 55 212 37 95 87 42 116 45 34 112
internal_value=-0.000284756 0.0019043 0.0153496 0.00867319 -0.00140675 0.00172854 0.00842276 0.00168477 -0.00543104 0.0333223 0.00197117 -0.0100822 0.0143153 -0.020344
internal_weight=108.977 101.258 20.0085 17.9307 81.2493 72.7866 46.1796 40.0619 32.7058 7.35609 27.8532 19.3876 8.55231 4.16766
internal_count=1938 1243 234 217 1009 835 623 586 489 97 402 307 191 157
is_linear=0
shrinkage=0.05


Tree=78
num_leaves=15
num_cat=0
split_feature=5 13 6 14 25 6 6 6 6 17 34 11 12 21
split_gain=2.68668 2.67426 1.87772 2.83103 2.73616 1.92323 4.41842 2.46125 2.61526 2.63247 2.27446 2.46484 3.58854 3.10472
threshold=36.207868931273445 0.090019893760967959 0.69407512604433363 88.750000000000014 2.5317037306540353 0.52193541856462378 0.47762102520254729 0.46509103810429259 0.43669981827470689 0.90020765151932747 -0.41664999999999991 0.28510810893309385 0.39328871537484356 0.36686346149186
decision_type=2 2 2 2 2 2 2 2 2 2 2 2 2 2
left_child=1 -1 5 -4 -5 6 7 8 9 10 -3 -12 -13 -14
right_child=-2 2 3 4 -6 -7 -8 -9 -10 -11 11 12 13 -15
leaf_value=-0.027963822470382472 -0.071077351932758701 -0.051776651543414709 0.030920924598007805 -0.045709308343589113 0.033148338599213401 -0.019556804594230211 0.040533791621654151 -0.061671300851435365 0.040138771994688467 -0.032938277104201004 0.017018723465944751 -0.02381662730771205 0.050880194921124638 -0.0013585537273744864
leaf_weight=7.6078729815781108 1.3234925940632809 1.9454907523468055 12.011810742318632 2.8333513326942912 1.7980783171951769 11.199706508778034 6.973090677522122 1.6489191856235255 3.8495104564353815 6.3005216154269865 19.88027296401561 14.339594011195006 3.683369658887389 12.486206643283365
leaf_count=695 7 87 141 28 31 159 50 27 33 167 267 137 22 87
internal_value=-0.000276817 0.000602556 0.00279891 0.018116 -0.0150941 -0.000298358 0.00273494 -0.00137481 0.000216353 -0.00240462 0.00127128 0.00331942 -0.00560728 0.0105412
internal_weight=107.881 106.558 98.9499 16.6432 4.63143 82.3067 71.107 64.1339 62.485 58.6355 52.3349 50.3894 30.5092 16.1696
internal_count=1938 1931 1236 200 59 1036 877 827 800 767 600 513 246 109
is_linear=0
shrinkage=0.05


Tree=79
num_leaves=15
num_cat=0
split_feature=16 1 1 8 23 8 21 34 23 8 8 17 20 23
split_gain=2.54181 1.34542 2.86199 1.29607 2.01638 1.83519 2.90201 2.78321 1.8237 1.70847 3.56643 2.65804 2.31923 1.90787
threshold=0.23842983484556643 88.980000000000004 86.635000000000005 82.916666666666686 1.6484683424469788 66.250000000000014 35.626797385613713 -1.0000000180025095e-35 0.86057585957172866 41.250000000000007 45.416666666666671 0.85957124296746856 0.87025575183295201 2.587971166783618
decision_type=2 2 2 2 2 2 2 2 2 2 2 2 2 2
left_child=-1 2 3 5 -5 6 9 -7 -9 -2 -11 13 -13 -12
right_child=1 -3 -4 4 -6 7 -8 8 -10 10 11 12 -14 -15
leaf_value=-0.050268623568011844 0.0063829420485950698 -0.046627745782585328 0.07158716731358053 -0.035314381059996465 0.034872753459828029 -0.026099608939448744 -0.036316003575429329 0.073591503424232138 0.020786546906237553 -0.059908337856927132 -0.0031059141048731462 -0.060226860078150729 0.024384332993135631 0.037781911000482962
leaf_weight=2.4829560569487503 55.398954425007105 1.4670004174113263 1.4401162452995766 5.0959075749851754 1.2803955711424349 2.6848256317898622 5.3530624876730135 2.0236069094389668 8.5167199103161675 3.094901084899905 10.03093899227679 2.9841987327672532 1.1115646958351133 3.9869724735617629
leaf_count=525 653 17 24 84 16 34 195 17 91 46 121 79 6 30
internal_value=-0.000270205 0.000918125 0.00159529 0.000602832 -0.0212204 0.00206473 -0.000724102 0.019348 0.0309244 0.00176293 -0.010305 -0.00182978 -0.0372639 0.0085234
internal_weight=106.952 104.469 103.002 101.562 6.3763 95.1857 81.9606 13.2252 10.5403 76.6075 21.2086 18.1137 4.09576 14.0179
internal_count=1938 1413 1396 1372 100 1272 1130 142 108 935 282 236 85 151
is_linear=0
shrinkage=0.05


Tree=80
num_leaves=15
num_cat=0
split_feature=5 16 23 18 25 0 2 3 2 13 2 13 36 25
split_gain=2.52115 2.49931 1.75743 3.13422 2.41084 4.12624 2.43684 2.17316 2.81829 2.01382 2.41632 1.76748 5.07411 7.54207
threshold=36.207868931273445 0.23842983484556643 0.33494721034496383 -1.2576917073101479 -1.6694210452653053 26.415000000000003 -3.4821499999999994 5.0950000000000006 -4.5316499999999991 3.4689093553266162 -3.9309499999999997 0.71275036509498224 1.0000000180025095e-35 1.9257842798680465
decision_type=2 2 2 2 2 2 2 2 2 2 2 2 2 2
left_child=1 -1 4 7 -3 6 -6 -4 -9 10 -5 12 -12 -14
right_child=-2 2 3 9 5 -7 -8 8 -10 -11 11 -13 13 -15
leaf_value=-0.050255487881364774 -0.069826689089494284 0.056818082458833588 -0.050500554950899737 -0.051883380384614999 -0.00387897138975812 -0.041994438251720001 0.081242289946615226 -0.055004497544829993 0.042950684473500499 0.030176743351939712 0.055892187789000139 0.0073723326596540689 -0.047772395639058468 0.0087297426957054919
leaf_weight=2.3624626137316218 1.2867344319820393 3.2970071583986282 4.9862572345882636 2.1527589755132785 1.6041886284947398 2.7259997269138694 1.7668492272496203 1.237550223246217 1.8056945744901893 6.1012903191149226 2.7419514488428858 50.049150269478559 10.471011489164086 13.547421792522071
leaf_count=525 7 21 58 68 34 41 9 38 24 37 44 450 437 145
internal_value=-0.000264078 0.000589607 0.00176165 -0.000318243 0.022373 0.00374665 0.0407353 -0.0301792 0.00311674 0.00250045 0.00036195 0.00182624 -0.00854644 -0.0159028
internal_weight=106.136 104.85 102.487 93.0931 9.39404 6.09704 3.37104 8.0295 3.04324 85.0636 78.9623 76.8095 26.7604 24.0184
internal_count=1938 1931 1406 1301 105 84 43 120 62 1181 1144 1076 626 582
is_linear=0
shrinkage=0.05


Tree=81
num_leaves=15
num_cat=0
split_feature=16 1 6 9 34 9 25 34 19 8 14 9 33 4
split_gain=2.29531 1.26668 2.31239 4.37611 2.26123 1.68805 3.07918 4.03124 2.89246 2.75113 2.53356 4.86047 2.9203 5.13579
threshold=0.23842983484556643 88.980000000000004 0.81614583333332769 0.70696444866796104 0.42499999999999999 0.70272147500188187 -1.6694210452653053 -1.0000000180025095e-35 -1.8965716821706735 76.250000000000014 47.916666666666679 0.76285663657965141 41.500000000000007 5.0786055213123467
decision_type=2 2 2 2 2 2 2 2 2 2 2 2 2 2
left_child=-1 2 5 -4 -5 6 -2 -8 -7 -9 11 -10 13 -12
right_child=1 -3 3 4 -6 8 7 9 10 -11 12 -13 -14 -15
leaf_value=-0.050242997283966875 0.0541046678178723 -0.045879655764184568 -0.045723974918749341 0.053248372072327389 -0.0031414292843562892 -0.047577228701911459 -0.05312445782421138 0.0029602458742505897 -0.026935536587791572 0.058631528474916352 0.020793659649223861 0.026654470645326018 0.017139301830489808 -0.033140923415316784
leaf_weight=2.2477885419502845 3.4891826957464245 1.431076020002364 1.8961189072579134 6.5236343983560783 2.4437724575400352 3.7598229506984344 2.7344060400500956 12.548402600921685 19.205664850771431 2.6959290448576203 7.7694835262373116 5.4265616144984952 22.646820018067956 10.219373018946497
leaf_count=525 21 17 21 124 17 70 60 159 348 20 188 78 158 132
internal_value=-0.000260786 0.000832211 0.00149173 0.0232887 0.0378812 -0.00112489 0.0111203 0.00277822 -0.0049332 0.0128056 -0.00247665 -0.0151295 0.00519315 -0.00984629
internal_weight=105.038 102.79 101.359 10.8635 8.96741 90.4956 21.4679 17.9787 69.0277 15.2443 65.2679 24.6322 40.6357 17.9889
internal_count=1938 1413 1396 162 141 1234 260 239 974 179 904 426 478 320
is_linear=0
shrinkage=0.05


Tree=82
num_leaves=15
num_cat=0
split_feature=16 8 19 2 8 19 21 23 8 8 33 21 14 14
split_gain=2.18153 1.27559 2.05773 3.09134 1.50018 3.64547 2.76486 2.3774 1.65134 3.31478 2.6667 2.97106 2.58748 2.73861
threshold=0.23842983484556643 82.916666666666686 0.72779669386274437 1.8387000000000002 66.250000000000014 -1.0885310338410614 35.626797385613713 0.86057585957172866 41.250000000000007 45.416666666666671 60.000000000000007 0.60705351464306267 88.750000000000014 37.083333333333336
decision_type=2 2 2 2 2 2 2 2 2 2 2 2 2 2
left_child=-1 4 -3 -4 6 -6 8 -7 10 -10 -2 -12 13 -11
right_child=1 2 3 -5 5 7 -8 -9 9 12 11 -13 -14 -15
leaf_value=-0.050231118208172637 -0.00026290542390367975 -0.045498871413982032 0.083961136348113322 -0.028942339416681135 -0.040646491130002176 0.076271605858940592 -0.035807434734523906 0.018079388870202332 -0.059377884196272393 -0.053272154500227237 -0.0083266271786966873 0.038328737728514584 -0.043608056716379739 0.014669911599956821
leaf_weight=2.1386554997880003 41.024847979657352 3.6230287468060842 0.96169042587280307 1.6404997846111653 2.1994111435487858 2.2065248545259228 5.1305635552853337 8.5797290275804681 2.9214125131256905 1.6752235945314193 4.9496260136365882 10.986416550353168 3.070869516581296 12.937647174112497
leaf_count=525 582 54 5 41 32 14 196 96 46 62 32 79 41 133
internal_value=-0.000254115 0.000794714 -0.0211364 0.0127834 0.00222159 0.0180209 -0.000259343 0.0299837 0.00209197 -0.0100378 0.00647982 0.0238379 -0.00188666 0.00688101
internal_weight=104.046 101.907 6.22522 2.60219 95.6823 12.9857 82.6966 10.7863 77.566 20.6052 56.9609 15.936 17.6837 14.6129
internal_count=1938 1413 100 46 1313 142 1171 110 975 282 693 111 236 195
is_linear=0
shrinkage=0.05


Tree=83
num_leaves=15
num_cat=0
split_feature=5 13 36 16 6 14 9 3 16 9 16 1 8 3
split_gain=2.28685 2.15461 2.26924 3.27821 1.58067 2.41146 2.60787 2.53311 1.78191 3.28034 2.51965 2.41409 2.78228 4.47968
threshold=36.207868931273445 0.12534873496807242 1.0000000180025095e-35 3.915247040857555 0.69407512604433363 90.416666666666671 0.75698193389817703 5.1650000000000009 5.4407135064158014 0.76279824071393176 5.3011611838067134 69.660000000000011 32.083333333333336 5.8150000000000004
decision_type=2 2 2 2 2 2 2 2 2 2 2 2 2 2
left_child=1 2 -1 -4 8 6 -6 -8 10 -10 11 12 -3 -14
right_child=-2 4 3 -5 5 -7 7 -9 9 -11 -12 -13 13 -15
leaf_value=0.05350625413707949 -0.067991526982722761 0.012313351249054199 -0.05148213672769765 0.012736299995911663 0.04100968106774127 -0.025837351198019116 0.031612726509259011 -0.055083930597910662 0.03447756920988207 -0.025794542613861621 -0.059251346715080394 -0.034077482152274026 -0.0015695264365599337 -0.058052178324316354
leaf_weight=0.9072735533118238 1.2309410348534573 29.468382854014635 5.8137439743150008 3.0193517804145813 9.0210416233167035 2.616785852238535 1.7335152830928557 1.639264967292547 8.3766589239239675 3.0903214812278739 1.9405918605625618 5.1977945882827035 25.112140655983243 4.0808632336556903
leaf_count=25 7 345 765 34 107 30 20 25 50 23 19 69 350 69
internal_value=-0.000248272 0.000569115 -0.0217963 -0.0295308 0.0029299 0.017777 0.0269855 -0.0105243 4.55611e-05 0.0182344 -0.00312422 -0.0014186 0.0014752 -0.00946518
internal_weight=103.249 102.018 9.74037 8.8331 92.2774 15.0106 12.3938 3.37278 77.2668 11.467 65.7998 63.8592 58.6614 29.193
internal_count=1938 1931 824 799 1107 182 152 45 925 73 852 833 764 419
is_linear=0
shrinkage=0.05


Tree=84
num_leaves=15
num_cat=0
split_feature=5 13 2 12 11 1 1 1 14 7 29 19 18 13
split_gain=2.13757 2.03086 1.69274 1.66282 1.60801 3.01234 4.83427 2.56331 2.76913 2.28355 2.05758 1.84882 3.76607 6.02624
threshold=36.207868931273445 0.090019893760967959 2.3785000000000003 0.8439426406012468 2.5973879407213087 69.805000000000021 74.465000000000018 88.980000000000004 83.750000000000014 0.012349605161126253 11.000000000000002 1.3102421901566681 1.0520750149264069 1.3136849176439196
decision_type=2 2 2 2 2 2 2 2 2 2 2 2 2 2
left_child=1 2 -1 -4 9 -6 -7 8 -8 10 -3 -12 -13 -14
right_child=-2 4 3 -5 5 6 7 -9 -10 -11 11 12 13 -15
leaf_value=0.016346121813770161 -0.06686268019192293 0.04109692816355881 -0.055697032969739782 0.015825284122764415 0.050243149936664358 -0.064272659784749386 -0.0077124553733039676 -0.043451327268618792 0.065261921492961394 -0.059083959524374764 0.00321520126016972 -0.058442395528202684 -0.023896383961214063 0.058516181660560274
leaf_weight=1.7423607453238208 1.1901709288358677 3.0677102892659596 3.9383898940868676 1.023924335837364 4.7904625833034506 2.146904679015277 2.1385108381509781 1.222711957991123 3.3154664970934391 1.6163828172720958 60.983423408120871 3.9272750690579405 8.1827330063097161 3.0431305915117255
leaf_count=104 7 32 578 13 30 25 24 16 66 44 766 52 163 18
internal_value=-0.000245645 0.00053828 -0.0260523 -0.0409391 0.00242615 0.0183232 0.000993338 0.0219798 0.0366486 -0.000251663 0.000948973 -0.000668677 -0.0162992 -0.00155581
internal_weight=102.33 101.139 6.70467 4.96231 94.4347 13.6141 8.82359 6.67669 5.45398 80.8207 79.2043 76.1366 15.1531 11.2259
internal_count=1938 1931 695 591 1236 161 131 106 90 1075 1031 999 233 181
is_linear=0
shrinkage=0.05


Tree=85
num_leaves=15
num_cat=0
split_feature=5 16 23 18 25 0 2 9 2 2 5 36 16 17
split_gain=2.00031 1.96527 1.39688 2.91636 2.08226 3.84959 2.70468 1.96684 1.90574 2.1459 1.86115 1.85975 4.88004 4.54847
threshold=36.207868931273445 0.23842983484556643 0.33494721034496383 -1.2576917073101479 -1.6694210452653053 28.465000000000003 -3.4821499999999994 0.6595120047673918 -5.8809999999999993 -3.9309499999999997 8.2742975993539201 1.0000000180025095e-35 0.5260715199585424 0.50324234189723149
decision_type=2 2 2 2 2 2 2 2 2 2 2 2 2 2
left_child=1 -1 4 7 -3 6 10 -4 -5 -10 -6 13 -13 -11
right_child=-2 2 3 8 5 -7 -8 -9 9 11 -12 12 -14 -15
leaf_value=-0.05020568358809227 -0.065819400967177949 0.054080215804737423 0.024872323837280327 0.053079174116839795 -0.054885984956696943 -0.058889075644859248 0.069665467335864359 -0.041625791966064619 -0.039606201276590709 -0.0034323591062255182 0.039704962594852206 -0.047490699094995786 0.0031975561781586144 0.05134091841799171
leaf_weight=1.8743199231103052 1.1496125906705845 3.023043654859066 1.3498331885784853 1.8108630990609516 1.1178884268738327 1.7611643117852507 2.0784171484410749 6.3100748881697655 3.0957634272053829 9.6474076453596336 0.97233551926910866 5.1904582357965401 55.755427455529571 6.2429839745163909
leaf_count=525 7 21 20 28 33 30 11 100 55 98 10 303 635 62
internal_value=-0.000240104 0.000512074 0.00147858 -0.000407044 0.0203083 0.00309128 0.0292767 -0.0299075 0.00235736 0.00120826 -0.0108839 0.00285269 -0.00111931 0.0180869
internal_weight=101.38 100.23 98.3557 89.4028 8.95285 5.92981 4.16864 7.65991 81.7429 79.932 2.09022 76.8363 60.9459 15.8904
internal_count=1938 1931 1406 1301 105 84 54 120 1181 1153 43 1098 938 160
is_linear=0
shrinkage=0.05


Tree=86
num_leaves=15
num_cat=0
split_feature=5 13 6 13 9 33 20 0 34 6 6 6 6 17
split_gain=1.87372 1.81141 1.28172 1.73617 2.50183 2.3029 2.03414 2.39295 3.42135 1.70886 3.6493 2.17558 2.26844 2.84858
threshold=36.207868931273445 0.045302685327362903 0.69407512604433363 0.71275036509498224 0.72015181405248829 56.500000000000007 1.9972540692933769 32.45000000000001 -1.0000000180025095e-35 0.52193541856462378 0.47762102520254729 0.46509103810429259 0.43669981827470689 0.90020765151932747
decision_type=2 2 2 2 2 2 2 2 2 2 2 2 2 2
left_child=1 -1 9 5 -5 6 7 8 -4 10 11 12 13 -3
right_child=-2 2 3 4 -6 -7 -8 -9 -10 -11 -12 -13 -14 -15
leaf_value=-0.044453554001612529 -0.064853446615275132 0.0010242807270969437 0.060221430428426571 -0.019186162181466366 0.046565721033288023 -0.042482035526864081 0.067454216244072926 -0.054220132618883712 -0.029745154555441852 -0.019718743817849261 0.037095790153106177 -0.060833551491372331 0.037550011864136514 -0.033954166838461718
leaf_weight=2.1927379879634818 1.1094176843762387 50.477832016069442 2.3354734759777789 1.8976121153682459 6.0884794620797038 2.4469165035989136 1.4128824006766079 1.4829443134367464 1.9300824077799927 10.769769449718295 6.5851682471111408 1.5349002238363016 3.66907945415005 6.5792420262005171
leaf_count=356 7 618 54 24 70 19 14 29 27 196 50 37 45 392
internal_value=-0.000233867 0.000487339 0.00150105 0.0137141 0.0309421 -0.000605269 0.0137033 0.000492218 0.0195133 -0.00119791 0.00169934 -0.00204443 -0.000558495 -0.00300908
internal_weight=100.513 99.4031 97.2104 17.5944 7.98609 9.6083 7.16138 5.7485 4.26556 79.616 68.8462 62.2611 60.7262 57.0571
internal_count=1938 1931 1575 237 94 143 124 110 81 1338 1142 1092 1055 1010
is_linear=0
shrinkage=0.05


Tree=87
num_leaves=15
num_cat=0
split_feature=5 16 23 18 16 9 5 2 19 36 16 2 17 19
split_gain=1.75684 1.79871 1.23075 2.67386 1.93775 1.82275 1.70775 2.65292 1.67706 3.34646 4.4073 4.52478 3.08522 3.66702
threshold=36.207868931273445 0.23842983484556643 0.33494721034496383 -1.2576917073101479 0.94404554598054502 0.6595120047673918 27.780787458510094 -3.9309499999999997 -1.2457239247432657 1.0000000180025095e-35 0.5260715199585424 0.44370000000000004 0.50324234189723149 -0.8325369726446632
decision_type=2 2 2 2 2 2 2 2 2 2 2 2 2 2
left_child=1 -1 4 5 -3 -4 7 -5 -9 12 -11 -12 13 -10
right_child=-2 2 3 6 -6 -7 -8 8 9 10 11 -13 -14 -15
leaf_value=-0.050190251217802989 -0.063957587652248737 -0.02100128658268343 0.024069780996220314 -0.053283072841584893 0.0331307590821091 -0.04050137810004218 0.031592489610412035 -0.041453422043758181 0.03032457555604658 -0.046915143608659934 -0.064614195822858864 0.0056473790516224746 0.055100389220562034 -0.048139230925822868
leaf_weight=1.7217891502659757 1.0697159096598614 2.219892537686972 1.3293982706964005 2.2302491096779695 6.4762874916195869 6.144057359546423 4.6705967262387267 2.149076407775282 4.5402085818350315 4.9072823617607346 2.3968280479311934 52.095324596855789 5.4718431476503611 2.2157887648791057
leaf_count=525 7 52 20 69 53 100 26 25 36 303 20 610 58 34
internal_value=-0.000225598 0.000466053 0.00136664 -0.000403724 0.0193124 -0.0290153 0.00224668 0.000443385 0.00206753 0.00337331 -0.0015302 0.00255694 0.0271932 0.00459052
internal_weight=99.6383 98.5686 96.8468 88.1507 8.69618 7.47346 80.6772 76.0066 73.7764 71.6273 59.3994 54.4922 12.2278 6.756
internal_count=1938 1931 1406 1301 105 120 1181 1155 1086 1061 933 630 128 70
is_linear=0
shrinkage=0.05


Tree=88
num_leaves=15
num_cat=0
split_feature=5 13 6 6 18 25 14 14 21 6 6 14 5 24
split_gain=1.64836 1.6532 1.12497 1.62592 2.24529 1.54549 1.53888 2.02864 1.21721 2.91699 4.00939 2.3545 2.96158 2.85678
threshold=36.207868931273445 0.045302685327362903 0.69407512604433363 0.93903363705683962 1.4091974586774005 3.1945550155636511 50.416666666666671 88.750000000000014 2.7808669194830959 0.52193541856462378 0.44104878095825689 38.750000000000007 2.5581790046786521 -0.45310190319472415
decision_type=2 2 2 2 2 2 2 2 2 2 2 2 2 2
left_child=1 -1 5 4 6 8 -4 -8 9 10 -3 -10 -13 -14
right_child=-2 2 3 -5 -6 -7 7 -9 11 -11 -12 12 13 -15
leaf_value=-0.043988157685261389 -0.063125443893444586 0.0021482430113735824 -0.0410609807256027 -0.020079650668204663 0.044568060016667937 -0.058524794759013968 0.03426812285106514 -0.022475929977162454 -0.028603540441003685 -0.026720478839869406 0.04273678004477327 0.026720043701518426 0.050735718082515036 -0.017129095726970158
leaf_weight=2.0498444281984112 1.0306173264980305 28.850148219615221 1.5567694175988451 3.0511574614793053 5.6492992076091459 1.1559942811727513 4.4103845485951751 2.4500815998762846 9.3985268622636777 6.0697976928204289 7.7103934362530699 7.6377139359246966 1.7175251068547375 15.96501965355128
leaf_count=356 7 238 18 39 89 13 52 39 479 65 49 215 16 263
internal_value=-0.000222839 0.000440893 0.00139331 0.0130074 0.0201843 -0.0011391 0.00381898 0.0140031 -0.000281464 0.00537895 0.0107081 -0.00723175 0.000701161 -0.0105373
internal_weight=98.7033 97.6727 95.6228 17.1177 14.0665 78.5051 8.41724 6.86047 77.3491 42.6303 36.5605 34.7188 25.3203 17.6825
internal_count=1938 1931 1575 237 198 1338 109 91 1325 352 287 973 494 279
is_linear=0
shrinkage=0.05


Tree=89
num_leaves=15
num_cat=0
split_feature=8 16 2 33 12 4 16 36 4 14 4 12 9 5
split_gain=1.6853 1.62751 1.26342 4.13783 3.09225 2.3507 1.81773 4.553 2.99043 3.10648 2.47394 1.67245 1.63412 6.71415
threshold=97.083333333333357 0.23842983484556643 -3.6031499999999999 46.500000000000007 0.26909398320901001 1.3395976731285317 0.5260715199585424 1.0000000180025095e-35 5.0786055213123467 34.583333333333336 7.6692587854492205 0.6546167247387944 0.74819072273103893 15.431011733521361
decision_type=2 2 2 2 2 2 2 2 2 2 2 2 2 2
left_child=1 -1 3 -3 -5 -4 7 -7 9 -8 -10 -6 -12 -14
right_child=-2 2 5 4 11 6 8 -9 10 -11 12 -13 13 -15
leaf_value=-0.050178302939915743 -0.055686836077726856 -0.047792255293876068 0.046496595432519224 -0.031084322490106987 0.043090538949533748 0.048864873788646651 -0.036702075425257878 -0.052101680357074021 -0.045261005295280404 0.053068671271584371 -0.0027461271753837216 -0.0064695619028265223 -0.004813463544838522 0.055658613537671701
leaf_weight=1.5549369489308436 1.3503186206798989 5.2562674772925702 3.127445872873067 3.7113169357180578 4.6449362970888615 1.5273828990757463 1.1771352938376356 4.1512422040104857 2.7458151457831255 5.3147480823099613 39.454393832013011 2.686998225748539 14.382530140690507 6.7416364774107924
leaf_count=512 40 180 64 40 32 16 56 287 65 57 354 19 175 41
internal_value=-0.000215071 0.000561328 0.00139251 -0.0112766 0.00610376 0.004019 0.00225932 -0.0249447 0.004472 0.0367911 0.00115872 0.0249278 0.00326276 0.0144858
internal_weight=97.8271 96.4768 94.9218 16.2995 11.0433 78.6223 75.4949 5.67863 69.8163 6.49188 63.3244 7.33193 60.5786 21.1242
internal_count=1938 1898 1386 271 91 1115 1051 303 748 113 635 51 570 216
is_linear=0
shrinkage=0.05


Tree=90
num_leaves=15
num_cat=0
split_feature=8 2 3 14 9 2 11 2 23 19 8 3 30 12
split_gain=1.59415 1.36852 1.79835 1.62065 3.59019 1.90483 2.15257 1.85198 1.89261 2.04163 2.41666 2.6984 2.07833 2.1902
threshold=97.083333333333357 16.636100000000003 8.6000000000000014 1.2500000000000002 0.69490864788555229 -6.094949999999999 4.0722627262638884 -5.3433499999999992 0.27734485582408092 -1.0885310338410614 8.7500000000000018 4.9050000000000011 12.500000000000002 0.39328871537484356
decision_type=2 2 2 2 2 2 2 2 2 2 2 2 2 2
left_child=1 2 3 4 -1 -5 7 -7 -9 -10 11 -11 13 -12
right_child=-2 -3 -4 5 -6 6 -8 8 9 10 12 -13 -14 -15
leaf_value=0.034326695372948461 -0.055399253195332093 0.057553151340097308 -0.055181388910341626 0.055170924385445144 -0.05489632957694901 -0.04840912620681298 -0.066991104955255523 0.034874310331110318 -0.017941925905580882 0.051056317565558597 0.001517088958361822 -0.034965277887780401 -0.059363719659331349 0.021188874928820371
leaf_weight=1.6568603760097165 1.2909619647543866 1.0409603938460339 1.4585035748314101 1.6759972674772132 3.5286723400931805 1.7655374463647593 1.1369838714599598 4.5008786087855688 11.487825523130594 1.0685147498734284 35.051001424901187 6.2101388769224286 1.1178501727990795 23.727738197892904
leaf_count=31 40 6 64 15 307 15 20 47 152 32 822 99 64 224
internal_value=-0.00020937 0.00053725 -9.15612e-05 0.000773073 -0.0263882 0.00237829 0.00135024 0.00226515 0.00334095 0.0015367 0.00486779 -0.0223372 0.00817375 0.00945817
internal_weight=96.7184 95.4275 94.3865 92.928 5.18553 87.7425 86.0665 84.9295 83.1639 78.6631 67.1752 7.27865 59.8966 58.7787
internal_count=1938 1898 1892 1828 338 1490 1475 1455 1440 1393 1241 131 1110 1046
is_linear=0
shrinkage=0.05


Tree=91
num_leaves=15
num_cat=0
split_feature=8 16 7 34 33 13 20 20 21 2 1 17 6 17
split_gain=1.50808 1.50098 1.28667 1.99638 1.53492 3.43034 3.2823 2.68797 2.18325 2.60915 3.2753 5.46005 3.94531 4.11931
threshold=97.083333333333357 0.23842983484556643 0.0024346757335368505 0.92500000000000016 60.000000000000007 1.2837858746108433 0.18114283276575624 -0.66062910944022479 0.092742551566143167 -3.5562999999999998 51.490000000000002 0.62394750172031055 0.7476157838420614 0.56690885961371096
decision_type=2 2 2 2 2 2 2 2 2 2 2 2 2 2
left_child=1 -1 -3 4 8 -6 7 -7 -4 -10 11 -11 13 -12
right_child=-2 2 3 -5 5 6 -8 -9 9 10 12 -13 -14 -15
leaf_value=-0.050163651485926976 -0.055126687408990384 0.027614612702238431 0.061764464533936747 -0.035524192341542978 -0.0081298202372458075 0.042717315139171895 0.068717198057488757 -0.013221250889873913 -0.024903832820863097 5.8115218803737447e-06 0.013683001139356049 0.061210244286845107 0.023276881327782929 -0.031596943108604683
leaf_weight=1.439279528800397 1.233919170917942 4.4216452850960186 1.2919363752007473 3.7905445471405974 10.791450543329121 4.0715905502438536 3.8553917631506911 4.5445562154054633 11.908038707915685 11.851461820304403 7.1343719689175549 5.2617533523589364 7.5244938253890714 16.971463919384405
leaf_count=512 40 34 17 43 93 29 24 30 245 112 88 64 162 445
internal_value=-0.000206381 0.000508026 0.00128871 -1.92382e-05 0.00156026 0.0125109 0.0303711 0.0132127 -0.00255229 -0.0039223 0.00120348 0.0188242 -0.00832998 -0.0181959
internal_weight=96.0919 94.858 93.4187 88.9971 85.2065 23.263 12.4715 8.61615 61.9435 60.6516 48.7435 17.1132 31.6303 24.1058
internal_count=1938 1898 1386 1352 1309 176 83 59 1133 1116 871 176 695 533
is_linear=0
shrinkage=0.05


Tree=92
num_leaves=15
num_cat=0
split_feature=13 8 7 8 13 21 17 25 9 9 7 8 14 21
split_gain=1.43048 1.45533 1.22194 1.27002 1.33382 1.15017 1.17408 1.18762 2.44688 3.38205 1.91838 1.74007 2.5774 2.18298
threshold=0.045302685327362903 97.083333333333357 0.0024346757335368505 82.916666666666686 1.0154580543504739 0.11952631578962426 0.041229836153110204 -1.6365030543628929 0.71312303486819528 0.74286420962365285 0.0028886595730885003 68.750000000000014 92.083333333333343 35.626797385613713
decision_type=2 2 2 2 2 2 2 2 2 2 2 2 2 2
left_child=-1 2 -2 5 -5 -4 -7 8 -8 -10 -9 13 -13 -12
right_child=1 -3 3 4 -6 6 7 10 9 -11 11 12 -14 -15
leaf_value=-0.043656228761236232 0.027218299038186983 -0.054938485476305178 0.028586459586828802 0.024352519344922465 -0.05678191860882751 -0.03930772356026363 0.054867302326274681 -0.059353587031600097 -0.045078930513190979 0.039418662103059721 -1.2440537562840947e-05 0.041257202494369753 -0.039829378659345258 -0.036936986669562265
leaf_weight=1.8564734058454622 4.3561637513339511 1.1619342095218588 3.6504918411374083 0.69650467904284541 1.8574193716049192 1.8657802003435779 2.9891107976436606 1.3900139331817616 2.3727615736424923 2.3641206845641136 59.960020576836541 4.972019162727519 1.2205743957310913 4.2890938823111346
leaf_count=356 31 33 35 38 35 49 20 13 27 16 884 94 14 293
internal_value=-0.000197147 0.000669026 0.00137146 8.65554e-05 -0.034655 0.0011295 -0.000101491 0.00081797 0.0194452 -0.0029072 -0.00118551 -3.76944e-05 0.0252749 -0.00247742
internal_weight=95.0025 93.146 91.9841 87.6279 2.55392 85.074 81.4235 79.5577 7.72599 4.73688 71.8317 70.4417 6.19259 64.2491
internal_count=1938 1582 1549 1518 73 1445 1410 1361 63 43 1298 1285 108 1177
is_linear=0
shrinkage=0.05


Tree=93
num_leaves=15
num_cat=0
split_feature=16 1 25 13 23 19 36 16 15 27 5 28 21 1
split_gain=1.3833 1.07707 2.78861 4.33481 1.96423 2.02359 3.06301 3.75813 4.03115 2.9583 2.43532 2.07316 2.73044 2.0717
threshold=0.23842983484556643 38.500000000000007 -1.6694210452653053 1.2015537978110924 0.36680325671095065 -1.2802150812139812 1.0000000180025095e-35 0.5260715199585424 18.000000000000004 1.0000000180025095e-35 1.9219608731404065 1.0000000180025095e-35 1.5090766823162161 46.180000000000007
decision_type=2 2 2 2 2 2 2 2 2 2 2 2 2 2
left_child=-1 2 -2 -4 -3 13 9 -8 -9 11 -10 12 -7 -6
right_child=1 4 3 -5 5 6 7 8 10 -11 -12 -13 -14 -15
leaf_value=-0.050152230768228202 0.018029323407037893 0.041774483515031512 0.051209985517409622 -0.040468071302271265 -0.05396155413130721 0.025253262005564388 -0.046429556651488631 -0.063232136203836498 0.048107376424237451 0.062962440673553735 0.0023739657905652305 0.036487981209243001 -0.05568839997801503 0.021687375182556191
leaf_weight=1.3654970382340241 5.2611342705786219 3.1251722718588999 1.5150846932083357 8.654984984546898 3.0799933504313222 2.0986176393926126 4.2764012678526333 2.2517557423561803 3.095775033812969 3.8026688769459724 48.746576719917357 3.7008663453161716 2.0692058047279716 1.2816141899675129
leaf_count=525 44 35 19 163 59 12 303 31 56 51 555 25 47 13
internal_value=-0.000192937 0.000540921 -0.0115227 -0.0268103 0.00294204 0.00131096 0.00336865 -0.00130687 0.0022603 0.0267517 0.00510494 0.00925228 -0.014932 -0.0317329
internal_weight=94.3253 92.9599 15.4312 10.1701 77.5286 74.4035 70.0419 58.3705 54.0941 11.6714 51.8424 7.86869 4.16782 4.36161
internal_count=1938 1413 226 182 1187 1152 1080 945 642 135 611 84 59 72
is_linear=0
shrinkage=0.05


Tree=94
num_leaves=15
num_cat=0
split_feature=8 13 7 34 25 31 9 14 30 7 13 23 8 9
split_gain=1.33663 1.33396 1.12053 1.98541 2.81904 1.50396 1.3629 1.64206 3.12022 2.82806 2.88072 3.15155 3.03326 2.62258
threshold=97.083333333333357 0.045302685327362903 0.0024346757335368505 0.92500000000000016 -0.68632290482942382 0.80000000000000016 0.62180655001362972 48.750000000000007 3.5000000000000004 0.010541135520611552 0.8243130695711397 1.61671543407181 25.416666666666671 0.71446174896615655
decision_type=2 2 2 2 2 2 2 2 2 2 2 2 2 2
left_child=1 -1 -3 5 -5 6 -4 9 -9 10 -8 12 -12 -10
right_child=-2 2 3 4 -6 -7 7 8 13 -11 11 -13 -14 -15
leaf_value=-0.043137706081246979 -0.054548840162391622 0.02608717732973688 0.031255534241122866 0.049016954207927677 -0.057111400979104811 0.057898980381318854 -0.053393937230566457 -0.034262132889131401 -0.013739085706504978 0.024234785447045732 -0.0035578642660384651 0.030948020665474387 -0.050731883765776191 0.015625901969122526
leaf_weight=1.7211030249018211 1.1173237342154596 4.3399629779160014 3.5302570429630569 0.78855302929878268 3.030109168495982 1.1728157922625531 4.4514618711546126 4.5668808035552493 9.7553909639827889 5.0015914314426473 10.411660500802101 3.9682990461587897 5.0653786049224427 34.468188108876348
leaf_count=349 40 31 37 5 126 7 346 39 125 72 127 42 106 486
internal_value=-0.000189679 0.00046856 0.00129739 4.94353e-05 -0.0351959 0.00168297 0.000871203 -0.000509491 0.00508491 -0.00995478 -0.0171106 -0.0088046 -0.0189971 0.00914821
internal_weight=93.389 92.2717 90.5505 86.2106 3.81866 82.3919 81.2191 77.6889 48.7905 28.8984 23.8968 19.4453 15.477 44.2236
internal_count=1938 1898 1549 1518 131 1387 1380 1343 650 693 621 275 233 611
is_linear=0
shrinkage=0.05


Tree=95
num_leaves=15
num_cat=0
split_feature=8 13 2 12 1 25 13 9 34 9 3 13 36 1
split_gain=1.26535 1.27046 1.44472 1.45087 1.19919 2.76728 3.88081 1.73055 2.128 4.09585 3.65914 2.46753 3.21952 4.58235
threshold=97.083333333333357 0.090019893760967959 2.3785000000000003 0.8439426406012468 38.500000000000007 -1.6694210452653053 1.2015537978110924 0.66515247765924479 0.54410000000000014 0.75341084442868522 3.3850000000000002 0.71275036509498224 1.0000000180025095e-35 74.465000000000018
decision_type=2 2 2 2 2 2 2 2 2 2 2 2 2 2
left_child=1 2 -1 -4 5 -3 -7 -6 11 10 -10 12 -9 -14
right_child=-2 4 3 -5 7 6 -8 8 9 -11 -12 -13 13 -15
leaf_value=0.018825314018927897 -0.054320149878756496 0.018880126600260953 -0.057248748635091135 0.013807685747908548 0.025877302874365911 0.048924990958171904 -0.039309815400640463 0.052383307568111687 0.04128220858208495 0.020088918546020386 -0.040073335533708315 0.01472070272454604 -0.050368091891837767 0.019618573923881395
leaf_weight=1.4698354841675598 1.0671926764771331 5.1368128024041644 2.8734774773474787 0.95786976069211949 8.4355887109413725 1.4612164553254832 8.4682603524997813 1.6511034239083517 1.5897046104073549 6.3483619643375269 10.584167883964254 32.70167191978544 5.9967350654769671 3.8342466149479151
leaf_count=101 40 43 560 13 71 18 163 35 11 71 135 376 217 84
internal_value=-0.000190365 0.000440905 -0.0233169 -0.039484 0.00190184 -0.0109126 -0.0263252 0.00461567 0.00175542 -0.0124707 -0.0294497 0.00771913 -0.0122218 -0.0230721
internal_weight=92.5762 91.5091 5.30118 3.83135 86.2079 15.0663 9.92948 71.1416 62.706 18.5222 12.1739 44.1838 11.4821 9.83098
internal_count=1938 1898 674 573 1224 224 181 1000 929 217 146 712 336 301
is_linear=0
shrinkage=0.05


Tree=96
num_leaves=15
num_cat=0
split_feature=5 16 8 32 28 7 11 23 16 25 25 34 10 33
split_gain=1.42712 1.2475 1.04348 1.80533 2.42708 1.37927 1.13463 1.07745 1.51159 1.41167 2.13547 1.68055 1.63601 1.77067
threshold=36.207868931273445 0.23842983484556643 80.416666666666671 1.175 1.0000000180025095e-35 0.0024490586506932003 0.10411997982185292 0.36680325671095065 0.94404554598054502 -2.2361208286635579 -1.6365030543628929 0.92500000000000016 -0.94815441957839308 70.000000000000014
decision_type=2 2 2 2 2 2 2 2 2 2 2 2 2 2
left_child=1 -1 5 4 6 -3 -4 8 -7 -9 -11 12 -12 -14
right_child=-2 2 3 -5 -6 7 -8 9 -10 10 11 -13 13 -15
leaf_value=-0.050137585790581744 -0.061273633958071755 0.04478487429943228 0.011271486771636072 -0.054220072154522396 0.055299887406006332 -0.019809059114299005 -0.054423837713509553 -0.041182712362673762 0.02905595658661882 0.041258110985506385 -0.070524033145238182 -0.040426624950450775 -0.00099304075617022577 0.030424591345170334
leaf_weight=1.2027111831121136 0.94636908918619056 1.8949099928140629 1.150863480754196 2.2646171804517508 1.3826620245818046 2.0486424062401039 1.53234859672375 2.0613785013556472 6.9572644047439098 3.1163316387683144 0.80051638185977125 2.6085755769163361 58.80943121295423 4.8548895996063939
leaf_count=525 7 12 21 28 21 53 42 18 59 24 5 33 1056 34
internal_value=-0.000191318 0.000446122 0.00112601 -0.0184426 0.00148473 0.0026158 -0.0262463 0.00163242 0.0179403 -0.00040031 0.000797414 -0.00108245 0.000509615 0.00140279
internal_weight=91.6315 90.6851 89.4824 6.33049 4.06587 83.1519 2.68321 81.257 9.00591 72.2511 70.1897 67.0734 64.4648 63.6643
internal_count=1938 1931 1406 112 84 1294 63 1282 112 1170 1152 1128 1095 1090
is_linear=0
shrinkage=0.05


Tree=97
num_leaves=15
num_cat=0
split_feature=2 23 14 11 6 13 27 14 19 0 34 34 5 14
split_gain=1.19655 1.30572 1.34154 2.62548 2.41606 2.2324 2.26411 3.03236 3.10548 2.00047 1.4378 1.3995 2.56644 4.50095
threshold=16.636100000000003 9.4270539831290581 42.916666666666679 1.0348270882991248 0.52673319941106567 4.6554168619557341 1.0000000180025095e-35 10.41666666666667 -0.42179744588065232 25.570000000000004 0.54410000000000014 0.54410000000000014 10.995862644869378 63.750000000000007
decision_type=2 2 2 2 2 2 2 2 2 2 2 2 2 2
left_child=1 2 3 5 -5 6 -1 10 -9 -6 -8 -4 13 -13
right_child=-2 -3 11 4 9 -7 7 8 -10 -11 -12 12 -14 -15
leaf_value=-0.046393505292710913 0.053599334317522652 -0.052973525986029946 0.0083054277301701767 0.031243430428539793 -0.052532772497105265 0.070611250901207095 -0.060982323881906886 -0.042333674499234877 0.055456299596479644 0.01370849382649883 0.0054998362309188831 -0.056477996161712556 -0.021594422044671491 0.04868231424423447
leaf_weight=7.3398843049071729 1.0224207192659367 1.1833131820894767 46.329346355516464 5.7788490038365108 2.1483183261007071 0.61405614018440324 2.4993394702905793 1.1890354370698335 2.5593560102861375 2.4278050512075424 1.2055166728096081 1.3873061696067477 11.62468155287206 3.8172973394393921
leaf_count=474 6 47 827 47 24 3 94 22 57 22 74 22 114 105
internal_value=-0.000186787 -0.000797104 -0.000102766 -0.0097188 0.0097514 -0.0228045 -0.0266821 -0.00727055 0.0244361 -0.0173893 -0.0393498 0.00381958 -0.00852952 0.0206514
internal_weight=91.1265 90.1041 88.9208 25.7622 10.355 15.4072 14.7931 7.45325 3.74839 4.57612 3.70486 63.1586 16.8293 5.2046
internal_count=1938 1932 1885 817 93 724 721 247 79 46 168 1068 241 127
is_linear=0
shrinkage=0.05


Tree=98
num_leaves=15
num_cat=0
split_feature=13 2 33 23 23 6 1 27 1 15 5 11 8 18
split_gain=1.15663 1.0023 3.57088 1.42602 1.40833 1.88116 1.35045 1.55086 4.12001 4.76753 2.78357 3.23121 3.49472 2.58715
threshold=0.027857516537830102 -3.6031499999999999 46.500000000000007 0.36680325671095065 0.50162803054933247 0.63953772995535818 34.560000000000009 1.0000000180025095e-35 50.290000000000013 19.500000000000004 7.2341189185412738 0.063338995932980466 24.583333333333339 1.7259992301485485
decision_type=2 2 2 2 2 2 2 2 2 2 2 2 2 2
left_child=-1 2 -2 -3 5 -4 -5 10 -9 -10 11 12 -8 -11
right_child=1 3 4 6 -6 -7 7 8 9 13 -12 -13 -14 -15
leaf_value=-0.052344251271508713 -0.047113052367112183 0.03505006323348929 -0.023512655032381174 -0.040467741817643843 0.040212539488511161 0.026420492900720884 0.060531640657423683 0.049475896782496753 -0.064084123292088457 0.0003753508290007065 0.0031555722225518391 -0.053638058355625851 -0.037139816466552289 0.043277312103031484
leaf_weight=1.0504812719300378 4.7653124914504579 3.2791534140706053 4.9680065382271987 1.8817451018840063 2.2504917755722991 3.040641245432198 1.6834115564124643 5.6834569668862995 2.4440949698910179 16.01058748329524 31.42609135620296 5.2555608235998079 2.0085572043899447 4.50220953952521
leaf_count=245 181 27 45 21 19 27 12 79 37 368 266 319 219 73
internal_value=-0.000185012 0.000429256 -0.0113472 0.00281464 0.00526576 -0.00455455 0.00132365 0.00246314 0.0113623 0.00192646 -0.00384976 -0.0284543 0.00739503 0.0097916
internal_weight=90.2498 89.1993 15.0245 74.1749 10.2591 8.00865 70.8957 69.014 28.6403 22.9569 40.3736 8.94753 3.69197 20.5128
internal_count=1938 1693 272 1421 91 72 1394 1373 557 478 816 550 231 441
is_linear=0
shrinkage=0.05


Tree=99
num_leaves=15
num_cat=0
split_feature=5 8 16 15 13 7 34 34 23 24 19 11 25 8
split_gain=1.35427 1.15952 1.14666 0.952665 2.5468 1.8002 1.60459 1.65065 1.52497 1.30947 2.15026 2.61663 1.80019 2.36237
threshold=36.207868931273445 97.083333333333357 0.23842983484556643 18.000000000000004 2.0798182469174429 0.0024346757335368505 0.92500000000000016 -0.41664999999999991 3.1943845094142218 -0.45310190319472415 -1.0126709475437206 0.28510810893309385 -0.0031321703390452993 7.916666666666667
decision_type=2 2 2 2 2 2 2 2 2 2 2 2 2 2
left_child=1 2 -1 4 -4 -5 7 8 -7 -9 11 -11 13 -12
right_child=-2 -3 3 5 -6 6 -8 9 -10 10 12 -13 -14 -15
leaf_value=-0.050129898972694681 -0.060736709204344652 -0.053832697543207464 -0.05919483143060128 0.03704179063627288 0.0039247964912616949 -0.051229812444602119 -0.032203840395669529 0.02411506860445117 0.056579341599456261 0.025201194845239045 -0.030155173829510152 -0.041039529388558184 -0.00082646653206602859 0.025111503681917131
leaf_weight=1.0809637962374825 0.91389144212007423 0.97318250872194667 2.2968971333466461 3.7671962548047295 5.2529266513884068 2.2591959000565107 3.3496488351374856 7.7047884995117704 0.38372472673654545 2.0547470259480098 2.1973843090236143 5.432354430668056 35.518127750605366 16.105474487878382
leaf_count=512 7 40 76 31 33 183 43 72 4 48 24 69 610 186
internal_value=-0.000182879 0.0004433 0.00104763 0.00168849 -0.0152782 0.00331464 0.00162067 0.00320184 -0.035577 0.00468692 0.00224532 -0.0228605 0.00573783 0.0184764
internal_weight=89.2905 88.3766 87.4034 86.3225 7.54982 78.7726 75.0054 71.6558 2.64292 69.0129 61.3081 7.4871 53.821 18.3029
internal_count=1938 1931 1891 1379 109 1270 1239 1196 187 1009 937 117 820 210
is_linear=0
shrinkage=0.05


Tree=100
num_leaves=15
num_cat=0
split_feature=13 2 3 7 3 29 3 1 2 20 7 2 13 7
split_gain=1.07613 1.02107 1.48406 0.971949 1.47335 1.24879 3.05715 1.81854 1.41781 3.63496 1.806 2.08241 2.22915 1.84723
threshold=0.027857516537830102 16.636100000000003 8.6000000000000014 0.0131121690289845 5.2250000000000005 11.000000000000002 4.6750000000000007 64.155000000000015 6.5256500000000006 0.048231906927287557 0.010943983938679651 -3.9309499999999997 3.4323722340336089 0.0054104071580023004
decision_type=2 2 2 2 2 2 2 2 2 2 2 2 2 2
left_child=-1 2 3 5 -5 6 -2 -8 10 -10 11 12 -7 -13
right_child=1 -3 -4 4 -6 8 7 -9 9 -11 -12 13 -14 -15
leaf_value=-0.05228306415810198 -0.016305267564899969 0.050397801460932062 -0.054719987628952839 0.030509499806098985 -0.044951131111752432 -0.050698707659024136 -0.021134836443430928 0.062114326430974233 0.040198247439146698 -0.063041431417779126 0.05956573729168857 -0.0027250061937600652 -0.0015078636620283546 0.015781817767441763
leaf_weight=0.98010718007571895 3.2332569991704068 1.0094450786709774 1.2296241733711202 0.86970262834802214 2.5244075525552034 3.8727781656198115 0.79680188233032812 3.7123320233076811 1.2600090934429311 2.6368878819048405 1.3062723682960484 38.830252222251154 5.682240154594183 20.655772483791225
leaf_count=245 38 6 61 31 43 160 20 78 18 56 17 793 49 323
internal_value=-0.000181482 0.000401322 -0.000181388 0.000604058 -0.0256152 0.00168949 0.0207984 0.0474035 -0.000303241 -0.0296603 0.00132299 0.000221029 -0.0214456 0.00370126
internal_weight=88.5999 87.6198 86.6103 85.3807 3.39411 81.9866 7.74239 4.50913 74.2442 3.8969 70.3473 69.041 9.55502 59.486
internal_count=1938 1693 1687 1626 74 1552 136 98 1416 74 1342 1325 209 1116
is_linear=0
shrinkage=0.05


Tree=101
num_leaves=15
num_cat=0
split_feature=8 13 2 25 9 19 33 13 19 15 3 0 13 2
split_gain=1.06372 1.00129 1.34773 1.32795 1.08277 1.04858 2.72372 2.69526 2.3717 2.0781 1.81386 2.33927 1.70692 1.48456
threshold=97.083333333333357 0.090019893760967959 2.3785000000000003 3.6731568603079241 0.69174384298247804 -1.0322197304483363 56.500000000000007 0.98848421039401702 -0.88259787993130501 18.000000000000004 5.7800000000000002 16.940000000000001 4.8505895712782587 -2.9226499999999995
decision_type=2 2 2 2 2 2 2 2 2 2 2 2 2 2
left_child=1 2 4 -4 -1 6 7 -3 13 -10 11 -9 -12 -7
right_child=-2 5 3 -5 -6 8 -8 10 9 -11 12 -13 -14 -15
leaf_value=-0.055543053132317437 -0.053580433194539402 0.057144551334115425 -0.057328514291743918 0.012590358941562192 0.045210331038364075 0.0076988333043332483 0.016560874174965816 0.074292541056826283 -0.045026401465589519 0.0040883778579997232 -0.022576713356302118 -0.052558769942105621 0.050720367772324429 0.068161361857806343
leaf_weight=0.35760324751026829 0.92265889863483508 0.96723163127899425 2.5203133894829084 0.92957357689738263 1.0485317615093661 1.8173424610868094 6.8483412750065318 0.38475714623927881 2.2384467702358952 56.875891782110557 3.1024218210950494 6.5591653450392187 1.0676257759332655 2.3001953139901152
leaf_count=19 40 19 561 12 82 28 57 2 28 836 90 143 6 15
internal_value=-0.000176511 0.000389739 -0.0216721 -0.0384888 0.0195871 0.00169367 -0.00863004 -0.0229097 0.00478425 0.00222858 -0.0298767 -0.04553 -0.00381102 0.0414752
internal_weight=87.9401 87.0174 4.85602 3.44989 1.40614 82.1614 18.9295 12.0812 63.2319 59.1143 11.114 6.94392 4.17005 4.11754
internal_count=1938 1898 674 573 101 1224 317 260 907 864 241 145 96 43
is_linear=0
shrinkage=0.05


Tree=102
num_leaves=15
num_cat=0
split_feature=5 16 11 1 1 7 1 25 29 19 18 5 23 18
split_gain=1.28392 1.03702 0.823849 3.59557 4.08366 1.92366 1.83078 2.25987 1.79522 1.83207 3.01634 2.17166 2.06366 1.96739
threshold=36.207868931273445 0.23842983484556643 2.5973879407213087 69.805000000000021 74.465000000000018 0.012349605161126253 88.980000000000004 2.8320486729626193 11.000000000000002 1.3102421901566681 1.0520750149264069 18.049902301185565 3.4056815679042987 1.1465009785826517
decision_type=2 2 2 2 2 2 2 2 2 2 2 2 2 2
left_child=1 -1 5 -4 -5 8 7 -6 -3 -10 -11 12 13 -12
right_child=-2 2 3 4 6 -7 -8 -9 9 10 11 -13 -14 -15
leaf_value=-0.050119631799801702 -0.060223402688668375 0.038576623464293087 0.049156924933929903 -0.066017053187164262 0.068747746900176668 -0.058261860149884409 -0.044254743414311841 0.0024740916052384942 0.0025870688132526736 -0.056928112370900896 0.052532142889330828 0.063107080123540771 0.029165432290932231 -0.034951805251704597
leaf_weight=1.0024668083060522 0.88112694025039573 2.9019503518939009 4.4535549841821185 2.1432681716978532 1.9201321788132188 1.4423754517920304 1.1676139310002325 3.8966808393597603 53.741484333993867 3.6348701720125964 0.71874997625127246 1.0818508863449086 2.2939758142456412 6.0695840604603291
leaf_count=525 7 29 31 26 47 53 17 58 831 79 18 7 45 165
internal_value=-0.000172794 0.000439131 0.00103216 0.0123261 -0.00564427 -0.00110162 0.012882 0.0243511 6.87919e-05 -0.00158574 -0.0178371 -0.00385749 -0.0118341 -0.025689
internal_weight=87.3497 86.4686 85.4661 13.5813 9.1277 71.8848 6.98443 5.81681 70.4425 67.5405 13.799 10.1642 9.08231 6.78833
internal_count=1938 1931 1406 179 148 1227 122 105 1174 1145 314 235 228 183
is_linear=0
shrinkage=0.05


Tree=103
num_leaves=15
num_cat=0
split_feature=8 16 1 25 13 24 19 36 16 8 5 5 27 14
split_gain=1.00978 0.962144 0.888598 2.28177 3.31326 1.51979 1.76396 2.57944 3.18645 2.51596 4.32101 2.96189 2.34321 2.53214
threshold=97.083333333333357 0.23842983484556643 38.500000000000007 -1.6694210452653053 1.2015537978110924 -0.46326884429733656 -1.2802150812139812 1.0000000180025095e-35 0.41266351639782695 16.250000000000004 11.222243941817011 8.5474208996159842 1.0000000180025095e-35 55.416666666666679
decision_type=2 2 2 2 2 2 2 2 2 2 2 2 2 2
left_child=1 -1 3 -3 -5 -4 -7 12 -9 10 11 -10 13 -8
right_child=-2 2 5 4 -6 6 7 8 9 -11 -12 -13 -14 -15
leaf_value=-0.050114519374009216 -0.053413847318346322 0.017336844025622432 0.0385079173446123 0.045552270840600852 -0.037918164720154357 -0.030874431672491917 -0.029222164986767236 -0.051129734911527724 -0.0099272439994169837 0.0082067215540578119 -0.054027886700616458 0.071194742162200772 0.060328659400819655 0.032834343289146924
leaf_weight=0.93320437974762072 0.88142054865602304 4.806951191276311 2.9235553974285713 1.403035955503581 7.7880027983337641 3.9185387240722696 2.6070885588414949 2.9657824765890899 5.0095726449508202 39.141203965758905 4.8837370220571756 1.4511492028832433 3.4211825085803866 4.4489559829235077
leaf_count=512 40 43 35 19 163 72 44 247 115 506 45 8 51 38
internal_value=-0.000169921 0.000377678 0.000933537 -0.0105771 -0.0251762 0.00321026 0.00168928 0.00368528 -0.000761322 0.00219757 -0.0185355 0.00829365 0.0263704 0.00990552
internal_weight=86.5834 85.702 84.7688 13.998 9.19104 70.7708 67.8472 63.9287 53.4514 50.4857 11.3445 6.46072 10.4772 7.05604
internal_count=1938 1898 1386 225 182 1161 1126 1054 921 674 168 123 133 82
is_linear=0
shrinkage=0.05


Tree=104
num_leaves=15
num_cat=0
split_feature=5 13 21 34 9 9 16 22 13 12 33 10 33 3
split_gain=1.20572 0.951069 0.888566 0.975589 1.90831 2.62666 2.7485 2.85485 2.99888 2.38862 2.33175 1.73 1.39922 1.43363
threshold=36.207868931273445 0.027857516537830102 0.11952631578962426 0.54410000000000014 0.75341084442868522 0.66515247765924479 5.9620765645434171 1.0000000180025095e-35 1.9552885779299158 0.39328871537484356 66.500000000000014 0.30538387848311382 70.000000000000014 3.0950000000000002
decision_type=2 2 2 2 2 2 2 2 2 2 2 2 2 2
left_child=1 -1 -3 12 5 10 7 -7 -9 11 -5 -6 13 -4
right_child=-2 2 3 4 9 6 -8 8 -10 -11 -12 -13 -14 -15
leaf_value=-0.052195948771170446 -0.059571185326365121 0.026276683352154186 -0.027870909196681611 0.060605352951994311 -0.056856535067590211 -0.054068540551653756 0.023004069352341488 -0.054542953373015263 0.065303950690390744 0.053179040316444437 -0.020554046311362623 0.015026681576558702 0.034490837046435914 0.0035506898732244763
leaf_weight=0.85009702749084581 0.84576034173369308 3.3278845809400073 3.9038061774335793 1.7471672147512465 1.311360121588222 7.9167218015063536 2.0686066895723334 0.94872094143647734 1.1604056209325788 2.4190388116985559 1.7934491585474459 2.3139708712697029 3.3776579014956942 51.778486970928498
leaf_count=245 7 36 65 10 58 155 13 77 5 16 35 13 28 1175
internal_value=-0.000166865 0.00042479 0.000956896 -8.67247e-05 -0.00915831 -0.0183818 -0.0294702 -0.0402971 0.0113948 0.0147003 0.0194952 -0.010975 0.00324323 0.00134777
internal_weight=85.7631 84.9174 84.0673 80.7394 21.6794 15.6351 12.0945 10.0258 2.10913 6.04437 3.54062 3.62533 59.06 55.6823
internal_count=1938 1931 1686 1650 382 295 250 237 82 87 45 71 1268 1240
is_linear=0
shrinkage=0.05


Tree=105
num_leaves=15
num_cat=0
split_feature=2 3 23 6 9 3 7 7 2 8 12 18 16 17
split_gain=0.895832 1.30231 1.16512 1.0134 1.92855 2.78498 1.84964 1.33562 1.91946 2.11376 2.36328 1.4876 2.02756 1.99782
threshold=16.636100000000003 8.6000000000000014 9.4270539831290581 0.81614583333332769 0.71599831907955114 5.1150000000000011 0.012349605161126253 0.010943983938679651 -3.9309499999999997 26.250000000000004 0.26909398320901001 0.49383143813132624 5.5323229634024012 0.90110371506796294
decision_type=2 2 2 2 2 2 2 2 2 2 2 2 2 2
left_child=1 2 3 6 -5 -6 7 8 9 10 -1 -10 13 -13
right_child=-2 -3 -4 4 5 -7 -8 -9 11 -11 -12 12 -14 -15
leaf_value=-0.049311379336338772 0.047231560174689692 -0.054249614560067917 -0.052579712988139862 -0.034239546815240697 0.041348919637345161 -0.048412714391123518 -0.058186816054578684 0.039622975981857059 0.0091699979371540549 -0.058743067619763889 0.020519232755026508 -0.0042981282582094998 0.024082036501864398 -0.037921492584373197
leaf_weight=1.9198456178419201 0.98535498231649299 1.1211473415605713 1.0403210050426412 1.5035428333794678 5.9138755945023149 1.0120066804811356 1.3974924441426981 2.0548340054228893 32.162802576436668 2.8610271192155778 3.2843879610300064 19.504878842271872 4.6304381266236296 5.7115641487762323
leaf_count=80 6 64 47 24 123 16 40 26 474 77 38 263 33 627
internal_value=-0.00016622 -0.000721435 1.63927e-06 0.000669083 0.0170899 0.028233 -0.00121345 -0.000109612 -0.00127471 -0.0242202 -0.00524133 0.0017097 -0.00632948 -0.0119139
internal_weight=85.1035 84.1182 82.997 81.9567 8.42943 6.92588 73.5273 72.1298 70.0749 8.06526 5.20423 62.0097 29.8469 25.2164
internal_count=1938 1932 1868 1821 163 139 1658 1618 1592 195 118 1397 923 890
is_linear=0
shrinkage=0.05


Tree=106
num_leaves=15
num_cat=0
split_feature=13 23 4 5 17 20 19 4 2 4 36 1 1 20
split_gain=0.863847 0.887592 3.00584 2.28232 2.19012 2.53011 2.54285 1.88969 2.06257 1.85808 3.27176 2.41903 2.83232 1.82942
threshold=0.027857516537830102 1.6245259142064927 26.554397431843437 17.07106098740093 0.76635717620248422 -0.076781748512725942 0.60670087253265581 25.077152705143181 3.5940000000000003 32.190441859806235 1.0000000180025095e-35 67.345000000000013 74.225000000000009 1.1192146735000617
decision_type=2 2 2 2 2 2 2 2 2 2 2 2 2 2
left_child=-1 2 7 4 5 -3 -7 8 13 10 -6 -11 -13 -2
right_child=1 3 -4 -5 9 6 -8 -9 -10 11 -12 12 -14 -15
leaf_value=-0.052091165324956848 -0.0033224231898691427 0.059109853454722971 -0.057676987786465239 0.058680977705132586 0.059986925485433933 -0.059032287531263487 0.020199680054341071 0.061027644511588208 -0.052468069140065202 0.038342895707666809 -0.03449606332821669 -0.03805643944097975 0.013515296475076658 0.038331684391442994
leaf_weight=0.79341872653458168 39.148650120012462 3.2594841793179512 2.4857356175780287 1.9628672152757634 1.0396880581974981 1.2467909203842262 5.3924029269255698 1.1878637224435795 2.0017231077654278 4.1220815554261199 7.7173990774899739 4.3434789758175594 6.8783828672021627 2.8262437889352432
leaf_count=245 631 36 19 15 9 24 76 9 263 29 373 47 118 44
internal_value=-0.000164996 0.000327742 -0.00414767 0.00625764 0.00323114 0.0230325 0.00532051 -0.00120156 -0.00288245 -0.0049016 -0.0232785 0.00558648 -0.00644581 -0.000517779
internal_weight=84.4062 83.6128 47.6502 35.9626 33.9997 9.89868 6.63919 45.1645 43.9766 24.101 8.75709 15.3439 11.2219 41.9749
internal_count=1938 1693 966 727 712 136 100 947 938 576 382 194 165 675
is_linear=0
shrinkage=0.05


Tree=107
num_leaves=15
num_cat=0
split_feature=13 2 12 23 17 23 3 3 3 3 34 20 34 31
split_gain=0.837584 1.11043 1.22423 0.954299 2.16668 1.51435 1.47149 2.44691 2.12822 2.31436 1.35523 1.13678 2.06211 2.33768
threshold=0.090019893760967959 2.3785000000000003 0.8439426406012468 3.0367052816282176 0.80699108064677672 2.6453361093848136 6.3950000000000005 5.3850000000000007 4.7150000000000007 5.0750000000000011 0.54410000000000014 -0.73459975104667818 0.62500000000000011 0.48500000000000004
decision_type=2 2 2 2 2 2 2 2 2 2 2 2 2 2
left_child=1 -1 -3 5 -5 11 7 8 10 -10 -6 -2 13 -13
right_child=3 2 -4 4 6 -7 -8 -9 9 -11 -12 12 -14 -15
leaf_value=0.017369759010630339 0.010900780319722357 -0.057728615018966672 0.011881839584873835 0.054990074150582186 -0.033085548195467468 -0.043604338623315114 0.054607206026612544 -0.054789273950730633 0.073499792528709321 -0.0011596177929414854 0.016562095948734014 -0.0064745363894866924 -0.030703799559766959 0.023420274152639885
leaf_weight=1.2979927279520769 16.660523540573195 2.2006850936450069 0.88587224483489979 2.4812007024884215 3.2085422053933126 2.0831080563366404 1.2907386985607434 1.8265802138485003 2.0336794704198837 2.1201719995588064 2.4047028496861458 30.383429960813373 6.3874653107486656 8.332772722002117
leaf_count=104 255 578 13 33 32 34 12 51 54 28 24 552 99 69
internal_value=-0.00015955 -0.0214323 -0.0377497 0.00101793 0.0122048 -0.00167434 0.00396554 -0.00167247 0.0082611 0.0353928 -0.0118166 -0.000260176 -0.00438284 -4.03656e-05
internal_weight=83.5975 4.38455 3.08656 79.2129 15.3656 63.8473 12.8844 11.5937 9.7671 4.15385 5.61325 61.7642 45.1037 38.7162
internal_count=1938 695 591 1243 234 1009 201 189 138 82 56 975 720 621
is_linear=0
shrinkage=0.05


Tree=108
num_leaves=15
num_cat=0
split_feature=16 5 14 17 36 12 12 12 9 5 5 7 32 9
split_gain=0.799839 0.831334 2.47118 2.35494 2.12671 1.04265 1.3491 1.56142 1.21176 3.84842 3.18389 2.23843 2.68875 2.28158
threshold=0.23842983484556643 1.8308510616177276 34.583333333333336 0.88630911785627375 1.0000000180025095e-35 0.029115020048627302 0.042991960803183162 0.053400770712898907 0.74819072273103893 15.431011733521361 21.733793146162537 0.0055323165200306503 1.175 0.75440606232462704
decision_type=2 2 2 2 2 2 2 2 2 2 2 2 2 2
left_child=-1 2 -2 -4 -5 -3 -7 -8 -9 11 -11 13 -13 -10
right_child=1 5 3 4 -6 6 7 8 9 10 -12 12 -14 -15
leaf_value=-0.050095753883825291 -0.051467591142786588 -0.030358976510062297 0.049073191170942582 0.061439633584426813 -0.052635054558801533 0.039979735565692412 -0.047009153815839512 -0.0050572889803927618 0.013523516396445176 0.065090154369039643 0.006707623770473287 -0.0073766318973179385 0.052829897821741682 -0.05952271320628888
leaf_weight=0.79403287265449662 1.1371763526694838 2.9550956448074421 4.3339626847300678 0.59052288532257047 1.326041612541303 2.0444729255978009 1.8139911955222476 43.229985497891903 1.6109963413327957 4.3936461023986322 4.9845789559185505 8.1950273711699975 2.3967432621866456 3.1774645783007145
leaf_count=525 99 137 96 4 108 76 46 526 24 32 40 157 19 49
internal_value=-0.000153945 0.000328542 0.0163297 0.0286642 -0.0174869 -0.00125179 -5.45942e-05 -0.00122718 -5.67335e-06 0.0088148 0.0340595 -0.00657838 0.00624711 -0.0349475
internal_weight=82.9837 82.1897 7.3877 6.25053 1.91656 74.802 71.8469 69.8024 67.9884 24.7585 9.37823 15.3802 10.5918 4.78846
internal_count=1938 1413 307 208 112 1106 969 893 847 321 72 249 176 73
is_linear=0
shrinkage=0.05


Tree=109
num_leaves=15
num_cat=0
split_feature=8 20 22 32 8 21 19 18 9 5 8 8 13 29
split_gain=0.795418 2.16804 1.27193 1.42553 1.26719 1.81891 1.62887 1.93593 1.84098 1.22955 1.22263 2.56923 1.83543 2.85535
threshold=80.416666666666671 0.90515505256404161 1.0000000180025095e-35 1.175 66.250000000000014 35.626797385613713 -1.0885310338410614 1.3238739180175452 0.7508385928216964 1.4637204807770632 41.250000000000007 45.416666666666671 2.1553369267876152 12.500000000000002
decision_type=2 2 2 2 2 2 2 2 2 2 2 2 2 2
left_child=4 2 9 -4 5 10 -6 8 -8 -2 -1 -12 13 -13
right_child=1 -3 3 -5 6 -7 7 -9 -10 -11 11 12 -14 -15
leaf_value=0.004953351522218455 0.028389351677936367 0.05958607972820517 0.0688079515471995 -0.062410956132891098 -0.030515009305391756 -0.035530484526648101 0.050447570202047202 -0.026541421950765177 -0.010559725312283328 -0.053047466829109248 -0.058789216857887128 0.022855157283072195 0.022766741839899879 -0.034105690617107297
leaf_weight=45.701393737108447 0.53397299523930897 0.77630239631980646 0.59390913776587684 0.31769407831598073 1.4907722403295327 3.6680607403395689 5.5369101885007677 1.4507460650056598 1.5921789007261393 3.511689804494381 2.3917899220250574 3.2999557153671031 4.7203960902988902 6.6012662888388149
leaf_count=756 45 7 52 15 27 445 83 57 31 84 52 88 35 161
internal_value=-0.000147631 -0.0181095 -0.0302766 0.0230781 0.00119941 -0.00130781 0.0177263 0.0261084 0.0368225 -0.0422989 0.000693806 -0.0107482 -0.00288967 -0.0151213
internal_weight=82.187 5.73357 4.95727 0.911603 76.4535 66.3829 10.0706 8.57984 7.12909 4.04566 62.7148 17.0134 14.6216 9.90122
internal_count=1938 203 196 67 1735 1537 198 171 114 129 1092 336 284 249
is_linear=0
shrinkage=0.05


Tree=110
num_leaves=15
num_cat=0
split_feature=1 1 13 36 16 5 14 33 8 21 19 13 21 21
split_gain=0.76469 1.89877 0.881675 1.18257 1.54394 1.0861 2.41224 0.96506 2.90679 2.63208 2.52483 2.30843 2.17442 2.10221
threshold=88.980000000000004 86.635000000000005 0.12534873496807242 1.0000000180025095e-35 3.9668251019422676 1.8308510616177276 34.583333333333336 56.500000000000007 52.083333333333343 1.5426682692292235 -1.2457239247432657 1.3136849176439196 0.69355370085664036 0.69355370085664036
decision_type=2 2 2 2 2 2 2 2 2 2 2 2 2 2
left_child=1 2 3 -1 -5 6 -4 10 11 13 -7 12 -9 -10
right_child=-2 -3 5 4 -6 7 -8 8 9 -11 -12 -13 -14 -15
leaf_value=0.052208139335721326 -0.042324700055759376 0.069762181617154362 -0.051532378875651055 -0.051395837731239291 0.0042861395365218682 -0.030957669676016698 0.036197754514568463 -0.040730245435462942 -0.022963294047926366 -0.050373174249137322 0.00052740586380046269 0.028661177809177735 0.016901191198609306 0.04329108501181296
leaf_weight=0.51974320225417603 1.0605972856283177 0.97498638927936454 0.93621271569281717 2.8406938011175944 2.2161227148026228 7.9696053878869817 4.8049064944498241 2.8186053149402204 2.7571221478283388 3.6435790807008743 31.672741814516488 13.354629253968595 3.9031162688042969 2.1161997355520725
leaf_count=25 17 24 68 764 25 195 98 30 30 48 448 101 49 16
internal_value=-0.000145701 0.000409817 -0.000440149 -0.0196118 -0.0269935 0.00100506 0.0218915 -0.000752253 0.00624922 -0.0182271 -0.00580228 0.0166327 -0.00726528 0.00580712
internal_weight=81.5889 80.5283 79.5533 5.57656 5.05682 73.9767 5.74112 68.2356 28.5933 8.5169 39.6423 20.0764 6.72172 4.87332
internal_count=1938 1921 1897 814 789 1083 166 917 274 94 643 180 79 46
is_linear=0
shrinkage=0.05


Tree=111
num_leaves=15
num_cat=0
split_feature=2 3 23 23 7 7 3 18 7 2 20 23 2 0
split_gain=0.74708 1.13733 1.02586 0.822429 1.34308 1.01444 1.22443 2.46991 0.871203 1.54466 1.26909 1.17844 1.90325 1.68333
threshold=16.636100000000003 8.6000000000000014 9.4270539831290581 4.0702695712537471 0.012349605161126253 0.0059734798862647008 5.1550000000000011 1.4629496742389059 0.010943983938679651 -5.3433499999999992 -0.50877869384116736 0.33494721034496383 -3.9309499999999997 25.335000000000004
decision_type=2 2 2 2 2 2 2 2 2 2 2 2 2 2
left_child=1 2 3 4 8 -5 -7 -8 9 10 -1 13 -13 -11
right_child=-2 -3 -4 5 -6 6 7 -9 -10 11 -12 12 -14 -15
leaf_value=0.0015883127632198607 0.044346665431115984 -0.053795937045351606 -0.052309430473501617 -0.031728258619560037 -0.058531806419040093 0.046379121856512308 -0.054320703456786024 0.057142139434504913 0.031354032094061589 0.051688546046992682 -0.070075338996720776 -0.036678903761050652 0.00051968888744694127 -0.00022129850498939899
leaf_weight=1.0796942377928647 0.93266628682613273 0.99464300507679482 0.92605239525437255 0.86350556730758299 0.9953864689450701 3.1311277912463993 1.0936526502482595 0.91100956150330592 2.1423287512734523 2.6133033845107994 1.4440380339510728 3.6629609013907531 56.140204969211489 3.8812009214889258
leaf_count=34 6 64 47 44 48 84 35 15 29 30 39 87 1327 49
internal_value=-0.000144095 -0.000663568 6.37036e-06 0.000627819 -0.000855023 0.0184139 0.0268446 -0.00366692 -4.60083e-05 -0.00102345 -0.0394164 0.00043804 -0.00175874 0.0206665
internal_weight=80.8118 79.8791 78.8845 77.9584 71.9591 5.9993 5.13579 2.00466 70.9637 68.8214 2.52373 66.2977 59.8032 6.4945
internal_count=1938 1932 1868 1821 1643 178 134 50 1595 1566 73 1493 1414 79
is_linear=0
shrinkage=0.05


Tree=112
num_leaves=15
num_cat=0
split_feature=6 9 6 13 36 9 10 5 30 17 17 14 9 7
split_gain=0.739756 1.81081 2.11138 1.13649 1.05383 1.03388 2.04065 1.91057 1.73373 2.39049 2.60089 1.58905 2.76426 2.2992
threshold=0.81614583333332769 0.70696444866796104 0.92857142857147323 0.10408685664925711 1.0000000180025095e-35 0.70272147500188187 -0.94815441957839308 25.295795271786698 6.5000000000000009 0.66036682067517261 0.80699108064677672 47.916666666666679 0.76285663657965141 0.010943983938679651
decision_type=2 2 2 2 2 2 2 2 2 2 2 2 2 2
left_child=3 -2 -3 4 -1 7 -7 8 -5 -10 -11 12 13 -8
right_child=1 2 -4 5 -6 6 11 -9 9 10 -12 -13 -14 -15
leaf_value=0.052833021163827348 -0.035592836895430184 0.048561211262122053 -0.0054507224025998023 0.028859243105392476 -0.043213539642483874 -0.042120809131404702 -0.031515346591457979 0.045527389458534941 -0.033740389010685982 0.056289276129389033 -0.024983728036350728 0.0053863120702037689 0.02173230943177203 0.035061703568805884
leaf_weight=0.32130485773086581 1.5491602067486363 3.9675542140612379 3.3262968005146831 4.1220085490494993 2.5694559514522544 3.2802040111273518 12.092957768822091 3.1417003348469725 4.8994017716031504 2.1176445186138158 1.839484956115484 31.355474668554962 4.2769358477089545 1.4525439159478981
leaf_count=13 25 106 54 53 678 30 304 23 75 23 27 411 91 25
internal_value=-0.000140015 0.0135021 0.0239295 -0.00182798 -0.0325381 -0.000533472 -0.0039367 0.0105412 0.00207218 -0.0103951 0.0185092 -0.00138979 -0.0133112 -0.024376
internal_weight=80.3121 8.84301 7.29385 71.4691 2.89076 68.5784 52.4581 16.1202 12.9785 8.85653 3.95713 49.1779 17.8224 13.5455
internal_count=1938 185 160 1753 691 1062 861 201 178 125 50 831 420 329
is_linear=0
shrinkage=0.05


Tree=113
num_leaves=15
num_cat=0
split_feature=1 33 13 23 19 36 16 15 17 13 0 17 1 19
split_gain=0.724871 1.99582 3.29517 1.33148 1.43526 2.27325 3.16006 2.94986 2.09987 3.50186 2.71689 2.06514 2.02767 1.91
threshold=38.500000000000007 56.500000000000007 1.2015537978110924 0.36680325671095065 -1.2802150812139812 1.0000000180025095e-35 0.41266351639782695 18.000000000000004 0.47128790061775744 3.4323722340336089 19.315000000000001 0.48298872341519589 46.425000000000004 0.35153119595304821
decision_type=2 2 2 2 2 2 2 2 2 2 2 2 2 2
left_child=1 2 -1 -2 12 8 -7 -8 9 10 -6 -9 -5 -13
right_child=3 -3 -4 4 5 6 7 11 -10 -11 -12 13 -14 -15
leaf_value=0.041994739088351309 0.035807133347025781 0.0093249891447300566 -0.046581551576442226 -0.053054258725952486 0.056256286146776115 -0.05073543894851873 -0.061017649916992205 0.036806569367130768 0.05194865492062415 0.06713584389370833 -0.040110639364059474 -0.061425900667633794 0.029962922371820161 0.0022088310907198193
leaf_weight=1.2975812591612319 2.7879019986139602 6.3347921371459961 5.5026247324422002 2.6376036452129479 0.93889746442436983 3.1160681733745141 1.8275805846787978 4.2838555406779042 4.0442984411492944 1.6435534097254274 3.3095418899320066 1.2153091486543406 1.0199604108929632 39.679589474573731
leaf_count=19 41 52 155 60 7 772 31 57 53 11 64 14 12 590
internal_value=-0.000134847 -0.0108685 -0.0296799 0.00198511 0.000505231 0.00235714 -0.001974 0.00125841 0.024205 0.00516165 -0.0188137 0.00377762 -0.0299038 0.000317743
internal_weight=79.6392 13.135 6.80021 66.5042 63.7163 60.0587 50.1224 47.0063 9.93629 5.89199 4.24844 45.1788 3.65756 40.8949
internal_count=1938 226 174 1712 1671 1599 1464 692 135 82 71 661 72 604
is_linear=0
shrinkage=0.05


Tree=114
num_leaves=15
num_cat=0
split_feature=5 8 20 22 0 8 14 21 5 5 29 0 34 23
split_gain=1.06307 0.71618 2.06525 1.15875 1.19056 1.05065 1.97411 1.65176 1.46595 1.67236 1.35841 1.23004 1.89411 1.57953
threshold=36.207868931273445 80.416666666666671 0.90515505256404161 1.0000000180025095e-35 22.465000000000003 66.250000000000014 92.083333333333343 35.626797385613713 23.093364296820493 15.431011733521361 14.500000000000002 42.110000000000007 0.7279500000000001 3.2844774324940835
decision_type=2 2 2 2 2 2 2 2 2 2 2 2 2 2
left_child=1 5 3 -3 -5 7 8 11 9 10 -7 12 -1 -14
right_child=-2 2 -4 4 -6 6 -8 -9 -10 -11 -12 -13 13 -15
leaf_value=0.0021536972745444106 -0.058348456081668276 -0.041666273116454662 0.059247572061976332 0.062372314979226552 -0.061905478363324579 0.042410192027524177 -0.04142989144870677 -0.034742139958113823 -0.016782919491915179 0.064044767800068722 -0.01748838897930103 0.03528288299628525 -0.056319793868195071 0.017561407338352684
leaf_weight=53.445158801507205 0.77650098875164886 3.768777005490846 0.76103904284536827 0.5942751282127573 0.28518954379251227 1.9979580224608056 1.2536732259904955 3.35444458562415 1.6279053539037702 2.9864958059042692 1.798642592038959 2.5514653605059712 2.5623783649643879 1.0080379393184555
leaf_count=960 7 129 7 46 21 110 20 445 11 20 37 49 56 20
internal_value=-0.000134221 0.000445343 -0.0171057 -0.0296068 0.022072 0.00175329 0.0171022 -0.000604291 0.0258265 0.0360525 0.0140332 0.00131814 -0.000201793 -0.0354609
internal_weight=78.7719 77.9954 5.40928 4.64824 0.879465 72.5862 9.66468 62.9215 8.411 6.7831 3.7966 59.567 57.0156 3.57042
internal_count=1938 1931 203 196 67 1728 198 1530 178 167 147 1085 1036 76
is_linear=0
shrinkage=0.05


Tree=115
num_leaves=15
num_cat=0
split_feature=6 9 6 13 5 14 12 3 3 14 1 10 14 9
split_gain=0.674877 1.64224 1.97245 1.02907 1.00037 2.08033 1.31089 2.25775 2.31889 2.24339 1.68496 1.63607 1.32796 1.82467
threshold=0.81614583333332769 0.70696444866796104 0.92857142857147323 0.10408685664925711 1.8308510616177276 34.583333333333336 0.17016909645326142 6.4250000000000007 4.0750000000000011 47.916666666666679 56.090000000000011 0.43225851895721495 13.750000000000002 0.74877749486744005
decision_type=2 2 2 2 2 2 2 2 2 2 2 2 2 2
left_child=3 -2 -3 -1 5 -5 7 8 11 10 -10 -6 -8 -14
right_child=1 2 -4 4 6 -7 12 -9 9 -11 -12 -13 13 -15
leaf_value=-0.032053516637815693 -0.034148184190008181 0.047566397613118525 -0.0052163024103951666 -0.051267740323333137 -0.048041889909852434 0.031874930387706411 0.020089731001937044 -0.063048009767440627 -0.051957823701443542 0.047294456971443188 0.022215471090945488 0.020999451936209054 -0.010919299206099672 0.010834537405619514
leaf_weight=2.6959919512155457 1.5188362523913363 3.8218684939201921 3.2967183627188206 0.8872679682681327 3.7993171315174532 4.9480274920351803 7.9025581422029054 2.1753190208692095 1.5400538716930898 2.723123193718493 1.5226820912212131 1.1084031611680982 24.398905251640826 15.934989402536301
leaf_count=691 25 106 54 77 103 131 61 68 108 27 50 9 260 168
internal_value=-0.000131186 0.0130514 0.023122 -0.00176629 -0.000546496 0.0192329 -0.00243534 -0.0166139 -0.0071681 0.0142758 -0.0150815 -0.032449 0.00134731 -0.00232486
internal_weight=78.2741 8.63742 7.11859 69.6366 66.9406 5.8353 61.1054 12.8689 10.6936 5.78586 3.06274 4.90772 48.2365 40.3339
internal_count=1938 185 160 1753 1062 208 854 365 297 185 158 112 489 428
is_linear=0
shrinkage=0.05


Tree=116
num_leaves=15
num_cat=0
split_feature=11 5 36 11 36 17 9 5 0 20 12 11 7 0
split_gain=0.673444 1.34717 1.13928 0.89816 1.6134 2.47227 1.02266 2.49197 1.31484 3.51701 1.73224 1.65041 1.36873 1.36828
threshold=0.013529396590357002 5.2582390194160906 1.0000000180025095e-35 0.078182085366388612 1.0000000180025095e-35 0.7112455503833639 0.76586858559525062 15.431011733521361 18.985000000000003 0.77375084193230048 0.59200775282169216 0.33547632875435268 0.0026893430252817002 20.150000000000002
decision_type=2 2 2 2 2 2 2 2 2 2 2 2 2 2
left_child=1 2 -1 4 -2 -6 8 -8 9 10 11 -5 -10 -14
right_child=3 -3 -4 6 5 -7 7 -9 12 -11 -12 -13 13 -15
leaf_value=0.04461820497948342 0.044533579906562662 -0.073409687245710509 -0.043504888629045717 0.021440016062989443 0.033041346416698543 -0.053117108688394414 -0.044929017259083416 0.023704908871865906 0.031058444659817459 0.038271089550120416 -0.069051814193576755 -0.038779292822909886 0.031773264328074084 -0.00074062421938635246
leaf_weight=0.78630410972982656 3.1016031140461564 0.92733263969421376 0.68740555387921554 1.8059054096229354 1.863963678479194 1.5047623896389266 3.7956702057272187 2.0297577828168869 4.2751807047752655 2.2477967599406838 2.3103042123839259 3.0753906397148967 3.4824712771223849 45.67685471533332
leaf_count=17 58 5 102 16 26 415 136 14 48 21 29 42 52 957
internal_value=-0.000128661 -0.0261958 0.00351357 0.000703966 0.0185129 -0.00544442 -0.000973341 -0.0210149 0.000883557 -0.0163197 -0.0333825 -0.0165003 0.00392257 0.00156268
internal_weight=77.5707 2.40104 1.47371 75.1697 6.47033 3.36873 68.6993 5.82543 62.8739 9.4394 7.1916 4.8813 53.4345 49.1593
internal_count=1938 124 119 1814 499 441 1315 150 1165 108 87 58 1057 1009
is_linear=0
shrinkage=0.05


Tree=117
num_leaves=15
num_cat=0
split_feature=2 3 6 6 7 0 9 10 14 9 2 2 16 9
split_gain=0.683779 1.02553 0.777711 1.42805 1.68876 1.6017 2.28381 1.1037 1.03201 2.03912 1.61407 1.6582 1.27591 2.21605
threshold=16.636100000000003 8.6000000000000014 0.93903363705683962 0.81614583333332769 0.012349605161126253 32.45000000000001 0.71599831907955114 0.99432737968697105 1.2500000000000002 0.69490864788555229 -6.094949999999999 -5.3433499999999992 5.7170486921167836 0.75836073509498869
decision_type=2 2 2 2 2 2 2 2 2 2 2 2 2 2
left_child=1 2 3 4 8 6 -5 -4 9 -1 -10 -12 -13 -14
right_child=-2 -3 7 5 -6 -7 -8 -9 10 -11 11 12 13 -15
leaf_value=0.036738562876384072 0.043112941524996062 -0.053526382207258465 0.0061399448994801029 -0.033333164359987108 -0.056538642892754003 -0.039374247837668928 0.05166964830539178 -0.063963489947768112 0.053650857488440298 -0.05372153989311064 -0.054612547698131654 -0.0013796396266721762 0.042533471269451124 -0.013995492372905698
leaf_weight=0.8665914104203688 0.90353614836931129 0.90577024954836716 1.1205638899700709 0.98084471235051651 1.3501282607903693 0.84124598995549593 4.0652677717152983 1.125253904610872 1.4408218227326788 2.216025598347187 1.3536830451339401 52.526519511709935 4.5262029618024817 2.8100830689072609
leaf_count=25 6 64 18 14 47 21 105 25 15 305 14 1222 34 23
internal_value=-0.000127788 -0.00064099 -4.19145e-06 0.000887667 -0.00118428 0.0244987 0.0351471 -0.028985 -4.74412e-05 -0.0282912 0.0013421 0.000110932 0.0013484 0.0208807
internal_weight=77.0325 76.129 75.2232 72.9774 67.0901 5.88736 5.04611 2.24582 65.7399 3.08262 62.6573 61.2165 59.8628 7.33629
internal_count=1938 1932 1868 1825 1685 140 119 43 1638 330 1308 1293 1279 57
is_linear=0
shrinkage=0.05


Tree=118
num_leaves=15
num_cat=0
split_feature=21 1 1 13 21 2 36 17 16 8 16 15 17 29
split_gain=0.65093 0.852187 2.10783 1.51411 1.46258 1.22877 1.342 4.18563 2.71904 2.56418 2.67922 2.56199 1.91192 1.73374
threshold=0.11952631578962426 34.560000000000009 32.50500000000001 4.6554168619557341 0.58030999706913822 -3.9309499999999997 1.0000000180025095e-35 0.47128790061775744 0.41266351639782695 16.250000000000004 4.8465271085818147 18.000000000000004 0.53953306189718975 12.500000000000002
decision_type=2 2 2 2 2 2 2 2 2 2 2 2 2 2
left_child=-1 2 4 5 -2 -3 7 9 -8 -7 -11 -10 13 -13
right_child=1 3 -4 -5 -6 6 8 -9 11 10 -12 12 -14 -15
leaf_value=0.022301475534307669 -0.052489561958684185 -0.032956060411526843 -0.054449410873947252 0.045894110157257188 0.012299700916247385 0.04265322025129633 -0.050440207654578073 0.057358664182158306 -0.060771183127845213 -0.050662112819512897 0.012143918005086719 0.047719271853878531 -0.0022870204072773762 -0.0010664203944040506
leaf_weight=3.1046336013823739 1.0671084923669676 2.7775088399648586 2.5081709926016629 1.8139101117849339 4.7415329061914235 2.2398721436038596 2.8236823939369122 4.0646186564117661 1.6611648760735978 3.3722585318610072 3.4202049300074577 4.0382331237196913 35.550783184706233 3.3169827605597675
leaf_count=37 8 121 40 15 82 24 778 66 30 65 30 49 556 37
internal_value=-0.000123692 -0.00107227 -0.0161433 0.000853739 0.000397232 -0.000437636 0.00105556 0.0152225 -0.00285961 -0.00373915 -0.0190374 0.000155 0.00251384 0.0257184
internal_weight=76.5007 73.396 8.31681 65.0792 5.80864 63.2653 60.4878 13.097 47.3908 9.03234 6.79246 44.5672 42.906 7.35522
internal_count=1938 1901 130 1771 90 1756 1635 185 1450 119 95 672 642 86
is_linear=0
shrinkage=0.05


Tree=119
num_leaves=15
num_cat=0
split_feature=8 20 22 8 21 18 34 0 8 8 33 3 20 21
split_gain=0.639996 1.75916 1.04251 1.02526 1.38565 1.13434 1.30863 1.37756 1.06987 2.27964 1.66086 2.29874 2.02445 1.63878
threshold=80.416666666666671 0.90515505256404161 1.0000000180025095e-35 66.250000000000014 35.626797385613713 1.3238739180175452 -1.0000000180025095e-35 18.405000000000005 41.250000000000007 45.416666666666671 56.500000000000007 3.9150000000000005 1.768543528976281 0.30122430122435395
decision_type=2 2 2 2 2 2 2 2 2 2 2 2 2 2
left_child=3 2 -2 4 8 6 -5 -8 10 -10 11 -1 13 -12
right_child=1 -3 -4 5 -6 -7 7 -9 9 -11 12 -13 -14 -15
leaf_value=-0.045955831525547365 -0.040732115654445074 0.056574172463651366 0.021133516693873249 -0.015120186025336012 -0.034051322161624369 -0.025460618289952483 -0.0097911230621792328 0.047175479343538884 -0.058465908244221876 -0.0030687021971504106 -0.013403763513480039 0.0019872927231337082 -0.032935119011700043 0.031358828955038477
leaf_weight=2.7945106305414837 3.5621662527555591 0.69717236794531334 0.84189933829475183 1.6830103232059626 3.0538718781317575 1.3621685476391574 1.3613744166213999 4.8135465505765751 2.1510401446139431 13.589276526239699 2.4738020598888424 23.740795175079256 1.7816365407779802 11.787937835499177
leaf_count=71 129 7 67 30 445 57 15 96 52 284 20 503 22 140
internal_value=-0.000120414 -0.0172233 -0.0289056 0.00111549 -0.00122004 0.0166617 0.0239636 0.0346161 0.000499171 -0.0106392 0.00461675 -0.00306174 0.0173168 0.0235944
internal_weight=75.6942 5.10124 4.40407 70.593 61.3729 9.2201 7.85793 6.17492 58.319 15.7403 42.5787 26.5353 16.0434 14.2617
internal_count=1938 203 196 1735 1537 198 141 111 1092 336 756 574 182 160
is_linear=0
shrinkage=0.05


Tree=120
num_leaves=15
num_cat=0
split_feature=13 1 25 20 27 1 30 30 1 8 9 0 4 7
split_gain=0.623659 0.911049 1.62009 0.8373 1.86978 3.31908 1.76019 2.23323 1.3527 1.24342 1.89454 1.65465 2.40475 2.35182
threshold=0.090019893760967959 58.535000000000004 3.6350749237073372 1.0355272488394336 1.0000000180025095e-35 72.280000000000015 12.500000000000002 9.0000000000000018 63.365000000000002 79.583333333333343 0.64560469111184138 18.405000000000005 17.584756022778787 0.0026697885724101004
decision_type=2 2 2 2 2 2 2 2 2 2 2 2 2 2
left_child=1 -1 -3 6 5 8 7 9 -5 10 -2 12 -12 -13
right_child=3 2 -4 4 -6 -7 -8 -9 -10 -11 11 13 -14 -15
leaf_value=0.031432774159156046 0.041443075106738773 -0.058848532649717206 0.019331414404806842 -0.013373853771105336 0.037244661084786891 -0.049706442745815149 -0.044182416030810821 0.055216239289258076 0.044139247068449954 -0.027350649000263738 0.0083969772564758023 0.054299723822223159 -0.057744691911997714 -0.00090318835027922899
leaf_weight=0.69043495447840486 2.6960192564874879 1.9554317091242412 1.0023229010403154 1.6305491644889096 4.7664038259536028 2.4822949059307575 2.3189008539775378 1.7903398482594628 2.7410078027751297 4.298561848467215 2.5421033073216668 2.0240745022892943 2.9912812281399965 41.244417748530395
leaf_count=197 43 482 16 28 93 35 58 43 30 93 26 13 42 739
internal_value=-0.000117656 -0.0202828 -0.0323549 0.000910872 0.0131939 -0.00353185 -0.00147174 0.000248135 0.0226874 -0.00151563 0.00064084 -0.00161325 -0.0273584 0.00167917
internal_weight=75.1741 3.64819 2.95775 71.526 11.6203 6.85385 59.9057 57.5868 4.37156 55.7965 51.4979 48.8019 5.53338 43.2685
internal_count=1938 695 498 1243 186 93 1057 999 58 956 863 820 68 752
is_linear=0
shrinkage=0.05


Tree=121
num_leaves=15
num_cat=0
split_feature=21 12 1 1 13 2 33 1 5 27 14 30 13 0
split_gain=0.625289 0.860031 0.801508 1.8844 1.3929 1.41815 1.31822 1.28136 1.15341 1.06956 2.77645 2.44384 2.97426 2.34886
threshold=0.11952631578962426 0.93871095378482583 34.560000000000009 32.50500000000001 4.6554168619557341 -3.8738999999999995 56.500000000000007 27.590000000000003 25.295795271786698 1.0000000180025095e-35 40.416666666666679 7.5000000000000009 0.40049375529349723 18.985000000000003
decision_type=2 2 2 2 2 2 2 2 2 2 2 2 2 2
left_child=-1 2 3 6 5 -4 7 -2 9 10 -7 12 -11 -14
right_child=1 -3 4 -5 -6 8 -8 -9 -10 11 -12 -13 13 -15
leaf_value=0.022037066479081546 -0.063454130341548495 0.053181533276081508 -0.036673695324957831 -0.053195981346816482 0.044074082745757907 -0.043074058163201812 0.024071318207210944 0.0041938056949741382 0.033707149765070214 -0.039596597920281862 -0.00082677800258301672 -0.010872835424791259 -0.0056424669937132459 0.044615973128306063
leaf_weight=3.0549167543649665 1.2092770859599098 0.7233317531645288 2.6606303548905919 2.4356782026588917 1.7655456028878678 4.5312583181075849 2.7655553817749023 1.6621774095110593 2.5250285640358916 1.7361512284260268 27.435335057030898 10.47285433457 3.2246072683483353 8.3308526705950481
leaf_count=37 18 7 123 40 15 393 25 46 19 128 615 359 24 89
internal_value=-0.000115433 -0.00106221 -0.00161675 -0.0164456 0.000293027 -0.000975876 -0.000566295 -0.0242953 0.000654489 -0.000843041 -0.00681532 0.00719053 0.0214232 0.0305911
internal_weight=74.5332 71.4783 70.755 8.07269 62.6823 60.9167 5.63701 2.87145 58.2561 55.7311 31.9666 23.7645 13.2916 11.5555
internal_count=1938 1901 1894 129 1765 1750 89 64 1627 1608 1008 600 241 113
is_linear=0
shrinkage=0.05


Tree=122
num_leaves=15
num_cat=0
split_feature=0 0 12 15 1 1 34 23 7 8 32 34 33 21
split_gain=0.604817 1.72615 1.40973 1.05231 2.05625 2.66035 1.07765 1.04236 0.93294 1.64031 1.73994 1.29219 2.28597 1.08947
threshold=16.940000000000001 17.785000000000004 0.33422342792806226 18.000000000000004 44.535000000000004 34.770000000000003 -0.41664999999999991 3.1943845094142218 0.0026265347277959505 84.583333333333357 1.175 0.92500000000000016 80.000000000000014 0.11952631578962426
decision_type=2 2 2 2 2 2 2 2 2 2 2 2 2 2
left_child=-1 2 -2 4 5 -3 7 -5 9 -8 -11 13 -13 -10
right_child=1 3 -4 6 -6 -7 8 -9 11 10 -12 12 -14 -15
leaf_value=0.020956032604916765 -0.0032160994796522008 -0.042897935749674432 -0.071934742247602143 -0.050951233636515617 -0.062893346912519077 0.040053698891599258 0.052014284574663311 0.054356969503803289 0.036049410883931779 0.032718886544320695 -0.057755503011855738 -0.056852109832631552 0.097142981711027809 0.0017539332657032555
leaf_weight=3.2563824084354556 1.4624997384380543 1.8312236135825508 1.5240508262068031 1.5688343753572542 1.8745778428856281 2.0470260553993285 2.5609349459409705 0.27637747675180424 2.4262569397687903 1.2050974451703953 0.95056749321520317 1.8314519781852134 0.27750360249774519 50.819422156026121
leaf_count=41 24 32 16 185 34 38 19 4 30 26 24 172 26 1267
internal_value=-0.0001123 -0.0010833 -0.0382835 0.000558519 -0.0198969 0.000885774 0.00245908 -0.0351781 0.00361519 0.0249617 -0.00717693 0.00179632 -0.0365889 0.00331668
internal_weight=73.9122 70.6558 2.98655 67.6693 5.75283 3.87825 61.9164 1.84521 60.0712 4.7166 2.15566 55.3546 2.10896 53.2457
internal_count=1938 1897 40 1857 104 70 1753 189 1564 69 50 1495 198 1297
is_linear=0
shrinkage=0.05


Tree=123
num_leaves=15
num_cat=0
split_feature=1 1 13 1 25 5 13 36 11 11 5 0 19 0
split_gain=0.606721 1.62712 0.652321 0.980375 1.29947 0.935624 1.33909 3.09481 0.920471 0.929568 1.12267 1.79579 1.49776 1.46203
threshold=88.980000000000004 86.635000000000005 0.12534873496807242 58.535000000000004 3.6350749237073372 1.8308510616177276 0.90460399633968391 1.0000000180025095e-35 0.021636026697799453 0.06533081473741191 7.0802196355181648 42.110000000000007 3.0868045278538285 23.505000000000006
decision_type=2 2 2 2 2 2 2 2 2 2 2 2 2 2
left_child=1 2 3 -1 -5 6 7 -4 -7 -10 12 -12 13 -11
right_child=-2 -3 5 4 -6 8 -8 -9 9 10 11 -13 -14 -15
leaf_value=0.026809765009583455 -0.040147480996484866 0.070059116236669758 0.055086846108956734 -0.048413640908422595 0.017758479570554424 -0.041005111323288934 0.05349376089391307 -0.048737883702224767 0.032394400713264999 0.0080078297673828059 -0.00030586797100165476 0.04877417815873631 0.039673446086116337 -0.044007070246624154
leaf_weight=0.95045973418746044 0.93432013690471549 0.82879720814525981 1.3568384312093256 2.682048796967138 1.0256338045001028 1.3916368973441411 1.9905319437384603 1.5238392073661082 2.1522809653542927 1.9463134366087604 49.368968427181244 1.9368607066571701 0.93511685542762268 4.416416150983423
leaf_count=244 17 24 30 553 17 15 38 98 38 62 552 15 32 203
internal_value=-0.000112805 0.000403088 -0.000402341 -0.018495 -0.0301088 0.00085519 0.0219568 0.000164979 -0.000798783 0.000122157 -0.00106307 0.00154697 -0.0194124 -0.0280961
internal_weight=73.4401 72.5057 71.6769 4.65814 3.70768 67.0188 4.87121 2.88068 62.1476 60.756 58.6037 51.3058 7.29785 6.36273
internal_count=1938 1921 1897 814 570 1083 166 128 917 902 864 567 297 265
is_linear=0
shrinkage=0.05


Tree=124
num_leaves=15
num_cat=0
split_feature=2 3 0 5 0 30 29 24 13 5 2 2 23 1
split_gain=0.58044 0.921509 0.651001 1.56718 0.909828 1.80675 2.64611 1.80146 2.10281 2.34483 1.41162 1.28843 1.1919 1.37485
threshold=16.636100000000003 8.6000000000000014 42.110000000000007 8.8443893090294399 28.465000000000003 9.0000000000000018 14.500000000000002 -0.61785617965770068 2.4137534033379562 9.096529417816237 6.4044500000000006 8.3022000000000009 1.11678746814922 88.980000000000004
decision_type=2 2 2 2 2 2 2 2 2 2 2 2 2 2
left_child=1 2 4 -4 5 10 -7 -6 9 12 -1 -12 -9 -14
right_child=-2 -3 3 -5 7 6 -8 8 -10 -11 11 -13 13 -15
leaf_value=0.001425326602504188 0.040944582046412201 -0.0535703502048459 -0.026577926869097341 0.053552942562798023 -0.07396843753042702 0.055481041123935607 -0.031466104473032615 -0.046676514272851459 0.030620359174656171 -0.043886826035349408 -0.06500504688715511 0.014796344769643383 0.016411691529762251 -0.053567270814429024
leaf_weight=44.900052336510271 0.85094472765922446 0.81161230389261518 0.95925242552766521 1.6767908073961733 1.064661478158089 3.323790685797575 1.1877608355134723 1.1434743067948128 3.0366815263405433 4.6689372430555514 1.5399292875663371 0.75318960868753482 6.1446013238164596 0.79239044338464726
leaf_count=1135 6 64 60 13 18 93 15 93 33 64 54 13 261 16
internal_value=-0.000108589 -0.000593762 1.01926e-05 0.0243934 -0.000927373 0.00236094 0.0325904 -0.0110172 -0.00677159 -0.0156777 -0.000528922 -0.0387938 0.000621711 0.00841822
internal_weight=72.8541 72.0031 71.1915 2.63604 68.5555 51.7047 4.51155 16.8507 15.7861 12.7494 47.1932 2.29312 8.08047 6.93699
internal_count=1938 1932 1868 73 1795 1310 108 485 467 434 1202 67 370 277
is_linear=0
shrinkage=0.05


Tree=125
num_leaves=15
num_cat=0
split_feature=11 6 34 3 9 10 13 5 18 25 20 20 8 9
split_gain=0.554151 1.70557 1.4729 2.09557 2.20035 1.26321 1.0736 2.34834 2.32133 2.13195 1.44298 1.41729 1.57004 1.14714
threshold=2.5973879407213087 0.5333300858799549 0.42499999999999999 5.205000000000001 0.73985050386110596 -0.97923713154838155 0.64550345419131239 2.5581790046786521 -0.32788444866101812 2.1389819563657095 1.1676072180525192 0.87696189133962699 79.583333333333343 0.64560469111184138
decision_type=2 2 2 2 2 2 2 2 2 2 2 2 2 2
left_child=5 -2 3 -3 -5 -1 8 -8 -7 -10 11 12 13 -9
right_child=1 2 -4 4 -6 6 7 10 9 -11 -12 -13 -14 -15
leaf_value=-0.048226381309689856 0.065346973078889634 0.056350117610518516 -0.016506768315247732 0.037885668941905579 -0.048571654986075796 0.051155900214955266 0.047168587782045149 0.036842516006425401 -0.038421385344375072 0.016440823298274863 0.036290809817595256 -0.036976653244311868 -0.032582691825242878 0.00048961235649320892
leaf_weight=1.4432311672717322 1.2402640432119358 2.3809068361297232 4.9055930441245437 1.4262750409543516 1.52038799226284 1.1572577746119304 2.7404664664063594 2.3122102017514399 6.7399925061035919 2.4018408628180623 2.5250032199546686 2.8033717563375822 3.4363549135159692 35.30445359274745
leaf_count=19 8 79 47 11 36 56 67 23 954 26 31 26 69 486
internal_value=-0.000106478 0.00997296 0.0032616 0.0214642 -0.00672367 -0.00200654 -0.00088394 0.00219345 -0.0155617 -0.0240074 -0.000463924 -0.00258005 -0.000231227 0.00272414
internal_weight=72.3376 11.4734 10.2332 5.32757 2.94666 60.8642 59.421 49.1219 10.2991 9.14183 46.3814 43.8564 41.053 37.6167
internal_count=1938 181 173 126 47 1757 1738 702 1036 980 635 604 578 509
is_linear=0
shrinkage=0.05


Tree=126
num_leaves=15
num_cat=0
split_feature=2 33 12 36 16 15 17 24 18 5 0 0 13 5
split_gain=0.581022 2.45807 1.8222 1.29377 2.35202 2.34492 2.19826 1.93208 2.32133 1.37874 1.94505 1.84449 1.69114 1.42611
threshold=-3.6031499999999999 46.500000000000007 0.26909398320901001 1.0000000180025095e-35 0.41266351639782695 18.000000000000004 0.47128790061775744 -0.27679341032143429 -0.52461812026433041 10.679130053163677 28.715000000000003 30.180000000000003 0.71275036509498224 15.431011733521361
decision_type=2 2 2 2 2 2 2 2 2 2 2 2 2 2
left_child=1 -1 -3 6 -5 -6 7 -2 -9 10 12 -12 -7 -11
right_child=3 2 -4 4 5 9 -8 8 -10 13 11 -13 -14 -15
leaf_value=-0.045433958285891751 0.030301859414094242 -0.027937651724405071 0.021071485312924812 -0.050165257854305416 -0.059678178627687234 -0.016894049412310982 0.044217074250665338 -0.039420375688952909 0.026594509982216713 -0.019163615523062307 -0.037104134024428803 0.011293622123258372 0.040989404478116311 0.0056876553219479577
leaf_weight=3.4951826974283895 3.6239255266264072 2.8729457519948465 5.5810820385813713 2.4154960573650888 1.5589882812928397 1.5403331612469644 4.4563810704275957 3.7821582453325382 2.055309284478426 10.320715033449234 2.7232387010008079 7.1045509718824178 6.9798403903841972 13.100991680286823
leaf_count=181 36 40 51 778 31 109 74 59 22 124 30 186 88 129
internal_value=-0.000101187 -0.0101648 0.00441663 0.00191438 -0.00214694 0.000529993 0.0152629 0.00162529 -0.0161772 0.00277717 0.0130407 -0.00211719 0.0305249 -0.00526299
internal_weight=71.6111 11.9492 8.45403 59.6619 45.7442 43.3287 13.9178 9.46139 5.83747 41.7697 18.348 9.82779 8.52017 23.4217
internal_count=1938 272 91 1666 1475 697 191 117 81 666 413 216 197 253
is_linear=0
shrinkage=0.05


Tree=127
num_leaves=15
num_cat=0
split_feature=1 25 13 9 23 10 25 10 9 16 16 3 6 0
split_gain=0.564028 1.66412 2.28945 1.17068 1.13358 1.11851 1.08464 1.27004 1.6004 1.02457 2.07572 1.68714 1.55807 1.77672
threshold=38.500000000000007 -1.6694210452653053 1.2015537978110924 0.71446174896615655 0.36680325671095065 -0.029282191404661994 -2.2361208286635579 -0.55433566584915339 0.74397075673135371 5.5323229634024012 5.1972775357319572 3.0450000000000004 0.81614583333332769 32.640000000000008
decision_type=2 2 2 2 2 2 2 2 2 2 2 2 2 2
left_child=1 3 -3 -1 -2 -4 -6 8 -8 10 12 -11 -9 -14
right_child=4 2 5 -5 6 -7 7 9 -10 11 -12 -13 13 -15
leaf_value=0.043372514470603973 0.034317440163406397 0.040872657140707029 -0.045699683858397601 -0.0099912143795954436 -0.049701046449492893 0.0066535699767554567 -0.0057159705853278711 -0.0058427026670259414 0.036475550661978072 -0.0092949307182691367 -0.046676101637584518 0.041186474888656788 0.039309966324329926 -0.039950954809247249
leaf_weight=1.9690684154629705 2.5773209389299145 1.157469398342071 5.2183380749775097 2.1498410589993 1.0595854613929976 1.2681456722784785 3.9381914427503855 32.159002774802509 5.2357307150959969 3.2761464267969123 2.7831965852528802 3.3450138829648495 3.8775440679746671 0.86470646876841772
leaf_count=18 41 19 138 26 10 25 37 1338 39 23 36 29 125 34
internal_value=-0.000101045 -0.0101001 -0.0239052 0.0155196 0.00188854 -0.0354643 0.00041028 0.00136734 0.0183635 -0.00199989 -0.00503784 0.0162083 -0.00189737 0.0248575
internal_weight=70.8793 11.7629 7.64395 4.11891 59.1164 6.48648 56.5391 55.4795 9.17392 46.3056 39.6844 6.62116 36.9013 4.74225
internal_count=1938 226 182 44 1712 163 1671 1661 76 1585 1533 52 1497 159
is_linear=0
shrinkage=0.05


Tree=128
num_leaves=15
num_cat=0
split_feature=34 16 24 34 9 9 16 22 0 12 3 3 10 0
split_gain=0.530923 1.26281 0.940158 0.657236 1.70378 2.44721 2.27384 2.3042 2.11666 1.97311 1.8678 1.61514 1.21551 1.18257
threshold=-0.41664999999999991 2.1952114967702339 0.51806985064735189 0.54410000000000014 0.75341084442868522 0.6724581934596402 5.9620765645434171 1.0000000180025095e-35 21.775000000000002 0.39328871537484356 5.6450000000000005 4.7950000000000008 0.30538387848311382 16.940000000000001
decision_type=2 2 2 2 2 2 2 2 2 2 2 2 2 2
left_child=1 2 -1 13 5 10 7 -7 -9 12 11 -5 -6 -2
right_child=3 -3 -4 4 9 6 -8 8 -10 -11 -12 -13 -14 -15
leaf_value=-0.052046101072949727 0.059774647264533826 0.059347021195777894 0.053641854663263738 0.0343850942553897 -0.057098370085508846 -0.053436265473090709 0.02158596903069224 0.055042276371830526 -0.056530849715947143 0.048108901257508843 0.048780783043698213 -0.063822613955255875 0.010459089360446479 0.0027697941396617469
leaf_weight=1.7534717064118006 0.92765570245683093 0.3869231492280959 0.23911594972014416 0.73804344929522192 0.97587846056558136 6.6651339058007562 1.8256202191114415 1.0689688590937292 0.70570822496665631 2.6119621600955725 2.1451895080972463 0.96744886843953282 2.0955441556870937 47.243408423149958
leaf_count=210 8 3 4 16 62 190 13 31 50 22 28 30 13 1258
internal_value=-9.7277e-05 -0.0233124 -0.0393633 0.000715436 -0.00695352 -0.0162602 -0.0290108 -0.0399554 0.0106747 0.016162 0.017731 -0.0213237 -0.0110058 0.00386757
internal_weight=70.3501 2.37951 1.99259 67.9706 19.7995 14.1161 10.2654 8.43981 1.77468 5.68338 3.85068 1.70549 3.07142 48.1711
internal_count=1938 217 214 1721 455 358 284 271 81 97 74 46 75 1266
is_linear=0
shrinkage=0.05


Tree=129
num_leaves=15
num_cat=0
split_feature=3 6 34 1 2 1 4 16 19 17 13 18 16 8
split_gain=0.577109 0.823786 1.34561 2.02875 0.853097 3.75584 2.09125 3.17838 1.97579 1.9883 1.83467 1.55909 1.53702 1.28986
threshold=2.6750000000000003 0.81614583333332769 0.34705000000000003 88.980000000000004 7.1911500000000013 67.515000000000015 32.190441859806235 4.2992799016252876 1.2776025814472924 0.85652118495115226 0.90460399633968391 1.1172397102062723 6.5394792128751904 26.250000000000004
decision_type=2 2 2 2 2 2 2 2 2 2 2 2 2 2
left_child=-1 4 3 -3 6 -6 8 -8 12 10 -10 -12 13 -2
right_child=1 2 -4 -5 5 -7 7 -9 9 -11 11 -13 -14 -15
leaf_value=-0.050424683225421207 0.0099288504089003523 0.047155346999717997 -0.014102962021499205 -0.038669074808121845 0.048291645725681544 -0.059742258114929607 -0.00095006588140611632 0.065255913349793845 -0.054728860915567015 -0.053828817657344347 -0.015829895573440687 0.053963741438368497 0.06306013451502375 -0.008053130066063582
leaf_weight=0.56506897264625777 16.595488809223752 3.8800787033978841 2.393625650962349 0.83712730929255474 1.1877743163495318 2.4931820023339242 4.7666476638987652 2.9253532364964485 1.2819415582343916 3.6349981640814804 1.7556277401745322 1.470274858176708 0.96171212196349998 24.988773967314046
leaf_count=38 269 123 32 17 32 54 44 20 54 405 26 17 7 800
internal_value=-9.99552e-05 0.000311146 0.016431 0.0319247 -0.00153582 -0.0248818 -6.38358e-05 0.0242288 -0.00375023 -0.0263147 -0.00412815 0.0159801 0.000568373 -0.000876863
internal_weight=69.7377 69.1726 7.11083 4.71721 62.0618 3.68096 58.3808 7.692 50.6888 8.14284 4.50784 3.2259 42.546 41.5843
internal_count=1938 1900 172 140 1728 86 1642 64 1578 502 97 43 1076 1069
is_linear=0
shrinkage=0.05


Tree=130
num_leaves=15
num_cat=0
split_feature=5 3 6 6 18 9 16 14 6 16 17 9 20 4
split_gain=0.921861 0.54526 0.702013 1.1673 0.999423 0.973148 0.889452 2.3304 2.80783 1.38428 1.29185 1.32917 3.41827 1.50325
threshold=36.207868931273445 2.6750000000000003 0.81614583333332769 0.92857142857147323 1.7259992301485485 0.72960050572546409 5.4407135064158014 80.416666666666671 0.45844843462243656 5.3011611838067134 0.92472800598690241 0.76285663657965141 -0.12426845172331334 5.1507369167864159
decision_type=2 2 2 2 2 2 2 2 2 2 2 2 2 2
left_child=1 -1 6 5 -5 -4 9 -8 -9 10 11 13 -13 -3
right_child=-2 2 3 4 -6 -7 7 8 -10 -11 -12 12 -14 -15
leaf_value=-0.048948965983544326 -0.057365493663223556 0.014973334657643368 -0.0014706831940743451 -0.027696446099218897 0.027014582403471474 0.054262083462911906 0.04282521321111149 -0.034939290132395599 0.034973028055957797 -0.055878998696207882 -0.030016263383044778 0.054749197192643907 -0.01948531031677218 -0.0084617469809724413
leaf_weight=0.55330378422513504 0.69564240798354049 8.7976099645020422 1.1654202702338801 2.0026023674290632 1.4313112121890297 2.3884558437857777 3.922198645770548 3.566232904791832 2.4044656567275524 1.2308940170332778 3.8514372303907285 3.4642636476783082 2.8074189645703873 30.797520013991743
leaf_count=38 7 416 20 39 23 90 35 35 17 19 689 60 73 377
internal_value=-9.75222e-05 0.000485049 0.000888294 0.0158977 -0.004892 0.0359857 -0.000835559 0.0128839 -0.00678483 -0.00349949 -0.00220271 0.000132797 0.0215193 -0.00325473
internal_weight=69.0788 68.3831 67.8298 6.98779 3.43391 3.55388 60.842 9.8929 5.9707 50.9491 49.7182 45.8668 6.27168 39.5951
internal_count=1938 1931 1893 172 62 110 1721 87 52 1634 1615 926 133 793
is_linear=0
shrinkage=0.05


Tree=131
num_leaves=15
num_cat=0
split_feature=1 13 11 3 17 17 36 16 15 17 19 6 5 5
split_gain=0.55852 1.26136 1.59775 1.24123 1.03746 1.29668 2.38648 2.16005 2.17945 1.32021 1.55317 1.25332 1.69863 2.19555
threshold=38.500000000000007 1.0808259961328328 1.7742702544173576 6.3950000000000005 0.21957616797246238 0.36964602314921585 1.0000000180025095e-35 0.39758415354179905 18.000000000000004 0.48298872341519589 0.35153119595304821 0.13672388680202416 17.777680087079187 15.137728908565757
decision_type=2 2 2 2 2 2 2 2 2 2 2 2 2 2
left_child=1 -1 3 -3 -2 -6 -7 -8 -9 -10 -11 12 13 -12
right_child=4 2 -4 -5 5 6 7 8 9 10 11 -13 -14 -15
leaf_value=0.044096417932478149 0.020835310194263885 -0.046041152888923895 0.0065895821602062034 0.0075372809003990118 -0.031047343219541369 0.037195467760363858 -0.051457574350776296 -0.059269260898660442 0.03108893677580319 -0.059517781902115742 -0.034837074679736263 0.0058870023381358931 -0.059976767393995489 0.041272486749469227
leaf_weight=0.97855886910110612 6.4370105073321602 4.3634095917223004 4.6426155921071768 1.4369438462890682 3.2460673439782104 4.2871347032487384 2.0937650670239227 1.4653155824635167 3.7416385686956337 1.067936929874121 2.1370590392034496 29.061437370721251 1.7982218526303766 1.7023782283067701
leaf_count=16 114 128 47 35 65 76 747 31 53 14 52 520 22 18
internal_value=-9.20953e-05 -0.0101844 -0.0152708 -0.032768 0.00192884 -0.000476275 0.0016193 -0.00192209 0.000609164 0.00282996 -0.000126248 0.00170165 -0.0198733 -0.00109066
internal_weight=68.4595 11.4215 10.443 5.80035 57.038 50.601 47.3549 43.0678 40.974 39.5087 35.767 34.6991 5.63766 3.83944
internal_count=1938 226 210 163 1712 1598 1533 1457 710 679 626 612 92 70
is_linear=0
shrinkage=0.05


Tree=132
num_leaves=15
num_cat=0
split_feature=0 0 11 5 25 15 9 9 34 20 0 6 24 8
split_gain=0.552302 1.45394 0.978404 0.895147 1.23883 1.39607 1.03524 3.48541 0.8554 0.853827 0.837266 1.39827 1.42807 1.08977
threshold=16.940000000000001 17.785000000000004 0.44181441410767092 36.207868931273445 -1.6694210452653053 18.000000000000004 0.70466701308925805 0.7389462615031942 -0.41664999999999991 0.18114283276575624 20.150000000000002 0.17434773665550632 -0.26793966445226997 22.916666666666668
decision_type=2 2 2 2 2 2 2 2 2 2 2 2 2 2
left_child=9 2 -2 4 6 -6 -3 -8 -7 -1 11 -10 -13 -14
right_child=1 3 -4 -5 5 8 7 -9 10 -11 -12 12 13 -15
leaf_value=-0.0059322272798291546 -0.0081550844418106332 0.049611288345067811 -0.068311705078232629 -0.057008330239742035 -0.02896672951091005 -0.035917849971987589 -0.043079657676981326 0.054970401144986226 0.039922410841043691 0.046911552700971956 -0.00059887046158725132 0.07039711832673097 -0.056001009011692228 0.0038958184776511483
leaf_weight=1.5184225614066229 1.4128986644500394 2.2480183020234099 1.2958182967267928 0.66960322484373946 4.1837602294981471 1.5169185755075876 1.7951588183641436 1.8306029513478277 3.6316624874016261 1.5393294519162735 42.004765470395796 0.57890345342457283 1.0884514935314658 2.5118792583234608
leaf_count=26 24 20 16 7 95 189 26 16 85 15 1293 4 25 97
internal_value=-9.50857e-05 -0.00107543 -0.0369333 0.000489655 0.00111681 -0.00119353 0.0229531 0.00642462 0.00107007 0.0206703 0.00219638 0.0172284 -0.00249218 -0.0142122
internal_weight=67.8262 64.7684 2.70872 62.0597 61.3901 55.5163 5.87378 3.62576 51.3326 3.05775 49.8157 7.8109 4.17923 3.60033
internal_count=1938 1897 40 1857 1850 1788 62 42 1693 41 1504 211 126 122
is_linear=0
shrinkage=0.05


Tree=133
num_leaves=15
num_cat=0
split_feature=2 8 5 1 36 16 15 4 32 8 5 0 0 5
split_gain=0.548948 1.65321 2.13646 1.43625 1.16515 2.07408 1.98097 1.92035 2.09999 1.51837 1.08857 1.6594 1.59186 1.53078
threshold=-3.6031499999999999 27.916666666666668 26.204345918125703 35.675000000000004 1.0000000180025095e-35 0.39758415354179905 18.000000000000004 5.0786055213123467 1.1250000000000002 67.083333333333343 10.679130053163677 28.715000000000003 30.180000000000003 9.6521304976527684
decision_type=2 2 2 2 2 2 2 2 2 2 2 2 2 2
left_child=1 2 -1 -4 7 -6 -7 -2 -9 -10 11 13 -13 -8
right_child=4 -3 3 -5 5 6 10 8 9 -11 -12 12 -14 -15
leaf_value=-0.035049318095339697 0.047613464302497223 -0.033912277941177772 -0.0012842767383023958 0.054289049265648273 -0.051369293387855425 -0.058634597712929115 0.01650978343544501 -0.041979100034106959 0.030395656505820934 -0.017933099679060868 -0.0048922951335383909 -0.035542172008750976 0.010334923837036859 0.068226920367236862
leaf_weight=2.2335962785873544 3.3587719416245809 4.4430934785632417 2.5164343602955341 2.1610372290015221 2.0291972339618942 1.372656563296913 6.19287208968308 1.9945120057091097 5.3163613192737103 2.3407745398581028 22.160108173266053 2.6229027425870282 6.7746056908508763 1.8607246279716489
leaf_count=118 82 109 26 19 755 31 196 46 41 22 253 30 189 21
internal_value=-9.21999e-05 -0.0101172 0.00518051 0.0243911 0.00193955 -0.00202616 0.000416918 0.0150504 0.00371845 0.0156216 0.00246324 0.0118036 -0.00246966 0.0284586
internal_weight=67.3776 11.3542 6.91107 4.67747 56.0235 43.0131 40.9839 13.0104 9.65165 7.65714 39.6112 17.4511 9.39751 8.0536
internal_count=1938 272 163 45 1666 1475 720 191 109 63 689 436 219 217
is_linear=0
shrinkage=0.05


Tree=134
num_leaves=15
num_cat=0
split_feature=0 0 10 5 25 1 13 33 13 6 36 4 25 6
split_gain=0.50636 1.35777 1.17682 0.847735 1.16636 1.55097 1.95868 1.53539 1.32069 1.87844 1.71533 2.57165 1.41751 1.26904
threshold=16.940000000000001 17.785000000000004 -0.35477513967272334 36.207868931273445 -1.6694210452653053 38.500000000000007 1.2015537978110924 56.500000000000007 0.71275036509498224 0.69763331776648474 1.0000000180025095e-35 32.190441859806235 2.0040057064313319 0.93903363705683962
decision_type=2 2 2 2 2 2 2 2 2 2 2 2 2 2
left_child=-1 2 -2 4 -3 6 -6 -8 10 12 -7 -12 -10 -13
right_child=1 3 -4 -5 5 8 7 -9 9 -11 11 13 -14 -15
leaf_value=0.019858742417352818 -0.070824010344206392 0.022674536417079505 -0.00392851826751601 -0.056641407665736568 0.037388631916759195 0.047723781833550333 -0.059229437062865035 -0.0064332586319924617 0.0079018066807574998 0.049680802989647305 -0.042547998943337606 0.012602974813725673 -0.025083431045039267 -0.039820254086873612
leaf_weight=3.0365382434683843 1.2700335793197157 5.668116169050335 1.3630168012459751 0.64279629290103812 1.0951976878568519 1.1458586230874033 3.0964071681955829 2.4799814745783806 27.908518980722878 2.4290145812556139 5.3717997446656227 6.1220111800357699 3.6874009678140274 1.4227095209062097
leaf_count=41 12 62 28 7 19 48 139 20 405 48 943 98 39 29
internal_value=-8.92247e-05 -0.00104009 -0.0361951 0.000475634 0.00108322 -0.00115171 -0.0237432 -0.0357494 0.00198262 0.00730965 -0.0109065 -0.0161078 0.00405227 0.00271752
internal_weight=66.7394 63.7029 2.63305 61.0698 60.427 54.7589 6.67159 5.57639 48.0873 34.0249 14.0624 12.9165 31.5959 7.54472
internal_count=1938 1897 40 1857 1850 1788 178 159 1610 492 1118 1070 444 127
is_linear=0
shrinkage=0.05


Tree=135
num_leaves=15
num_cat=0
split_feature=20 17 6 13 30 30 0 19 9 11 12 23 2 25
split_gain=0.513163 1.74778 2.23779 2.30099 1.44079 2.0899 1.39898 1.02161 1.73605 1.72979 1.25115 1.22802 2.14185 1.76835
threshold=1.0355272488394336 0.82783956641337031 0.70140479805177303 0.32999313290912707 12.500000000000002 9.0000000000000018 20.825000000000003 1.467985703477926 0.73948604622569125 1.1542897390818421 0.83301352243682436 2.4618335388261561 6.4508500000000009 1.7498831412357914
decision_type=2 2 2 2 2 2 2 2 2 2 2 2 2 2
left_child=4 -2 -3 -4 5 7 -6 11 9 -9 -10 13 -13 -1
right_child=1 2 3 -5 6 -7 -8 8 10 -11 -12 12 -14 -15
leaf_value=-0.00061737180545898751 0.025439664373438337 -0.053669647100030485 -0.047004299680604635 0.054990974292763534 0.038434642049054141 0.054040891068405476 -0.063731763208969769 -0.035752672710920273 -0.041727143887940542 0.057534215819210033 0.025412059552465706 0.034889775499780999 -0.050430604609131041 -0.062901824745378837
leaf_weight=36.170162259164499 6.8484045173972827 2.0193790124030784 0.86979585490189526 1.5180224888026712 0.4204030981054524 1.7009666088270012 1.650761116936337 0.82302958320360575 5.0942163259605877 1.2541674384847281 0.80332405772060145 4.9298920012370209 0.86456958565395314 1.176660444587468
leaf_count=1026 104 126 37 26 15 52 82 75 220 12 17 128 9 9
internal_value=-9.15339e-05 0.00963388 -0.0149269 0.0178378 -0.00208587 -0.000481695 -0.0429941 -0.00229602 -0.0187368 0.020572 -0.0325819 0.000743082 0.0221594 -0.00257972
internal_weight=66.1438 11.2556 4.4072 2.38782 54.8882 52.817 2.07116 51.116 7.97474 2.0772 5.89754 43.1413 5.79446 37.3468
internal_count=1938 293 189 63 1645 1548 97 1496 324 87 237 1172 137 1035
is_linear=0
shrinkage=0.05


Tree=136
num_leaves=15
num_cat=0
split_feature=2 33 12 36 16 15 17 23 25 18 5 20 6 9
split_gain=0.483228 2.0757 1.48137 1.02235 1.89737 1.84263 1.79183 1.55845 1.24955 1.12777 1.02583 0.998597 0.955603 1.4994
threshold=-3.6031499999999999 46.500000000000007 0.26909398320901001 1.0000000180025095e-35 0.39758415354179905 18.000000000000004 0.47128790061775744 0.7588245876580525 -1.3810453780596947 -0.52461812026433041 1.9219608731404065 -2.3462909178097431 0.20092653871610242 0.68670513685754553
decision_type=2 2 2 2 2 2 2 2 2 2 2 2 2 2
left_child=1 11 -3 6 -5 -6 7 -2 -8 -9 -7 -1 13 -12
right_child=3 2 -4 4 5 10 8 9 -10 -11 12 -13 -14 -15
leaf_value=0.038087102899707015 0.016357719320604532 -0.026004973963806445 0.019553324785408711 -0.051312930461703522 -0.058338217693970032 0.036434756062340701 -0.004923369093490392 -0.056923059843475357 0.058847924547763567 0.0065646701462524415 0.036107873045173489 -0.053855999742612418 0.0047174588124259537 -0.023748795292423994
leaf_weight=0.330218926072121 5.8253673892468196 2.7112407335080206 5.2189534343779087 1.8579683526768338 1.2930978268850584 2.0868303511524564 1.0411939248442652 1.5813222946599128 2.9291454255580893 1.254342859610915 1.2325983196496944 2.7943048868328315 28.45417567982804 6.9199585712049156
leaf_count=2 61 40 51 755 31 94 7 40 67 16 9 179 465 121
internal_value=-9.09037e-05 -0.00962221 0.00397747 0.00184327 -0.00192007 0.000374959 0.0143103 0.0015599 0.0421243 -0.0288396 0.00233709 -0.0441389 0.000393294 -0.014699
internal_weight=65.5307 11.0547 7.93019 54.476 41.8446 39.9867 12.6314 8.66103 3.97034 2.83567 38.6936 3.12452 36.6067 8.15256
internal_count=1938 272 91 1666 1475 720 191 117 74 56 689 181 595 130
is_linear=0
shrinkage=0.05


Tree=137
num_leaves=15
num_cat=0
split_feature=34 16 24 34 9 9 3 12 3 6 9 3 10 0
split_gain=0.47772 1.09821 0.790693 0.56249 1.40048 2.05041 1.83953 1.80088 1.70225 1.47379 1.81658 1.39719 1.00397 0.993535
threshold=-0.41664999999999991 2.1952114967702339 0.51806985064735189 0.54410000000000014 0.75341084442868522 0.6724581934596402 3.4150000000000005 0.39328871537484356 5.6450000000000005 0.46304518618649543 0.74615150570252287 4.7950000000000008 0.30538387848311382 16.940000000000001
decision_type=2 2 2 2 2 2 2 2 2 2 2 2 2 2
left_child=1 2 -1 13 5 8 -7 12 11 -8 -11 -5 -6 -2
right_child=3 -3 -4 4 7 6 9 -9 -10 10 -12 -13 -14 -15
leaf_value=-0.052235032358505046 0.056962194334532749 0.057885609917092087 0.053016930820292255 0.032468495662138518 -0.056598260757517116 0.010130779439682101 -0.054608185582889268 0.046076700443436397 0.046498085492341246 -0.044375838624796875 0.057554597342648242 -0.062912488479660411 0.0075188500652569185 0.0026691917902137655
leaf_weight=1.5271662976010696 0.85918588470667501 0.3439841791987418 0.20204551145434368 0.66373648453736966 0.8798821506206872 2.3577650748193246 5.1447787396609783 2.4748879354447126 2.0396251282654703 1.0525032365985678 0.74757592380046833 0.91083061535027809 1.994511544704437 43.720493234082824
leaf_count=210 8 3 4 16 62 21 215 22 28 43 5 30 13 1258
internal_value=-9.13595e-05 -0.0237064 -0.0399371 0.000687668 -0.00670217 -0.0156117 -0.0280287 0.0148116 0.0163485 -0.0409837 -0.00204396 -0.022706 -0.0121081 0.00371558
internal_weight=64.919 2.0732 1.72921 62.8458 18.2661 12.9168 9.30262 5.34928 3.61419 6.94486 1.80008 1.57457 2.87439 44.5797
internal_count=1938 217 214 1721 455 358 284 97 74 263 48 46 75 1266
is_linear=0
shrinkage=0.05


Tree=138
num_leaves=15
num_cat=0
split_feature=11 6 11 13 11 30 13 16 4 36 14 23 17 0
split_gain=0.485593 1.1412 0.77939 2.02278 1.34814 1.28314 1.92847 1.91569 1.37172 1.23889 1.22838 3.58963 1.22201 1.15489
threshold=0.013529396590357002 0.17087742336095263 0.28510810893309385 2.4137534033379562 0.27003437101098809 6.5000000000000009 0.90460399633968391 0.37030048932625309 5.7642694733075617 1.0000000180025095e-35 90.416666666666671 2.338752921673247 0.9898170536174673 16.940000000000001
decision_type=2 2 2 2 2 2 2 2 2 2 2 2 2 2
left_child=1 -1 3 4 5 6 -2 9 -8 -7 12 -12 13 -4
right_child=2 -3 10 -5 -6 7 8 -9 -10 -11 11 -13 -14 -15
leaf_value=0.032208642599746533 -0.050447421847434504 -0.0511106431981731 0.038033169634224748 0.062154990075808783 0.065074934102985066 0.05343212884698384 0.049507500834833983 -0.045850209061119113 -0.00014478076111364588 -0.050629538486989811 -0.056048787022670798 0.020481528684217102 0.046802267971140683 -0.0025782062132241232
leaf_weight=0.59913838951615517 1.0107556320144757 1.3085716521018183 1.8315679887309659 1.7093475237488736 0.83682850259356278 1.0447904327884314 2.7760615245206282 2.8458246313966811 2.78794623631984 0.39382804982596997 3.545197033090516 2.698522494873032 1.3946078407461744 39.598621014039963
leaf_count=71 484 53 20 16 12 42 78 147 39 186 78 44 39 629
internal_value=-9.37109e-05 -0.0249433 0.000665098 0.0113497 0.00392468 -0.000787663 0.0130867 -0.0220789 0.0246283 0.0249448 -0.00225392 -0.0229725 0.000766793 -0.000782837
internal_weight=64.3816 1.90771 62.4739 13.4054 11.696 10.8592 6.57476 4.28444 5.56401 1.43862 49.0685 6.24372 42.8248 41.4302
internal_count=1938 124 1814 1004 988 976 601 375 117 228 810 122 688 649
is_linear=0
shrinkage=0.05


Tree=139
num_leaves=15
num_cat=0
split_feature=1 1 1 11 1 1 21 10 7 13 17 36 17 20
split_gain=0.462392 1.31401 0.819842 0.685288 2.13407 3.17953 1.55031 1.12956 0.813378 0.778469 2.27296 2.07336 1.85866 1.80428
threshold=88.980000000000004 86.635000000000005 85.070000000000007 2.5973879407213087 69.805000000000021 74.465000000000018 0.48506093290389507 -0.97923713154838155 0.012349605161126253 1.2522270817832715 0.83636264869201848 1.0000000180025095e-35 0.86593513450102921 1.1815760939858742
decision_type=2 2 2 2 2 2 2 2 2 2 2 2 2 2
left_child=1 2 3 7 -5 -6 -7 -1 9 10 -9 -12 13 -11
right_child=-2 -3 -4 4 5 6 -8 8 -10 12 11 -13 -14 -15
leaf_value=-0.04762505467954848 -0.038395691956071842 0.069704258884431977 -0.054764160731371837 0.04139022752161884 -0.064272070032876535 -0.027785149183200925 0.051438276488537139 0.0043342022040609241 -0.052730686185973631 -0.0022340426996804406 0.055218935161761684 -0.043001565681943799 0.039619420344257611 0.053124575043386295
leaf_weight=1.3129576593637455 0.77823945134878059 0.67624974716454644 0.68511796277016301 3.75810708850622 1.668346378020942 0.95399196445941958 1.7508294912986455 11.937658118782567 0.73958565006614563 28.505516923964027 0.59613087214529592 5.4435178094136045 3.4016005638986817 1.5520226145163167
leaf_count=19 17 24 12 33 26 16 53 298 69 457 8 859 32 15
internal_value=-9.10093e-05 0.000382307 -0.000370099 0.000234675 0.0137584 -0.00998709 0.0234961 -0.00182118 -0.000668569 8.00131e-05 -0.00831169 -0.0333069 0.0045888 0.000624402
internal_weight=63.7599 62.9816 62.3054 61.6203 8.13127 4.37317 2.70482 53.489 52.176 51.4364 17.9773 6.03965 33.4591 30.0575
internal_count=1938 1921 1897 1885 128 95 69 1757 1738 1669 1165 867 504 472
is_linear=0
shrinkage=0.05


Tree=140
num_leaves=15
num_cat=0
split_feature=20 20 20 5 5 18 2 2 10 25 18 9 8 4
split_gain=0.456426 0.699971 0.968912 1.39615 1.86837 1.17338 1.08539 0.950221 1.08114 1.39271 1.29563 0.927589 0.892166 0.832277
threshold=-2.3462909178097431 -1.5501219630961243 -0.73459975104667818 15.431011733521361 5.341788699986024 -1.2576917073101479 -5.8809999999999993 -3.9309499999999997 -0.94815441957839308 -1.1406719309379609 -0.8720813250167293 0.7389462615031942 28.750000000000004 11.460148508550011
decision_type=2 2 2 2 2 2 2 2 2 2 2 2 2 2
left_child=-1 -2 3 4 -3 13 -7 12 -9 -10 -11 -5 -8 -4
right_child=1 2 5 11 -6 6 7 8 9 10 -12 -13 -14 -15
leaf_value=0.034442093610245368 -0.025484686693345589 0.022131736262189585 -0.0065426056205952245 0.010181937690631389 -0.055121099213365554 0.0441936473373786 -0.007454095497838634 -0.064024319531601745 0.042024207604549009 -0.050627368390192197 0.00084676832678975261 0.048908053322118478 -0.069478924234431041 -0.055175299153076465
leaf_weight=0.94263598648831148 2.7057971006142898 1.7901225772802702 1.8189179670298394 3.1626501586288214 1.3906788302119819 1.3410367802716709 1.4725928616244268 0.64394537359475279 1.9957131482660688 1.2620704878354363 38.972163866856178 3.025502722710371 0.95625018572900433 1.703781012445688
leaf_count=16 76 170 52 32 57 39 37 6 18 31 1336 23 20 25
internal_value=-8.9684e-05 -0.000612664 0.000517733 0.0152777 -0.011644 -0.0022388 -0.00013733 -0.0014496 0.000273947 0.0012544 -0.000767876 0.0291159 -0.0318736 -0.0300642
internal_weight=63.1839 62.2412 59.5354 9.36895 3.1808 50.1665 46.6438 45.3027 42.8739 42.2299 40.2342 6.18815 2.42884 3.5227
internal_count=1938 1922 1846 282 227 1564 1487 1448 1391 1385 1367 55 57 77
is_linear=0
shrinkage=0.05


Tree=141
num_leaves=15
num_cat=0
split_feature=11 6 11 13 33 21 11 14 14 21 0 21 14 14
split_gain=0.440408 1.04519 0.729056 1.87128 1.27531 1.57897 1.13426 1.60096 1.6073 1.51774 1.36502 1.51372 1.14868 1.13614
threshold=0.013529396590357002 0.17087742336095263 0.28510810893309385 2.4137534033379562 56.500000000000007 2.7808669194830959 1.0015687839519394 90.416666666666671 10.41666666666667 0.32588760397635175 27.375000000000004 1.3665107404443348 18.750000000000004 42.916666666666679
decision_type=2 2 2 2 2 2 2 2 2 2 2 2 2 2
left_child=1 -1 3 4 5 -2 7 8 -4 -10 11 -11 -8 -13
right_child=2 -3 6 -5 -6 -7 12 -9 9 10 -12 13 -14 -15
leaf_value=0.030991933473757428 0.039464863513493417 -0.049821624341167992 -0.059019303256862422 0.061083395433660183 -0.054156123363041014 -0.0035975676082804307 0.02437342339215174 -0.053826557279393332 0.048840877403242111 -0.029306842475205649 -0.049931205684660578 -0.028800715615170103 -0.00098137898609966263 0.022758050358666331
leaf_weight=0.5863637542934147 2.9894878822378779 1.2595000489382071 1.3406124850735093 1.6405938155949105 0.87192286437493827 7.3930627105000895 5.3796831844374564 2.0844228550558901 1.3416972775012244 3.1134942930657399 1.6179266141261894 1.3256644214270634 26.330932737095281 5.5076488310005516
leaf_count=71 30 53 51 16 166 792 63 72 15 38 73 45 366 87
internal_value=-8.88688e-05 -0.0241501 0.000639976 0.0111962 0.00392402 0.00880156 -0.00219344 -0.0128989 -0.00691096 -0.00149838 -0.00733856 -0.000410526 0.00332005 0.0127556
internal_weight=62.783 1.84586 60.9371 12.8951 11.2545 10.3826 48.0421 16.3315 14.247 12.9064 11.5647 9.94681 31.7106 6.83331
internal_count=1938 124 1814 1004 988 822 810 381 309 258 243 170 429 132
is_linear=0
shrinkage=0.05


Tree=142
num_leaves=15
num_cat=0
split_feature=3 11 14 11 13 12 14 30 36 0 11 14 3 12
split_gain=0.438478 0.469416 0.749519 0.618708 1.76368 1.25296 1.49006 1.52994 1.52419 1.39376 1.13844 1.53546 2.1381 1.84149
threshold=2.6750000000000003 0.013529396590357002 77.083333333333357 0.28510810893309385 2.4137534033379562 0.28745905141713263 34.583333333333336 7.5000000000000009 1.0000000180025095e-35 18.475000000000005 1.0015687839519394 90.416666666666671 6.1300000000000008 0.52204592627247592
decision_type=2 2 2 2 2 2 2 2 2 2 2 2 2 2
left_child=-1 2 -2 4 5 6 9 -8 -9 -3 11 12 -5 -14
right_child=1 3 -4 10 -6 -7 7 8 -10 -11 -12 -13 13 -15
leaf_value=-0.04665188296121095 -0.059425662808599081 0.057164486489441273 0.0057099314853709133 0.006486847319756902 0.06023436810054305 -0.027899651748781281 0.043827546005710268 0.030420457600765657 -0.051159769346191576 -0.040447153169383077 0.0039504547161684197 -0.053654451362861282 -0.058273084244080786 0.011278959389791109
leaf_weight=0.5015217229956751 0.83743606533971504 0.45403277891455074 0.93451277329586446 9.6559948583599162 1.5820231437683094 2.4332481473684302 4.0368822339223698 1.2403005012311041 1.0634596937161405 1.8797093463654162 31.313180851982906 1.980721907573751 2.9381929246592327 1.407590029761195
leaf_count=38 84 18 39 209 16 41 166 57 220 467 426 67 75 15
internal_value=-8.86938e-05 0.000289439 -0.0250736 0.00103866 0.010842 0.00380726 0.0127014 0.0252736 -0.00723853 -0.0214567 -0.00159164 -0.0124498 -0.00662091 -0.0357453
internal_weight=62.2588 61.7573 1.77195 59.9853 12.6897 11.1076 8.67438 6.34064 2.30376 2.33374 47.2957 15.9825 14.0018 4.34578
internal_count=1938 1900 123 1777 985 969 928 443 277 485 792 366 299 90
is_linear=0
shrinkage=0.05


Tree=143
num_leaves=15
num_cat=0
split_feature=2 33 12 12 20 36 17 16 15 7 24 2 10 5
split_gain=0.432578 1.81851 1.25863 0.963109 0.897224 0.843991 1.63522 1.60642 1.63301 1.56238 1.68922 0.911277 0.885486 0.876615
threshold=-3.6031499999999999 46.500000000000007 0.26909398320901001 0.6546167247387944 -2.3462909178097431 1.0000000180025095e-35 0.47128790061775744 0.39758415354179905 18.000000000000004 0.0059438123091785011 -0.12145362880423034 -2.7807499999999998 -0.7772721283218943 1.535223221896308
decision_type=2 2 2 2 2 2 2 2 2 2 2 2 2 2
left_child=1 4 -3 -4 -1 6 9 -7 -9 10 11 -2 -8 -10
right_child=5 2 3 -5 -6 7 12 8 13 -11 -12 -13 -14 -15
leaf_value=0.034237142974905543 -0.014460925952241542 -0.024549723420214192 0.0347518878668438 -0.010787098885186064 -0.053815437643391653 -0.051121931395360636 0.0030335190632671876 -0.057788760155430843 0.042669585003497761 0.04865107574996913 -0.047051096500445519 0.029548567342627743 0.057867873575029406 0.00074150506448609512
leaf_weight=0.32718427479267154 2.3483953122049557 2.6496157869696617 3.1698928829282522 1.8320881053805349 2.4989143573911843 1.5780417915666465 1.0398925021290781 1.1699719364987675 1.2920444651972491 1.4331257119774816 2.0232862597331396 2.3565957508981232 2.5212728320620945 35.469904572004452
leaf_count=2 32 40 32 19 179 755 8 31 59 18 47 20 66 630
internal_value=-8.95459e-05 -0.00934641 0.00331297 0.0180722 -0.0436214 0.0018036 0.0135853 -0.00169202 0.00036436 0.0012497 -0.00884681 0.00758217 0.0418557 0.00221512
internal_weight=61.7102 10.4777 7.6516 5.00198 2.8261 51.2325 11.7226 39.51 37.9319 8.1614 6.72828 4.70499 3.56117 36.7619
internal_count=1938 272 91 51 181 1666 191 1475 720 117 99 52 74 689
is_linear=0
shrinkage=0.05


Tree=144
num_leaves=15
num_cat=0
split_feature=1 1 1 12 15 23 18 11 12 14 9 20 18 18
split_gain=0.438901 1.2288 0.756467 0.628731 0.583455 0.571785 1.48697 1.17525 1.50561 1.10071 0.960103 0.783343 1.66991 1.47008
threshold=88.980000000000004 86.635000000000005 85.070000000000007 0.92998312583661213 22.500000000000004 0.33494721034496383 -1.2576917073101479 1.2712218554896728 0.22304405273962022 4.5833333333333339 0.6618335288006475 -0.36767854768650243 -0.6562740489413984 -0.70008009864567977
decision_type=2 2 2 2 2 2 2 2 2 2 2 2 2 2
left_child=1 2 3 4 5 7 10 8 9 -1 -7 13 -13 -8
right_child=-2 -3 -4 -5 -6 6 11 -9 -10 -11 -12 12 -14 -15
leaf_value=-0.023688098013766302 -0.037850865167700178 0.069069288125567271 -0.052844973825535241 0.037910828070259903 -0.03020063499335672 0.021766522492056274 0.034508883110727105 0.043822817254127774 -0.054502392422225668 0.050215495855453943 -0.040301028664211147 -0.045841297354345181 0.00027943130856857874 -0.0011756365367499471
leaf_weight=0.84843072856892821 0.75987779349088569 0.64428111724555392 0.67856233846396108 1.0877874623984087 1.6031720040482458 0.75608863844535434 4.6101775701390579 2.2135416008532047 0.99622352304868389 1.2404591735685242 3.5411937710596249 2.0893696463899607 32.356808177733932 7.7178931353264399
leaf_count=28 17 24 12 14 34 22 66 26 29 26 98 79 1106 357
internal_value=-8.78987e-05 0.000387314 -0.000353408 0.000249676 -0.000456982 0.000388929 -0.00123309 0.0160229 -0.00392336 0.0201986 -0.0293805 0.0013529 -0.00251807 0.0121689
internal_weight=61.1439 60.384 59.7397 59.0611 57.9734 56.3702 51.0715 5.29866 3.08511 2.08889 4.29728 46.7742 34.4462 12.3281
internal_count=1938 1921 1897 1885 1871 1837 1728 109 83 54 120 1608 1185 423
is_linear=0
shrinkage=0.05


Tree=145
num_leaves=15
num_cat=0
split_feature=1 1 1 9 5 0 5 34 20 20 9 5 16 5
split_gain=0.406531 1.15751 0.688923 0.572155 0.776294 0.512932 2.08275 0.650263 1.0766 1.46207 2.0604 1.31698 1.23501 1.20967
threshold=88.980000000000004 86.635000000000005 85.070000000000007 0.56265204922046186 36.207868931273445 42.110000000000007 7.6586597545648791 0.54410000000000014 0.18114283276575624 0.015296726651401303 0.74826216568864234 15.431011733521361 5.9051508419243666 10.229820834332925
decision_type=2 2 2 2 2 2 2 2 2 2 2 2 2 2
left_child=1 2 3 -1 5 7 -7 -5 9 10 -9 13 -10 -12
right_child=-2 -3 -4 4 -6 6 -8 8 12 -11 11 -13 -14 -15
leaf_value=0.050959201210449695 -0.036888070129455323 0.068410647452527729 -0.050650790275029958 0.002848177112259482 -0.056230071935846351 -0.051591389783143454 0.055772701460093999 -0.031926219965236022 -0.0063310457775083845 -0.06466330156737285 0.040113920395580399 0.055221253764164313 0.042800210642609901 -0.057022815877346422
leaf_weight=0.55076451320201059 0.74120732024311919 0.61861164215952058 0.67271273396909137 39.534586491441587 0.61262606456875701 0.64011603168910314 1.534683760255575 4.572642267943591 5.2703371842944753 1.5573803734441751 0.57616109689115569 1.4664455112069843 1.688980136066675 0.72233383601997048
leaf_count=5 17 24 12 1364 7 69 14 149 143 36 54 13 12 19
internal_value=-8.51811e-05 0.000369323 -0.000339286 0.000237028 -0.000243167 0.000352678 0.0241719 -0.000582564 -0.00913754 -0.0206624 -0.0113233 0.0227497 0.00559278 -0.0139218
internal_weight=60.7596 60.0184 59.3998 58.7271 58.1763 57.5637 2.1748 55.3889 15.8543 8.89496 7.33758 2.76494 6.95932 1.29849
internal_count=1938 1921 1897 1885 1880 1873 83 1790 426 271 235 86 155 73
is_linear=0
shrinkage=0.05


Tree=146
num_leaves=15
num_cat=0
split_feature=13 21 1 33 13 10 6 21 18 23 23 5 17 1
split_gain=0.413508 0.436676 0.538909 1.36558 1.85702 0.965959 1.82672 1.28386 1.26995 1.26776 1.666 1.37033 1.3904 1.36992
threshold=0.027857516537830102 0.11952631578962426 38.500000000000007 56.500000000000007 1.0154580543504739 -0.097196871094109932 0.44104878095825689 0.26865138657851301 -1.1083850818758993 0.81307390427913651 1.2325397485236746 15.431011733521361 0.7112455503833639 56.190000000000005
decision_type=2 2 2 2 2 2 2 2 2 2 2 2 2 2
left_child=-1 -2 3 4 -3 6 8 -7 -4 -10 -11 12 -12 -14
right_child=1 2 5 -5 -6 7 -8 -9 9 10 11 -13 13 -15
leaf_value=-0.052192478456594006 0.021620653435787826 0.049129661349792422 -0.049050513771652586 0.0065330134262533467 -0.043957897462727401 -0.047244186201691026 0.041686674960346448 -0.0012736934329922829 0.047241233316367919 -0.024962647702886767 0.036977002459703728 0.047077601358000959 0.020384364113289033 -0.056559544389807238
leaf_weight=0.37832862114009813 2.2977408757433286 0.62028262019157221 1.1020815585507087 5.024746049195528 3.9319905587472022 1.600327841937548 3.8093439890071741 29.812769085576292 1.6839106907136709 3.9495375095866603 1.450565727427602 2.3105067852884531 0.97935813525691662 1.413241477217525
leaf_count=245 36 10 28 50 160 36 48 1152 16 56 22 28 19 32
internal_value=-8.35667e-05 0.000245079 -0.00060631 -0.0114379 -0.031274 0.00154981 0.011267 -0.00361564 0.00227659 0.00707561 0.000381173 0.0166473 -0.00164737 -0.0250642
internal_weight=60.3647 59.9864 57.6887 9.57702 4.55227 48.1116 16.6985 31.4131 12.8892 11.7871 10.1032 6.15367 3.84317 2.3926
internal_count=1938 1693 1657 220 170 1437 249 1188 201 173 157 101 73 51
is_linear=0
shrinkage=0.05


Tree=147
num_leaves=15
num_cat=0
split_feature=3 6 34 3 2 4 16 19 29 17 3 9 16 9
split_gain=0.415086 0.629899 1.08969 1.31216 0.733576 1.70752 2.6313 1.6174 1.52951 1.48796 1.25817 1.2062 1.19777 1.04413
threshold=2.6750000000000003 0.81614583333332769 0.34705000000000003 5.205000000000001 7.1911500000000013 32.190441859806235 4.2992799016252876 1.2776025814472924 11.000000000000002 0.58210716847671973 7.2650000000000006 0.74498704135670291 6.5394792128751904 0.6724581934596402
decision_type=2 2 2 2 2 2 2 2 2 2 2 2 2 2
left_child=-1 4 3 -3 5 7 11 12 -9 -10 -6 -7 -2 -11
right_child=1 2 -4 -5 10 6 -8 8 9 13 -12 -13 -14 -15
leaf_value=-0.046235209806395915 -0.00086023025486504283 0.05137344683641213 -0.01322245255886338 -0.0096481920921479211 -0.045107791528441708 -0.023422117133113013 0.062921033050278449 0.053461113040937293 0.041426061731419078 0.018828497542558401 0.021401830305580294 0.030433486018166034 0.059610792094584954 -0.049152222442175375
leaf_weight=0.48325274797389184 35.592136246501468 2.6427135004196312 2.1430456438974943 1.3215022166259585 2.2690685517736706 2.4867131076753131 2.5955093912780285 0.55354539421386917 0.60127035633195181 0.6378957340348278 1.0355919429857747 1.7866578698158262 0.8381592221558084 4.9318753414700041
leaf_count=38 1069 106 32 34 57 28 20 10 19 37 29 16 7 436
internal_value=-8.28778e-05 0.000292372 0.0155027 0.0310314 -0.00144954 5.77241e-05 0.0232123 -0.00362774 -0.0261578 -0.0332997 -0.0242655 -0.000905575 0.000531039 -0.0413665
internal_weight=59.9189 59.4357 6.10726 3.96422 53.3284 50.0238 6.86888 43.1549 6.72459 6.17104 3.30466 4.27337 36.4303 5.56977
internal_count=1938 1900 172 140 1728 1642 64 1578 502 492 86 44 1076 473
is_linear=0
shrinkage=0.05


Tree=148
num_leaves=15
num_cat=0
split_feature=20 6 30 30 0 34 27 1 1 2 17 1 17 3
split_gain=0.417941 1.47869 1.21704 1.72132 1.47726 1.07382 1.05143 2.15789 1.66826 0.868131 1.82925 1.26384 1.18035 1.10647
threshold=1.0355272488394336 0.087038350314007112 12.500000000000002 9.0000000000000018 18.620000000000001 0.62500000000000011 1.0000000180025095e-35 72.175000000000011 63.365000000000002 6.5256500000000006 0.87044410094669766 74.020000000000024 0.91284073007808597 5.2250000000000005
decision_type=2 2 2 2 2 2 2 2 2 2 2 2 2 2
left_child=2 -2 3 9 -4 6 7 8 -3 11 -11 -1 -12 -14
right_child=1 5 4 -5 -6 -7 -8 -9 -10 10 12 -13 13 -15
leaf_value=-0.0015985648459999854 0.061261010583139319 -0.034406908417442178 0.049268133769587087 0.053132392817363185 -0.062326325133617071 -0.03564003349071309 0.033036457083899462 -0.048538242332273662 0.0491194783121707 -0.068540271887288298 0.043717952085837807 0.044571553752247361 0.045339855801658301 -0.045267970196038711
leaf_weight=39.875365974614397 1.1998991077416565 0.87852682537049842 0.36654427810571988 1.4549326086416829 1.5532462604169266 1.5537538908101849 2.9870681495231111 1.7548554693348704 1.8707972529227843 1.47872152365744 1.0013268570182847 1.5394344952655945 0.44252988096559409 1.4120442284329326
leaf_count=1310 21 24 5 52 92 45 101 39 63 22 16 57 37 54
internal_value=-7.92453e-05 0.00910706 -0.00199506 -0.000407938 -0.0410197 0.00218838 0.0100343 -0.00522013 0.0224292 -0.00211064 -0.0234005 0.00011763 -2.80736e-05 -0.0236476
internal_weight=59.369 10.2449 49.1241 47.2044 1.91979 9.045 7.49125 4.50418 2.74932 45.7494 4.33462 41.4148 2.8559 1.85457
internal_count=1938 293 1645 1548 97 272 227 126 87 1496 129 1367 107 91
is_linear=0
shrinkage=0.05


Tree=149
num_leaves=15
num_cat=0
split_feature=34 21 23 20 18 35 3 7 7 0 10 17 8 34
split_gain=0.397377 0.929417 0.651411 0.435929 1.08218 1.01985 1.12204 2.07804 0.993144 1.2159 0.949946 0.901903 0.847864 0.780047
threshold=-0.41664999999999991 0.8041401273883354 3.1943845094142218 -0.73459975104667818 -1.0072096116117999 -1.0000000180025095e-35 4.495000000000001 0.0050774794944941507 0.0043624993446514512 18.405000000000005 -0.35477513967272334 0.1983406833506243 74.583333333333357 0.92500000000000016
decision_type=2 2 2 2 2 2 2 2 2 2 2 2 2 2
left_child=1 -1 -3 5 11 -2 8 -8 9 -7 -9 -5 -11 -6
right_child=3 2 -4 4 13 6 7 10 -10 12 -12 -13 -14 -15
leaf_value=0.055158865736854572 0.052077883890557543 -0.052146515387816977 0.052445988442115211 -0.0079583424998769161 0.0031998817378230612 -0.059171511379458842 0.055766668890554941 -0.034004026049597597 -0.048682331204303153 0.033232679173490758 0.022701092571856762 -0.048147949589145478 -0.027336371144498214 -0.029686908245522267
leaf_weight=0.31048549618571897 1.246401339303701 1.2924985185381954 0.16824311390519131 4.5246586529538027 37.271805586409755 0.6729834473226205 2.3045083686592989 1.5813495949842038 1.4002876899903638 1.9918589568114842 1.3858314288663676 2.0188044579699636 0.81386133440537367 1.8947551098390238
leaf_count=4 24 209 4 59 1105 12 83 23 58 32 48 46 49 182
internal_value=-7.77078e-05 -0.0234016 -0.0400999 0.000645704 -0.00153564 0.00939437 0.00415326 0.0201458 -0.0131265 0.00118589 -0.00751972 -0.0203577 0.0156633 0.00160892
internal_weight=58.8783 1.77123 1.46074 57.1071 45.71 11.3971 10.1507 5.27169 4.87899 3.4787 2.96718 6.54346 2.80572 39.1666
internal_count=1938 217 213 1721 1392 329 305 154 151 93 71 105 81 1287
is_linear=0
shrinkage=0.05


Tree=150
num_leaves=15
num_cat=0
split_feature=20 17 6 30 30 0 17 3 16 1 2 17 1 17
split_gain=0.380508 1.42817 1.87901 1.14978 1.62907 1.38844 1.14409 0.898483 1.4029 1.05343 0.833567 1.71011 1.148 1.08099
threshold=1.0355272488394336 0.82783956641337031 0.70140479805177303 12.500000000000002 9.0000000000000018 18.620000000000001 0.95175251790619375 5.495000000000001 4.1899160001819462 66.490000000000023 6.5256500000000006 0.87044410094669766 74.020000000000024 0.91284073007808597
decision_type=2 2 2 2 2 2 2 2 2 2 2 2 2 2
left_child=3 7 -3 4 10 -5 -4 8 9 -2 12 -12 -1 -13
right_child=1 2 6 5 -6 -7 -8 -9 -10 -11 11 13 -14 -15
leaf_value=-0.0014823187979615417 0.015955632910841629 -0.053500467425224865 -0.031992638186065604 0.047624329958759759 0.052901334716493144 -0.061909804286916385 0.04468505032505752 0.052853082547055723 0.04599192861607887 -0.048345603408665644 -0.067715699904835086 0.042160210085091104 0.042852672574575951 -0.023243274476114868
leaf_weight=39.492595365649322 1.4600130799226447 1.7436129437264756 0.76570819318294558 0.35917497822083433 1.3919188228901465 1.487426168459933 1.3340195751516146 1.8496233173646031 1.7361941700801251 1.1298767225816844 1.4266447406262148 0.97160280193202231 1.516181633225641 1.8062679733993716
leaf_count=1310 36 126 23 5 52 92 40 23 32 13 22 16 57 91
internal_value=-7.57949e-05 0.00879422 -0.0151354 -0.00190997 -0.000376796 -0.0406048 0.016723 0.0236864 0.0112161 -0.0120967 -0.002017 -0.0232195 0.00015684 -0.000367405
internal_weight=58.4709 10.019 3.84334 48.4518 46.6052 1.8466 2.09973 6.17571 4.32608 2.58989 45.2133 4.20452 41.0088 2.77787
internal_count=1938 293 189 1645 1548 97 63 104 81 49 1496 129 1367 107
is_linear=0
shrinkage=0.05


Tree=151
num_leaves=15
num_cat=0
split_feature=13 1 12 20 6 14 6 1 11 30 30 19 11 25
split_gain=0.393748 0.784641 1.17019 0.609832 1.10297 1.252 1.35898 1.48488 1.44923 1.09178 1.30437 0.895862 1.03657 1.23408
threshold=0.10408685664925711 58.535000000000004 0.8439426406012468 1.0355272488394336 0.087038350314007112 27.083333333333339 0.7278581910035169 67.345000000000013 1.5371186813448829 12.500000000000002 9.0000000000000018 1.9929613920388523 2.6907101476644981 1.7498831412357914
decision_type=2 2 2 2 2 2 2 2 2 2 2 2 2 2
left_child=1 -1 -3 9 -5 -6 7 8 -7 10 11 12 13 -2
right_child=3 2 -4 4 5 6 -8 -9 -10 -11 -12 -13 -14 -15
leaf_value=0.035690919403551701 0.0001462875630815453 -0.058670474020110476 0.011707548273781081 0.060106986852735356 0.042930872022775353 -0.029886465277824473 0.038783307190972838 -0.048947574105834751 0.046166948541313424 -0.040031782190388998 0.052956613683245939 -0.032547526682192317 0.031259015820190181 -0.045923126149592888
leaf_weight=0.5599075950449327 37.014972423028667 1.4462267913913822 0.99837148981168855 1.0859884517267326 1.7946519309189168 1.2519832162652167 1.381552020087838 2.0853363834321499 1.2535515688359735 1.7606701350887295 1.1378890993073572 2.1750438974704585 2.5491228699684134 1.5130642428994168
leaf_count=213 805 509 27 15 27 42 47 38 9 57 39 74 22 14
internal_value=-7.40583e-05 -0.0176997 -0.0299282 0.000888715 0.0129092 0.00631 -0.00469419 -0.0177781 0.00816404 -0.00141716 0.000114434 -0.00127575 0.000380096 -0.00166294
internal_weight=58.0083 3.00451 2.4446 55.0038 8.85306 7.76708 5.97242 4.59087 2.50553 46.1508 44.3901 43.2522 41.0772 38.528
internal_count=1938 749 536 1189 178 163 136 89 51 1011 954 915 841 819
is_linear=0
shrinkage=0.05


Tree=152
num_leaves=15
num_cat=0
split_feature=20 20 20 5 5 1 11 18 10 6 8 4 31 8
split_gain=0.373524 0.531622 0.736652 1.09449 1.594 0.997902 1.12854 1.05309 0.939225 1.69697 1.06148 1.67531 1.15629 1.35187
threshold=-2.3462909178097431 -1.5501219630961243 -0.73459975104667818 15.431011733521361 5.341788699986024 34.560000000000009 2.0378299862001339 -1.2576917073101479 -0.015558208402247248 0.37001615479724032 7.916666666666667 27.976193879035172 0.33500000000000002 30.416666666666671
decision_type=2 2 2 2 2 2 2 2 2 2 2 2 2 2
left_child=-1 -2 3 4 -3 6 -4 -7 9 10 -9 12 13 -12
right_child=1 2 5 -5 -6 7 -8 8 -10 -11 11 -13 -14 -15
leaf_value=0.03292668824483113 -0.023779757956893147 0.020715585191946252 -0.057317807080667971 0.026760871061009096 -0.055015142487963513 -0.038739292752815457 -0.00017829622935820497 -0.042080683096868035 -0.0032572056774436025 0.053636083722730023 0.050233566676946242 0.060297615204186632 -0.025716845185150113 -0.0050628975697534903
leaf_weight=0.84494684252422203 2.3631855530547901 1.6448919569374978 1.677177905221469 5.6307816095650196 1.2030284352367742 1.6805332697695039 1.7825953736901281 1.0833166866796009 28.73583352012794 2.1505915621237355 1.7659602776402588 1.4105059802532194 2.6359040294919396 2.9545177413965575
leaf_count=16 76 170 41 55 57 50 17 25 1150 39 35 15 63 129
internal_value=-7.25012e-05 -0.000564094 0.000445239 0.013985 -0.0112749 -0.0020571 -0.0278775 4.89539e-05 0.00164911 0.0133973 0.00461192 0.0103817 0.000810851 0.0156239
internal_weight=57.5638 56.7188 54.3556 8.4787 2.84792 45.8769 3.45977 42.4172 40.7366 12.0008 9.8502 8.76689 7.35638 4.72048
internal_count=1938 1922 1846 282 227 1564 58 1506 1456 306 267 242 227 164
is_linear=0
shrinkage=0.05


Tree=153
num_leaves=15
num_cat=0
split_feature=34 16 24 11 11 14 6 4 17 27 14 14 24 0
split_gain=0.370256 0.870469 0.615508 0.473593 1.3805 1.25703 1.71204 1.2882 1.19024 1.03496 1.00089 0.865665 2.89565 0.872173
threshold=-0.41664999999999991 2.1952114967702339 0.51806985064735189 0.28510810893309385 0.22494387641860808 48.750000000000007 0.17087742336095263 5.1507369167864159 0.88630911785627375 1.0000000180025095e-35 10.41666666666667 90.416666666666671 0.40097395962498822 16.940000000000001
decision_type=2 2 2 2 2 2 2 2 2 2 2 2 2 2
left_child=1 2 -1 4 5 9 -7 8 -8 -2 -11 13 -13 -5
right_child=3 -3 -4 11 -6 6 7 -9 -10 10 -12 12 -14 -15
leaf_value=-0.052008787550303359 -0.045999382705980849 0.05614881423167583 0.052307291076201558 0.035611218732895779 0.04228250888813434 0.044330106827087871 0.050079646608686385 -0.051418601730881655 -0.029773960882914893 -0.03168689678624647 0.032322135789683702 -0.055446380167585255 0.018771317852020949 -0.00090220218822715387
leaf_weight=1.2134124547592353 1.982419570122145 0.28514720499515522 0.1600600667297839 1.7140109292231489 2.5130585074075489 2.8077836812881287 1.0789344704244288 1.1543476143851874 0.82229147366888344 1.1410972549492728 1.3139559991395797 2.819668822688981 2.4615291121881455 35.681993068341399
leaf_count=210 366 3 4 20 58 129 43 17 211 134 61 67 39 576
internal_value=-6.94526e-05 -0.0233478 -0.0398521 0.000626334 0.00905616 0.000950035 0.016145 -0.00975436 0.0155425 -0.0191276 0.00257104 -0.00190473 -0.020854 0.000771356
internal_weight=57.1497 1.65862 1.37347 55.4911 12.8139 10.3008 5.86336 3.05557 1.90123 4.43747 2.45505 42.6772 5.2812 37.396
internal_count=1938 217 214 1721 1019 961 400 271 254 561 195 702 106 596
is_linear=0
shrinkage=0.05


Tree=154
num_leaves=15
num_cat=0
split_feature=13 1 25 23 4 5 7 12 7 36 17 8 33 5
split_gain=0.359113 0.767078 1.08642 0.458845 1.70143 1.42582 1.19147 1.69474 1.30486 1.45293 3.01959 1.46733 1.72179 1.18641
threshold=0.090019893760967959 58.535000000000004 3.6350749237073372 1.6245259142064927 26.554397431843437 17.07106098740093 0.007217421132864001 0.17016909645326142 0.0044217749962383009 1.0000000180025095e-35 0.41432275023145743 15.416666666666668 56.500000000000007 10.679130053163677
decision_type=2 2 2 2 2 2 2 2 2 2 2 2 2 2
left_child=1 -1 -3 4 6 13 8 -8 -2 10 11 -10 -13 -5
right_child=3 2 -4 5 -6 -7 7 -9 9 -11 -12 12 -14 -15
leaf_value=0.037370170379365464 0.0067752571909152131 -0.059058060048483768 0.015028751362229795 0.012921145629481937 -0.050258773205848109 0.056464102039952273 -0.022534389391612005 0.038754797850564709 0.01659772271709031 -0.04811985438267375 0.05827673002111277 -0.051615368316946908 0.0026270913687549803 -0.0116896934041422
leaf_weight=0.50245306661236044 12.302006921789149 1.3235806314914955 0.79028224386274804 12.325095825595787 1.7969743087887753 1.3356154765933741 1.5900294534512784 3.8808669474092312 2.170992950210346 2.7668628180399528 1.4973896704614151 3.875731507781893 2.3500965274870396 8.1250888379290682
leaf_count=197 227 482 16 383 19 13 125 59 33 117 18 108 30 111
internal_value=-6.95002e-05 -0.0181608 -0.0313602 0.000806757 -0.00298193 0.00641192 -0.000190471 0.0209421 -0.00482187 -0.0160901 -0.00713315 -0.0187976 -0.0311402 0.00314298
internal_weight=56.6331 2.61632 2.11386 54.0168 32.231 21.7858 30.434 5.4709 24.9631 12.6611 9.89421 8.39682 6.22583 20.4502
internal_count=1938 695 498 1243 736 507 717 184 533 306 189 171 138 494
is_linear=0
shrinkage=0.05


Tree=155
num_leaves=15
num_cat=0
split_feature=2 5 6 10 6 7 0 3 0 14 9 7 27 9
split_gain=0.370227 0.705028 0.555984 0.860514 0.826132 1.07095 1.01664 1.82068 1.35494 0.559125 1.84297 1.39467 2.70429 1.45508
threshold=16.636100000000003 36.207868931273445 0.93903363705683962 0.99029991029452813 0.81614583333332769 0.012349605161126253 27.375000000000004 4.1450000000000005 32.45000000000001 47.916666666666679 0.63545857055804456 0.010541135520611552 1.0000000180025095e-35 0.76371016776356793
decision_type=2 2 2 2 2 2 2 2 2 2 2 2 2 2
left_child=1 2 4 -4 5 9 -6 -8 -9 10 -1 12 13 -12
right_child=-2 -3 3 -5 6 -7 7 8 -10 -11 11 -13 -14 -15
leaf_value=0.0360215174292308 0.035757759892183501 -0.05575095174119149 0.0098302124362150949 -0.061620807915104131 0.054648430794971614 -0.053706115779642176 -0.068832420336479835 0.05617430990454874 -0.039484531144408301 0.0043134693367034398 -0.054279200108874284 0.028912006251978546 0.001509719694098401 0.0098856886114180326
leaf_weight=2.1963922963914255 0.71187350153922935 0.57207073643803497 0.79238556217751355 0.90000473335385323 1.5403417871566483 0.93948500679107283 0.6512896221247505 1.2876325449906287 0.51953897098428559 30.40032146316662 5.0495307051023683 1.7674292905721802 7.6728458389115985 1.0709376731247173
leaf_count=33 6 7 17 26 46 68 11 68 15 781 486 42 286 46
internal_value=-7.06994e-05 -0.000531415 4.51599e-05 -0.0281671 0.000944406 -0.000835523 0.0227982 0.00284254 0.0286736 0.000195909 -0.00685338 -0.0129052 -0.0182635 -0.0430519
internal_weight=56.0721 55.3602 54.7881 1.69239 53.0957 49.0969 3.9988 2.45846 1.80717 48.1575 17.7571 15.5607 13.7933 6.12047
internal_count=1938 1932 1925 43 1882 1742 140 94 83 1674 893 860 818 532
is_linear=0
shrinkage=0.05


Tree=156
num_leaves=15
num_cat=0
split_feature=13 3 4 1 25 5 14 14 20 14 16 6 1 30
split_gain=0.355899 0.793632 1.40661 1.14992 0.527593 0.519401 1.00344 0.600495 0.600228 1.03092 1.73514 1.28964 1.73997 0.836621
threshold=0.12534873496807242 5.7550000000000008 35.580966947817075 58.535000000000004 3.6350749237073372 1.8308510616177276 34.583333333333336 95.416666666666686 1.0355272488394336 45.416666666666671 4.6475509571529967 0.63608515378427077 72.540000000000006 12.500000000000002
decision_type=2 2 2 2 2 2 2 2 2 2 2 2 2 2
left_child=1 2 3 -1 -5 6 -2 -8 13 -10 11 -11 -13 -7
right_child=5 -3 -4 4 -6 8 7 -9 9 10 -12 12 -14 -15
leaf_value=0.032598320331816692 -0.05066179896379084 -0.062842349740966405 0.062763890265499181 -0.057475619318483231 0.051613662259487797 -0.0012367314188689569 0.044518059807669957 -0.013484292133407495 0.037726024209827215 -0.057537915160313251 0.045365032266457266 0.060558350652400096 -0.029649319957356625 -0.03720913644153101
leaf_weight=0.63789629284292493 0.42352089245105107 0.70840888468956098 0.61897146888077248 1.3020380189263958 0.12114690989255894 39.620250669249799 2.0992413267958914 0.56668834900483478 2.6545307114720336 1.3658106210641565 1.4619320277124641 0.85035264492034945 1.4394151130691168 1.685072531341574
leaf_count=223 68 69 20 508 4 768 71 27 37 24 23 5 46 45
internal_value=-7.38488e-05 -0.0157763 -0.00333546 -0.023186 -0.0481895 0.000946092 0.020831 0.0321887 -0.000305677 0.0124418 -0.000673575 -0.0190852 0.00385117 -0.00270424
internal_weight=55.5553 3.38846 2.68005 2.06108 1.42318 52.1668 3.08945 2.66593 49.0774 7.77204 5.11751 3.65558 2.28977 41.3053
internal_count=1938 824 755 735 512 1114 166 98 948 135 98 75 51 813
is_linear=0
shrinkage=0.05


Tree=157
num_leaves=15
num_cat=0
split_feature=1 25 10 9 17 17 36 15 7 17 4 19 33 14
split_gain=0.351805 1.12678 1.66715 0.841799 0.841605 0.999452 1.41895 1.32946 1.14597 1.13381 1.5175 1.10512 0.988126 2.14941
threshold=38.500000000000007 -1.6694210452653053 -0.39806702437124292 0.71446174896615655 0.21957616797246238 0.36964602314921585 1.0000000180025095e-35 18.000000000000004 0.0055470003003073006 0.48298872341519589 2.9346595327789138 0.35153119595304821 53.000000000000007 83.750000000000014
decision_type=2 2 2 2 2 2 2 2 2 2 2 2 2 2
left_child=1 3 -3 -1 12 -6 8 -8 -7 -9 -11 -12 13 -2
right_child=4 2 -4 -5 5 6 7 9 -10 10 11 -13 -14 -15
leaf_value=0.040209371868920679 -0.038848199796349715 -0.041940191311134196 0.013162181743280855 -0.010425269004666407 -0.030476607558316916 0.051540575277868518 -0.056925569540742682 0.029196301360369839 -0.016147487171966214 -0.05099000592087382 -0.056798941647111849 0.0014904687234308816 0.041332533670541294 0.055045584121164337
leaf_weight=1.6179609633982184 1.5489738282049068 3.7883853648090735 2.1527108789887262 1.6660621762275694 2.6394651317968956 2.3230147548019882 1.0521660615922872 3.0551119730807832 0.85561115853488434 1.5476237795810472 0.83717658836394804 28.331756145111285 2.7389914244413376 1.0049683772958813
leaf_count=18 75 80 102 26 65 59 31 53 17 776 14 583 27 12
internal_value=-7.20011e-05 -0.00898234 -0.0219743 0.0145212 0.00171747 -0.000724918 0.00134149 -0.00157747 0.0333205 0.000146912 -0.00274238 -0.000182494 0.0204714 -0.00190129
internal_weight=55.16 9.22512 5.9411 3.28402 45.9349 40.6419 38.0025 34.8238 3.17863 33.7717 30.7166 29.1689 5.29293 2.55394
internal_count=1938 226 182 44 1712 1598 1533 1457 76 1426 1373 597 114 87
is_linear=0
shrinkage=0.05


Tree=158
num_leaves=15
num_cat=0
split_feature=8 20 22 32 8 14 25 18 34 3 21 8 8 14
split_gain=0.346622 0.936284 0.77035 0.783088 0.665279 1.02217 1.06595 0.780477 0.908088 0.814605 0.780398 0.749301 1.44333 1.35515
threshold=80.416666666666671 0.90515505256404161 1.0000000180025095e-35 1.175 66.250000000000014 92.083333333333343 -1.7971251492299785 1.3238739180175452 -1.0000000180025095e-35 5.6450000000000005 35.626797385613713 41.250000000000007 45.416666666666671 88.750000000000014
decision_type=2 2 2 2 2 2 2 2 2 2 2 2 2 2
left_child=4 2 -2 -4 10 6 -6 8 -8 -9 11 -1 -13 -14
right_child=1 -3 3 -5 5 -7 7 9 -10 -11 -12 12 13 -15
leaf_value=0.0041764506821178249 -0.037996538775266042 0.05179541065492449 0.056873021238666943 -0.057458230045592321 -0.03822369206541798 -0.036733988179803563 -0.004509925189346199 -0.051996548371180354 0.0502682449715732 0.050109871262076701 -0.033247358253770419 -0.056036943809572054 0.0044459977781330295 -0.044998531891178868
leaf_weight=30.965658938424895 2.4476882252929499 0.45735533488914359 0.4836141652194782 0.21695713259396143 0.63863356411457051 0.82027752396243148 0.96478045906405885 0.52701167568739027 3.505846345331519 0.31037529022432864 1.8263199632783642 1.527387142763472 8.2772286236431665 1.6644253954291333
leaf_count=756 129 7 52 15 6 20 26 46 93 7 445 52 243 41
internal_value=-7.07888e-05 -0.0150532 -0.0247645 0.0214662 0.000987865 0.0155889 0.0228063 0.0301491 0.0384469 -0.0141511 -0.00124444 0.000132917 -0.0107844 -0.00383197
internal_weight=54.6336 3.60561 3.14826 0.700571 51.0279 6.76692 5.94665 5.30801 4.47063 0.837387 44.261 42.4347 11.469 9.94165
internal_count=1938 203 196 67 1735 198 178 172 119 53 1537 1092 336 284
is_linear=0
shrinkage=0.05


Tree=159
num_leaves=15
num_cat=0
split_feature=2 8 5 12 10 18 20 2 11 4 33 14 14 16
split_gain=0.348986 2.23924 1.62283 0.907081 0.846476 0.690597 0.905699 0.999666 0.993559 0.970861 2.24404 1.68071 1.87797 1.20955
threshold=-3.9309499999999997 28.750000000000004 26.204345918125703 0.42495421167038855 -0.97923713154838155 0.49383143813132624 1.0012361538400256 2.5196500000000008 1.4562767786866744 5.0786055213123467 1.0000000180025095e-35 77.916666666666671 48.750000000000007 0.94404554598054502
decision_type=2 2 2 2 2 2 2 2 2 2 2 2 2 2
left_child=1 2 -1 -4 -2 6 7 8 9 13 -11 12 -12 -6
right_child=4 -3 3 -5 5 -7 -8 -9 -10 10 11 -13 -14 -15
leaf_value=-0.045435850273352119 -0.055738567367052599 -0.054970291562237684 -0.0032737976160037729 0.045640973743934762 -0.0049484988501179005 -0.003257737995537191 0.057022429374091688 0.029479776989142777 0.03752811576402542 -0.055660055887958561 -0.0081350371366386738 -0.033626569071421211 0.047041852239174294 0.055002410659886362
leaf_weight=1.1157366255065415 0.63798371609300275 2.0133941404637881 1.7565840408205988 2.0584022253751755 2.008647373702853 25.663853351215948 0.93667801190167566 3.891525721846846 1.6911666058003891 2.1793480990454546 3.7352279461920244 2.5165341780520976 2.6264515053480864 1.4477425673976538
leaf_count=106 11 84 18 24 151 1182 23 148 18 62 42 31 22 16
internal_value=-7.01971e-05 -0.0105376 0.00760585 0.0231185 0.00146539 0.00224691 0.00896343 0.00672346 0.00125872 -0.00296739 -0.0101974 0.000962414 0.014645 0.0201625
internal_weight=54.2793 6.94412 4.93072 3.81499 47.3352 46.6972 21.0333 20.0966 16.2051 14.514 11.0576 8.87821 6.36168 3.45639
internal_count=1938 232 148 42 1706 1695 513 490 342 324 157 95 64 167
is_linear=0
shrinkage=0.05


Tree=160
num_leaves=15
num_cat=0
split_feature=2 5 23 0 5 2 2 23 2 11 0 10 5 19
split_gain=0.342479 0.665379 0.606442 0.532308 1.52034 0.572137 1.30955 0.87666 1.27755 0.99321 1.58148 0.749337 0.72919 0.742566
threshold=16.636100000000003 36.207868931273445 9.4270539831290581 42.110000000000007 7.6586597545648791 -5.8809999999999993 -5.3433499999999992 0.33494721034496383 -3.9309499999999997 1.2712218554896728 26.625000000000004 -0.97923713154838155 29.275567507362336 -0.88259787993130501
decision_type=2 2 2 2 2 2 2 2 2 2 2 2 2 2
left_child=1 2 3 5 -5 12 -7 9 -9 10 -8 -10 13 -1
right_child=-2 -3 -4 4 -6 6 7 8 11 -11 -12 -13 -14 -15
leaf_value=-0.050834033289621966 0.034924733500693569 -0.055369251574337079 -0.051468992045117873 -0.050908622379237795 0.053710369144487291 -0.073062750968120288 0.03365375058534862 -0.03810857467630166 -0.055448282315566692 0.048985228766051193 -0.047079451044391062 0.00038452638429952894 0.060437645328557166 0.058549501599915323
leaf_weight=0.41100854688556865 0.69022540003061195 0.54729870334267516 0.56511314459203177 0.46577606802747951 1.3648129012435672 0.62753933086059888 1.4814968322170892 2.3808748793671759 0.60996564291416788 1.8371332101523874 1.0271692762034943 40.655635469462155 0.85342498123645782 0.24924908578395732
leaf_count=57 6 7 47 68 14 13 28 84 11 24 27 1544 6 2
internal_value=-6.86251e-05 -0.000523691 4.77418e-05 0.00060799 0.0270911 -0.00035902 -0.00130149 -0.00036315 -0.00249551 0.0210529 0.000597672 -0.000440764 0.0299133 -0.00954145
internal_weight=53.7667 53.0765 52.5292 51.9641 1.83059 50.1335 48.6198 47.9923 43.6465 4.3458 2.50867 41.2656 1.51368 0.660258
internal_count=1938 1932 1925 1878 82 1796 1731 1718 1639 79 55 1555 65 59
is_linear=0
shrinkage=0.05


Tree=161
num_leaves=15
num_cat=0
split_feature=1 1 1 4 1 14 1 8 19 17 35 14 3 3
split_gain=0.336222 0.966663 0.534367 0.387795 2.03086 2.38138 2.10518 2.43206 1.35751 1.24429 1.28211 0.948065 1.37597 1.28697
threshold=88.980000000000004 86.635000000000005 85.070000000000007 32.190441859806235 69.805000000000021 63.750000000000007 74.020000000000024 18.750000000000004 1.3102421901566681 0.58210716847671973 1.0000000180025095e-35 5.416666666666667 6.7550000000000008 6.3050000000000006
decision_type=2 2 2 2 2 2 2 2 2 2 2 2 2 2
left_child=1 2 3 8 5 -5 -6 -8 11 -10 -11 12 13 -1
right_child=-2 -3 -4 4 6 -7 7 -9 9 10 -12 -13 -14 -15
leaf_value=-0.050818430844785878 -0.036384182351331722 0.067332555824791293 -0.047992055584374374 -0.0066210126498310352 -0.055249143209131817 0.059544650986209126 -0.033868058237731917 0.053373649155020214 0.042614732583074612 -0.046052845768393469 0.0045754172420054027 0.0045773547201883695 -0.062548243558070413 0.036603066476348388
leaf_weight=0.66788047453155686 0.62977118045091529 0.53345211641862889 0.58122085873037477 2.4676210805773717 1.9236676609143613 3.0293309837579727 1.5551898754201832 1.6426039319485424 0.65046614827588101 4.0172667740116594 1.8156601640803272 31.404242012577015 1.3421665057248899 1.1388564583612604
leaf_count=236 17 24 12 30 31 27 28 54 23 493 38 874 38 13
internal_value=-6.67368e-05 0.000366688 -0.000317188 0.000219249 0.00873594 0.0298424 -0.013918 0.0109452 -0.00198449 -0.0229787 -0.0302934 0.00195476 -0.0242005 0.00428673
internal_weight=53.3994 52.7696 52.2362 51.655 10.6184 5.49695 5.12146 3.19779 41.0365 6.48339 5.83293 34.5531 3.1489 1.80674
internal_count=1938 1921 1897 1885 170 57 113 82 1715 554 531 1161 287 249
is_linear=0
shrinkage=0.05


Tree=162
num_leaves=15
num_cat=0
split_feature=2 3 2 2 13 24 2 33 0 33 19 16 18 36
split_gain=0.334253 0.509486 0.483441 0.863135 0.670286 0.644719 1.05927 0.881343 0.843089 1.10835 0.765829 1.20904 1.11442 0.927977
threshold=16.636100000000003 8.2750000000000004 -6.094949999999999 -5.3433499999999992 4.6554168619557341 -0.49482490613925906 -3.9309499999999997 56.500000000000007 25.335000000000004 63.500000000000007 -1.2457239247432657 4.0937472908228409 -0.70008009864567977 1.0000000180025095e-35
decision_type=2 2 2 2 2 2 2 2 2 2 2 2 2 2
left_child=1 2 4 -4 -1 8 7 -7 -5 -10 11 -8 -12 -14
right_child=-2 -3 3 5 -6 6 10 -9 9 -11 12 -13 13 -15
leaf_value=-0.017014723867166261 0.034621764289120942 -0.040745320325356257 -0.04322665136110565 0.045258481300246164 0.059188868188902288 -0.059731699486476289 0.012622513158871069 0.0011755004107128243 -0.026981519982747955 0.038299393316596389 0.027638126387221785 -0.051483907310285737 0.019134021699115208 -0.0039003384719206941
leaf_weight=0.45837016910081618 0.68545882403850455 0.77556528503191557 1.1641993860248465 1.7705525045748789 0.77897610515356064 1.3848770334152498 1.2887098980136138 1.0399704771116374 1.5314485040726142 1.1299146428063975 3.8899493364151487 1.7133155241608617 5.1137711121700695 30.162009890453206
leaf_count=55 6 72 24 33 6 72 38 13 33 17 71 31 97 1370
internal_value=-6.66136e-05 -0.000522106 8.4507e-05 -0.000676682 0.0309595 0.000333764 -0.00147388 -0.0336098 0.0185217 0.000734299 0.000374088 -0.0239643 0.00223961 -0.000561151
internal_weight=52.8871 52.2016 51.4261 50.1887 1.23735 49.0245 44.5926 2.42485 4.43192 2.66136 42.1678 3.00203 39.1657 35.2758
internal_count=1938 1932 1860 1799 61 1775 1692 85 83 50 1607 69 1538 1467
is_linear=0
shrinkage=0.05


Tree=163
num_leaves=15
num_cat=0
split_feature=8 32 28 5 8 14 25 8 8 14 14 3 9 7
split_gain=0.321418 0.733378 1.06255 0.668653 0.576256 0.920087 0.897047 0.736808 1.2751 1.35072 1.12234 1.11407 0.993645 0.977761
threshold=80.416666666666671 1.175 1.0000000180025095e-35 1.1343881804358591 66.250000000000014 92.083333333333343 -1.7971251492299785 41.250000000000007 45.416666666666671 88.750000000000014 37.083333333333336 4.9650000000000007 0.67651706442032189 0.0036194399932684505
decision_type=2 2 2 2 2 2 2 2 2 2 2 2 2 2
left_child=4 2 3 -2 7 6 -6 13 -9 10 -10 12 -12 -1
right_child=1 -3 -4 -5 5 -7 -8 8 9 -11 11 -13 -14 -15
leaf_value=-0.059130642143198589 0.040125155656170031 -0.045921174325033232 0.045542718054134276 -0.044092269363675843 -0.034696903752876478 -0.035520213135572409 0.028738668300099975 -0.055588303361884084 -0.051689841401184183 -0.045027786070750753 -0.034369411671218673 -0.024137763337207949 0.027768545799849161 0.0041983565466447688
leaf_weight=0.62205940857529896 0.30336883172276419 1.2231976886105256 0.86649131117155764 1.056427565810736 0.62562784925103176 0.79722402010520443 5.1028401615913017 1.4560480748041289 0.85375008662231078 1.795045091464998 0.73824180159135711 1.9285800618235951 5.006066025031032 30.166759437517612
leaf_count=8 53 52 21 77 6 20 172 95 206 64 15 58 139 952
internal_value=-6.53508e-05 -0.0148184 0.00227051 -0.0253035 0.000971278 0.0148067 0.0218106 -0.00114977 -0.0117858 -0.00560669 0.00269232 0.00874333 0.0197828 0.00291885
internal_weight=52.5417 3.44949 2.22629 1.3598 49.0922 6.52569 5.72847 42.5665 11.7777 10.3217 8.52664 7.67289 5.74431 30.7888
internal_count=1938 203 151 130 1735 198 178 1537 577 482 418 212 154 960
is_linear=0
shrinkage=0.05


Tree=164
num_leaves=15
num_cat=0
split_feature=13 3 25 5 14 14 20 14 16 6 3 30 30 33
split_gain=0.320607 0.728325 0.983853 0.475497 0.83811 0.541856 0.51641 0.942697 1.48607 1.16562 1.32217 0.754652 1.20549 1.02911
threshold=0.12534873496807242 5.7550000000000008 3.6350749237073372 1.8308510616177276 34.583333333333336 95.416666666666686 1.0355272488394336 45.416666666666671 4.6475509571529967 0.63608515378427077 4.6550000000000011 12.500000000000002 9.0000000000000018 41.500000000000007
decision_type=2 2 2 2 2 2 2 2 2 2 2 2 2 2
left_child=1 2 -1 4 -2 -6 11 -8 9 -9 -11 12 13 -5
right_child=3 -3 -4 6 5 -7 7 8 -10 10 -12 -13 -14 -15
leaf_value=-0.018557243524547431 -0.050551103585796064 -0.062092013931175284 0.06156101173453804 -0.014853975227493274 0.043781708877202327 -0.01315950424117533 0.036272688359051862 -0.056875707397017722 0.043683079506717293 -0.034183670050870682 0.043492477834305661 -0.036614431369269763 0.053312966246156793 0.0031552877694635134
leaf_weight=1.979838998391642 0.3580197215196671 0.66351970599498589 0.47514479607343663 11.702949428057762 1.91400224971585 0.53447015257552255 2.5713199224555856 1.2602320280857386 1.327922756783664 1.1303259022533896 1.0630899062380192 1.564173686725552 0.98857972119003434 24.621690216474235
leaf_count=741 68 69 14 420 71 27 37 24 23 20 31 45 32 316
internal_value=-6.78557e-05 -0.015613 -0.00305092 0.000920742 0.0209039 0.0313522 -0.000292372 0.011859 -0.00126969 -0.018554 0.00346388 -0.00259055 -0.00116427 -0.00264688
internal_weight=52.1553 3.1185 2.45498 49.0368 2.80649 2.44847 46.2303 7.35289 4.78157 3.45365 2.19342 38.8774 37.3132 36.3246
internal_count=1938 824 755 1114 166 98 948 135 98 75 51 813 768 736
is_linear=0
shrinkage=0.05


Tree=165
num_leaves=15
num_cat=0
split_feature=12 15 24 3 18 2 3 2 2 33 18 19 3 9
split_gain=0.324002 0.43527 0.447794 1.23452 1.06225 1.00734 0.95335 1.03491 0.737096 1.12379 0.903208 0.704906 0.750606 1.99703
threshold=0.93871095378482583 22.500000000000004 -0.49482490613925906 6.7550000000000008 -1.2576917073101479 -5.8809999999999993 5.0950000000000006 -4.5316499999999991 -3.6628999999999996 56.500000000000007 -1.0832816838542672 -1.2457239247432657 4.9250000000000007 0.76371016776356793
decision_type=2 2 2 2 2 2 2 2 2 2 2 2 2 2
left_child=1 2 3 -1 6 -6 -4 -8 9 -7 -10 -12 -13 -14
right_child=-2 -3 4 -5 5 8 7 -9 10 -11 11 12 13 -15
leaf_value=0.029636918529689041 0.035963441211933088 -0.028475757280547822 -0.04750785715519943 -0.033900272854965705 0.05183376001613519 -0.057062266456941318 -0.054254442323683365 0.040351983710095046 0.050575367465346799 0.016618108651815698 -0.047428198496670661 0.0077282419539279473 -0.013179622225907024 0.037847998368938256
leaf_weight=3.4282444742275393 0.61659042444080014 1.3535008846083645 2.2176409054663959 0.98392844105546817 0.95199422142468293 1.3342882521683344 0.4472460048273208 0.81734878337010697 0.91170194838195229 0.84541309252381314 0.76083005778490687 20.098346497514299 14.764860537208735 2.2035625408752813
leaf_count=82 10 34 58 29 28 59 38 24 16 7 18 983 511 41
internal_value=-6.46926e-05 -0.00049926 0.000261634 0.0154679 -0.0012177 0.000989038 -0.0277519 0.00689277 -0.000193882 -0.0284848 0.00139793 0.000212682 0.00119056 -0.00655305
internal_weight=51.7355 51.1189 49.7654 4.41217 45.3532 41.871 3.48224 1.26459 40.919 2.1797 38.7393 37.8276 37.0668 16.9684
internal_count=1938 1928 1894 111 1783 1663 120 62 1635 66 1569 1553 1535 552
is_linear=0
shrinkage=0.05


Tree=166
num_leaves=15
num_cat=0
split_feature=34 16 23 11 17 11 6 16 3 3 11 9 6 4
split_gain=0.317858 0.739515 0.50543 0.422982 1.07879 0.836674 0.900189 1.53819 0.862662 1.14491 0.721476 1.26645 1.34383 1.03116
threshold=-0.41664999999999991 2.1952114967702339 3.1943845094142218 0.28510810893309385 0.91817194939627356 0.22494387641860808 0.17087742336095263 0.97766343985688009 5.4850000000000012 6.9200000000000008 1.0015687839519394 0.7389462615031942 0.20804527996764888 1.6304383050717564
decision_type=2 2 2 2 2 2 2 2 2 2 2 2 2 2
left_child=1 2 -1 4 5 6 8 -8 -2 -10 11 13 -13 -5
right_child=3 -3 -4 10 -6 -7 7 -9 9 -11 -12 12 -14 -15
leaf_value=-0.051867976755534353 0.041975550527229635 0.055115318269392789 0.051891991661575147 0.022641192440807981 -0.050668837355407503 0.040675042316334356 0.01149837815294087 -0.052351093689257902 -0.033308491845383648 0.051534770009531598 0.0028834622150834132 -0.023500049539735338 0.025605331011299616 -0.033736632772831322
leaf_weight=1.0340916042623565 2.3920775852166063 0.24718279391527165 0.13239163160324086 0.93837099568918159 0.7065002773015302 2.1878880629083151 2.7451223388779908 1.437068775296211 1.156077758525498 0.60608994401991356 26.047033073380589 2.3484437465667725 3.4253712785430253 5.9779035979881883
leaf_count=210 91 3 4 18 637 46 161 23 37 24 420 51 68 145
internal_value=-6.38898e-05 -0.0234444 -0.0400916 0.00059758 0.00914123 0.0131563 0.00593402 -0.0104413 0.0224195 -0.00412702 -0.00187943 -0.0116555 0.00563219 -0.0260875
internal_weight=51.3816 1.41367 1.16648 49.9679 11.2308 10.5243 8.33644 4.18219 4.15425 1.76217 38.7371 12.6901 5.77382 6.91627
internal_count=1938 217 214 1721 1019 382 336 184 152 61 702 282 119 163
is_linear=0
shrinkage=0.05


Tree=167
num_leaves=15
num_cat=0
split_feature=1 25 10 17 17 36 16 7 7 7 17 2 1 8
split_gain=0.320792 0.982135 1.31201 0.714779 1.00076 1.20316 1.21341 0.967741 0.912292 1.2816 0.796947 1.65918 0.774119 1.35146
threshold=38.500000000000007 -1.6694210452653053 -0.39806702437124292 0.23079291671521243 0.36964602314921585 1.0000000180025095e-35 0.39758415354179905 0.0055470003003073006 0.0063754706732070008 0.0038094634702861506 0.48298872341519589 0.44370000000000004 51.165000000000013 16.250000000000004
decision_type=2 2 2 2 2 2 2 2 2 2 2 2 2 2
left_child=1 -1 -3 8 -5 7 -7 -6 9 -2 -8 -12 -13 -14
right_child=3 2 -4 4 5 6 10 -9 -10 -11 11 12 13 -15
leaf_value=0.014295110174147144 0.031947750819794257 -0.040239422378563455 0.011144638430799115 -0.034770572381971475 0.049789524238829409 -0.051050661052630543 0.025333253163298011 -0.015201304078695247 0.044286076334612623 -0.035226302800095741 -0.055808512414664349 0.025877354693294188 -0.02359706029418341 0.0042139892892567917
leaf_weight=2.9209590395912528 1.5428624998312437 3.4448501720326021 1.9429566593025791 2.0349700811784706 2.1117047402076419 1.1884175373997994 2.9125686348415938 0.7859839629381894 2.125807617790997 1.3154313719132913 1.3701354861259485 2.7219548476859954 5.6847812246414859 18.862371973053087
leaf_count=44 20 80 102 59 59 747 60 17 58 42 25 27 160 438
internal_value=-6.37367e-05 -0.00905186 -0.0217092 0.00168698 -0.000667203 0.00128014 -0.00145299 0.0321611 0.0194813 0.0010332 0.000415137 -0.002119 0.000578629 -0.00222667
internal_weight=50.9658 8.30877 5.38781 42.657 37.6729 35.6379 32.7402 2.89769 4.9841 2.85829 31.5518 28.6392 27.2691 24.5472
internal_count=1938 226 182 1712 1592 1533 1457 76 120 62 710 650 625 598
is_linear=0
shrinkage=0.05


Tree=168
num_leaves=15
num_cat=0
split_feature=2 6 6 7 0 8 0 10 1 2 16 4 19 19
split_gain=0.324469 0.452626 0.787013 0.898553 0.845781 1.55904 1.19564 0.711865 0.481542 2.10011 2.00614 1.84339 1.42529 1.10086
threshold=16.636100000000003 0.93903363705683962 0.81614583333332769 0.012349605161126253 27.375000000000004 41.250000000000007 32.45000000000001 0.99432737968697105 70.995000000000019 6.4508500000000009 4.3638926532538873 32.977667425813749 1.2776025814472924 1.1461091099063589
decision_type=2 2 2 2 2 2 2 2 2 2 2 2 2 2
left_child=1 2 3 8 -4 6 -6 -3 11 10 -10 12 13 -1
right_child=-2 7 4 -5 5 -7 -8 -9 9 -11 -12 -13 -14 -15
leaf_value=-0.0007465678514468404 0.034676123470017278 0.0064995601301747995 0.053458776523542043 -0.053166843168768546 0.055979018970084699 -0.066704082143197577 -0.038653807341445058 -0.06204321122309913 -0.032765874588023845 -0.063464853425729689 0.063873391336058224 0.034475876340101998 -0.02640735294272567 0.03784007636929429
leaf_weight=29.258551575199821 0.66330638527870078 0.76515401381766313 1.3851389791816466 0.82569195919495442 1.1586181847378614 0.58084026194410388 0.46884461704757985 0.75020834803581238 1.1167826646997125 1.4938632716512072 1.0344628021121023 3.7426901236176482 5.275448097891057 1.9730478349956673
leaf_count=937 6 18 46 68 68 8 18 25 102 54 7 37 423 121
internal_value=-6.3741e-05 -0.000526183 0.000317772 -0.00149118 0.0228302 0.00361873 0.0287169 -0.0274338 -0.000519123 -0.0179214 0.0137048 0.00105687 -0.00236924 0.00169113
internal_weight=50.4926 49.8293 48.314 44.7205 3.59344 2.2083 1.62746 1.51536 43.8948 3.64511 2.15125 40.2497 36.507 31.2316
internal_count=1938 1932 1889 1749 140 94 86 43 1681 163 109 1518 1481 1058
is_linear=0
shrinkage=0.05


Tree=169
num_leaves=15
num_cat=0
split_feature=8 19 32 8 19 14 32 5 33 9 8 8 14 2
split_gain=0.309183 0.76431 1.27388 0.407066 0.951827 0.83403 0.827777 0.917001 0.870471 0.830771 0.713107 1.1522 1.20815 1.13893
threshold=82.916666666666686 0.72779669386274437 1.175 66.250000000000014 -1.3277359005284708 92.083333333333343 1.2250000000000003 15.431011733521361 70.000000000000014 0.72293410700108562 41.250000000000007 45.416666666666671 88.750000000000014 6.485100000000001
decision_type=2 2 2 2 2 2 2 2 2 2 2 2 2 2
left_child=3 -2 -3 10 -5 6 7 8 9 -6 -1 -12 13 -13
right_child=1 2 -4 4 5 -7 -8 -9 -10 -11 11 12 -14 -15
leaf_value=0.0030613093314775788 -0.040915424356102501 0.051340580250058887 -0.054067258122668632 -0.053105552741962853 0.045954078526091541 -0.031950904128028333 -0.023686275790083734 0.053010018031992234 -0.062003363962211268 -0.023755276636865844 -0.055142345671721042 0.0067941954262888404 -0.044355553994675542 -0.073382489169676754
leaf_weight=29.401448767239344 1.4664095712942065 0.77805382059887029 0.45381518980138935 0.51584291108883906 1.2725559651735232 0.74975521625310637 0.77501964569091786 2.4889513533562422 0.36196805939835019 0.64354867348447431 1.347232177547993 7.6586829569714592 1.6855904066469509 0.47012570430524636
leaf_count=960 84 56 36 18 75 21 4 24 35 48 95 410 64 8
internal_value=-6.23364e-05 -0.0165252 0.0125088 0.000875403 0.0121894 0.0175427 0.0242384 0.03203 0.0091078 0.0225413 -0.0010234 -0.0117832 -0.0058312 0.00215722
internal_weight=50.069 2.69828 1.23187 47.3707 6.80764 6.2918 5.54204 4.76702 2.27807 1.9161 40.5631 11.1616 9.8144 8.12881
internal_count=1938 176 92 1762 225 207 186 182 158 123 1537 577 482 418
is_linear=0
shrinkage=0.05


Tree=170
num_leaves=15
num_cat=0
split_feature=20 11 20 11 10 9 3 3 30 20 13 2 5 14
split_gain=0.308333 0.966149 0.579997 0.630645 0.76635 0.619292 0.874822 0.777661 1.22422 0.612565 1.02223 1.20988 1.16439 0.830253
threshold=2.1580604569787449 4.0722627262638884 2.0445796223868813 2.5973879407213087 -0.97923713154838155 0.74989406239229506 5.205000000000001 4.7150000000000007 9.0000000000000018 1.1192146735000617 0.60311404348864384 -0.14734999999999995 2.5581790046786521 89.583333333333357
decision_type=2 2 2 2 2 2 2 2 2 2 2 2 2 2
left_child=1 2 3 4 -1 7 -7 -5 -9 10 11 -6 -12 -11
right_child=-2 -3 -4 5 9 6 -8 8 -10 13 12 -13 -14 -15
leaf_value=-0.045813506133841275 0.029066096478285276 -0.054626634373173479 -0.051347500971471553 -0.016568677636919563 0.050477413995028142 0.061722097829596784 -0.0030943723707470019 -0.0059857019801632938 0.067935406841477308 0.027925061336911944 0.04357817205728548 -0.040041635292025118 -0.0017429708502926375 -0.041583394714295611
leaf_weight=0.95017949491739173 0.89218940900172938 0.81355430744588275 0.53707201965153117 2.2252845354378215 0.42226135838426948 1.3561708284541967 0.84491016156971444 1.341474771499634 0.96157479658722866 3.2738597045390629 1.4846803568070743 2.9349656471458787 31.187775145634077 0.49450124026043329
leaf_count=19 44 24 14 27 40 37 20 16 46 134 61 828 606 22
internal_value=-6.24954e-05 -0.000594733 0.000320776 0.000905253 -0.00143656 0.0150855 0.0368416 0.00451055 0.024878 -0.000377059 -0.0023832 -0.0286564 0.000316483 0.0188038
internal_weight=49.7205 48.8283 48.0147 47.4776 40.7482 6.72942 2.20108 4.52833 2.30305 39.798 36.0297 3.35723 32.6725 3.76836
internal_count=1938 1894 1870 1856 1710 146 57 89 62 1691 1535 868 667 156
is_linear=0
shrinkage=0.05


Tree=171
num_leaves=15
num_cat=0
split_feature=2 5 0 33 2 8 8 1 5 28 3 14 10 16
split_gain=0.303525 0.59145 0.490769 1.31366 0.596541 1.00858 1.54695 1.52413 1.1143 1.34875 1.30594 1.2283 0.9387 0.758351
threshold=16.636100000000003 36.207868931273445 42.110000000000007 66.500000000000014 4.5939000000000005 7.916666666666667 41.250000000000007 66.490000000000023 15.431011733521361 1.0000000180025095e-35 5.1350000000000007 60.416666666666671 0.99521849727499478 3.479239388546191
decision_type=2 2 2 2 2 2 2 2 2 2 2 2 2 2
left_child=1 2 4 -4 12 -6 7 13 9 10 11 -9 -1 -7
right_child=-2 -3 3 -5 5 6 -8 8 -10 -11 -12 -13 -14 -15
leaf_value=0.0008919141583606596 0.033952943807070084 -0.054709425399410844 -0.051442457618722848 0.052603586105030825 -0.043049390529235371 0.0034776333434064729 -0.049055906311666182 -0.053614340309220521 0.056669418426715981 -0.05859344536280673 -0.035839988347367631 0.058134046008869934 0.055937957429201129 0.067876850245930417
leaf_weight=35.647486022782687 0.64735805243253608 0.49821385554969211 0.40249130147276346 1.2318501847985315 2.0397654654952921 0.72937512703356144 1.525806455480051 0.31259235661127638 0.56881063804030407 1.3617436662898397 1.2135612735874017 1.1525879846303722 0.79168817773461242 1.2247723839245734
leaf_count=1322 6 7 53 29 83 78 109 53 8 58 33 75 13 11
internal_value=-5.87053e-05 -0.000510808 4.9381e-05 0.02698 -0.000895768 -0.0116294 -0.00370659 0.00683578 -0.00885253 -0.0180766 0.00252027 0.0342928 0.00208786 0.0438402
internal_weight=49.3481 48.7007 48.2025 1.63434 46.5682 10.129 8.08925 6.56344 4.6093 4.04049 2.67874 1.46518 36.4392 1.95415
internal_count=1938 1932 1925 82 1843 508 425 316 227 219 161 128 1335 89
is_linear=0
shrinkage=0.05


Tree=172
num_leaves=15
num_cat=0
split_feature=21 34 31 14 13 2 7 10 19 13 36 11 33 14
split_gain=0.296455 0.370039 0.801349 1.3015 1.06511 1.78835 1.61836 0.978319 0.851333 0.624063 1.63487 1.33332 1.05741 1.41088
threshold=0.11952631578962426 0.54410000000000014 0.48500000000000004 92.083333333333343 1.8099151846640249 2.6500500000000007 0.0058600295084636012 0.71453365667443891 0.95121704828419928 0.68659303377587189 1.0000000180025095e-35 2.4838728167275836 60.000000000000007 5.416666666666667
decision_type=2 2 2 2 2 2 2 2 2 2 2 2 2 2
left_child=-1 9 8 4 5 7 -7 -4 -3 10 -2 -12 13 -11
right_child=1 2 3 -5 -6 6 -8 -9 -10 12 11 -13 -14 -15
leaf_value=0.018503661603786924 0.047956838875588575 -0.049683890984108553 -0.0049458500831655074 -0.054739203800602237 0.031990202877629728 -0.057526255529687112 0.006178498841661972 0.067484126163962779 -0.00036569395757999679 -0.044443672796126321 -0.046119995543930009 0.00029802260881101441 0.02609842369644997 0.0042632979694553815
leaf_weight=2.0608718967996529 1.0090196230448771 2.0130811437265943 0.86332911390490696 0.98927108565840249 2.6747337710112333 1.9535670643017513 2.0359095002058893 1.0135433524847028 1.5478411721414884 1.6069384253351078 2.8177150708652334 3.4305659863166511 5.024969855323433 19.883322006789967
leaf_count=37 58 62 67 51 31 126 70 7 26 92 726 91 60 434
internal_value=-5.63764e-05 -0.000872568 -0.00800875 -0.000447095 0.00584129 -0.00608118 -0.0250164 0.0341676 -0.0282465 0.00189363 -0.011098 -0.0206346 0.00544947 0.000621225
internal_weight=48.9247 46.8638 13.0913 9.53035 8.54108 5.86635 3.98948 1.87687 3.56092 33.7725 7.2573 6.24828 26.5152 21.4903
internal_count=1938 1901 440 352 301 270 196 74 88 1461 875 817 586 526
is_linear=0
shrinkage=0.05


Tree=173
num_leaves=15
num_cat=0
split_feature=24 4 7 16 5 18 18 13 12 13 7 3 20 20
split_gain=0.285582 1.22013 0.97236 1.401 0.949612 0.927719 0.968666 1.02373 0.965317 1.03052 0.858423 1.14707 1.25428 1.08436
threshold=0.23795765977635211 26.554397431843437 0.007217421132864001 1.1544426908259855 17.07106098740093 0.49383143813132624 0.95920264932976018 1.6763210574471821 0.37990988535903919 0.71275036509498224 0.0044217749962383009 3.0950000000000002 -0.73459975104667818 0.82468455312041633
decision_type=2 2 2 2 2 2 2 2 2 2 2 2 2 2
left_child=1 2 10 -4 5 -2 -7 8 9 -8 11 -1 -13 -14
right_child=4 -3 3 -5 -6 6 7 -9 -10 -11 -12 12 13 -15
leaf_value=-0.056926242109242312 0.02870612334262115 -0.046802578904152882 -0.020269434208705941 0.03839083018740843 0.046105898314023314 -0.027262354263432421 -0.010251466661571347 0.042865924515258856 -0.015390913463327284 0.032471429060467343 -0.015261034201196504 0.029936975063244522 -0.01883031045354059 0.029398707027290701
leaf_weight=0.70673886532314156 2.7194888778030935 1.5275638848543156 1.4909320264996484 3.2078988937428221 1.2804741682484735 3.2530027768079917 2.5755951724204333 1.4478218033909787 6.1604294860735536 3.1228662584908307 10.83406438581005 4.1792114684649269 4.3263393721717867 1.5951784849166868
leaf_count=27 154 19 154 56 16 158 286 21 161 69 519 98 167 33
internal_value=-6.03334e-05 -0.00335829 -0.000838813 0.019778 0.00440993 0.00164059 -0.00280419 0.00317493 -0.00167084 0.0131615 -0.00531516 0.00465519 0.00896399 -0.00583805
internal_weight=48.4276 27.8679 26.3404 4.69883 20.5597 19.2792 16.5597 13.3067 11.8589 5.69846 21.6415 10.8075 10.1007 5.92152
internal_count=1938 1073 1054 210 865 849 695 537 516 355 844 325 298 200
is_linear=0
shrinkage=0.05


Tree=174
num_leaves=15
num_cat=0
split_feature=2 8 16 10 1 2 0 30 29 0 23 20 7 9
split_gain=0.325027 1.78219 1.06387 0.632235 0.743443 0.527998 0.437586 1.0159 1.34259 0.932037 0.757309 0.661524 0.620001 0.689255
threshold=-3.9309499999999997 28.750000000000004 2.1952114967702339 -0.97923713154838155 30.400000000000002 -5.3433499999999992 28.715000000000003 9.0000000000000018 14.500000000000002 28.915000000000003 0.6835478676134884 1.6046753653300794 0.014139755028136101 0.75341084442868522
decision_type=2 2 2 2 2 2 2 2 2 2 2 2 2 2
left_child=1 2 -1 -2 -5 -4 7 -6 -9 -8 -11 12 13 -12
right_child=3 -3 5 4 6 -7 9 8 -10 10 11 -13 -14 -15
leaf_value=-0.052410613047620125 -0.054355456900933768 -0.053749400469176659 -0.00075161019946879282 0.043401309311144609 0.0012868332274139484 0.037455023536709105 -0.061855997366063509 0.055183078340323981 -0.027401686714676816 -0.055132582416072551 -0.014995507355985411 0.052353161861343492 -0.051810504134020469 0.015507973954668595
leaf_weight=0.65295500127831374 0.50056392699479957 1.7307831677026113 1.9569287579506638 1.0654758820310224 27.842400231122159 1.6810433818027375 0.74324736550624848 1.9236165652328048 0.66132471058517683 0.66338311984145448 3.6209914161736343 0.57016862429736725 0.61065365359536361 3.7905435082211625
leaf_count=96 11 84 23 15 1099 29 13 101 12 37 236 12 50 120
internal_value=-5.65714e-05 -0.0109201 0.00635548 0.00150126 0.00217512 0.016903 0.00108857 0.00407062 0.0340548 -0.00798595 -0.00366012 0.000313872 -0.00338477 0.000605144
internal_weight=48.0141 6.02171 4.29093 41.9924 41.4918 3.63797 40.4263 30.4273 2.58494 9.99899 9.25574 8.59236 8.02219 7.41153
internal_count=1938 232 148 1706 1695 52 1680 1212 113 468 455 418 406 356
is_linear=0
shrinkage=0.05


Tree=175
num_leaves=15
num_cat=0
split_feature=1 25 10 6 9 17 17 36 15 16 8 32 17 2
split_gain=0.316405 0.909132 1.16 0.73797 0.668027 0.636901 0.871541 1.13557 1.13001 1.12791 0.746361 1.2959 0.740196 0.86836
threshold=38.500000000000007 -1.6694210452653053 -0.39806702437124292 0.7476157838420614 0.71446174896615655 0.23079291671521243 0.36964602314921585 1.0000000180025095e-35 18.000000000000004 0.39758415354179905 14.583333333333334 1.1250000000000002 0.48298872341519589 0.44370000000000004
decision_type=2 2 2 2 2 2 2 2 2 2 2 2 2 2
left_child=1 4 3 -3 -1 10 -7 -8 -9 -10 -2 -12 -11 -14
right_child=5 2 -4 -5 -6 6 7 8 9 12 11 -13 13 -15
leaf_value=0.038772643729427375 0.045472331107727748 -0.053021962475757183 0.010137734263948846 0.0017561991943743421 -0.010370872522832156 -0.033485918666612859 0.032232737278403166 -0.056038529865456335 -0.050954429045862407 0.027250262018763405 -0.051783520280375063 0.023047776488166666 -0.052621844508460525 0.0011411507141775455
leaf_weight=1.3669411465525629 1.7005295436829317 2.4751891650957991 1.8414080502698187 0.81804695725440968 1.3995010694488881 1.9023894937708963 2.7254074122756711 0.91962781356415035 1.0377323248176278 2.6554466004017767 0.77368700853548977 2.2939462475478649 0.77435112372041004 24.967173150769668
leaf_count=18 42 67 102 13 26 59 76 31 747 53 56 22 20 606
internal_value=-5.62086e-05 -0.00919483 -0.0216442 -0.0394149 0.0139117 0.00176026 -0.000576364 0.00131624 -0.00145964 0.000245563 0.0189031 0.00417459 0.0021166 -0.000476136
internal_weight=47.6514 7.90109 5.13464 3.29324 2.76644 39.7503 34.9821 33.0797 30.3543 29.4347 4.76816 3.06763 28.397 25.7415
internal_count=1938 226 182 80 44 1712 1592 1533 1457 1426 120 78 679 626
is_linear=0
shrinkage=0.05


Tree=176
num_leaves=15
num_cat=0
split_feature=1 25 10 6 9 17 17 17 7 7 1 34 8 8
split_gain=0.289757 0.834739 1.08137 0.705702 0.616175 0.609304 0.586077 0.820686 0.794722 1.07916 0.710388 1.90333 1.66376 1.26663
threshold=38.500000000000007 -1.6694210452653053 -0.39806702437124292 0.7476157838420614 0.71446174896615655 0.13376554270556554 0.23079291671521243 0.40406990872031057 0.0063754706732070008 0.0038094634702861506 51.165000000000013 0.42499999999999999 12.91666666666667 16.250000000000004
decision_type=2 2 2 2 2 2 2 2 2 2 2 2 2 2
left_child=1 4 3 -3 -1 -4 8 -8 9 -2 11 -9 -13 -12
right_child=6 2 5 -5 -6 -7 7 10 -10 -11 13 12 -14 -15
leaf_value=0.037585154389355391 0.029644124109172627 -0.052131781034192137 -0.051032961476126272 0.0016690337877420397 -0.0098736988256199788 0.023271192644604248 -0.027757561040385965 0.053909777710103038 0.042277637942538304 -0.03386892600954261 -0.021262048814158305 0.045346385295479658 -0.026980934742617146 0.0043180722332647565
leaf_weight=1.3403129987418654 1.4625001932727166 2.3936646409565587 0.3379229920101342 0.81773965805768956 1.396549974568188 1.5031299290712921 2.5678602871485046 2.2167433968279502 1.9871752866310997 1.2323685459559781 6.3995150402624885 1.1510870131896811 2.571020690491423 19.849895306964754
leaf_count=18 20 67 55 13 26 47 83 61 58 42 267 9 67 1105
internal_value=-5.86353e-05 -0.00887112 -0.0209179 -0.0384321 0.0133681 0.00963276 0.00168189 -0.000555235 0.0182887 0.000599487 0.00161487 0.0172312 -0.00461322 -0.00191827
internal_weight=47.2275 7.78932 5.05246 3.2114 2.73686 1.84105 39.4382 34.7561 4.68204 2.69487 32.1883 5.93885 3.72211 26.2494
internal_count=1938 226 182 80 44 102 1712 1592 120 62 1509 137 76 1372
is_linear=0
shrinkage=0.05


Tree=177
num_leaves=15
num_cat=0
split_feature=2 8 5 7 1 1 5 5 36 17 8 33 29 16
split_gain=0.313001 1.64486 1.22953 0.725871 0.539059 0.509676 0.449294 0.658721 0.61867 1.66528 1.24822 1.84898 1.04665 1.09151
threshold=-3.9309499999999997 28.750000000000004 26.204345918125703 0.007217421132864001 32.50500000000001 34.560000000000009 25.295795271786698 23.467068455175681 1.0000000180025095e-35 0.47128790061775744 14.583333333333334 46.500000000000007 16.500000000000004 0.39758415354179905
decision_type=2 2 2 2 2 2 2 2 2 2 2 2 2 2
left_child=1 2 -1 -4 -2 -6 7 8 9 10 -7 -12 13 -10
right_child=4 -3 3 -5 5 6 -8 -9 12 -11 11 -13 -14 -15
leaf_value=-0.044703973847803953 0.031895274294624125 -0.053374041060103572 -0.0018795067876390872 0.045758242577395601 -0.034792532752228669 0.046803752649408746 0.02245488341017314 -0.029367179519552686 -0.050892485906432562 0.052930078736855048 -0.05339817806967373 0.033235983701800663 -0.058965219521994683 0.0020233294359091299
leaf_weight=0.93304906086996098 1.406690191477536 1.6374852963490409 1.7019642293453219 1.5082970112562177 1.0028444565832604 0.90361481253057663 2.3593027163296929 1.8214038014411915 1.0109030114836119 2.0239665014669299 1.6612580828368666 0.97871674224734295 0.77006958052515884 27.088606598583283
leaf_count=106 23 84 24 18 15 16 27 21 755 65 67 11 9 697
internal_value=-5.62333e-05 -0.0109487 0.00581833 0.0205024 0.00147852 0.000398607 0.00131247 -6.32479e-05 0.00148666 0.0167473 -0.0039189 -0.0212803 -0.0014564 0.000119639
internal_weight=46.8082 5.7808 4.14331 3.21026 41.0274 39.6207 38.6178 36.2585 34.4371 5.56756 3.54359 2.63997 28.8696 28.0995
internal_count=1938 232 148 42 1706 1683 1668 1641 1620 159 94 78 1461 1452
is_linear=0
shrinkage=0.05


Tree=178
num_leaves=15
num_cat=0
split_feature=2 3 0 6 6 2 11 11 0 3 0 33 11 9
split_gain=0.298932 0.411492 0.427013 0.615406 0.715314 0.818616 0.9111 1.20886 0.763729 1.32787 1.04399 0.68514 0.991646 0.69426
threshold=16.636100000000003 8.2750000000000004 42.110000000000007 0.93903363705683962 0.81614583333332769 7.2868500000000003 2.5973879407213087 2.0830073773625455 27.375000000000004 4.1450000000000005 32.45000000000001 73.000000000000014 1.7742702544173576 0.77722288733801281
decision_type=2 2 2 2 2 2 2 2 2 2 2 2 2 2
left_child=1 2 3 4 5 6 7 11 -6 -10 -11 -1 13 -13
right_child=-2 -3 -4 -5 8 -7 -8 -9 9 10 -12 12 -14 -15
leaf_value=0.0019485778527744881 0.034157539674661376 -0.039514774087849446 0.02604993643365329 -0.037442158394604338 0.05281687522816967 -0.042553163441436288 0.026577450959065399 -0.038212874298445096 -0.064532220029664675 0.055148513964462215 -0.037097205046635835 -0.045877531684169269 0.049500230957743654 0.032505474977430358
leaf_weight=29.975222469991422 0.62972168624400993 0.66694744041887943 1.5255907512109832 1.1202060076320766 1.2737732949899503 1.1931582013930881 2.8731765132397404 2.2441551014780989 0.53040424891514693 1.033101327717304 0.43623957043746475 2.1360232827646541 0.398585237096995 0.32555623137159262
leaf_count=1311 6 72 72 39 46 41 36 32 10 68 14 178 9 4
internal_value=-5.70985e-05 -0.000528227 4.87592e-05 -0.0008623 0.000103696 -0.00177389 -0.000491873 -0.00270898 0.0225566 0.0032817 0.0277612 -0.000282439 -0.023664 -0.035511
internal_weight=46.3619 45.7321 45.0652 43.5396 42.4194 39.1459 37.9527 35.0795 3.27352 1.99975 1.46934 32.8354 2.86016 2.46158
internal_count=1938 1932 1860 1788 1749 1611 1570 1534 138 92 82 1502 191 182
is_linear=0
shrinkage=0.05


Tree=179
num_leaves=15
num_cat=0
split_feature=2 5 7 30 1 2 36 6 15 16 3 12 5 0
split_gain=0.284694 1.049 1.62032 1.07072 0.501951 0.475138 0.820909 1.05778 1.01408 1.03457 0.964447 0.710099 0.604781 1.04168
threshold=-3.9309499999999997 27.780787458510094 0.007217421132864001 4.5000000000000009 32.50500000000001 -3.0024999999999995 1.0000000180025095e-35 0.29565246549286633 18.000000000000004 0.39758415354179905 4.5050000000000008 0.36780752881367751 10.679130053163677 28.715000000000003
decision_type=2 2 2 2 2 2 2 2 2 2 2 2 2 2
left_child=1 3 -3 -1 -2 -6 7 11 -8 -10 -9 -7 13 -11
right_child=4 2 -4 -5 5 6 8 10 9 12 -12 -13 -14 -15
leaf_value=0.059418714430952771 0.030938400932456634 -0.021016189072100972 0.046435920471671471 -0.056480012007451008 -0.018719189905310032 0.053047619050912868 -0.055258254396801799 -0.045558842340456741 -0.050854544288149686 0.026023329813821751 0.024204031892167785 0.010725595047474633 -0.004488799622989776 -0.0032735807237856034
leaf_weight=0.22794318199157615 1.3895743330940593 2.3693175688385968 1.4262912571430204 1.5846534705488009 3.012308702338486 2.1677323742769654 0.84967332810629415 0.99964397447183706 0.96137073425052477 5.6455377248639724 0.98217260697856545 1.8259869143366811 16.053579649887979 6.5592991052544676
leaf_count=2 23 36 17 177 84 59 31 27 755 217 18 20 253 219
internal_value=-5.57723e-05 -0.010613 0.00433056 -0.0419052 0.00140806 0.000357429 0.00195168 0.0188783 -0.00141205 0.000153729 -0.0109849 0.0336974 0.00188907 0.0102782
internal_weight=46.0551 5.60821 3.79561 1.8126 40.4469 39.0573 36.045 5.97554 30.0695 29.2198 1.98182 3.99372 28.2584 12.2048
internal_count=1938 232 53 179 1706 1683 1599 124 1475 1444 45 79 689 436
is_linear=0
shrinkage=0.05


Tree=180
num_leaves=15
num_cat=0
split_feature=25 25 10 10 1 10 5 5 25 6 16 16 20 6
split_gain=0.275651 0.610907 0.802526 0.660744 0.53873 0.822597 0.74902 0.672279 0.67929 0.693645 0.986476 1.22664 0.797219 0.873466
threshold=-2.2361208286635579 -1.6694210452653053 -0.94815441957839308 -0.93666691724941642 38.500000000000007 -0.39806702437124292 25.295795271786698 23.467068455175681 -1.2006569782323202 0.98126977487378042 5.5323229634024012 5.1972775357319572 -1.2980425418366248 0.81614583333332769
decision_type=2 2 2 2 2 2 2 2 2 2 2 2 2 2
left_child=-1 -2 -3 -4 5 -5 7 8 -6 10 11 12 -10 -14
right_child=1 2 3 4 6 -7 -8 -9 9 -11 -12 -13 13 -15
leaf_value=-0.017634886603019932 0.023963851189200733 -0.056546783132229897 0.055576403847730209 -0.034652843757836664 0.049712135424455239 0.0099090306367273437 0.028064934097412061 -0.046224232056966061 0.03988138562884487 -0.067939446712250121 0.022337806565582395 -0.043469721515125133 -0.0058498491736156503 0.024306257369177346
leaf_weight=2.1258948370814315 2.6725233253091565 0.63356081396341224 0.53095344081520934 2.6421547064674087 0.68885069340466643 1.7032114746398281 2.4629660136997691 0.7854564730077972 1.1698101760412125 0.37650407943874498 4.3764794431626788 1.7719506071880449 20.996254303187037 2.7113189336232599
leaf_count=34 40 9 7 75 10 102 27 11 76 6 49 38 1301 153
internal_value=-5.47274e-05 0.000804001 -0.000711202 0.000168431 -0.000572884 -0.0171864 0.00146991 -0.000522464 0.000596122 -0.000481301 0.000337316 -0.00327571 -0.000412795 -0.00240104
internal_weight=45.6479 43.522 40.8495 40.2159 39.685 4.34537 35.3396 32.8766 32.0912 31.4023 31.0258 26.6493 24.8774 23.7076
internal_count=1938 1904 1864 1855 1848 177 1671 1644 1633 1623 1617 1568 1530 1454
is_linear=0
shrinkage=0.05


Tree=181
num_leaves=15
num_cat=0
split_feature=9 3 19 4 16 11 19 13 6 5 36 11 1 4
split_gain=0.273891 0.634496 1.13647 0.794527 0.909265 0.96741 0.570575 0.704707 1.11405 1.12412 0.811242 1.48166 0.782726 1.53807
threshold=0.696480799775688 3.7750000000000004 0.98343654069190733 26.781229269868749 2.1952114967702339 0.43700763046014707 -1.4494638486528715 0.71275036509498224 0.82426834219444101 2.620537941148342 1.0000000180025095e-35 2.1163111543392037 70.995000000000019 32.977667425813749
decision_type=2 2 2 2 2 2 2 2 2 2 2 2 2 2
left_child=1 2 -1 4 5 -3 -2 10 9 -9 -8 -12 13 -11
right_child=6 3 -4 -5 -6 -7 7 8 -10 12 11 -13 -14 -15
leaf_value=-0.053679112814861554 -0.018344601040501899 0.029989687140198104 0.022845739726104666 -0.0036025425752550439 0.050045480869312632 -0.053857034943563503 0.043482963125622144 0.046665385088464247 0.056202900223022205 -0.0023180397574208214 -0.052008270097547674 -0.00023971774650396397 -0.030733585511653196 0.041975066151726664
leaf_weight=1.0245688114664497 4.6451770443818523 0.96066462212911596 0.9215617217705584 3.1761912079527974 2.2978235436603427 0.53593532787635922 0.55388581380248325 1.3347936448408351 0.98851072089746495 18.863903766206938 2.2225891514535761 3.6552285719662905 1.9623041003942479 2.1871870616450897
leaf_count=28 154 182 22 35 30 31 37 50 38 359 796 113 29 34
internal_value=-5.35195e-05 0.00780052 -0.0174419 0.014848 0.0302923 -3.59857e-05 -0.00197677 0.000416533 0.00416855 0.00205601 -0.0143639 -0.019815 -0.000531369 0.00228397
internal_weight=45.3303 8.91675 1.94613 6.97061 3.79442 1.4966 36.4136 31.7684 25.3367 24.3482 6.4317 5.87782 23.0134 21.0511
internal_count=1938 328 50 278 243 213 1610 1456 510 472 946 909 422 393
is_linear=0
shrinkage=0.05


Tree=182
num_leaves=15
num_cat=0
split_feature=0 5 2 2 8 8 1 5 28 3 16 10 13 10
split_gain=0.269671 1.10345 0.427989 0.525953 0.869682 1.29183 1.30257 0.980113 1.1422 1.10195 0.996113 0.847791 0.743826 0.557935
threshold=42.110000000000007 7.6586597545648791 16.636100000000003 4.5939000000000005 7.916666666666667 41.250000000000007 66.490000000000023 15.431011733521361 1.0000000180025095e-35 5.1350000000000007 3.8516372402368968 0.99521849727499478 1.3636698124079529 0.99029991029452813
decision_type=2 2 2 2 2 2 2 2 2 2 2 2 2 2
left_child=2 -2 3 11 -5 6 12 8 9 10 -8 13 -6 -1
right_child=1 -3 -4 4 5 -7 7 -9 -10 -11 -12 -13 -14 -15
leaf_value=0.0013499063019857165 -0.051240266550373587 0.043776238798168422 0.043076277259575059 -0.042072033085425189 -0.002339119389674999 -0.047478213677719205 -0.042473434012047749 0.056023705734707885 -0.057261290464159079 -0.033816961637530119 0.058363053919664412 0.055266765440682798 0.065473803028262154 -0.043521190532488534
leaf_weight=31.988488665658224 0.40788518027693399 1.2180031761527059 0.54867507517337699 1.8989306696603288 0.62109248387423566 1.3946838176925664 0.3267468799458586 0.50676395371556271 1.2400134045310554 1.1636319893805191 0.97790296701714396 0.71896901726722617 1.1589184142649172 0.7081068865954866
leaf_count=1316 69 15 5 83 77 109 59 8 58 33 69 13 12 12
internal_value=-5.12242e-05 0.0199395 -0.000802682 -0.00136645 -0.011891 -0.00413549 0.0059477 -0.00919777 -0.0181107 0.0015577 0.0331088 0.00155912 0.0418121 0.000378137
internal_weight=44.8788 1.62589 43.2529 42.7042 9.28868 7.38975 5.99507 4.21506 3.7083 2.46828 1.30465 33.4156 1.78001 32.6966
internal_count=1938 84 1854 1849 508 425 316 227 219 161 128 1341 89 1328
is_linear=0
shrinkage=0.05


Tree=183
num_leaves=15
num_cat=0
split_feature=9 14 29 23 6 8 14 9 34 30 0 9 17 1
split_gain=0.260493 0.879565 1.52867 0.900465 1.11435 0.941986 0.754495 1.10694 1.03148 1.0306 1.17988 0.944021 1.18779 1.88639
threshold=0.696480799775688 69.583333333333357 14.500000000000002 1.9938249274030027 0.70140479805177303 14.583333333333334 47.916666666666679 0.76285663657965141 0.34705000000000003 3.5000000000000004 21.430000000000003 0.71446174896615655 0.39725973737757242 67.515000000000015
decision_type=2 2 2 2 2 2 2 2 2 2 2 2 2 2
left_child=1 3 -3 5 -5 -1 7 8 -2 -8 -11 -12 -13 -14
right_child=6 2 -4 4 -6 -7 9 -9 -10 10 11 12 13 -15
leaf_value=-0.024120776761001873 -0.0070188117598424934 0.020341805876839265 -0.055601107168991963 -0.056030965937225598 0.025703984181628101 0.039865322565943752 -0.025071379396860979 0.016944633439861936 -0.041008753278431419 0.02919032554603003 -0.038771062384790965 -0.013872702419231275 0.035713647018865195 -0.009593463737928111
leaf_weight=0.67996929772198011 5.8077187388553266 1.3721994661900683 1.2814652626402674 0.79352924265549496 0.87886335328221321 3.732812202993955 2.834432706236842 2.5680776710505588 3.6253415051905904 4.6751344295480548 1.3865411527076528 5.5757662168471134 5.1050993461103626 4.1772776768120821
leaf_count=11 475 144 23 33 10 107 42 141 210 176 50 124 193 199
internal_value=-4.89099e-05 0.00768965 -0.0163313 0.0181649 -0.0130782 0.0300056 -0.00194026 -0.0121588 -0.0200819 0.00322233 0.00705586 0.000685673 0.00436772 0.0153244
internal_weight=44.4942 8.73884 2.65366 6.08517 1.67239 4.41278 35.7554 12.0011 9.43306 23.7543 20.9198 16.2447 14.8581 9.28238
internal_count=1938 328 167 161 43 118 1610 826 685 784 742 566 516 392
is_linear=0
shrinkage=0.05


Tree=184
num_leaves=15
num_cat=0
split_feature=34 16 23 11 21 3 9 4 16 11 3 21 12 9
split_gain=0.25991 0.595199 0.428826 0.303074 0.852614 0.881092 0.788354 0.654819 1.15485 0.575298 0.948946 1.15174 0.916357 0.904356
threshold=-0.41664999999999991 2.1952114967702339 3.1943845094142218 0.28510810893309385 2.7808669194830959 6.5850000000000009 0.7533084254995267 5.1507369167864159 0.58914935897042742 1.0015687839519394 5.6450000000000005 0.54302085599925232 0.43167562724012593 0.7389462615031942
decision_type=2 2 2 2 2 2 2 2 2 2 2 2 2 2
left_child=1 2 -1 4 6 7 -2 8 -6 13 -11 12 -12 -5
right_child=3 -3 -4 9 5 -7 -8 -9 -10 10 11 -13 -14 -15
leaf_value=-0.051653777038503934 0.0074386039313991403 0.054076945930618972 0.051595399526333366 -0.024403052816792899 -0.0056626398785867768 -0.049159437955982072 0.055776153716480752 -0.024337639687516236 0.052079082743928619 -0.0036137400783424786 0.029084640143861858 0.035719112568007548 -0.032252570847316003 0.0045047570595336019
leaf_weight=0.85856483687530161 1.9491958934813722 0.20558822154998779 0.11390748620033264 5.8701139558397681 2.30109381514194 0.8783943883536266 1.4870224893093107 1.3770776088349519 1.3884160281158981 16.078378142556179 1.0232736449688666 3.9928251025266945 1.5037370389327405 5.0185281042940915
leaf_count=210 33 3 4 163 827 66 20 38 35 312 14 54 40 119
internal_value=-4.98334e-05 -0.023219 -0.03956 0.000586881 0.0085299 -0.00293004 0.0283567 0.00508475 0.0160664 -0.00163832 0.00291082 0.0190008 -0.00741502 -0.0110796
internal_weight=44.0461 1.17806 0.972472 42.8681 9.3812 5.94498 3.43622 5.06659 3.68951 33.4869 22.5982 6.51984 2.52701 10.8886
internal_count=1938 217 214 1721 1019 966 53 900 862 702 420 108 54 282
is_linear=0
shrinkage=0.05


Tree=185
num_leaves=15
num_cat=0
split_feature=13 3 25 2 3 2 25 25 17 9 3 13 36 11
split_gain=0.259141 0.489193 0.925597 0.511973 0.563921 0.4725 0.567581 0.475632 0.391176 0.414264 0.908884 0.727796 1.3555 1.04962
threshold=0.090019893760967959 5.7550000000000008 3.6350749237073372 2.3785000000000003 3.2650000000000001 11.753100000000002 3.8783888051908755 3.304122923863194 0.98617125811777739 0.65574317111635805 5.495000000000001 0.71275036509498224 1.0000000180025095e-35 3.0155786614848563
decision_type=2 2 2 2 2 2 2 2 2 2 2 2 2 2
left_child=1 2 3 4 -1 6 7 8 9 10 -2 12 -11 -14
right_child=5 -3 -4 -5 -6 -7 -8 -9 -10 11 -12 -13 13 -15
leaf_value=0.065744280875509681 -0.009972432601522925 -0.062829093655796975 0.061810685416384063 -0.059272499376027077 -0.038230883476151889 0.040653047692434288 -0.041165828015984576 0.039116810187412573 0.037440009225880422 0.044987753780900849 0.038952844354895426 0.00035472091065511186 -0.052397001874746142 0.010492985611649677
leaf_weight=0.2370693982229557 1.8481228332966559 0.46121664481324831 0.39473227597773064 0.58962436106958194 0.28984148157178424 0.73038249608361994 0.8174230782315125 0.79878778802230854 0.69076442572986607 0.62757667992264066 1.9517123178811742 30.940099594066851 2.4151697741472158 0.91473155794665206
leaf_count=10 40 52 14 547 72 11 20 35 34 42 34 706 289 32
internal_value=-4.61828e-05 -0.0177556 -0.00399981 -0.027266 0.00854995 0.000790805 8.0767e-05 0.000919743 0.000145111 -0.000520618 0.0151571 -0.00222769 -0.0224173 -0.035121
internal_weight=43.7073 1.97248 1.51127 1.11654 0.526911 41.7348 41.0044 40.187 39.3882 38.6974 3.79984 34.8976 3.95748 3.3299
internal_count=1938 695 643 629 82 1243 1232 1212 1177 1143 74 1069 363 321
is_linear=0
shrinkage=0.05


Tree=186
num_leaves=15
num_cat=0
split_feature=0 5 21 2 6 6 2 11 11 0 3 0 16 3
split_gain=0.254657 0.751079 0.453651 0.378936 0.522751 0.624236 0.82046 0.723407 0.957755 0.656169 1.1137 0.961547 0.634005 0.64729
threshold=42.110000000000007 8.8443893090294399 0.32588760397635175 16.636100000000003 0.93903363705683962 0.81614583333332769 7.2868500000000003 2.5973879407213087 2.0830073773625455 27.375000000000004 4.1450000000000005 32.45000000000001 6.6008644116247792 3.0950000000000002
decision_type=2 2 2 2 2 2 2 2 2 2 2 2 2 2
left_child=3 2 -2 4 5 6 7 8 12 -7 -11 -12 13 -1
right_child=1 -3 -4 -5 -6 9 -8 -9 -10 10 11 -13 -14 -15
leaf_value=-0.036479882553209289 0.04859253472903282 0.046903139393763824 -0.051605326041372995 0.041882793904465442 -0.035800058449902597 0.051519320259982695 -0.042592776611559163 0.023789476936666505 -0.03553507390255025 -0.062886075377117615 0.054662278912010601 -0.036825745818195782 0.054796558126465056 -3.9338120911455193e-05
leaf_weight=1.2711831216001943 0.15365024656057247 0.96549062803387642 0.42662222840590402 0.5140344649553289 1.0703545763826685 1.1370320741552853 1.2131283619019075 2.7646401692181817 2.0972615256905547 0.47310133260907594 0.92710698163136818 0.41609663933923002 0.50753879919648071 29.472249310703774
leaf_count=60 2 13 69 5 41 46 56 37 33 10 68 15 6 1477
internal_value=-4.65455e-05 0.0198833 -0.025074 -0.000782428 -0.00131282 -0.000396376 -0.00214725 -0.000788572 -0.00282615 0.0217321 0.00308496 0.0263212 -0.00063104 -0.00154609
internal_weight=43.4095 1.54576 0.580272 41.8637 41.3497 40.2793 37.326 36.1129 33.3482 2.95334 1.8163 1.3432 31.251 30.7434
internal_count=1938 84 71 1854 1849 1808 1669 1613 1576 139 93 83 1543 1537
is_linear=0
shrinkage=0.05


Tree=187
num_leaves=15
num_cat=0
split_feature=34 1 7 8 3 0 18 8 9 4 3 9 7 8
split_gain=0.265475 0.821929 0.6253 1.29001 0.858347 0.798412 0.944266 0.687838 0.673985 0.707824 0.529752 1.40642 0.729426 0.834868
threshold=0.54410000000000014 46.905000000000008 0.010541135520611552 31.250000000000004 3.4750000000000005 45.860000000000007 -0.70008009864567977 17.916666666666668 0.62349056627031929 32.190441859806235 3.0950000000000002 0.73954681956718871 0.003993055726516901 77.916666666666671
decision_type=2 2 2 2 2 2 2 2 2 2 2 2 2 2
left_child=10 -2 3 7 -5 6 -6 -3 -8 -10 11 -1 13 -12
right_child=1 2 -4 4 5 -7 8 -9 9 -11 12 -13 -14 -15
leaf_value=0.01750464540406135 -0.04272306550619398 0.0045829726726360305 -0.047060674820737218 0.01836821448439745 0.032930415203615684 0.047086812395847541 0.014321642966291133 0.053343400544112421 -0.053308877661080625 -0.0035990696104448803 0.026671532622071129 -0.059039570928841635 -0.00024139697277446938 -0.017441134594495082
leaf_weight=1.2221366169978893 1.3702060159412202 1.400273233230106 0.71088751552451945 2.0231405454687774 0.61595690384274071 0.4138647038489579 0.64233109238557773 1.4959009777812751 2.8939101985670281 0.95158692076802243 5.6924641086952787 1.1790764210454652 21.200303306046408 1.3216014200879724
leaf_count=27 58 27 38 26 13 6 14 33 227 13 171 56 1083 146
internal_value=-4.41556e-05 -0.00617862 -0.00168686 0.00140366 -0.00949024 -0.019705 -0.0251212 0.0297682 -0.0330888 -0.0410079 0.0024641 -0.0200811 0.00438283 0.0183598
internal_weight=43.1336 12.5181 11.1479 10.437 7.54079 5.51765 5.10379 2.89617 4.48783 3.8455 30.6156 2.40121 28.2144 7.01407
internal_count=1938 455 397 359 299 273 267 60 254 240 1483 83 1400 317
is_linear=0
shrinkage=0.05


Tree=188
num_leaves=15
num_cat=0
split_feature=34 1 7 8 16 13 0 0 4 8 3 8 16 8
split_gain=0.244273 0.766223 0.581956 1.19095 0.855103 0.919087 0.886688 0.682685 0.810272 0.664527 0.485169 1.09363 0.834272 0.757342
threshold=0.54410000000000014 46.905000000000008 0.010541135520611552 31.250000000000004 5.9051508419243666 1.8993598429022431 15.710000000000003 31.415000000000003 33.86348192472466 17.916666666666668 3.0950000000000002 44.583333333333336 5.4407135064158014 36.250000000000007
decision_type=2 2 2 2 2 2 2 2 2 2 2 2 2 2
left_child=10 -2 3 9 5 6 -5 -8 -9 -3 11 -1 -12 -14
right_child=1 2 -4 4 -6 -7 7 8 -10 -11 12 -13 13 -15
leaf_value=0.024705700011201433 -0.041839018291840571 0.0043551472431228311 -0.046084072640505021 0.021765535071091829 0.025706734734258593 0.006868350655052197 -0.0565460859333074 -0.052042465054781398 0.061975008641401798 0.05274428016356867 0.00083377688012714201 -0.045661186962185997 0.0032296627186918212 0.048577387849346808
leaf_weight=0.88049462245544718 1.3302279468625773 1.3998584059881944 0.69018634474196083 0.60865301123703863 1.4164287932217119 2.3479027468711138 2.3923157023600656 0.32785250621236617 0.29696179181337357 1.4387020831200059 24.474421249215087 1.4808081438968654 1.8054795488715165 1.8788021411746738
leaf_count=40 58 27 38 11 16 38 167 65 2 33 1357 43 23 20
internal_value=-4.64881e-05 -0.00601111 -0.00164625 0.00135222 -0.00922157 -0.0175035 -0.0332856 -0.0443912 0.00214777 0.0288808 0.00234739 -0.0194224 0.00417294 0.0263548
internal_weight=42.7691 12.2491 10.9189 10.2287 7.39011 5.97369 3.62578 3.01713 0.624814 2.83856 30.52 2.3613 28.1587 3.68428
internal_count=1938 455 397 359 299 283 245 234 67 60 1483 83 1400 43
is_linear=0
shrinkage=0.05


Tree=189
num_leaves=15
num_cat=0
split_feature=13 1 25 2 25 25 17 9 3 13 36 11 24 4
split_gain=0.25051 0.467347 0.656701 0.446262 0.517814 0.41925 0.319304 0.343219 0.790986 0.667137 1.26013 0.950933 0.804143 1.25071
threshold=0.090019893760967959 58.535000000000004 3.6350749237073372 11.753100000000002 3.8783888051908755 3.304122923863194 0.98617125811777739 0.65574317111635805 5.495000000000001 0.71275036509498224 1.0000000180025095e-35 3.0155786614848563 0.23795765977635211 26.554397431843437
decision_type=2 2 2 2 2 2 2 2 2 2 2 2 2 2
left_child=1 -1 -3 4 5 6 7 8 -2 10 -9 -12 13 -11
right_child=3 2 -4 -5 -6 -7 -8 9 -10 12 11 -13 -14 -15
leaf_value=0.034557146885859161 -0.009376323879977843 -0.056688148989281456 0.01071680912991213 0.040508954072805581 -0.040160113986164321 0.037834249525543373 0.034905925711649369 0.044008429109738817 0.037115048919709057 -0.0019242168826092616 -0.052137840472130936 0.0095188119664299103 0.013173954950386958 -0.055973207358258385
leaf_weight=0.34427958652668067 1.8107546005630859 0.91247956413280895 0.59826077520847321 0.69454327199491572 0.78364652674645086 0.75310324458405276 0.65012657665647466 0.60474962810985777 1.849166009109467 20.381942451407674 2.2350658230716358 0.86830839654430736 8.8071773569099587 1.1296601332724083
leaf_count=197 40 482 16 11 20 35 34 42 34 501 289 32 188 17
internal_value=-4.69288e-05 -0.0180149 -0.0299954 0.000774673 8.25586e-05 0.000889312 0.000163554 -0.000435779 0.0141133 -0.00200068 -0.0220198 -0.0348866 0.000447755 -0.00476255
internal_weight=42.4233 1.85502 1.51074 40.5682 39.8737 39.0901 38.337 37.6868 3.65992 34.0269 3.70812 3.10337 30.3188 21.5116
internal_count=1938 695 498 1243 1232 1212 1177 1143 74 1069 363 321 706 518
is_linear=0
shrinkage=0.05


Tree=190
num_leaves=15
num_cat=0
split_feature=1 1 1 6 25 21 23 17 1 2 8 14 1 8
split_gain=0.250892 0.685373 0.351164 0.295812 0.656404 0.624403 1.10258 1.04052 0.498937 0.476037 1.14103 1.53094 1.29563 1.04164
threshold=88.980000000000004 86.635000000000005 85.070000000000007 0.69407512604433363 3.1945550155636511 0.48506093290389507 3.1943845094142218 0.60419883670331676 64.805000000000021 -3.0024999999999995 16.250000000000004 5.416666666666667 32.50500000000001 7.916666666666667
decision_type=2 2 2 2 2 2 2 2 2 2 2 2 2 2
left_child=1 2 3 4 9 -5 7 -7 -9 10 11 -1 -12 -11
right_child=-2 -3 -4 5 -6 6 -8 8 -10 13 12 -13 -14 -15
leaf_value=-0.052853303332725365 -0.035418460017316765 0.063031932965656248 -0.043950079078561223 -0.018878445972610167 -0.054410651983757323 0.028287821869950321 0.053881708799758232 0.0069568787647670011 -0.052008436149853392 -0.036249990382165552 0.017823715062554684 0.034456690501810161 -0.043257134308642177 0.0049162466146604761
leaf_weight=0.661646571708839 0.49549387954175372 0.43187048844993015 0.45536413695663114 1.4210884836502362 0.57867835648357768 1.7797225101385268 1.530421475836192 0.59966117792646378 0.89298159720783588 1.6372179612881215 1.1709990541567092 2.0818444318138063 3.3572958723525517 25.015508479009441
leaf_count=53 17 24 12 33 17 45 74 15 65 101 40 44 153 1245
internal_value=-4.93713e-05 0.000371762 -0.000285341 0.000202869 -0.00160696 0.010236 0.0188506 0.00246723 -0.0283194 -0.000706242 -0.0120455 0.0134002 -0.0274619 0.0023875
internal_weight=42.1098 41.6143 41.1824 40.7271 34.5032 6.22388 4.80279 3.27237 1.49264 33.9245 7.27179 2.74349 4.52829 26.6527
internal_count=1938 1921 1897 1885 1653 232 199 125 80 1636 290 97 193 1346
is_linear=0
shrinkage=0.05


Tree=191
num_leaves=15
num_cat=0
split_feature=34 16 18 34 9 9 3 1 18 12 3 25 16 0
split_gain=0.249367 0.528744 0.345445 0.296277 0.71833 1.05158 1.11767 1.03447 1.19836 0.927758 0.892045 0.683553 0.613746 0.515386
threshold=-0.41664999999999991 2.1952114967702339 1.5876384018685601 0.54410000000000014 0.75341084442868522 0.6724581934596402 3.4150000000000005 57.805000000000007 0.78374079029800947 0.05637615943158835 5.6450000000000005 -0.34013146219242979 4.0937472908228409 21.430000000000003
decision_type=2 2 2 2 2 2 2 2 2 2 2 2 2 2
left_child=1 2 -1 13 5 10 -7 -6 -9 11 12 -8 -5 -2
right_child=3 -3 -4 4 7 6 9 8 -10 -11 -12 -13 -14 -15
leaf_value=-0.051503345639012987 0.015032325005696297 0.053604243994171234 0.042127708435809763 -0.058747121598198795 0.051416029230852339 0.010252227405174508 0.064553219413380269 -0.042155659225030839 0.026770410117086803 -0.049501811182089551 0.039749888516150127 -0.034130396481842094 0.02187458967183116 -0.00050014818699481943
leaf_weight=0.780114159133517 7.0782165042037404 0.18304577842354774 0.11274696633336134 0.53381255667045335 1.156166262662736 1.5734383221715686 0.33843648433685181 1.1912392004742289 1.339943416562164 3.5409092220215825 1.3772923877113497 0.36443583479558694 0.42321426793932915 21.755243650550256
leaf_count=195 274 3 19 40 51 21 2 21 25 125 28 136 6 992
internal_value=-5.01358e-05 -0.0238094 -0.03968 0.000578368 -0.00608145 -0.0143649 -0.025741 0.0122307 -0.00566796 -0.039086 0.0139848 0.0133863 -0.0230948 0.00331286
internal_weight=41.7483 1.07591 0.892861 40.6723 11.8389 8.15154 5.81722 3.68735 2.53118 4.24378 2.33432 0.702872 0.957027 28.8335
internal_count=1938 217 214 1721 455 358 284 97 46 263 74 138 46 1266
is_linear=0
shrinkage=0.05


Tree=192
num_leaves=15
num_cat=0
split_feature=11 6 11 31 20 9 0 5 14 0 20 12 16 6
split_gain=0.248068 0.555571 0.404623 0.526526 0.495817 0.427314 1.27218 0.790785 0.92849 0.545259 1.46769 0.6887 0.668971 0.869117
threshold=0.013529396590357002 0.19961596369965698 0.078182085366388612 0.65000000000000013 -0.6390107481484858 0.76586858559525062 25.400000000000002 15.431011733521361 15.416666666666668 18.985000000000003 0.77375084193230048 0.59200775282169216 5.4407135064158014 0.72185489242270817
decision_type=2 2 2 2 2 2 2 2 2 2 2 2 2 2
left_child=1 -1 3 4 -2 9 7 8 -7 10 11 -4 -11 -14
right_child=2 -3 5 -5 -6 6 -8 -9 -10 12 -12 -13 13 -15
leaf_value=0.014977710824020976 -0.016601108142811769 -0.05485364443358226 -0.015179990221338247 -0.054041432286045445 0.036274237731891555 0.049726461273296545 -0.055346592327031985 0.041024638088853246 -0.052157721095588853 -0.00030291753495092019 0.031616109670793778 -0.060918614544561503 0.033982813082205625 -0.0054432605151244172
leaf_weight=0.52412597285001428 0.56358638470555966 0.62383733863680391 2.4975502759334627 0.22898653384618217 2.0783158921549321 0.31808800471480914 1.3495348157157421 0.93543852120637883 0.75292174692731351 23.134331927787574 1.2907783715054391 1.227500981884077 3.5807838486507526 2.2928859479725361
leaf_count=82 104 42 58 127 268 13 72 11 54 984 21 29 47 26
internal_value=-5.22982e-05 -0.0229707 0.000601343 0.0186905 0.0249946 -0.000787964 -0.0178098 0.00743739 -0.0218983 0.000891007 -0.0143308 -0.0302521 0.00352305 0.0185922
internal_weight=41.3987 1.14796 40.2507 2.87089 2.6419 37.3798 3.35598 2.00645 1.07101 34.0238 5.01583 3.72505 29.008 5.87367
internal_count=1938 124 1814 499 372 1315 150 78 67 1165 108 87 1057 73
is_linear=0
shrinkage=0.05


Tree=193
num_leaves=15
num_cat=0
split_feature=8 19 32 7 34 10 33 13 1 17 9 2 1 17
split_gain=0.233215 0.641012 0.979561 0.308412 0.361363 1.04325 0.468564 0.937272 1.15518 1.04346 0.952662 0.875133 0.992137 1.47541
threshold=82.916666666666686 0.72779669386274437 1.175 0.0024490586506932003 0.92500000000000016 -0.45764491805039159 56.500000000000007 1.7223123072125064 54.225000000000009 0.30361902405814101 0.62349056627031929 -3.5562999999999998 51.490000000000002 0.62394750172031055
decision_type=2 2 2 2 2 2 2 2 2 2 2 2 2 2
left_child=3 -2 -3 -1 6 -6 11 10 9 -9 -8 -5 13 -13
right_child=1 2 -4 4 5 -7 7 8 -10 -11 -12 12 -14 -15
leaf_value=0.026664043339750362 -0.040585453692371903 0.05015879774312907 -0.052738068133754396 -0.02540767048575962 0.039407651513410843 -0.054382113728739627 0.035756295172892569 0.022499515671340693 0.057731229168269851 -0.028891443216075348 -0.012634434127962009 -0.00027803876833501539 -0.0077162915146810843 0.049771756461067018
leaf_weight=1.1231304369866837 1.1983808312797912 0.6493574816995531 0.3592610393097857 3.7861145811038979 0.43145597353577614 0.94786772026418364 1.2233366444706897 4.0175018822774291 1.651092644780874 1.3097581155598161 6.0324071840004763 4.3939760248176851 11.764778270793611 2.2146147545427084
leaf_count=15 84 56 36 218 5 192 11 57 19 21 147 100 919 58
internal_value=-5.31934e-05 -0.0158643 0.0135078 0.000843946 7.62177e-05 -0.0250444 0.0010283 0.00810705 0.0211899 0.00986455 -0.00447564 -0.00351873 0.000991822 0.0164942
internal_weight=41.103 2.207 1.00862 38.896 37.7729 1.37932 36.3936 14.2341 6.97835 5.32726 7.25574 22.1595 18.3734 6.60859
internal_count=1938 176 92 1762 1747 197 1550 255 97 78 158 1295 1077 158
is_linear=0
shrinkage=0.05


Tree=194
num_leaves=15
num_cat=0
split_feature=2 2 19 23 2 0 33 33 19 16 18 36 18 0
split_gain=0.227599 0.65269 0.470356 0.44856 0.781657 0.553533 0.809261 0.550194 0.49454 0.796563 0.790129 0.58348 1.04587 1.00902
threshold=-6.094949999999999 -5.3433499999999992 -1.4218907449268197 0.33494721034496383 -3.9309499999999997 25.335000000000004 63.500000000000007 56.500000000000007 -1.2457239247432657 4.0937472908228409 -0.70008009864567977 1.0000000180025095e-35 -0.24592281764858112 19.795000000000005
decision_type=2 2 2 2 2 2 2 2 2 2 2 2 2 2
left_child=2 -2 -1 5 7 -3 -7 -5 9 -6 -10 13 -13 -12
right_child=1 3 -4 4 8 6 -8 -9 10 -11 11 12 -14 -15
leaf_value=-0.020842947029865225 -0.041206332630200203 0.041186805281081235 0.048832755542520645 -0.057108871392552323 0.010149852334732029 -0.025605892781541337 0.036998466342600948 -0.0022826147817653591 0.026227592668294039 -0.049282446752155568 0.044853059254688736 -0.054740851764546232 -0.0013810834368000082 -0.005867762690818755
leaf_weight=0.38448294950649142 0.9680187312187617 1.4407510385499329 0.65460330632049479 1.0375632831128303 1.0386931980028706 1.2149664643802682 0.89753853966249142 0.81862954702228297 3.049194863648153 1.2330890647135673 1.7999727034475719 0.95639040460810321 23.064263638134438 2.1539014501031488
leaf_count=48 24 32 24 74 38 32 19 13 78 31 32 37 1391 65
internal_value=-4.88136e-05 -0.000653836 0.0230513 0.00036039 -0.00135095 0.0172904 0.000992778 -0.0329291 0.000409496 -0.0221091 0.00205847 -0.000575938 -0.00350562 0.0172225
internal_weight=40.7121 39.673 1.03909 38.705 35.1517 3.55326 2.11251 1.85619 33.2955 2.27178 31.0237 27.9745 24.0207 3.95387
internal_count=1938 1866 72 1842 1759 83 51 87 1672 69 1603 1525 1428 97
is_linear=0
shrinkage=0.05


Tree=195
num_leaves=15
num_cat=0
split_feature=6 14 11 9 3 25 1 2 16 11 10 2 8 1
split_gain=0.248715 0.642686 0.720305 0.803838 0.812346 0.445585 0.421483 1.59116 1.30403 0.988059 0.530335 0.432814 1.02913 0.896806
threshold=0.81614583333332769 67.916666666666671 4.0722627262638884 0.71599831907955114 5.0650000000000004 2.2411427072566896 69.805000000000021 6.884850000000001 4.3638926532538873 2.6907101476644981 -0.97923713154838155 -3.9309499999999997 22.083333333333339 35.675000000000004
decision_type=2 2 2 2 2 2 2 2 2 2 2 2 2 2
left_child=6 -2 3 -3 5 -5 9 8 -8 10 -1 12 13 -12
right_child=1 2 -4 4 -6 -7 7 -9 -10 -11 11 -13 -14 -15
leaf_value=-0.044671784532770403 0.042863837869491106 -0.054876140832588738 -0.058621263329410339 0.00035598552626231385 -0.037639449767586569 0.056890834858997208 -0.02702981140211896 -0.054093859489866572 0.056499077316676506 0.03559747982561963 -0.033541051323856055 0.0014975195463368049 -0.049824412317306166 0.030087587958128756
leaf_weight=0.70312296273186703 1.174756506930861 0.40189301213104123 0.45652658771723498 0.51061784237390417 0.44124560989439476 1.0979426736012099 0.96155080330208809 1.6233379369296015 0.90895476005971432 1.879050975665449 0.93568080328987324 26.518862849239671 1.43943691131426 1.3567658930551258
leaf_count=19 35 12 20 21 19 78 139 66 9 24 43 1295 94 64
internal_value=-4.8561e-05 0.0116519 -0.000955943 0.00978182 0.0224589 0.0389445 -0.00136365 -0.0178737 0.0135603 0.000393241 -0.00174383 -0.000746047 -0.0166889 0.00411704
internal_weight=40.4097 4.08298 2.90823 2.4517 2.04981 1.60856 36.3268 3.49384 1.87051 32.8329 30.9539 30.2507 3.73188 2.29245
internal_count=1938 185 150 130 118 99 1753 214 148 1539 1515 1496 201 107
is_linear=0
shrinkage=0.05


Tree=196
num_leaves=15
num_cat=0
split_feature=6 18 14 3 3 6 16 9 14 1 2 2 21 34
split_gain=0.23712 0.436424 0.938705 1.17824 0.459218 0.358305 0.352584 1.11013 0.725619 0.716809 1.05882 1.05763 1.21534 0.822702
threshold=0.7476157838420614 1.7259992301485485 93.750000000000014 5.0050000000000008 3.2650000000000001 0.72185489242270817 5.4407135064158014 0.76279824071393176 83.750000000000014 67.120000000000019 7.023200000000001 6.884850000000001 2.2185126996594513 0.27205000000000007
decision_type=2 2 2 2 2 2 2 2 2 2 2 2 2 2
left_child=5 2 3 4 -2 6 9 8 -8 10 -1 12 -11 -14
right_child=1 -3 -4 -5 -6 -7 7 -9 -10 11 -12 -13 13 -15
leaf_value=-0.0021765440883986689 -0.0011012741994109601 0.032268481173412786 -0.058795196579906388 -0.045016142002646239 0.043905207626843662 -0.045728318343892682 0.047341527328252753 -0.023255173057692605 0.0041097067621324607 -0.042807934285909073 0.050579810181693032 -0.053331137860988746 -0.030041805036357946 0.058286723369538773
leaf_weight=23.889251922777483 0.8868212406523529 1.5359536579999256 0.56456908048130561 0.72134478107182065 1.5704701353679409 0.45291289297165249 1.9009738396853202 1.6922830920666454 1.9831758690997956 0.96452663047239173 0.99050853710650599 1.6625736008354577 0.37642453613079829 0.87970434661838226
leaf_count=1321 22 82 9 43 74 25 27 24 27 17 36 71 117 43
internal_value=-4.82647e-05 0.0098258 0.000616871 0.0111693 0.0276626 -0.00154649 -0.000963763 0.0105428 0.0252681 -0.00319459 -7.62176e-05 -0.0231739 -0.000595672 0.0318173
internal_weight=40.0715 5.27916 3.74321 3.17864 2.45729 34.7923 34.3394 5.57643 3.88415 28.763 24.8798 3.88323 2.22066 1.25613
internal_count=1938 230 148 139 96 1708 1683 78 54 1605 1357 248 177 160
is_linear=0
shrinkage=0.05


Tree=197
num_leaves=15
num_cat=0
split_feature=11 5 11 13 30 13 12 1 29 11 14 3 12 3
split_gain=0.225663 0.49696 0.362567 0.902324 0.666013 0.970504 0.795935 0.72869 1.21985 0.596221 0.909728 1.14804 1.157 0.737935
threshold=0.013529396590357002 5.2582390194160906 0.28510810893309385 2.4137534033379562 6.5000000000000009 0.90460399633968391 0.28745905141713263 56.190000000000005 14.500000000000002 1.0015687839519394 90.416666666666671 6.1300000000000008 0.52204592627247592 5.6450000000000005
decision_type=2 2 2 2 2 2 2 2 2 2 2 2 2 2
left_child=1 -1 3 4 5 -2 -7 8 -6 10 11 -4 -13 -11
right_child=2 -3 9 -5 7 6 -8 -9 -10 13 -12 12 -14 -15
leaf_value=0.0081933449467344842 -0.0503391844325786 -0.059111087019488556 0.0057771246744271832 0.054171100894389201 0.039589291114377444 0.03909500254060265 -0.011124784691405742 -0.058351787155453021 -0.0432947372291358 -0.0030851038204769646 -0.052309919083378877 -0.055001410916172645 0.012828867012451541 0.017668274976508073
leaf_weight=0.60523048906907095 0.49293036898597975 0.50155136175453663 6.2311790488020069 1.0155074335634706 0.94399470384814799 2.6679345468292017 1.1202818886376915 0.74220414482988406 0.83799505481147207 14.427998829632999 1.2146325770008832 1.9015350542467788 0.93918336182832707 6.0918312637368208
leaf_count=119 488 5 219 16 82 96 23 238 61 313 72 75 15 116
internal_value=-4.59499e-05 -0.0223065 0.000591878 0.010206 0.00364547 0.0156562 0.0242436 -0.0167252 0.000612408 -0.00184888 -0.0116733 -0.00623245 -0.0325757 0.00307606
internal_weight=39.734 1.10678 38.6272 7.82085 6.80534 4.28115 3.78822 2.52419 1.78199 30.8064 10.2865 9.0719 2.84072 20.5198
internal_count=1938 124 1814 1004 988 607 119 381 143 810 381 309 90 429
is_linear=0
shrinkage=0.05


Tree=198
num_leaves=15
num_cat=0
split_feature=34 9 9 3 1 18 6 6 3 9 3 9 7 30
split_gain=0.229118 0.660677 0.939305 0.962637 0.89464 1.02087 0.8467 1.03387 0.791496 0.541982 0.399313 1.1848 0.552849 0.890112
threshold=0.54410000000000014 0.75341084442868522 0.6724581934596402 3.4150000000000005 57.805000000000007 0.78374079029800947 0.46304518618649543 0.52193541856462378 5.6450000000000005 0.6267740431732215 3.0950000000000002 0.73954681956718871 0.003993055726516901 12.500000000000002
decision_type=2 2 2 2 2 2 2 2 2 2 2 2 2 2
left_child=10 2 8 -4 -3 -6 -5 -8 9 -2 11 -1 13 -12
right_child=1 4 3 6 5 -7 7 -9 -10 -11 12 -13 -14 -15
leaf_value=0.017427090988570686 -0.058032298649804193 0.049574768405282715 0.0086631101548558017 -0.052558514377414746 -0.040367464863378888 0.025556249380374797 0.061048185030764014 -0.041478344983897825 0.038179035219859846 0.020145458489265123 0.021501826324714424 -0.056816180977202084 -0.00014087798341066654 -0.054445538497528548
leaf_weight=1.1143939491303201 0.49404186665196759 1.0844685606134592 1.4793331958353517 2.8803179593160171 1.1038134414266099 1.2548866944271138 0.41645495148259193 0.60034526306844782 1.2941859516722614 0.4021629499111441 6.0809865165065302 1.0378027152037246 19.690392615222663 0.41193181462585915
leaf_count=27 16 51 21 215 21 25 7 41 28 30 310 56 1083 7
internal_value=-4.88865e-05 -0.0061699 -0.014432 -0.0256763 0.0119873 -0.00529442 -0.0387114 0.000513858 0.0131676 -0.0229508 0.00232949 -0.0183735 0.00403121 0.0166835
internal_weight=39.3455 11.01 7.56684 5.37645 3.44317 2.3587 3.89712 1.0168 2.19039 0.896205 28.3355 2.1522 26.1833 6.49292
internal_count=1938 455 358 284 97 46 263 48 74 46 1483 83 1400 317
is_linear=0
shrinkage=0.05


Tree=199
num_leaves=15
num_cat=0
split_feature=8 19 33 14 9 7 12 16 0 30 17 18 33 6
split_gain=0.231908 0.58371 0.727054 0.290223 0.872399 0.862951 0.934335 1.13632 0.757062 0.756388 0.655284 0.945729 0.653849 0.699167
threshold=82.916666666666686 0.72779669386274437 66.500000000000014 48.750000000000007 0.69490864788555229 0.0076966607241339005 0.76165128503258772 1.1544426908259855 18.475000000000005 7.5000000000000009 0.67620306391900808 -0.24592281764858112 41.500000000000007 0.51557769744001658
decision_type=2 2 2 2 2 2 2 2 2 2 2 2 2 2
left_child=3 -2 -3 4 12 9 7 8 -7 10 11 -6 -1 -14
right_child=1 2 -4 -5 5 6 -8 -9 -10 -11 -12 -13 13 -15
leaf_value=-0.03184980781008568 -0.04035674733038648 0.042551350235679991 -0.052797312240979055 0.0043371943512097826 -0.029794801388023453 0.055092303632112941 -0.054562487037866925 0.034146543713717552 -0.044217725609934644 -0.050182616823412268 -0.039179291486480562 0.02660221577728298 0.045719238519986084 -0.0059885411126060391
leaf_weight=0.56508610880700816 1.1387537180271459 0.64437007062952023 0.2898673160270846 22.862168723833747 1.3547758377972061 0.23855572612956188 0.5604888480156659 2.4797911036293954 0.98132073674787534 1.8716882439766775 1.5158843734243417 1.6470961447339485 1.8109136518978632 1.0230824868413035
leaf_count=48 84 60 32 860 38 10 11 46 135 86 429 32 47 20
internal_value=-5.22294e-05 -0.0163251 0.0129674 0.000861689 -0.00479418 -0.0118334 0.00559732 0.0147114 -0.0247969 -0.0234553 -0.0123823 0.00114966 0.0172602 0.0270525
internal_weight=38.9838 2.07299 0.934237 36.9109 14.0487 10.6496 4.26016 3.69967 1.21988 6.38944 4.51776 3.00187 3.39908 2.834
internal_count=1938 176 92 1762 902 787 202 191 145 585 499 70 115 67
is_linear=0
shrinkage=0.05


end of trees

feature_importances:
spread_atr=182
pullback_depth=159
hurst=152
minus_di=144
rsi_14=141
bbw_pct=140
er=136
atr_pct=136
macd=134
donchian_q=133
atr_14=114
ema20_dist_atr=104
di_ratio=85
adx_14=83
verdict=80
plus_di=76
bbw=73
dev_z_ema20=70
macd_slope3=68
close_mom_atr=67
dev_z_ema60=64
ds_continuity=59
dir_sign=59
body_ratio=53
body_wick_ratio=53
sentiment_risk_score=52
mm=39
session_eu=31
macro_risk_score=25
di_net=22
spread_num=21
ds_sl_coeff=15
h1_trend_dir=11
extreme_reversal=9
session_us=5
ds_fake_prob=5

parameters:
[boosting: gbdt]
[objective: binary]
[metric: binary_logloss]
[tree_learner: serial]
[device_type: cpu]
[data_sample_strategy: bagging]
[data: ]
[valid: ]
[num_iterations: 200]
[learning_rate: 0.05]
[num_leaves: 15]
[num_threads: 24]
[seed: 42]
[deterministic: 0]
[force_col_wise: 0]
[force_row_wise: 0]
[histogram_pool_size: -1]
[max_depth: -1]
[min_data_in_leaf: 20]
[min_sum_hessian_in_leaf: 0.001]
[bagging_fraction: 0.8]
[pos_bagging_fraction: 1]
[neg_bagging_fraction: 1]
[bagging_freq: 0]
[bagging_seed: 400]
[bagging_by_query: 0]
[feature_fraction: 0.8]
[feature_fraction_bynode: 1]
[feature_fraction_seed: 30056]
[extra_trees: 0]
[extra_seed: 12879]
[early_stopping_round: 0]
[early_stopping_min_delta: 0]
[first_metric_only: 0]
[max_delta_step: 0]
[lambda_l1: 0]
[lambda_l2: 0]
[linear_lambda: 0]
[min_gain_to_split: 0]
[drop_rate: 0.1]
[max_drop: 50]
[skip_drop: 0.5]
[xgboost_dart_mode: 0]
[uniform_drop: 0]
[drop_seed: 17869]
[top_rate: 0.2]
[other_rate: 0.1]
[min_data_per_group: 100]
[max_cat_threshold: 32]
[cat_l2: 10]
[cat_smooth: 10]
[max_cat_to_onehot: 4]
[top_k: 20]
[monotone_constraints: ]
[monotone_constraints_method: basic]
[monotone_penalty: 0]
[feature_contri: ]
[forcedsplits_filename: ]
[refit_decay_rate: 0.9]
[cegb_tradeoff: 1]
[cegb_penalty_split: 0]
[cegb_penalty_feature_lazy: ]
[cegb_penalty_feature_coupled: ]
[path_smooth: 0]
[interaction_constraints: ]
[verbosity: -1]
[saved_feature_importance_type: 0]
[use_quantized_grad: 0]
[num_grad_quant_bins: 4]
[quant_train_renew_leaf: 0]
[stochastic_rounding: 1]
[linear_tree: 0]
[max_bin: 255]
[max_bin_by_feature: ]
[min_data_in_bin: 3]
[bin_construct_sample_cnt: 200000]
[data_random_seed: 175]
[is_enable_sparse: 1]
[enable_bundle: 1]
[use_missing: 1]
[zero_as_missing: 0]
[feature_pre_filter: 1]
[pre_partition: 0]
[two_round: 0]
[header: 0]
[label_column: ]
[weight_column: ]
[group_column: ]
[ignore_column: ]
[categorical_feature: ]
[forcedbins_filename: ]
[precise_float_parser: 0]
[parser_config_file: ]
[objective_seed: 16083]
[num_class: 1]
[is_unbalance: 0]
[scale_pos_weight: 1]
[sigmoid: 1]
[boost_from_average: 1]
[reg_sqrt: 0]
[alpha: 0.9]
[fair_c: 1]
[poisson_max_delta_step: 0.7]
[tweedie_variance_power: 1.5]
[lambdarank_truncation_level: 30]
[lambdarank_norm: 1]
[label_gain: ]
[lambdarank_position_bias_regularization: 0]
[eval_at: ]
[multi_error_top_k: 1]
[auc_mu_weights: ]
[num_machines: 1]
[local_listen_port: 12400]
[time_out: 120]
[machine_list_filename: ]
[machines: ]
[gpu_platform_id: -1]
[gpu_device_id: -1]
[gpu_device_id_list: ]
[gpu_use_dp: 0]
[num_gpu: 1]

end of parameters

pandas_categorical:[]
