tree
version=v4
num_class=1
num_tree_per_iteration=1
label_index=0
max_feature_idx=36
objective=binary sigmoid:1
feature_names=adx_14 rsi_14 macd atr_14 plus_di minus_di er bbw bbw_pct hurst mm ema20_dist_atr body_ratio pullback_depth atr_pct spread_num spread_atr donchian_q dev_z_ema20 dev_z_ema60 macd_slope3 body_wick_ratio extreme_reversal di_ratio di_net close_mom_atr trend_aligned session_eu session_us macro_risk_score sentiment_risk_score ds_fake_prob ds_sl_coeff ds_continuity verdict h1_trend_dir dir_sign
feature_infos=[10.91:58.5] [18.66:91.569999999999993] [-11.2422:21.919699999999999] [2.2400000000000002:24.649999999999999] [0.41888039204915772:59.768767397086776] [0.060115136098921801:39.105226332051615] [0.0012958963282827:1] [0.0012916801265697999:0.033463959919623198] [0.83333333333333337:100] [0.4616808695420403:0.78688275849070621] [-0.99845125289899117:0.99999936755882035] [1.0175854496590985e-05:5.9756021997292006] [8.0121785115121544e-05:0.99472295514512343] [5.1943749090145457e-05:8.3506651963963456] [0.83333333333333337:100] [17:27] [0.074233601727246398:8.1145705534675852] [0:0.99995794431827645] [-2.9045746760323352:3.7092199478015422] [-3.9470428925515111:5.4175372369156856] [-3.7689922142021546:4.6220277750857699] [0:12479.999999727515] [-1:1] [0.1184049717108966:14.334733037110764] [-0.78826086284296393:0.86957817798174009] [-4.5276303315102417:8.1122526161270319] [0:1] [0:1] [0:1] [10:18] [3:15] [0:0.81999999999999995] [0:1.25] [0:88] [-1:1] [-1:1] [-1:1]
tree_sizes=1670 1699 1713 1710 1710 1701 1707 1722 1707 1715 1720 1729 1717 1720 1714 1707 1723 1721 1719 1720 1718 1711 1715 1727 1716 1722 1710 1721 1721 1725 1724 1723 1716 1728 1725 1720 1725 1719 1727 1717 1713 1719 1722 1727 1732 1722 1730 1713 1725 1726 1732 1719 1737 1729 1726 1732 1726 1715 1724 1719 1724 1729 1720 1720 1717 1721 1719 1725 1717 1722 1727 1732 1712 1719 1726 1717 1716 1733 1731 1726 1718 1738 1744 1723 1739 1728 1735 1730 1737 1720 1716 1734 1725 1730 1732 1736 1736 1729 1715 1725 1741 1720 1720 1724 1731 1741 1735 1724 1740 1732 1714 1738 1729 1731 1722 1724 1743 1726 1728 1724 1710 1708 1720 1743 1723 1719 1740 1727 1732 1715 1725 1731 1745 1718 1742 1731 1761 1725 1720 1740 1712 1743 1715 1750 1733 1732 1734 1736 1716 1726 1747 1739 1740 1725 1724 1738 1721 1729 1741 1731 1733 1731 1733 1731 1741 1729 1720 1746 1738 1740 1737 1742 1740 1742 1736 1732 1738 1742 1724 1738 1737 1745 1737 1726 1738 1745 1749 1744 1736 1744 1736 1753 1741 1725 1730 1746 1735 1758 1740 1744

Tree=0
num_leaves=15
num_cat=0
split_feature=16 30 1 13 5 36 13 34 7 11 19 5 19 33
split_gain=343.224 132.43 73.4856 71.9757 88.0937 117.625 145.476 49.971 43.4899 33.8257 32.7481 27.5001 29.6217 30.8675
threshold=2.0332878277964004 9.0000000000000018 62.425000000000004 0.10207688151646631 1.6800252009270924 1.0000000180025095e-35 0.8996116649681799 0.54410000000000014 0.013922430735135351 2.7591765978115119 0.16512955542230973 13.878864103606547 -1.1016815121057293 63.500000000000007
decision_type=2 2 2 2 2 2 2 2 2 2 2 2 2 2
left_child=3 7 -3 10 5 -5 -7 8 9 11 -1 -2 13 -13
right_child=1 2 -4 4 -6 6 -8 -9 -10 -11 -12 12 -14 -15
leaf_value=-1.0959784454611055 -1.236577442612163 -1.2046576702859768 -0.98354048775618497 -0.97057933989394629 -1.219020084112324 -1.2467559414406661 -0.98451257384585289 -1.1864817038333997 -1.2189543799061942 -0.98650303583898236 -1.2492440189320779 -1.2063725298492884 -1.0525395396110437 -1.07775806260092
leaf_weight=3.5885423421859732 3.9473965764045706 4.4856779277324703 23.146098107099533 9.1507829725742322 82.715900987386703 20.095837116241459 7.1770846843719474 39.832819998264313 8.2536473870277387 6.2799490988254538 121.11330404877663 9.3302100896835309 18.301565945148472 9.3302100896835309
leaf_count=20 22 25 129 51 461 112 40 222 46 35 675 52 102 52
internal_value=-1.18394 -1.11581 -1.01944 -1.21828 -1.19049 -1.1257 -1.17774 -1.14376 -1.11307 -1.09455 -1.24483 -1.11113 -1.09774 -1.14207
internal_weight=366.749 122.908 27.6318 243.841 119.14 36.4237 27.2729 95.2758 55.443 47.1893 124.702 40.9094 36.962 18.6604
internal_count=2044 685 154 1359 664 203 152 531 309 263 695 228 206 104
is_linear=0
shrinkage=1


Tree=1
num_leaves=15
num_cat=0
split_feature=16 17 5 30 7 1 34 4 7 11 11 4 5 18
split_gain=304.104 116.149 140.732 103.578 62.7787 55.6591 42.4528 37.2305 36.7234 25.3433 24.841 23.6037 23.4811 25.3343
threshold=2.0332878277964004 0.83834316043617985 1.9219608731404065 9.0000000000000018 0.0046974225968791005 62.425000000000004 0.54410000000000014 3.2259591809974792 0.013922430735135351 2.7591765978115119 0.078867398113378659 31.265262328339265 13.878864103606547 -1.2784658350700662
decision_type=2 2 2 2 2 2 2 2 2 2 2 2 2 2
left_child=1 2 4 6 -1 -5 8 -6 9 12 -4 -8 -2 -14
right_child=3 -3 10 5 7 -7 11 -9 -10 -11 -12 -13 13 -15
leaf_value=0.1670196571765046 -0.0514865849803047 -0.06075169585686746 0.068334719846719044 -0.019906438325208956 -0.033335424010363914 0.17195603326607969 -0.023986345980324151 0.15060156816132275 -0.03391180439938201 0.16964993647197366 -0.041761237132496014 0.066358681031060296 0.027285945026739995 0.11040185790409048
leaf_weight=16.181477218866352 3.8366407155990592 147.70440202951431 5.6344079971313468 4.4362332671880749 9.4166461527347547 25.555226862430573 30.282232776284218 3.8864996135234824 8.0997507572174055 6.9242238998413077 56.502847924828529 9.4967948943376523 14.96509332954883 23.667974159121517
leaf_count=84 22 849 32 25 53 129 169 20 46 35 321 53 81 125
internal_value=-0.000109548 -0.033318 0.0109082 0.0623405 0.100867 0.143576 0.0372935 0.0204016 0.064769 0.0809509 -0.0317781 -0.00241749 0.0664895 0.0782057
internal_weight=366.59 239.326 91.6219 127.264 29.4846 29.9915 97.2727 13.3031 57.4937 49.3939 62.1373 39.779 42.4697 38.6331
internal_count=2044 1359 510 685 157 154 531 73 309 263 353 222 228 206
is_linear=0
shrinkage=0.05


Tree=2
num_leaves=15
num_cat=0
split_feature=4 17 14 5 8 21 5 34 19 33 7 35 25 17
split_gain=229.666 199.979 88.884 113.376 85.8869 44.3628 40.5296 44.7923 30.3241 27.7766 25.3953 25.1663 23.1793 22.2575
threshold=29.571167877035759 0.83834316043617985 39.583333333333336 2.620537941148342 12.083333333333334 1.0782214156081207 15.137728908565757 0.54410000000000014 -1.1016815121057293 66.500000000000014 0.0056504058003421006 1.0000000180025095e-35 -0.14010495682855073 0.82994275525525518
decision_type=2 2 2 2 2 2 2 2 2 2 2 2 2 2
left_child=1 2 5 -4 11 -1 -5 8 9 -8 13 -2 -3 -6
right_child=4 12 3 6 10 -7 7 -9 -10 -11 -12 -13 -14 -15
leaf_value=0.076645516038249484 -0.054744314785549808 0.015504754061974916 0.14803779840540435 -0.018688041998384287 0.14675605975575692 -0.044275095967169276 -0.020465778977916443 -0.038237263452881101 0.13800449872350512 0.12056021543650211 0.15449868875553618 0.083379656279107192 -0.061301950717675316 -0.0087788520205423302
leaf_weight=9.0021710097789747 9.8555688112974149 10.522648170590399 23.837308272719383 32.869377300143242 4.1339005678892118 48.183682352304459 8.6980720609426481 9.3753666877746564 14.696707263588907 5.8330831527709952 30.566317066550255 4.9561492353677741 147.72279460728168 5.1854217052459717
leaf_count=47 56 59 118 190 20 273 47 53 73 30 147 26 877 28
internal_value=-0.000189045 -0.0168191 0.024041 0.0536094 0.0942882 -0.0252398 0.0221159 0.0568592 0.0873631 0.0361447 0.132469 -0.00852665 -0.0561946 0.0602139
internal_weight=365.439 310.741 152.496 95.3099 54.6974 57.1859 71.4726 38.6032 29.2279 14.5312 39.8856 14.8117 158.245 9.31932
internal_count=2044 1767 831 511 277 320 393 203 150 77 195 82 936 48
is_linear=0
shrinkage=0.05


Tree=3
num_leaves=15
num_cat=0
split_feature=16 27 14 3 30 30 33 34 7 7 9 34 6 4
split_gain=244.584 76.8213 102.23 94.7868 69.658 45.9294 35.3159 32.3843 27.4809 19.577 19.5375 23.1797 19.3399 18.4977
threshold=2.0332878277964004 1.0000000180025095e-35 34.583333333333336 4.5150000000000006 9.0000000000000018 7.5000000000000009 49.000000000000007 0.54410000000000014 0.013922430735135351 0.0054294840148391013 0.75372039458913231 0.7279500000000001 0.75201401551678793 2.2169897645599752
decision_type=2 2 2 2 2 2 2 2 2 2 2 2 2 2
left_child=1 -1 -3 -4 7 -5 -6 8 12 -9 11 -11 -2 -7
right_child=4 2 3 5 6 13 -8 9 -10 10 -12 -13 -14 -15
leaf_value=-0.052807317483465434 0.056549625354059586 -0.056161559571375932 0.1502588173152643 0.10861076201759522 0.13946383338950805 0.043506501510381025 0.0024375845422370136 -0.027076942961098728 -0.031799869628881976 0.092663563218722544 0.14313870071958443 -0.065116142944108987 0.14398190373218525 -0.063553475167037216
leaf_weight=149.00910586118698 45.288198068737984 35.333258435130119 17.089253470301628 7.3998167663812664 27.675463512539864 5.4256435930728939 5.6646797060966483 26.533185109496117 7.800702989101409 4.3732860833406431 3.7995822578668585 4.9768943935632706 7.3515605628490439 15.736991524696348
leaf_count=904 229 214 77 40 124 30 30 151 46 23 20 28 34 94
internal_value=-0.000258979 -0.0315039 0.00769341 0.0571155 0.0535846 0.00138679 0.116182 0.0327402 0.0557815 -0.00235371 0.0475321 0.00868091 0.0687602 -0.0361056
internal_weight=363.458 229.994 80.985 45.6517 133.464 28.5625 33.3401 100.123 60.4405 39.6829 13.1498 9.35018 52.6398 21.1626
internal_count=2044 1359 455 241 685 164 154 531 309 222 71 51 263 124
is_linear=0
shrinkage=0.05


Tree=4
num_leaves=15
num_cat=0
split_feature=16 17 17 14 16 30 1 34 7 7 8 1 6 19
split_gain=220.085 99.7597 95.6347 75.0805 73.9601 59.2489 33.3743 28.2207 23.8473 17.496 20.0451 25.2953 16.0508 15.155
threshold=2.0332878277964004 0.83834316043617985 0.36599800230725826 37.083333333333336 0.72548243106316879 9.0000000000000018 62.425000000000004 0.54410000000000014 0.013922430735135351 0.0054294840148391013 17.916666666666668 62.730000000000011 0.75201401551678793 1.5074255492725657
decision_type=2 2 2 2 2 2 2 2 2 2 2 2 2 2
left_child=1 2 -1 -4 -5 7 -7 8 12 -9 -11 -12 13 -2
right_child=5 -3 3 4 -6 6 -8 9 -10 10 11 -13 -14 -15
leaf_value=-0.046415790382382985 0.061767287509560134 -0.058123421879532025 -0.047675614044043545 0.13717186825116756 -0.020087064292276944 -0.020795942441738269 0.12552952578006307 -0.026118470397149863 -0.030778775878982201 -0.036590924453808911 0.004497674999563636 0.17666350556176166 0.13029876850970387 -0.034600117089838234
leaf_weight=41.417573481798172 41.895442068576813 133.85617578029633 12.839682608842848 26.447582095861435 10.423264279961584 4.478059470653533 30.023517593741417 26.141676396131516 7.6601487398147574 4.8918272405862799 4.277936711907385 4.2559842616319656 7.7073272913694373 4.5199106037616721
leaf_count=250 205 849 78 119 63 25 129 151 46 26 24 21 34 24
internal_value=-0.000308561 -0.0306522 0.00969978 0.0564539 0.0927153 0.0499435 0.106538 0.0306778 0.0517921 -0.00229126 0.0441034 0.0903592 0.0634786 0.0523831
internal_weight=360.836 224.984 91.1281 49.7105 36.8708 135.852 34.5016 101.35 61.7828 39.5674 13.4257 8.53392 54.1227 46.4154
internal_count=2044 1359 510 260 182 685 154 531 309 222 71 45 263 229
is_linear=0
shrinkage=0.05


Tree=5
num_leaves=15
num_cat=0
split_feature=16 17 17 14 16 34 20 2 29 4 14 14 16 4
split_gain=198.859 94.1581 86.4462 65.845 62.6214 51.5562 32.1139 31.7152 28.0021 18.0109 32.7822 13.5378 13.8722 14.4914
threshold=2.0332878277964004 0.83834316043617985 0.36599800230725826 37.083333333333336 0.72548243106316879 0.54410000000000014 0.76646886448821649 10.178000000000003 14.500000000000002 27.636244307698082 61.250000000000007 84.583333333333357 5.0417190500135982 9.3217873430433027
decision_type=2 2 2 2 2 2 2 2 2 2 2 2 2 2
left_child=1 2 -1 -4 -5 6 7 8 -2 -7 -11 12 13 -10
right_child=5 -3 3 4 -6 9 -8 -9 11 10 -12 -13 -14 -15
leaf_value=-0.04534566012321789 0.13029079108098285 -0.057283533634061135 -0.046617113898253924 0.12522418493985493 -0.019313912450497076 -0.026585349882128819 0.10540958021355736 -0.062702944048676421 0.11818552922461104 -0.013911116747583408 0.14059670617953532 -0.032918126037657043 0.097177309351861141 0.018015643216740523
leaf_weight=40.30376148223877 10.588237226009367 129.14740628004074 12.483765020966528 27.49292728304863 10.301651790738104 25.307042419910431 34.21959675848484 6.13878110051155 4.2056482881307629 9.3361505717039091 5.4295308440923682 5.5711138248443595 11.345659881830214 25.517755910754204
leaf_count=250 45 849 78 119 63 148 149 38 20 50 27 29 52 127
internal_value=-0.000350998 -0.029872 0.00920995 0.0529424 0.0858275 0.0467699 0.066378 0.0453002 0.0568855 -0.000980685 0.0429034 0.040221 0.0501425 0.032189
internal_weight=357.389 219.73 90.5821 50.2783 37.7946 137.66 97.5868 63.3672 57.2284 40.0727 14.7657 46.6402 41.0691 29.7234
internal_count=2044 1359 510 260 182 685 460 311 273 225 77 228 199 147
is_linear=0
shrinkage=0.05


Tree=6
num_leaves=15
num_cat=0
split_feature=16 17 14 11 34 3 20 2 29 30 16 7 8 1
split_gain=180.17 88.8983 80.0302 78.7141 45.1908 36.9518 27.5619 28.4164 24.3385 14.1957 14.1867 20.7121 16.3384 19.5496
threshold=2.0332878277964004 0.83834316043617985 37.083333333333336 0.24811517507677397 0.54410000000000014 6.495000000000001 0.76646886448821649 10.178000000000003 14.500000000000002 6.5000000000000009 5.8755748138572876 0.0054294840148391013 17.916666666666668 62.730000000000011
decision_type=2 2 2 2 2 2 2 2 2 2 2 2 2 2
left_child=1 2 -1 5 6 -4 7 8 -2 -5 11 -6 -13 -14
right_child=4 -3 3 9 10 -7 -8 -9 -10 -11 -12 12 13 -15
leaf_value=-0.055607180906085109 0.12066641504273634 -0.056484086142100813 0.11274974911840832 0.013998493554482992 -0.039595599300282308 -0.041228882411023612 0.097667777144379714 -0.061930895451992235 0.037645091601293416 -0.062371511118821145 0.091945865091689283 -0.035386579706896237 0.003837244936672873 0.15413002888628027
leaf_weight=31.393566071987152 10.853598922491072 124.5434405207634 29.571279034018517 11.839259788393974 22.760774657130241 4.4876068234443656 35.062037885189056 5.9103310406208029 47.297400712966919 12.519150152802467 3.7250119894742957 4.7935622185468665 4.2877829968929273 4.3678353428840637
leaf_count=202 45 849 132 70 135 27 149 38 228 79 20 26 24 20
internal_value=-0.00038626 -0.0291405 0.00877757 0.0433781 0.0439376 0.0924615 0.0620296 0.0425241 0.0531406 -0.0252523 -0.000968749 -0.0105271 0.038667 0.0796786
internal_weight=353.413 214.354 89.8109 58.4173 139.058 34.0589 99.1234 64.0613 58.151 24.3584 39.935 36.21 13.4492 8.65562
internal_count=2044 1359 510 308 685 159 460 311 273 149 225 205 70 44
is_linear=0
shrinkage=0.05


Tree=7
num_leaves=15
num_cat=0
split_feature=11 27 14 3 4 20 30 20 4 3 7 4 36 11
split_gain=140.884 62.421 67.6973 47.4599 47.1715 35.0833 29.4122 21.9533 21.5254 19.7979 17.7772 11.9926 10.3186 36.0314
threshold=1.2264327254768979 1.0000000180025095e-35 34.583333333333336 4.5150000000000006 9.8371881148012204 -0.036897393170993741 9.0000000000000018 0.3148410034148944 16.253569310251844 6.2750000000000012 0.0075428551366631012 9.3217873430433027 1.0000000180025095e-35 0.06533081473741191
decision_type=2 2 2 2 2 2 2 2 2 2 2 2 2 2
left_child=1 4 8 -4 12 9 11 10 -3 -5 -6 -2 13 -1
right_child=6 2 3 5 7 -7 -8 -9 -10 -11 -12 -13 -14 -15
leaf_value=0.10683996655364043 0.10544212189776091 -0.05238738053767638 0.097301957045299967 0.10271569518496115 -0.03230594962805286 -0.042648330256026677 0.094404746232572376 0.064735136480684519 0.059511823479600816 -0.035814996223229777 0.063663307782184583 0.025653268573697281 -0.060337671048893871 -0.048731057129294729
leaf_weight=4.3203725218772915 5.2093947082757941 32.807260066270828 26.623835131525993 9.7874234318733233 25.362598732113842 16.704795211553574 30.92440727353096 12.321205392479895 4.9455663710832587 3.5018872916698447 5.9592808932065955 49.068894520401955 94.74280971288681 26.867723137140274
leaf_count=24 23 222 113 47 145 107 127 63 24 22 32 251 669 175
internal_value=-0.000416707 -0.0184621 0.0141321 0.0487129 -0.0366013 0.00558344 0.0554851 0.00819465 -0.0377287 0.0662113 -0.0140469 0.0333111 -0.0521259 -0.0271804
internal_weight=349.147 263.945 94.3708 56.6179 169.574 29.9941 85.2027 43.6431 37.7528 13.2893 31.3219 54.2783 125.931 31.1881
internal_count=2044 1643 535 289 1108 176 401 240 246 69 177 274 868 199
is_linear=0
shrinkage=0.05


Tree=8
num_leaves=15
num_cat=0
split_feature=16 27 14 3 34 9 23 19 5 23 31 4 14 4
split_gain=148.891 57.4567 66.4785 47.855 35.7537 33.504 29.7019 19.8495 23.1428 16.1638 16.055 14.0805 25.3064 13.3079
threshold=2.0332878277964004 1.0000000180025095e-35 34.583333333333336 4.5150000000000006 0.54410000000000014 0.7166826318659637 1.9196973133144157 -1.2853470464776868 4.4253274871217938 0.37657003655990701 0.33500000000000002 27.636244307698082 61.250000000000007 32.381450423251927
decision_type=2 2 2 2 2 2 2 2 2 2 2 2 2 2
left_child=1 -1 -3 -4 7 6 -5 9 -9 -2 -10 -6 -13 -12
right_child=4 2 3 5 11 -7 -8 8 10 -11 13 12 -14 -15
leaf_value=-0.048330446841241444 0.061106586455720549 -0.051743756099850519 0.10438689476565111 0.10092015330441331 -0.024707536752495887 -0.061609803124459087 -0.044323965539025352 -0.033869017812566814 0.089928096156707424 -0.021635529597427452 0.0054178316040691876 -0.014691092001638196 0.11757244150542104 0.084501232000287696
leaf_weight=127.4449587315321 10.579532459378244 29.847085535526276 19.189542561769485 10.034279435873033 24.465566635131836 11.913059443235396 5.4217435568571082 5.2948861867189398 50.448003187775612 13.351086750626562 12.673585623502733 9.3412765413522703 5.9011666029691687 9.1675623357295972
leaf_count=904 48 214 77 48 148 80 36 34 212 66 61 50 27 39
internal_value=-0.000440302 -0.0277769 0.00650636 0.0438484 0.0390193 0.00140255 0.0499707 0.0547538 0.067033 0.0149441 0.0744237 -0.00120638 0.0365152 0.0386121
internal_weight=345.073 203.851 76.4057 46.5586 141.223 27.3691 15.456 101.515 77.584 23.9306 72.2892 39.708 15.2424 21.8411
internal_count=2044 1359 455 241 685 164 84 460 346 114 312 225 77 100
is_linear=0
shrinkage=0.05


Tree=9
num_leaves=15
num_cat=0
split_feature=16 17 14 11 6 3 3 35 17 9 20 9 14 14
split_gain=135.705 77.2817 70.7044 64.2497 33.7941 30.3167 22.0523 21.3835 13.2984 15.1235 12.1977 15.0273 11.9219 11.806
threshold=2.0332878277964004 0.89704060765131033 37.083333333333336 0.24811517507677397 0.64863766994584948 5.9650000000000007 5.1650000000000009 1.0000000180025095e-35 0.90020765151932747 0.74875993644642069 0.64694113576500756 0.71542668090774009 72.083333333333357 65.416666666666671
decision_type=2 2 2 2 2 2 2 2 2 2 2 2 2 2
left_child=1 2 -1 5 8 -4 -6 -8 9 10 11 13 -11 -2
right_child=4 -3 3 -5 6 -7 7 -9 -10 12 -12 -13 -14 -15
leaf_value=-0.051676264360349833 0.066389961087291477 -0.057281222386751124 0.096873319666493304 -0.025112339265156804 0.089254719278167638 -0.040215930441720955 -0.05499576030400051 0.091016928601570665 -0.02067485688216842 0.085931679330510879 0.053287836339945396 -0.02488484997681091 -0.0014197827774930193 -0.020438561317335846
leaf_weight=34.848137959837914 11.292084440588953 102.65982486307621 31.942014694213867 24.471928298473358 37.175215110182762 4.6156233400106421 5.9509101808071119 4.3334158211946487 16.839946836233139 15.904123947024347 15.095318123698233 23.951777458190918 5.177815929055213 5.9924253970384589
leaf_count=248 52 782 141 158 155 30 37 19 94 72 68 128 29 31
internal_value=-0.000456196 -0.0271341 0.0051455 0.037591 0.0369191 0.079565 0.0713282 0.00652832 0.0195931 0.0283527 0.014833 0.000755842 0.0644778 0.0362871
internal_weight=340.251 198.538 95.8777 61.0296 141.713 36.5576 47.4595 10.2843 94.2535 77.4135 56.3316 41.2363 21.0819 17.2845
internal_count=2044 1359 577 329 685 171 211 56 474 380 279 211 101 83
is_linear=0
shrinkage=0.05


Tree=10
num_leaves=15
num_cat=0
split_feature=16 27 16 29 8 6 19 16 8 35 34 5 19 16
split_gain=123.838 51.0725 42.6843 41.3723 40.7923 30.4357 19.8063 28.3973 19.6566 16.7886 13.2159 15.7333 27.1215 15.2794
threshold=2.0332878277964004 1.0000000180025095e-35 0.23842983484556643 14.500000000000002 7.916666666666667 0.64863766994584948 0.93483245856537656 0.53715660412061661 12.91666666666667 1.0000000180025095e-35 0.54410000000000014 13.629407657999836 -1.2982458185722325 2.5834197286378644
decision_type=2 2 2 2 2 2 2 2 2 2 2 2 2 2
left_child=1 -1 -3 4 -4 10 -6 -8 9 -7 11 -2 -13 -12
right_child=5 2 3 -5 6 8 7 -9 -10 -11 13 12 -14 -15
leaf_value=-0.04669648870999131 -0.026812415689524124 -0.056413643695313889 -0.060170501746632743 -0.055996208586203244 0.099445353472369602 -0.05310364601283063 -0.048331245042144394 0.10795250564611601 0.083564837097822114 0.08229951778455516 0.084648901732642959 -0.0033775504280765473 0.072507055240941073 -0.017873593127737432
leaf_weight=119.60982620716095 9.308136045932768 19.856210559606552 6.8178572654724112 11.229077100753782 23.920155137777328 5.5286113321781141 6.6198525577783567 5.1818607449531555 38.137803360819817 3.9070971459150314 4.1183763891458502 18.872982129454613 31.305943131446838 30.912351563572884
leaf_count=904 49 155 51 79 102 36 47 21 158 17 20 91 133 181
internal_value=-0.000473316 -0.0265291 0.00623452 0.0293698 0.0519036 0.0349608 0.073294 0.0202894 0.0675784 0.00296351 0.0185434 0.0328909 0.0439658 -0.00582057
internal_weight=335.326 193.235 73.625 53.7688 42.5397 142.091 35.7219 11.8017 47.5735 9.43571 94.5178 59.4871 50.1789 35.0307
internal_count=2044 1359 455 300 221 685 170 68 211 53 474 273 224 201
is_linear=0
shrinkage=0.05


Tree=11
num_leaves=15
num_cat=0
split_feature=16 27 16 29 19 16 6 16 35 21 34 5 18 16
split_gain=113.203 47.7823 39.7108 37.9838 30.2276 31.032 27.5468 14.8144 15.8104 12.9943 11.8265 14.0613 24.5391 13.4837
threshold=2.0332878277964004 1.0000000180025095e-35 0.23842983484556643 14.500000000000002 0.98224844321245997 0.53715660412061661 0.64863766994584948 3.8347805778780564 1.0000000180025095e-35 0.79795285213979683 0.54410000000000014 13.629407657999836 -0.97117373942913032 2.5834197286378644
decision_type=2 2 2 2 2 2 2 2 2 2 2 2 2 2
left_child=1 9 -3 4 -4 -6 10 8 -8 -1 11 -2 -13 -12
right_child=6 2 3 -5 5 -7 7 -9 -10 -11 13 12 -14 -15
leaf_value=0.078875220608618679 -0.02574671476166961 -0.055822377992523535 0.079547807585679461 -0.05526033176467865 -0.059547511659018705 0.10288508990681378 -0.06260826962772216 0.077073939051979887 0.075381685158905587 -0.048090054915656877 0.077930409946663781 0.00068091597599077803 0.071191319194748262 -0.017145695312826299
leaf_weight=2.051548331975936 9.2112624496221525 19.082802966237068 28.190378591418266 10.820064023137091 9.7289095968008024 4.2139676809310904 4.3258486688137037 39.229739278554916 3.9908721596002579 113.79303392767906 4.2462461143732062 21.356944352388382 29.224199801683426 30.621049955487251
leaf_count=12 49 155 129 79 75 17 28 166 17 892 20 100 124 181
internal_value=-0.000483449 -0.0259577 0.00601833 0.0283039 0.0497637 -0.0104554 0.0331728 0.0642234 0.00360776 -0.0458416 0.0175765 0.0310724 0.0414196 -0.00556704
internal_weight=330.087 187.881 72.0361 52.9533 42.1333 13.9429 142.206 47.5465 8.31672 115.845 94.6597 59.7924 50.5811 34.8673
internal_count=2044 1359 455 300 221 92 685 211 45 904 474 273 224 201
is_linear=0
shrinkage=0.05


Tree=12
num_leaves=15
num_cat=0
split_feature=16 17 14 11 6 8 35 20 11 17 18 34 4 4
split_gain=103.552 68.0611 59.2338 50.5367 24.9748 16.207 14.0207 11.8745 14.6352 10.8495 13.2854 12.8689 12.2417 11.1983
threshold=2.0332878277964004 0.89704060765131033 37.083333333333336 0.28949731631295123 0.64863766994584948 12.91666666666667 1.0000000180025095e-35 -0.054175186944256742 0.078867398113378659 0.90020765151932747 -1.191025361945744 0.7279500000000001 10.949954549271657 28.042617452231074
decision_type=2 2 2 2 2 2 2 2 2 2 2 2 2 2
left_child=1 2 -1 7 9 6 -6 -4 -9 10 12 -12 -2 -13
right_child=4 -3 3 -5 5 -7 -8 8 -10 -11 11 13 -14 -15
leaf_value=-0.049655681038595814 0.040616366046952637 -0.055721662287671926 0.096715142106831214 -0.028749285467296007 -0.051767617516309455 0.075519718983521278 0.072220854418082236 0.088115694608762951 0.0014068454507151079 -0.020127822667565527 0.047276600542010348 -0.043525268644042048 -0.043648547316497838 0.064511883525009528
leaf_weight=31.839008189737797 6.8305719941854504 91.923561200499535 19.026593029499054 20.372390791773796 5.2699344605207425 38.175999820232391 4.0188177675008774 9.005446597933771 10.588168531656263 16.53293514251709 48.181995913386345 8.1072726100683195 11.680610492825506 3.4063022285699835
leaf_count=248 31 782 84 142 36 158 17 39 64 94 221 52 60 16
internal_value=-0.00049295 -0.0253905 0.00530539 0.0349685 0.0315043 0.0611079 0.00187652 0.0685801 0.0412592 0.0166728 0.0244525 0.0359282 -0.012555 -0.0115624
internal_weight=324.96 182.755 90.8316 58.9926 142.204 47.4648 9.28875 38.6202 19.5936 94.7397 78.2068 59.6956 18.5112 11.5136
internal_count=2044 1359 577 329 685 211 53 187 103 474 380 289 91 68
is_linear=0
shrinkage=0.05


Tree=13
num_leaves=15
num_cat=0
split_feature=16 17 2 3 34 34 4 36 17 20 2 7 9 16
split_gain=94.8562 59.8921 38.8584 28.8459 27.2346 26.9922 17.5256 17.8768 48.6944 16.0254 18.6383 16.241 11.8942 14.1168
threshold=2.2361616657082046 0.90712463959354039 -3.9378999999999995 6.4250000000000007 -1.0000000180025095e-35 0.54410000000000014 5.5675033870518655 1.0000000180025095e-35 0.68002788668618874 0.76646886448821649 10.178000000000003 0.01027004370512795 0.7533674295734456 5.939502757966614
decision_type=2 2 2 2 2 2 2 2 2 2 2 2 2 2
left_child=1 2 -1 4 -4 9 7 -6 -9 10 11 -2 13 -7
right_child=5 -3 3 -5 6 12 -8 8 -10 -11 -12 -13 -14 -15
leaf_value=-0.053128432525665265 0.024802097981780166 -0.054235689699473823 -0.038517444249156194 -0.041794388703348812 0.10271013146326963 -0.03047321726760065 -0.018431909361952194 0.094710247993452207 -0.059298430250520756 0.071651327056457353 -0.060213052102906228 0.090816000712108699 0.051881596566020129 0.074602576810854179
leaf_weight=23.055596359074116 47.720327705144882 86.943375706672668 9.7558199837803823 14.352726139128206 18.236806243658066 27.625470489263538 7.2194116711616507 13.360791563987734 8.3339509665966016 35.062708020210266 5.2953336238861075 11.577606871724127 7.4791944026947013 3.6147295981645575
leaf_count=177 217 768 71 101 83 167 53 56 66 144 38 48 38 17
internal_value=-0.000501893 -0.0243008 0.00329439 0.0215497 0.037526 0.0306724 0.0532598 0.0662213 0.0355484 0.0444373 0.0296648 0.037691 -0.00475566 -0.0183151
internal_weight=319.634 181.258 94.3151 71.2595 56.9068 138.375 47.151 39.9315 21.6947 99.656 64.5933 59.2979 38.7194 31.2402
internal_count=2044 1375 607 430 329 669 258 205 122 447 303 265 222 184
is_linear=0
shrinkage=0.05


Tree=14
num_leaves=15
num_cat=0
split_feature=16 17 14 29 5 6 5 16 35 17 9 1 14 34
split_gain=87.4873 61.1625 50.947 37.0465 22.3297 21.6711 12.6511 11.3423 12.8136 9.23307 11.9758 9.25972 8.57279 8.16275
threshold=2.0332878277964004 0.89704060765131033 37.083333333333336 14.500000000000002 4.8386731266155936 0.64863766994584948 8.097298184799202 3.8347805778780564 1.0000000180025095e-35 0.90020765151932747 0.7493006741155267 62.425000000000004 72.083333333333357 0.67795000000000016
decision_type=2 2 2 2 2 2 2 2 2 2 2 2 2 2
left_child=1 2 -1 4 -4 9 -6 8 -7 10 11 13 -12 -2
right_child=5 -3 3 -5 6 7 -8 -9 -10 -11 12 -13 -14 -15
leaf_value=-0.048240775154951239 0.0094137820975919596 -0.054716494191295789 0.073712967267409044 -0.054628145766941652 -0.025453921363978269 -0.061462879350741996 0.084630397238721566 0.0676871682700253 0.064821221845975038 -0.019401293281542598 0.072147705900007297 0.051795548379499678 -0.0021598327565429845 -0.048412287924191354
leaf_weight=29.781536780297756 39.325509458780289 84.74577197432518 32.831776857376099 10.115427322685717 11.409542113542555 3.9713196158409101 3.3839072734117499 38.725169345736504 4.0645303875207901 16.274618476629257 16.021146446466449 10.816962718963621 5.1225148737430564 7.2238500565290442
leaf_count=248 186 782 149 76 82 28 22 166 17 94 70 48 29 47
internal_value=-0.000509123 -0.0244397 0.00487671 0.0322737 0.0507313 0.0286155 -0.000272835 0.0564696 0.00241158 0.014874 0.021979 0.0101235 0.0541451 0.000439934
internal_weight=313.814 172.268 87.5222 57.7407 47.6252 141.546 14.7934 46.761 8.03585 94.7846 78.51 57.3663 21.1437 46.5494
internal_count=2044 1359 577 329 253 685 104 211 45 474 380 281 99 233
is_linear=0
shrinkage=0.05


Tree=15
num_leaves=15
num_cat=0
split_feature=13 14 12 2 3 9 9 13 5 1 3 3 3 23
split_gain=82.1784 39.2321 26.2652 21.2929 20.0988 19.503 17.9803 17.3369 21.8766 15.0281 15.1479 12.8277 15.9669 29.4828
threshold=0.090019893760967959 47.916666666666679 0.76978905597320235 10.178000000000003 5.9650000000000007 0.76848159947766914 0.63602553873068401 0.81923339049654953 2.0086415081742452 64.975000000000009 6.3050000000000006 4.3050000000000006 5.2250000000000005 1.9938249274030027
decision_type=2 2 2 2 2 2 2 2 2 2 2 2 2 2
left_child=2 3 -1 6 5 11 -2 -8 -9 10 -10 -3 -13 -14
right_child=1 4 -4 -5 -6 -7 7 8 9 -11 -12 12 13 -15
leaf_value=-0.052933387504628296 0.097645735061234751 0.027528541791200518 0.064273363248777651 0.10729878778912914 -0.029908530527873591 -0.041849657294830783 -0.054830087572461009 0.082355900493247355 -0.049637794555972573 0.07216379573749232 0.0064272908944463221 0.078060496286299019 0.09515472536222519 -0.046421763931240978
leaf_weight=72.12647957354784 3.3554822206497184 67.628420516848564 5.1191058605909339 3.6541543304920188 12.300752297043799 7.3817747682332984 25.511833034455776 6.3244886100292197 26.416318364441395 4.4268111586570731 22.149719424545765 37.186835616827011 6.6421916186809531 8.2381032779812795
leaf_count=673 17 345 22 18 88 52 215 27 189 20 122 170 28 58
internal_value=-0.000516132 0.0144006 -0.045166 -0.010972 0.0311191 0.0370264 -0.0158728 -0.0203631 -0.0055392 -0.0160291 -0.024068 0.0418908 0.0605455 0.0167744
internal_weight=308.462 231.217 77.2456 91.8388 139.378 127.077 88.1847 84.8292 59.3173 52.9928 48.566 119.696 52.0671 14.8803
internal_count=2044 1349 695 608 741 653 590 573 358 331 311 601 256 86
is_linear=0
shrinkage=0.05


Tree=16
num_leaves=15
num_cat=0
split_feature=16 4 17 11 8 29 33 8 29 27 17 19 19 11
split_gain=77.6136 37.1067 46.2896 24.2523 21.9321 17.5974 14.3482 19.9506 16.694 22.2035 15.9963 12.8122 19.4947 14.9537
threshold=0.23842983484556643 31.946477744557324 0.91771279136935779 0.078867398113378659 12.91666666666667 11.000000000000002 41.500000000000007 82.916666666666686 13.500000000000002 1.0000000180025095e-35 0.76420367335130834 1.1061604552952107 -1.2356476318640934 1.1659435628744867
decision_type=2 2 2 2 2 2 2 2 2 2 2 2 2 2
left_child=-1 2 3 -2 -3 -5 8 11 9 -7 -11 12 13 -8
right_child=1 4 -4 5 -6 6 7 -9 -10 10 -12 -13 -14 -15
leaf_value=-0.055534637074318251 0.055426859703138209 -0.0082146986381394366 -0.051000155304990247 0.086372303764806202 0.067905390235264512 -0.030172475796470567 -0.05968130518707479 -0.070800810212300933 -0.050558680022421476 0.074364739584876757 -0.033083146031403214 -0.026068355872504109 0.064618901515038518 0.026858003426989283
leaf_weight=52.937343426048756 27.361968986690044 12.553662888705729 34.830992735922337 6.1755676716566077 38.433934718370438 22.572624430060387 6.8857016041874877 6.035198673605918 23.472345218062401 12.656533867120745 4.7691312730312339 10.44063852727413 26.440731987357143 18.149410232901573
leaf_count=526 146 75 315 26 165 182 40 33 180 59 34 59 120 84
internal_value=-0.000521136 0.0110918 0.0013756 0.0124347 0.0491639 0.00388545 9.37669e-06 0.0159763 -0.0170848 0.00255886 0.0449579 0.0244347 0.034678 0.00305608
internal_weight=303.716 250.778 199.791 164.96 50.9876 137.598 131.422 67.9517 63.4706 39.9983 17.4257 61.9165 51.4758 25.0351
internal_count=2044 1518 1278 963 240 817 791 336 455 275 93 303 244 124
is_linear=0
shrinkage=0.05


Tree=17
num_leaves=15
num_cat=0
split_feature=16 14 7 29 15 17 16 34 16 27 30 3 14 16
split_gain=72.8853 34.7064 21.3743 25.0455 18.7713 22.5555 29.9221 21.1223 17.4672 16.6772 20.6615 15.3861 14.93 16.5692
threshold=0.23842983484556643 47.916666666666679 0.013922430735135351 11.000000000000002 19.500000000000004 0.88893100684544979 1.1903174266495775 0.42499999999999999 0.52763008250345211 1.0000000180025095e-35 7.5000000000000009 7.4350000000000014 74.583333333333357 2.7474723544392305
decision_type=2 2 2 2 2 2 2 2 2 2 2 2 2 2
left_child=-1 8 3 -3 -5 6 -6 -7 -2 11 -11 -10 13 -8
right_child=1 2 -4 4 5 7 12 -9 9 10 -12 -13 -14 -15
leaf_value=-0.055144292038498327 -0.054943232679823428 0.07218667571075825 -0.052509924738711217 -0.038817188872056624 0.08373761206086841 -0.042070930191783179 -0.048678963967122256 0.05972618604677174 -0.034796090187076183 0.05694725118903482 -0.025778251134499386 0.051312203997124252 -0.015136529331423272 0.053827883065918618
leaf_weight=50.702988736331463 19.806104511022568 28.109988167881966 8.3384626656770688 12.296039074659346 25.933372870087624 18.639165505766872 4.5920854955911627 7.0130994319915763 36.577865198254585 19.674730792641643 12.24567288905382 6.0450994670391074 20.562674477696419 27.854329481720924
leaf_count=526 184 122 71 78 120 166 35 34 272 87 79 29 121 120
internal_value=-0.000526667 0.0106538 0.0253351 0.0298117 0.0196213 0.0264913 0.0397271 -0.0142405 -0.0132067 -0.00211728 0.0252111 -0.0225836 0.018196 0.0393203
internal_weight=298.392 247.689 153.339 145.001 116.891 104.595 78.9425 25.6523 94.3495 74.5434 31.9204 42.623 53.0091 32.4464
internal_count=2044 1518 867 796 674 596 396 200 651 467 166 301 276 155
is_linear=0
shrinkage=0.05


Tree=18
num_leaves=15
num_cat=0
split_feature=16 4 17 34 8 25 34 15 8 17 18 17 33 23
split_gain=68.498 31.0287 40.8033 19.8658 18.8066 12.7401 12.1359 13.9021 12.8757 13.1992 15.8609 14.7569 14.2571 14.0289
threshold=0.23842983484556643 31.946477744557324 0.91771279136935779 -0.41664999999999991 12.91666666666667 0.36084639111620304 0.67795000000000016 18.000000000000004 7.916666666666667 0.41491219481539748 0.76927293943751096 0.57497681740742401 56.500000000000007 0.27734485582408092
decision_type=2 2 2 2 2 2 2 2 2 2 2 2 2 2
left_child=-1 2 3 5 -3 -2 7 -5 -9 12 -11 -12 13 -10
right_child=1 4 -4 6 -6 -7 -8 8 9 10 11 -13 -14 -15
leaf_value=-0.054772809878788055 -0.046759073906347204 -0.0079311360497906821 -0.049888903150368577 -0.024224060787868432 0.063016567376446161 0.058074461982109582 -0.024919772255679262 -0.016112240044291449 0.10156906612432588 0.069821723318330989 0.084321806157664284 -0.013620265876532579 0.055422547742779542 -0.019829554453443046
leaf_weight=48.54901210218668 19.758850544691089 12.431057982146738 32.524383120238781 13.503111056983469 37.570940598845482 3.396232843399047 14.330386966466902 13.569013535976408 2.6454287022352245 38.249866381287575 5.3524839580059078 13.663361020386217 13.584575727581976 23.698430202901363
leaf_count=526 161 75 315 84 165 18 92 86 15 193 24 89 57 144
internal_value=-0.000528368 0.0102524 0.00121191 0.0114871 0.0453782 -0.0313828 0.0186492 0.0236736 0.0295128 0.0358824 0.0512681 0.013948 0.0138161 -0.0076388
internal_weight=292.827 244.278 194.276 161.752 50.002 23.1551 138.597 124.266 110.763 97.1941 57.2657 19.0158 39.9284 26.3439
internal_count=2044 1518 1278 963 240 179 784 692 608 522 306 113 216 159
is_linear=0
shrinkage=0.05


Tree=19
num_leaves=15
num_cat=0
split_feature=16 14 9 16 2 11 17 11 13 27 30 3 14 8
split_gain=64.3772 29.3531 21.5473 16.6901 14.7148 17.0738 19.2921 30.1055 14.6886 14.412 18.0286 13.0663 10.3136 9.90965
threshold=0.23842983484556643 48.750000000000007 0.77103328659079795 0.52763008250345211 10.178000000000003 2.585788786983668 0.91771279136935779 0.28114146445366789 1.4910827849162136 1.0000000180025095e-35 7.5000000000000009 7.4350000000000014 10.41666666666667 82.916666666666686
decision_type=2 2 2 2 2 2 2 2 2 2 2 2 2 2
left_child=-1 3 4 -2 5 6 7 -3 -8 11 12 -5 -11 -9
right_child=1 2 -4 9 -6 -7 8 13 -10 10 -12 -13 -14 -15
leaf_value=-0.054418621152455007 -0.054328191301267661 0.070280019046900219 -0.053154606933978943 -0.031515532842297321 -0.058653089552728278 0.065533628521807913 -0.050605646904578194 0.018220967106088885 0.087068068695666218 0.0086125839253316152 -0.024177657667736274 0.047302711965640003 0.08292716079065765 -0.040123973830529146
leaf_weight=46.474226728081703 18.718082778155804 31.612423248589039 8.5942624360322935 36.996380105614662 4.6892350912094107 28.869041040539742 12.924318745732306 50.642152190208435 2.2790340930223456 7.6915322095155778 11.969932310283182 6.1293560266494742 11.879891097545622 8.499041445553301
leaf_count=526 184 159 75 281 38 130 130 266 10 36 79 29 51 50
internal_value=-0.000528288 0.00984259 0.0236843 -0.0121105 0.0284177 0.031446 0.0221585 0.0308908 -0.0299679 -0.00152706 0.0241589 -0.0203133 0.0537217 0.00983635
internal_weight=287.969 241.495 148.11 93.3852 139.515 134.826 105.957 90.7536 15.2034 74.6671 31.5414 43.1257 19.5714 59.1412
internal_count=2044 1518 858 660 783 745 615 475 140 476 166 310 87 316
is_linear=0
shrinkage=0.05


Tree=20
num_leaves=15
num_cat=0
split_feature=13 14 16 11 36 3 7 7 4 14 16 28 4 19
split_gain=60.6281 25.7499 19.4201 17.007 14.7339 14.1707 15.0738 18.7546 17.6052 11.7217 17.1862 14.3099 14.6278 11.2902
threshold=0.090019893760967959 48.750000000000007 3.9668251019422676 1.2264327254768979 1.0000000180025095e-35 7.1850000000000014 0.013922430735135351 0.0054294840148391013 1.6108394523858773 74.583333333333357 5.4884182653994191 1.0000000180025095e-35 4.5810482933523495 -1.995612113172873
decision_type=2 2 2 2 2 2 2 2 2 2 2 2 2 2
left_child=2 3 4 -2 -1 6 7 8 -3 10 11 12 -10 -9
right_child=1 5 -4 -5 -6 -7 -8 13 9 -11 -12 -13 -14 -15
leaf_value=0.082367538747391222 -0.021037790507440889 0.072222312865236435 0.054087725989686912 0.032027053391324188 -0.055716988284175976 -0.057893581089222525 -0.049595573826609334 -0.018887454873900006 0.082405026321339364 -0.017293478558892565 0.1044956381875612 0.071974296378329222 -0.038268956215514363 0.063217211162498274
leaf_weight=1.9991474747657765 67.380729362368584 11.635436937212942 4.7413405776023856 19.459953121840954 57.368680134415627 4.8586041405796996 5.8052239045500746 4.5995337367057791 3.077003940939913 29.511978894472122 5.79504670202732 6.3700248003005973 13.658170871436594 46.68437223136425
leaf_count=9 523 57 22 94 664 42 51 26 13 175 24 28 82 234
internal_value=-0.000528447 0.0119988 -0.0432902 -0.0091466 -0.0510671 0.0259105 0.0291132 0.0328791 0.0160589 0.00487136 0.0275054 0.00819533 -0.0160813 0.0558534
internal_weight=282.945 218.836 64.1092 86.8407 59.3678 131.995 127.137 121.332 70.0477 58.4122 28.9002 23.1052 16.7352 51.2839
internal_count=2044 1349 695 617 673 732 690 639 379 322 147 123 95 260
is_linear=0
shrinkage=0.05


Tree=21
num_leaves=15
num_cat=0
split_feature=16 29 2 32 11 13 5 8 23 1 13 11 9 2
split_gain=57.2003 25.9511 23.5018 18.1454 24.801 10.9439 16.9189 10.5554 10.2374 12.4291 9.90898 9.62354 8.37747 12.8672
threshold=0.23842983484556643 11.000000000000002 10.178000000000003 1.1250000000000002 0.076511890954655715 0.14609065361556559 1.5391071193261034 82.916666666666686 0.86348505731087055 52.945000000000007 1.1487718713376789 0.3351044884253952 0.7166826318659637 -3.8852499999999996
decision_type=2 2 2 2 2 2 2 2 2 2 2 2 2 2
left_child=-1 2 -2 4 8 -6 -7 11 -3 -10 -11 -5 13 -8
right_child=1 3 -4 7 5 6 12 -9 9 10 -12 -13 -14 -15
leaf_value=-0.053780391585542153 0.067236200958145614 -0.04411260671905979 -0.057770588114939604 0.066306356907899683 -0.055728813092720111 0.042490258528877216 -0.057264933512961635 -0.035095815067525397 0.0780082921294874 -0.045393465114489974 0.074823107284629903 0.016718788795675638 -0.040764416359745592 0.039485253119252314
leaf_weight=42.685634836554527 28.208046913146973 3.6349782720208195 4.3381039276719084 11.162718385457991 21.61383143812418 10.778771184384821 5.3929226025938979 8.6099483221769315 12.359437853097917 4.9110383614897719 2.6331853121519089 79.234348021447659 33.251313380897045 9.4731240496039373
leaf_count=526 132 31 38 56 249 65 51 51 63 46 12 393 278 53
internal_value=-0.000524126 0.00912469 0.0505739 0.00248112 -0.012099 -0.0252983 -0.0141309 0.0178037 0.0330471 0.0471387 -0.00343388 0.0228421 -0.0268146 0.0043874
internal_weight=278.287 235.602 32.5462 203.056 104.049 80.51 58.8961 99.007 23.5386 19.9037 7.54422 90.3971 48.1174 14.866
internal_count=2044 1518 170 1348 848 696 447 500 152 121 58 449 382 104
is_linear=0
shrinkage=0.05


Tree=22
num_leaves=15
num_cat=0
split_feature=13 14 12 2 9 9 2 29 8 5 11 6 13 1
split_gain=53.4406 22.7884 17.5669 16.6782 13.4782 12.4576 12.4136 14.1918 13.0092 11.5988 10.8357 10.7916 10.0057 17.0001
threshold=0.090019893760967959 48.750000000000007 0.76978905597320235 10.178000000000003 0.69615091184215194 0.77209205695055438 10.178000000000003 11.000000000000002 82.916666666666686 14.327415804550782 0.12324261509698312 0.17087742336095263 0.81923339049654953 64.975000000000009
decision_type=2 2 2 2 2 2 2 2 2 2 2 2 2 2
left_child=2 3 -1 4 9 6 7 -3 11 -2 -10 -9 -6 -14
right_child=1 5 -4 -5 12 -7 -8 8 10 -11 -12 -13 13 -15
leaf_value=-0.050657454292956455 -0.01809668780541639 0.066221453141527359 0.049919604371489582 0.095164062147003903 -0.052169354079296792 -0.050260672022803848 -0.057336894941993045 0.058289557993262422 0.040601318624099485 0.072398267142712122 -0.065267810104146562 0.018104061027517906 -0.021506736101138301 0.069961243185855115
leaf_weight=54.366542384028435 6.5824979469180089 22.610876858234406 4.7182625681161872 3.6821285635232917 20.422572277486324 5.3602948635816565 4.1569533646106711 22.70744726806879 3.6504917591810209 7.6627307236194611 7.1522573307156563 63.217207320034504 41.359120883047581 5.7911533564329138
leaf_count=673 54 109 22 18 205 45 38 119 22 35 48 351 278 27
internal_value=-0.000523679 0.0110813 -0.0426258 -0.00893241 -0.0136171 0.0243611 0.0276001 0.0305587 0.0222222 0.030582 -0.0294923 0.0287239 -0.0229349 -0.0102723
internal_weight=273.441 214.356 59.0848 85.5002 81.8181 128.856 123.495 119.338 96.7274 14.2452 10.8027 85.9247 67.5728 47.1503
internal_count=2044 1349 695 617 599 732 687 649 540 89 70 470 510 305
is_linear=0
shrinkage=0.05


Tree=23
num_leaves=15
num_cat=0
split_feature=16 29 7 32 27 29 19 13 9 34 19 19 7 34
split_gain=51.1502 22.6527 17.2933 15.7113 25.6922 19.5108 14.1705 16.6096 8.67085 15.5782 11.8962 9.13832 8.52511 9.19413
threshold=0.23842983484556643 11.000000000000002 0.013922430735135351 1.1250000000000002 1.0000000180025095e-35 14.500000000000002 0.98224844321245997 0.8996116649681799 0.74826216568864234 0.62500000000000011 1.486439437418352 -0.82940906826105321 0.0031026496895437505 0.27205000000000007
decision_type=2 2 2 2 2 2 2 2 2 2 2 2 2 2
left_child=-1 2 -2 4 -3 6 -6 -8 9 11 -10 12 -5 -14
right_child=1 3 -4 8 5 -7 7 -9 10 -11 -12 -13 13 -15
leaf_value=-0.053230780479739795 0.06328466553901485 -0.032284244711114012 -0.045892636065129333 -0.070989695920530047 0.062237331862366255 -0.04519653563900905 -0.056310503212726438 0.075170176671083166 0.051078868476138385 -0.041833520103328775 -0.040083289604392051 0.036997881355184635 0.025293966654458818 -0.057150947933667734
leaf_weight=39.306593865156174 26.597817629575733 60.182541459798813 4.1997389122843733 3.9848209023475674 20.616753205657009 9.0593120753765088 6.7087291702628118 3.7417002171278 26.290974304080013 13.364272333681582 4.1425299644470206 29.941592261195183 16.856785118579868 4.2302216589450827
leaf_count=526 131 573 39 20 105 80 73 17 127 91 26 135 76 25
internal_value=-0.000521114 0.0084901 0.0483966 0.00231783 -0.0116218 0.0193681 0.0381954 -0.0092348 0.0164688 0.00658743 0.0386701 0.0183502 -0.00391944 0.00875486
internal_weight=269.224 229.918 30.7976 199.12 100.309 40.1265 31.0672 10.4504 98.8112 68.3777 30.4335 55.0134 25.0718 21.087
internal_count=2044 1518 170 1348 848 275 195 90 500 347 153 256 121 101
is_linear=0
shrinkage=0.05


Tree=24
num_leaves=15
num_cat=0
split_feature=16 29 2 13 4 14 2 11 17 14 9 11 6 13
split_gain=48.1813 21.1419 19.0663 14.3527 15.5124 15.1143 19.5609 14.6236 19.5423 16.0856 13.347 11.2362 9.89728 8.45821
threshold=0.23842983484556643 11.000000000000002 10.178000000000003 0.10873470047047741 1.454776128413622 43.750000000000007 10.178000000000003 0.28114146445366789 0.92316791691650157 87.916666666666671 0.69615091184215194 1.1389908555608035 0.74089790869312333 4.6343349589241347
decision_type=2 2 2 2 2 2 2 2 2 2 2 2 2 2
left_child=-1 2 -2 4 -3 6 10 8 -7 12 11 -5 -9 -12
right_child=1 3 -4 5 -6 7 -8 9 -10 -11 13 -13 -14 -15
leaf_value=-0.052940212685710752 0.062642377507061878 0.073699063132520851 -0.056621084125363243 -0.011457996845629901 -0.047302787147573674 0.059159510536109433 0.10677199379866793 0.011522694183158863 -0.055559660883836404 -0.037492160784532581 -0.036028588462080881 0.085125441426230339 0.079469828475291382 0.033939488304605407
leaf_weight=37.589629717171192 26.094829455018047 3.0058048516511944 3.8449047356843939 7.2503736317157728 22.295961573719978 31.006716653704643 3.3218030333518973 47.971309319138527 4.2172116637229911 16.349863499403 45.022353664040565 5.1504605710506439 6.0334259122610083 4.7777187079191199
leaf_count=526 132 15 38 57 257 170 14 252 48 109 352 23 29 22
internal_value=-0.000518407 0.00818749 0.0473264 0.00222114 -0.032928 0.00741885 -0.0114449 0.0191258 0.0454247 0.00595899 -0.0177582 0.0286562 0.0191138 -0.029316
internal_weight=263.932 226.343 29.9397 196.403 25.3018 171.101 65.5227 105.579 35.2239 70.3546 62.2009 12.4008 54.0047 49.8001
internal_count=2044 1518 170 1348 272 1076 468 608 218 390 454 80 281 374
is_linear=0
shrinkage=0.05


Tree=25
num_leaves=15
num_cat=0
split_feature=16 29 2 33 27 29 8 14 9 19 3 9 14 16
split_gain=45.382 19.7904 17.7539 13.6799 21.5334 19.9834 13.8668 17.6184 8.46737 9.12166 7.44018 11.7336 11.6727 7.13093
threshold=0.23842983484556643 11.000000000000002 10.178000000000003 1.0000000180025095e-35 1.0000000180025095e-35 14.500000000000002 13.750000000000002 34.583333333333336 0.74826216568864234 1.4489531383129597 3.3050000000000002 0.69701541314482551 58.750000000000007 0.94494075270574107
decision_type=2 2 2 2 2 2 2 2 2 2 2 2 2 2
left_child=-1 2 -2 4 13 6 -6 -8 10 -10 -5 12 -12 -3
right_child=1 3 -4 8 5 -7 7 -9 9 -11 11 -13 -14 -15
leaf_value=-0.052659905128008881 0.061254675382079876 -0.045595252891204044 -0.056258455168520662 0.044318787782656202 -0.037616114019262126 -0.052144152545036238 -0.05648736320762815 0.068966510862947222 0.04757780453094855 -0.03109096927564925 0.054428601577891159 -0.018879880704019636 -0.023471976309789137 -0.0097578701921551703
leaf_weight=35.941894106566906 25.370149642229084 33.57320162653923 3.6803636550903311 10.343623965978621 5.1704933121800449 8.0213074758648855 3.2218409329652813 21.303108364343643 26.762420371174816 4.273094415664672 14.040274880826475 36.647229574620724 7.3136286139488211 23.66500286757946
leaf_count=526 132 402 38 47 52 77 33 110 130 27 64 205 35 166
internal_value=-0.000514661 0.00787531 0.0463671 0.00212129 -0.0114502 0.017882 0.0367974 0.0524856 0.0150884 0.0367464 0.00525349 -0.00171321 0.027748 -0.0307784
internal_weight=259.328 223.386 29.0505 194.335 94.955 37.7168 29.6954 24.5249 99.3803 31.0355 68.3448 58.0011 21.3539 57.2382
internal_count=2044 1518 170 1348 840 272 195 143 508 157 351 304 99 568
is_linear=0
shrinkage=0.05


Tree=26
num_leaves=15
num_cat=0
split_feature=16 14 9 16 15 27 2 5 8 2 19 35 21 5
split_gain=42.7728 18.4446 15.0408 12.6626 10.5 10.2353 13.9532 11.7922 13.087 9.97929 8.8025 9.44165 8.516 9.4472
threshold=0.23842983484556643 48.750000000000007 0.77103328659079795 0.52763008250345211 18.000000000000004 1.0000000180025095e-35 -3.2825999999999995 15.826826774683861 33.750000000000007 10.178000000000003 2.9270812316509334 1.0000000180025095e-35 1.324693811774676 28.77130631017716
decision_type=2 2 2 2 2 2 2 2 2 2 2 2 2 2
left_child=-1 3 4 -2 -3 7 -7 -5 -9 10 11 12 13 -6
right_child=1 2 -4 5 9 6 -8 8 -10 -11 -12 -13 -14 -15
leaf_value=-0.052388900974513097 -0.052173787137016897 -0.02946795065762315 -0.051017175742586775 -0.0436756090255861 0.075707339911986457 -0.028937672864531295 0.043400083531843089 0.046862491413852361 -0.039354235746138083 -0.055917748021915598 0.068416999437958523 -0.0050533294983610647 0.0223971470126763 -0.0033994882428091885
leaf_weight=34.361386597156525 15.090272724628447 8.8481876999139768 7.2377645224332801 21.342672370374203 17.524778619408611 9.8389581963419932 20.673303924500942 10.627524673938753 7.5130453258752814 3.5216606333851805 12.918618202209471 21.246295318007469 58.719912499189377 4.8099893927574149
leaf_count=526 184 58 75 211 79 67 99 49 50 38 71 116 400 21
internal_value=-0.000509761 0.00759635 0.0190995 -0.0106316 0.0230771 -0.00167562 0.0200741 -0.0184836 0.0111552 0.0269925 0.0295267 0.0246156 0.0323925 0.058671
internal_weight=254.274 219.913 134.827 85.0858 127.589 69.9955 30.5123 39.4832 18.1406 118.741 115.22 102.301 81.0547 22.3348
internal_count=2044 1518 858 660 783 476 166 310 99 725 687 616 500 100
is_linear=0
shrinkage=0.05


Tree=27
num_leaves=15
num_cat=0
split_feature=16 29 2 33 27 29 8 14 8 14 14 9 9 9
split_gain=40.2997 17.6984 15.504 11.7526 18.9863 18.5261 12.8418 13.1505 7.91834 10.9861 14.593 11.1269 9.65658 7.82569
threshold=0.23842983484556643 11.000000000000002 10.178000000000003 1.0000000180025095e-35 1.0000000180025095e-35 14.500000000000002 13.750000000000002 37.083333333333336 82.916666666666686 48.750000000000007 31.250000000000004 0.67839572780227198 0.74632000860987879 0.71291143184641526
decision_type=2 2 2 2 2 2 2 2 2 2 2 2 2 2
left_child=-1 2 -2 4 -3 6 -6 -8 9 10 11 -5 -13 -11
right_child=1 3 -4 8 5 -7 7 -9 -10 13 -12 12 -14 -15
leaf_value=-0.052126295214702405 0.058938525790243848 -0.029569133006685979 -0.055597421585180822 0.081270429297126148 -0.036686642731916644 -0.0516422840231925 -0.042890040589720055 0.066083273086415914 -0.033617249438120597 0.00083389463563833988 -0.044329850620379162 -0.016759504961347024 0.050362618153373867 0.047122835689722552
leaf_weight=32.846080772578716 24.034766227006916 55.014600552618504 3.3687191605567923 5.791457504034045 5.0507754534482983 7.7265053093433371 3.2064406871795681 20.269192531704903 8.0713967904448491 12.41840188205242 13.01886724680662 17.062887988984588 7.8114348053932181 34.489975929260254
leaf_count=526 132 568 38 25 52 77 34 109 51 57 85 90 41 159
internal_value=-0.000506455 0.00729489 0.0448586 0.00187518 -0.0110567 0.0170364 0.0356384 0.0511991 0.0138375 0.0180655 2.26292e-05 0.0188521 0.00431926 0.0348684
internal_weight=250.182 217.335 27.4035 189.932 91.2675 36.2529 28.5264 23.4756 98.6644 90.593 43.6846 30.6658 24.8743 46.9084
internal_count=2044 1518 170 1348 840 272 195 143 508 457 241 156 131 216
is_linear=0
shrinkage=0.05


Tree=28
num_leaves=15
num_cat=0
split_feature=13 14 2 12 36 16 8 2 29 11 17 14 16 24
split_gain=38.8585 15.1917 13.6619 12.9357 10.9436 8.06983 17.2392 7.32921 12.6645 8.88743 23.1136 13.2984 7.40426 10.4014
threshold=0.090019893760967959 43.750000000000007 10.178000000000003 0.76978905597320235 1.0000000180025095e-35 2.2361616657082046 33.750000000000007 10.178000000000003 11.000000000000002 0.29474845386704412 0.88893100684544979 87.916666666666671 5.4477086450738232 -0.50833057192989517
decision_type=2 2 2 2 2 2 2 2 2 2 2 2 2 2
left_child=3 2 5 4 -1 -2 -7 8 -3 10 -10 12 13 -11
right_child=1 7 -4 -5 -6 6 -8 -9 9 11 -12 -13 -14 -15
leaf_value=0.073077231790820249 -0.033221663888042943 0.05855204838217979 0.084895477570161415 0.042087906848022286 -0.054501291765604712 0.02511351274157006 -0.057209719266510119 -0.055296057521109138 0.054210530923414081 0.076872472826413851 -0.038735694812091243 -0.036866702925854054 0.046711162185539862 -0.0045329952539735511
leaf_weight=1.7519614249467839 31.820146426558495 19.148195087909698 3.5854700654745093 4.250689059495925 41.444558661431074 23.036407768726352 8.7842909321188909 3.2214466556906691 30.185343839228153 4.4136314243078223 8.5928157530724985 15.62999442219734 14.059592068195341 35.367831438779831
leaf_count=9 340 109 18 22 664 109 63 38 175 20 102 108 61 206
internal_value=-0.00049971 0.009246 -0.0100667 -0.0411373 -0.049327 -0.0154168 0.0023877 0.0191858 0.0210692 0.0144388 0.0336147 0.00373505 0.0155217 0.00449869
internal_weight=245.292 197.845 67.2263 47.4472 43.1965 63.6408 31.8207 130.619 127.397 108.249 38.7782 69.471 53.8411 39.7815
internal_count=2044 1349 530 695 673 512 172 819 781 672 277 395 287 226
is_linear=0
shrinkage=0.05


Tree=29
num_leaves=15
num_cat=0
split_feature=13 6 16 2 12 8 17 13 36 23 17 6 25 8
split_gain=36.4868 15.1417 12.2472 10.8133 14.6581 18.1333 13.3847 15.8261 10.305 7.93361 7.83263 9.85897 10.4149 7.23831
threshold=0.090019893760967959 0.74641717713497491 3.9668251019422676 -3.9378999999999995 0.27201550387591372 27.916666666666668 0.81618756985747554 1.5600678379838187 1.0000000180025095e-35 0.29857429520108308 0.38801699600760436 0.21761369450154508 0.15600968748336411 62.083333333333343
decision_type=2 2 2 2 2 2 2 2 2 2 2 2 2 2
left_child=2 3 8 4 -2 -6 9 -8 -1 -5 11 12 -11 -12
right_child=1 -3 -4 6 5 -7 7 -9 -10 10 13 -13 -14 -15
leaf_value=0.071671985520791334 -0.055182896897908312 0.04409418761385079 0.042349632504056704 0.091740519133906351 0.046193853181049314 -0.067584629643762939 -0.030087121443683359 0.037937291594281997 -0.054096017504881515 -0.0082870048804026958 0.015979053309350243 -0.029292639603922255 0.085570458355521281 0.053619821907230927
leaf_weight=1.6983559280633915 16.716341376304626 26.41429315507412 4.0314979106187812 3.7642763033509246 11.413182057440283 5.0518985316157332 33.432875353842974 11.488507322967051 39.728417795151472 7.2311307117342967 39.768726207315922 16.328936547040939 4.9990191161632538 18.814441218972206
leaf_count=9 159 166 22 19 55 33 315 69 664 48 251 102 24 108
internal_value=-0.000496272 0.00888915 -0.0408439 0.00338699 -0.0222012 0.0112838 0.00963793 -0.0126901 -0.04894 0.0206713 0.0176013 -0.00386825 0.0300768 0.0280677
internal_weight=240.882 195.424 45.4583 169.009 33.1814 16.4651 135.828 44.9214 41.4268 90.9065 87.1423 28.5591 12.2301 58.5832
internal_count=2044 1349 695 1183 247 88 936 384 673 552 533 174 72 359
is_linear=0
shrinkage=0.05


Tree=30
num_leaves=15
num_cat=0
split_feature=13 14 11 12 36 9 15 34 2 1 13 36 11 19
split_gain=34.2418 13.2909 12.3914 11.7769 9.77836 9.23249 8.96267 8.35401 9.75815 8.35465 8.81242 12.3473 21.3469 8.17678
threshold=0.090019893760967959 43.750000000000007 1.2264327254768979 0.76978905597320235 1.0000000180025095e-35 0.77209205695055438 18.000000000000004 0.54410000000000014 10.178000000000003 39.965000000000011 0.63824735501870389 1.0000000180025095e-35 2.585788786983668 0.35993377412979721
decision_type=2 2 2 2 2 2 2 2 2 2 2 2 2 2
left_child=3 2 -2 4 -1 6 -3 8 9 -8 11 -11 -13 -9
right_child=1 5 -4 -5 -6 -7 7 13 -10 10 -12 12 -14 -15
leaf_value=0.070377529833203292 -0.022841819321885223 -0.028886170965270727 0.026270510787883262 0.03978297698406412 -0.054172165987060761 -0.048665585568345181 0.0061688543369778992 -0.060814875199830858 -0.055165462660179743 0.079256366636868691 0.057504166509089474 -0.047429575804683551 0.056356484280850452 0.012523943733833618
leaf_weight=1.6444810032844532 48.239001262933016 8.5163699090480787 17.503601238131523 4.1287027001380912 37.77112965285778 5.0066472366452208 20.214473366737366 4.7357748448848751 3.1543436869978896 6.6879691034555462 40.551491349935532 10.675238873809578 9.2452876865863782 19.246968910098076
leaf_count=9 444 57 86 22 664 49 114 37 38 40 218 101 56 109
internal_value=-0.000494968 0.00850818 -0.00976594 -0.04056 -0.0489758 0.0178915 0.0206 0.0242804 0.0312314 0.0343505 0.0428329 0.0204737 0.000738427 -0.00195797
internal_weight=237.321 193.777 65.7426 43.5443 39.4156 128.035 123.028 114.512 90.5288 87.3745 67.16 26.6085 19.9205 23.9827
internal_count=2044 1349 530 695 673 819 770 713 567 529 415 197 157 146
is_linear=0
shrinkage=0.05


Tree=31
num_leaves=15
num_cat=0
split_feature=16 29 8 11 32 1 8 17 14 9 7 27 30 16
split_gain=32.0685 14.0086 10.4349 10.3938 17.159 11.5044 9.27736 9.21188 8.19239 15.31 9.06595 7.71895 11.0791 10.6147
threshold=0.23842983484556643 11.000000000000002 12.91666666666667 0.078867398113378659 1.1250000000000002 52.945000000000007 82.916666666666686 0.64795661226661927 48.750000000000007 0.69615091184215194 0.0076966607241339005 1.0000000180025095e-35 7.5000000000000009 0.53715660412061661
decision_type=2 2 2 2 2 2 2 2 2 2 2 2 2 2
left_child=-1 2 -2 5 11 -3 8 -7 9 -6 -11 -5 13 -13
right_child=1 3 -4 4 6 7 -8 -9 -10 10 -12 12 -14 -15
leaf_value=-0.051195002528270223 -0.041691972530249845 0.055756518049382843 0.054397869402316973 -0.03534636852436137 0.052024161470102359 0.062324347424731301 -0.04842789494686555 -0.049923846166023578 0.030075194979323035 -0.042379880713504597 0.013848329206968567 -0.0429765379816947 -0.033290394190015241 0.064653961736835394
leaf_weight=27.506074123084545 3.2562018558383015 16.514116495847706 21.35330468416214 42.612000983208418 10.071925729513167 2.6346016228198987 6.1405536755919448 5.9686907976865768 44.101684585213661 17.488653481006626 12.148618094623087 3.1501495093107232 12.017641067504883 8.3968669325113279
leaf_count=526 39 101 131 490 47 14 41 67 207 111 66 34 128 42
internal_value=-0.000488785 0.00628651 0.0416838 0.00148028 -0.00332225 0.0313324 0.0108953 -0.0155499 0.0152417 -0.0012326 -0.0193314 -0.0226476 0.000315565 0.0352912
internal_weight=233.361 205.855 24.6095 181.246 156.128 25.1174 89.9514 8.60329 83.8109 39.7092 29.6373 66.1767 23.5647 11.547
internal_count=2044 1518 170 1348 1166 182 472 81 431 224 177 694 204 76
is_linear=0
shrinkage=0.05


Tree=32
num_leaves=15
num_cat=0
split_feature=16 29 2 11 33 1 17 8 17 29 2 9 23 3
split_gain=30.2582 13.1267 12.1334 9.52395 15.6266 10.4036 8.57458 8.42802 7.57983 15.091 16.2243 10.2692 6.94583 6.45003
threshold=0.23842983484556643 11.000000000000002 10.178000000000003 0.078867398113378659 1.0000000180025095e-35 52.945000000000007 0.64795661226661927 82.916666666666686 0.77166903541639587 13.500000000000002 -3.6893499999999997 0.7454904822294629 1.4098400744690773 3.3050000000000002
decision_type=2 2 2 2 2 2 2 2 2 2 2 2 2 2
left_child=-1 2 -2 5 8 12 -7 13 9 10 -5 -12 -3 -6
right_child=1 3 -4 4 7 6 -8 -9 -10 -11 11 -13 -14 -15
leaf_value=-0.050960746977842579 0.054222437055547273 0.031343746816578859 -0.054690640796525192 -0.042585856091518437 0.050235348969765496 0.060640515462208812 -0.049101318758219145 -0.047337876591930082 -0.04729914690312792 -0.045665965357744143 0.075633796607847359 -0.0038145040364190412 0.10147533192118854 0.008855635051300997
leaf_weight=26.281836282461882 20.925808981060985 11.265084207057958 2.9131958335638037 8.2925005555152911 10.787867441773413 2.5739230364561063 5.7703080587089062 5.972160041332244 20.484356075525284 17.697179056704044 9.8707220107316989 6.917844556272029 5.1420337259769431 74.125158399343491
leaf_count=526 132 74 38 81 50 14 67 41 303 178 58 66 27 389
internal_value=-0.00048362 0.00605995 0.0409129 0.00141566 -0.00320714 0.0302058 -0.0152495 0.0100748 -0.0222884 -0.010312 0.0146337 0.0428966 0.0533232 0.0141128
internal_weight=229.02 202.738 23.839 178.899 154.148 24.7513 8.34423 90.8852 63.2626 42.7782 25.0811 16.7886 16.4071 84.913
internal_count=2044 1518 170 1348 1166 182 81 480 686 383 205 124 101 439
is_linear=0
shrinkage=0.05


Tree=33
num_leaves=15
num_cat=0
split_feature=13 6 16 2 13 17 36 13 36 18 17 23 17 14
split_gain=29.2725 12.4503 9.94764 9.1532 12.3617 10.6641 23.4384 17.8069 8.51273 8.37798 7.21841 6.56207 6.59505 9.98905
threshold=0.090019893760967959 0.74641717713497491 3.9668251019422676 -3.9378999999999995 3.4595557963400698 0.81618756985747554 1.0000000180025095e-35 1.5600678379838187 1.0000000180025095e-35 -1.2784658350700662 0.87044410094669766 0.29857429520108308 0.38801699600760436 39.583333333333336
decision_type=2 2 2 2 2 2 2 2 2 2 2 2 2 2
left_child=2 3 8 4 -2 11 -7 -8 -1 -6 -9 -5 -13 -14
right_child=1 -3 -4 5 9 6 7 10 -10 -11 -12 12 13 -15
leaf_value=0.067387803615072614 -0.048650405885176815 0.040965199500013288 0.03723869196013338 0.082189672528731744 -0.015511472543408407 0.14733375976172897 -0.040715497525548344 -0.0088364884053696389 -0.05361599826423849 0.065538444306079968 0.07302086111841942 -0.0043965821627634065 -0.0068800797416964463 0.039226646438725053
leaf_weight=1.5195540338754643 17.979679442942146 24.493945844471455 3.759676679968833 3.8725659549236289 8.6381558477878553 2.1902153417468062 29.520670596510172 5.1099185422062856 33.429785415530205 5.0538147091865531 5.6944520324468613 27.596736192703247 16.748003207147121 39.342430233955383
leaf_count=9 184 166 22 19 41 11 306 35 664 22 32 174 125 234
internal_value=-0.000478577 0.00774434 -0.0400415 0.00271357 -0.0213911 0.00858275 -0.0119627 -0.0206147 -0.0483549 0.0144047 0.0343065 0.0185587 0.0156143 0.0254597
internal_weight=224.95 186.241 38.709 161.747 31.6716 130.075 42.5153 40.325 34.9493 13.692 10.8044 87.5597 83.6872 56.0904
internal_count=2044 1349 695 1183 247 936 384 373 673 63 67 552 533 359
is_linear=0
shrinkage=0.05


Tree=34
num_leaves=15
num_cat=0
split_feature=13 6 12 2 12 8 18 13 5 36 5 7 8 20
split_gain=27.4982 11.3511 9.72726 8.39021 13.0526 15.5216 9.82088 9.71599 9.24974 8.10246 7.83853 9.07647 11.2551 7.73623
threshold=0.090019893760967959 0.74641717713497491 0.76978905597320235 -3.9378999999999995 0.27201550387591372 27.916666666666668 0.4965362317378117 0.81923339049654953 14.327415804550782 1.0000000180025095e-35 3.2204889810369823 0.005286028084963001 12.91666666666667 0.97549876080983899
decision_type=2 2 2 2 2 2 2 2 2 2 2 2 2 2
left_child=2 3 9 4 -2 -6 13 8 -8 -1 -9 -12 -13 -5
right_child=1 -3 -4 6 5 -7 7 10 -10 -11 11 12 -14 -15
leaf_value=0.066389304240932617 -0.054133671929834627 0.039283406889442221 0.035332539768590347 0.017028147573315375 0.042152265907509548 -0.066362354620913222 -0.043792232726611272 0.062217926659724657 0.029264599413415013 -0.053816818458341943 -0.030999438433717986 -0.034099951773756819 0.051022730445608171 0.083572240888479504
leaf_weight=1.4666299521923054 15.068123932927849 24.271256446838379 3.8619056344032279 60.698291067034006 11.370301619172098 4.6401222236454478 21.152732267975811 6.1703696995973578 5.4485993683338156 31.741412825882435 13.155124187469484 5.7142046838998821 12.119415685534475 4.7063289731740943
leaf_count=9 159 166 22 404 55 33 241 37 30 664 92 39 67 26
internal_value=-0.000476755 0.00741816 -0.0397735 0.0025917 -0.0207326 0.0107027 0.00820378 -0.00575994 -0.0288284 -0.0485079 0.0107542 0.000506962 0.0237479 0.0218165
internal_weight=221.585 184.515 37.0699 160.244 31.0785 16.0104 129.165 63.7604 26.6013 33.208 37.1591 30.9887 17.8336 65.4046
internal_count=2044 1349 695 1183 247 88 936 506 271 673 235 198 106 430
is_linear=0
shrinkage=0.05


Tree=35
num_leaves=15
num_cat=0
split_feature=13 6 12 36 14 4 3 11 17 14 5 14 1 12
split_gain=25.8428 10.3397 9.23647 7.67191 6.86758 8.33508 8.16666 8.0844 17.5589 7.24427 7.9195 10.9724 9.81259 6.52468
threshold=0.090019893760967959 0.74641717713497491 0.76978905597320235 1.0000000180025095e-35 43.750000000000007 32.381450423251927 7.1850000000000014 0.29638198814017763 0.92316791691650157 73.750000000000014 15.137728908565757 62.916666666666671 46.605000000000011 0.17016909645326142
decision_type=2 2 2 2 2 2 2 2 2 2 2 2 2 2
left_child=2 4 3 -1 5 13 7 8 -6 10 11 -9 -12 -2
right_child=1 -3 -4 -5 6 -7 -8 9 -10 -11 12 -13 -14 -15
leaf_value=0.065460196760844025 -0.033836532037334874 0.037657554639051932 0.033976391482692984 -0.053678415005332374 0.049257340618119663 0.067344014674278099 -0.055569224779303095 -0.054109353130304516 -0.053646408404376282 -0.017338198734181364 0.011422807318328107 0.027167785451574274 0.084447244241099007 0.00032847407462044376
leaf_weight=1.4143985807895685 25.940931100398302 24.058748543262482 3.8164289444684973 30.269250243902206 27.671174988150597 3.2150641381740561 4.4611786976456633 7.2629746720194843 4.8759544081985942 25.564366720616817 12.16145344078541 9.6959235668182355 7.3992122411727896 30.294082541018724
leaf_count=9 319 166 22 664 175 14 54 48 81 161 55 61 36 179
internal_value=-0.000473963 0.00711485 -0.0395084 -0.0483599 0.00248 -0.0109552 0.0105404 0.013657 0.0338411 0.00307556 0.0173656 -0.00764071 0.0390458 -0.0154317
internal_weight=218.101 182.601 35.5001 31.6836 158.542 59.4501 99.0922 94.6311 32.5471 62.0839 36.5196 16.9589 19.5607 56.235
internal_count=2044 1349 695 673 1183 512 671 617 256 361 200 109 91 498
is_linear=0
shrinkage=0.05


Tree=36
num_leaves=15
num_cat=0
split_feature=13 19 16 14 15 9 23 36 9 35 1 19 3 16
split_gain=24.2912 9.98907 8.77771 8.30187 8.20805 7.71406 7.53479 7.23369 7.20941 8.29993 7.49483 11.6609 10.2831 7.71395
threshold=0.090019893760967959 3.0868045278538285 3.9668251019422676 43.750000000000007 19.500000000000004 0.6668738689453706 2.9406472702601536 1.0000000180025095e-35 0.77209205695055438 1.0000000180025095e-35 40.455000000000005 1.486439437418352 5.1650000000000009 0.98218689917956314
decision_type=2 2 2 2 2 2 2 2 2 2 2 2 2 2
left_child=2 3 7 5 -5 -2 -7 -1 9 10 13 -12 -13 -6
right_child=1 -3 -4 4 8 6 -8 -9 -10 -11 11 12 -14 -15
leaf_value=0.064594045735395011 0.051176381744224189 0.059528382742566492 0.03463944404575519 -0.025465619907083816 0.067476982375827152 -0.021283783143120766 0.047578382016122668 -0.053264860575279106 -0.046757599730097632 -0.0090681302245902741 0.054537111257441623 0.029435409282687671 -0.051045076036560916 -0.011702123433863157
leaf_weight=1.3629992455244089 4.6377558149397364 8.5639525428414327 3.5948675721883765 12.780274298042057 3.7343707531690624 51.248309195041656 4.3061477765440932 29.039199393242598 4.2306117191910735 19.566193036735058 34.972042348235846 13.692343279719354 5.5891229808330527 17.449599377810955
leaf_count=9 31 63 22 94 22 462 28 664 44 119 220 102 62 102
internal_value=-0.000469511 0.00682283 -0.0392447 0.00420175 0.0122493 -0.0107744 -0.0159461 -0.047981 0.0171066 0.0199505 0.0274771 0.0373251 0.00610651 0.0022558
internal_weight=214.768 180.771 33.9971 172.207 112.015 60.1922 55.5545 30.4022 99.2343 95.0037 75.4375 54.2535 19.2815 21.184
internal_count=2044 1349 695 1286 765 521 490 673 671 627 508 384 164 124
is_linear=0
shrinkage=0.05


Tree=37
num_leaves=15
num_cat=0
split_feature=16 29 2 13 2 14 9 11 14 17 2 6 32 31
split_gain=23.0114 9.98637 10.8003 8.01989 8.88809 10.0518 9.74527 9.63036 11.2484 10.6629 7.9546 7.014 6.42365 6.20558
threshold=0.23842983484556643 11.000000000000002 10.178000000000003 0.10873470047047741 10.178000000000003 43.750000000000007 0.69615091184215194 0.28114146445366789 87.916666666666671 0.92316791691650157 -0.14734999999999995 0.6712136151108391 1.1250000000000002 0.48500000000000004
decision_type=2 2 2 2 2 2 2 2 2 2 2 2 2 2
left_child=-1 2 -2 10 5 6 12 9 11 -7 -3 13 -5 -9
right_child=1 3 -4 4 -6 7 -8 8 -10 -11 -12 -13 -14 -15
leaf_value=-0.049945954162362804 0.05103492983922249 0.061711583481808586 -0.054451657599195957 -0.016870190449135108 0.088448059483396346 0.046163631700775976 -0.025348183444452596 -0.010197596795900396 -0.037041722285195776 -0.053788386893364064 -0.044133790361789826 0.05095044036574771 0.059898049445111214 0.030447992916042582
leaf_weight=21.146069474518299 18.565662525594238 2.0134625732898739 2.7913186065852633 4.748961001634596 3.0964348018169394 26.777514129877094 42.544636368751526 27.062616012990475 14.455408927053211 2.9635892622172824 14.992031212896107 9.7958552762866002 6.3935981765389442 14.380708254873751
leaf_count=526 132 15 38 51 14 170 374 155 109 48 257 52 29 74
internal_value=-0.000460418 0.00503027 0.037248 0.000964232 0.00460239 0.0028614 -0.0144463 0.0125978 0.00191096 0.0362038 -0.0316016 0.0129002 0.0271794 0.0039063
internal_weight=211.728 190.582 21.357 169.225 152.219 149.123 53.6872 95.4357 65.6946 29.7411 17.0055 51.2392 11.1426 41.4433
internal_count=2044 1518 170 1348 1076 1062 454 608 390 218 272 281 80 229
is_linear=0
shrinkage=0.05


Tree=38
num_leaves=15
num_cat=0
split_feature=13 6 12 36 12 24 14 9 9 34 27 30 14 13
split_gain=21.5077 8.64352 8.42597 6.55053 5.81318 5.5881 5.63285 7.59026 8.58368 11.3176 6.67563 7.76773 9.2299 7.34742
threshold=0.090019893760967959 0.74641717713497491 0.76978905597320235 1.0000000180025095e-35 0.63278739933280359 -0.6903888973153417 47.916666666666679 0.6668738689453706 0.76285663657965141 0.27205000000000007 1.0000000180025095e-35 7.5000000000000009 10.41666666666667 4.6343349589241347
decision_type=2 2 2 2 2 2 2 2 2 2 2 2 2 2
left_child=2 5 3 -1 -3 -2 7 -7 10 -10 13 12 -12 -9
right_child=1 4 -4 -5 -6 6 -8 8 9 -11 11 -13 -14 -15
leaf_value=0.063052709919548158 -0.072333533544735651 0.048150220050440271 0.032687156126072106 -0.05343543916042353 -0.013335351504250186 0.049958659788443688 0.011533824790893406 -0.050301704921906144 -0.037170335005304776 0.072089238236451567 -0.022398252914309622 -0.04242911572254085 0.052244333577853845 0.036801116225196648
leaf_weight=1.2647359371185363 2.4843901917338362 17.967295639216903 3.654013365507125 26.368139080703259 4.8905830457806578 5.1990512534975997 87.364370822906494 21.354959130287174 3.8957524932920915 6.0523932874202728 7.9799386821687284 8.5046148970723134 8.6102292761206609 2.730671599507331
leaf_count=9 29 125 22 664 41 32 582 250 50 44 60 74 50 12
internal_value=-0.000451977 0.0063019 -0.0386682 -0.0481039 0.034995 0.00204792 0.00326613 -0.00796236 -0.0130552 0.0293025 -0.0216233 -0.00357621 0.0163409 -0.0404266
internal_weight=208.321 177.034 31.2869 27.6329 22.8579 154.176 151.692 64.3276 59.1286 9.94815 49.1804 25.0948 16.5902 24.0856
internal_count=2044 1349 695 673 166 1183 1154 572 540 94 446 184 110 262
is_linear=0
shrinkage=0.05


Tree=39
num_leaves=15
num_cat=0
split_feature=16 29 2 13 5 32 30 9 4 1 17 1 13 4
split_gain=20.6174 8.79597 10.0799 7.14829 7.91529 9.06664 10.2173 7.92794 7.13748 5.96703 12.4049 5.7637 6.45566 5.59746
threshold=0.23842983484556643 11.000000000000002 10.178000000000003 0.10873470047047741 1.2979485260914807 1.1250000000000002 6.5000000000000009 0.7166826318659637 1.454776128413622 45.20000000000001 0.71011530963566305 52.945000000000007 0.85311218168311453 38.198749600852757
decision_type=2 2 2 2 2 2 2 2 2 2 2 2 2 2
left_child=-1 2 -2 8 11 6 7 -6 -3 -9 -11 -5 -13 -7
right_child=1 3 -4 4 5 13 -8 9 -10 10 -12 12 -14 -15
leaf_value=-0.049542578477472787 0.049567293824353924 0.060553455217280533 -0.054295146493939933 0.06970380164774867 0.037202089518445579 0.0069129120497308395 -0.049078196281929373 -0.052450730304915649 -0.043156006781246516 0.041443107772591276 -0.043990609094003028 -0.047776629425108325 0.064818200776320972 0.0548268831269128
leaf_weight=19.371006920933723 17.568205393850807 1.880452275276183 2.6943064928054801 7.5777940005063993 9.8319603726267797 80.101983413100243 16.025054790079594 7.6857327669858959 14.087831471115349 8.8928862139582652 8.1362812705337983 2.9229141175746918 2.2553294748067856 6.5975028425455085
leaf_count=526 132 15 38 53 66 437 194 80 257 64 101 36 13 32
internal_value=-0.000448776 0.00465702 0.0357567 0.000860791 0.00424585 0.000744902 -0.0160802 -0.000773557 -0.030943 -0.0158808 0.000624157 0.0419206 0.00126286 0.010559
internal_weight=205.629 186.258 20.2625 165.996 150.027 137.271 50.5719 34.5469 15.9683 24.7149 17.0292 12.756 5.17824 86.6995
internal_count=2044 1518 170 1348 1076 974 505 311 272 245 165 102 49 469
is_linear=0
shrinkage=0.05


Tree=40
num_leaves=15
num_cat=0
split_feature=16 19 17 16 19 33 13 4 20 13 25 1 34 2
split_gain=19.4682 7.85258 8.05748 10.1911 9.2974 9.05725 10.8893 6.9748 6.93967 6.76755 8.78466 14.6888 6.71933 8.05389
threshold=0.23842983484556643 3.0868045278538285 0.92745509277344118 3.759188686540901 -1.1016815121057293 63.500000000000007 1.013649799151805 1.3603941545095306 0.84606662600711557 0.79158804561368601 1.9113041631999568 52.945000000000007 0.42499999999999999 -3.0847499999999992
decision_type=2 2 2 2 2 2 2 2 2 2 2 2 2 2
left_child=-1 2 4 -4 5 6 -2 -6 -5 10 11 -9 13 -11
right_child=1 -3 3 8 7 -7 -8 9 -10 12 -12 -13 -14 -15
leaf_value=-0.049320428756000081 0.062433778671015988 0.053669763213595213 -0.049045629498334964 -0.01572939174017348 0.061683907720196621 0.024537415593512475 -0.03543086270995565 0.073418349423980414 0.073932065404989908 -0.008175767860269802 0.024989637490392222 -0.052076184758998403 0.0014499842476700573 0.044827669368772312
leaf_weight=18.507188260555267 3.1434121951460829 7.7711084783077231 15.438695523887874 5.866591848433016 7.3532139137387267 12.10636220872402 29.684775073081255 2.7807598486542764 3.4139177277684212 9.2867564558982831 11.256855189800261 14.439368963241575 29.704370129853487 31.398970387876034
leaf_count=526 23 64 289 45 56 57 262 17 19 64 71 180 190 181
internal_value=-0.000442509 0.00448326 0.00230992 -0.0241545 0.0066378 -0.0124279 -0.02606 0.0147032 0.0172534 0.011209 -0.00935786 -0.0318109 0.0195296 0.0327293
internal_weight=202.152 183.645 175.874 24.7192 151.155 44.9345 32.8282 106.22 9.28051 98.8671 28.477 17.2201 70.3901 40.6857
internal_count=2044 1518 1454 353 1101 342 285 759 64 703 268 197 435 245
is_linear=0
shrinkage=0.05


Tree=41
num_leaves=15
num_cat=0
split_feature=16 29 7 13 5 32 30 8 9 4 1 17 16 11
split_gain=18.3835 7.87637 7.20755 6.37551 7.07203 8.00976 9.47884 8.74456 7.0096 6.30657 5.57206 11.0317 5.55099 5.34195
threshold=0.23842983484556643 11.000000000000002 0.013922430735135351 0.10873470047047741 1.2979485260914807 1.1250000000000002 6.5000000000000009 82.916666666666686 0.7166826318659637 1.454776128413622 45.20000000000001 0.71011530963566305 4.0937472908228409 0.3351044884253952
decision_type=2 2 2 2 2 2 2 2 2 2 2 2 2 2
left_child=-1 2 -2 9 -5 6 8 13 -6 -3 -10 -12 -11 -7
right_child=1 3 -4 4 5 7 -8 -9 10 12 11 -13 -14 -15
leaf_value=-0.049097981807794559 0.047318064624932848 0.059403649397219975 -0.039776946765134366 0.0408224011058584 0.035101079151401648 0.047981022856283445 -0.048324295540349407 -0.047453403552689087 -0.05165064987264735 -0.054961966848096268 0.038568072458161691 -0.042927851174481751 0.039851031849287878 0.0092899604536873827
leaf_weight=17.682344293221831 16.345329083502296 1.7289782240986813 2.7793390750885001 11.913820795714853 9.7075143083929998 10.228990592062472 15.187778271734713 6.1887425929307929 7.3111764490604427 11.422284282743929 8.9348909519612807 7.7581379786133757 1.7849866151809681 69.7719596773386
leaf_count=526 131 15 39 102 66 55 194 43 80 248 64 101 9 371
internal_value=-0.000436999 0.00431514 0.0346608 0.000731385 0.00389373 0.000636906 -0.015527 0.00980743 -0.000751117 -0.0303925 -0.0152501 0.000692584 -0.0421478 0.014237
internal_weight=198.746 181.064 19.1247 161.939 147.003 135.089 48.8995 86.1897 33.7117 14.9362 24.0042 16.693 13.2073 80.001
internal_count=2044 1518 170 1348 1076 974 505 469 311 272 245 165 257 426
is_linear=0
shrinkage=0.05


Tree=42
num_leaves=15
num_cat=0
split_feature=16 29 2 13 2 14 9 5 8 2 13 27 9 0
split_gain=17.3563 7.38509 8.71179 5.97866 7.76654 7.56633 8.39878 6.68573 7.32905 5.94405 5.73672 6.43548 6.09945 5.50674
threshold=0.23842983484556643 11.000000000000002 10.178000000000003 0.10873470047047741 10.178000000000003 43.750000000000007 0.69615091184215194 3.0467615989779984 82.916666666666686 -0.14734999999999995 4.6343349589241347 1.0000000180025095e-35 0.7454904822294629 23.095000000000002
decision_type=2 2 2 2 2 2 2 2 2 2 2 2 2 2
left_child=-1 2 -2 9 5 6 -5 -7 13 -3 11 -8 -13 -9
right_child=1 3 -4 4 -6 7 10 8 -10 -11 -12 12 -14 -15
leaf_value=-0.048874737687867792 0.047424111951665675 0.058909268542341936 -0.053876492929715858 0.02585874574569957 0.083938096025438488 0.041574253985309458 -0.051409544888720141 0.027210828604937672 -0.04193905680131995 -0.041758236257955744 0.027899204368364728 -0.036898092087772776 0.023110636455871872 -0.0015102935044845368
leaf_weight=16.894871134310961 16.068188175559047 1.6581073403358466 2.445381447672843 10.724111706018446 2.9560416936874381 14.650810200721024 18.34159229695797 27.544033523648977 7.584939192980527 12.680958133190867 4.7055793702602378 9.0135229602456111 7.9865187965333453 42.347845207899809
leaf_count=526 132 15 38 80 14 122 236 160 63 257 22 56 60 263
internal_value=-0.000434611 0.00414488 0.0340437 0.000689479 0.00371812 0.00205867 -0.0134396 0.0105997 0.00474249 -0.0301175 -0.0239632 -0.0308684 -0.00870635 0.00980855
internal_weight=195.603 178.708 18.5136 160.194 145.855 142.899 50.7713 92.1276 77.4768 14.3391 40.0472 35.3416 17 69.8919
internal_count=2044 1518 170 1348 1076 1062 454 608 486 272 374 352 116 423
is_linear=0
shrinkage=0.05


Tree=43
num_leaves=15
num_cat=0
split_feature=16 29 2 32 2 17 29 14 8 12 14 9 8 19
split_gain=16.3883 6.93861 8.16309 5.70261 9.29114 10.4002 14.4293 15.3624 5.31591 5.19868 5.07301 10.2281 8.21824 11.5193
threshold=0.23842983484556643 11.000000000000002 10.178000000000003 1.1250000000000002 -3.8852499999999996 0.91771279136935779 14.500000000000002 39.583333333333336 82.916666666666686 0.28895891690011338 48.750000000000007 0.69615091184215194 32.916666666666671 -1.5213480922374347
decision_type=2 2 2 2 2 2 2 2 2 2 2 2 2 2
left_child=-1 2 -2 4 -3 6 7 -6 10 -9 11 -5 13 -13
right_child=1 3 -4 8 5 -7 -8 9 -10 -11 -12 12 -14 -15
leaf_value=-0.048650190987169696 0.04659325615436561 -0.051693192320060657 -0.053674245185432283 0.043927092793897116 -0.031700986492317798 -0.044306423917253729 -0.037207786041009008 0.054162784777480481 -0.033683214314481208 -0.017971881776347946 0.023979830152663896 -0.056961129974877192 -0.059037099026891207 0.023913547934383141
leaf_weight=16.143218306824565 15.550199098885061 11.277044359594582 2.3346621841192237 9.642757020890711 8.5943867936730367 11.611000809818504 12.46193929389119 21.858159411698583 6.768824689090251 2.8199648261070243 44.254943408071995 6.1842876523733166 7.8967891186475745 15.285501889884474
leaf_count=526 132 163 38 47 125 270 108 164 51 18 216 42 69 75
internal_value=-0.000428564 0.00398092 0.0335045 0.000652799 -0.0102051 -0.00204646 0.00868245 0.0258702 0.00892862 0.04592 0.0123927 -0.000752606 -0.0154236 0.000617918
internal_weight=192.684 176.54 17.8849 158.656 68.6225 57.3455 45.7345 33.2725 90.0331 24.6781 83.2643 39.0093 29.3666 21.4698
internal_count=2044 1518 170 1348 848 685 415 307 500 182 449 233 186 117
is_linear=0
shrinkage=0.05


Tree=44
num_leaves=15
num_cat=0
split_feature=16 21 2 4 16 1 12 8 27 30 14 5 14 11
split_gain=15.4763 6.60319 6.21556 10.2886 9.44645 11.9866 8.82661 9.83219 5.28751 8.7909 9.77154 7.57852 6.33452 6.0789
threshold=0.23842983484556643 0.20079896727367388 -3.8852499999999996 1.3603941545095306 0.52763008250345211 52.945000000000007 0.38714407954910429 22.083333333333339 1.0000000180025095e-35 6.5000000000000009 83.750000000000014 7.2341189185412738 2.0833333333333339 0.06533081473741191
decision_type=2 2 2 2 2 2 2 2 2 2 2 2 2 2
left_child=-1 -2 6 -4 5 -5 -3 -8 11 -10 12 13 -11 -6
right_child=1 2 3 4 8 -7 7 -9 9 10 -12 -13 -14 -15
leaf_value=-0.048423858920716843 0.034602230719509422 -0.043404408986467552 0.058501709178984042 0.062378747099475967 0.045731632721433817 -0.05239156604744466 0.048490159609252625 -0.043313603860782285 0.045956086617395732 0.042474802721599168 0.035059603494898499 0.0065863897968775221 -0.048917481696635484 -0.052935672496256886
leaf_weight=15.425881596282123 15.847072318196295 16.977678455412391 8.5392911806702596 2.7250119335949448 1.8458232283592213 13.774912400171159 7.4041043370962125 4.8120689392089844 19.163544461131096 2.3600060194730785 10.521602354943751 49.999304037541151 9.6429695896804315 10.118556216359137
leaf_count=526 101 194 74 20 13 296 36 31 106 11 94 313 90 139
internal_value=-0.000427671 0.00383397 0.000745729 0.00547083 0.00170188 -0.0334369 -0.0200833 0.0123278 0.00729549 0.0210635 -0.000114799 -0.00196736 -0.0309481 -0.0377136
internal_weight=189.158 173.732 157.885 128.691 120.152 16.4999 29.1939 12.2162 103.652 41.6881 22.5246 61.9637 12.003 11.9644
internal_count=2044 1518 1417 1156 1082 316 261 67 766 301 195 465 101 152
is_linear=0
shrinkage=0.05


Tree=45
num_leaves=15
num_cat=0
split_feature=13 12 19 13 2 12 8 17 36 13 11 18 18 17
split_gain=14.836 6.75085 6.75083 4.98422 6.3226 11.4092 10.8849 6.52638 15.2141 11.1931 10.7282 7.49787 6.33565 6.14946
threshold=0.090019893760967959 0.76978905597320235 3.0868045278538285 6.2951662387001628 -3.8852499999999996 0.38714407954910429 27.916666666666668 0.81618756985747554 1.0000000180025095e-35 1.720833351280332 2.095702410653137 1.8358004276192241 -1.3210108440706303 0.87044410094669766
decision_type=2 2 2 2 2 2 2 2 2 2 2 2 2 2
left_child=1 -1 3 4 5 -2 12 -6 -9 10 -10 -12 -7 -11
right_child=2 -3 -4 -5 7 6 -8 8 9 13 11 -13 -14 -15
leaf_value=-0.048066601197422322 -0.047217015746329638 0.029296067641395442 0.054741758146368252 0.072879935638166846 0.014986443293816713 0.0034010865048080354 -0.053925376795682149 0.11660404361211613 -0.050202020732715208 -0.00044627320220562048 0.030167694736468693 -0.064324380069415071 0.085836237182004546 0.092270800931426256
leaf_weight=20.42493594437838 16.215554166585211 3.2715983241796485 6.536914885044097 2.5019716918468466 81.395367167890072 4.6398431062698355 3.9840036295354357 2.2761442624032489 21.001500517129898 4.1118012964725486 9.3554796576499921 2.706755891442298 4.6835907697677603 3.1649019867181778
leaf_count=673 193 22 63 12 573 25 27 11 280 30 81 16 20 18
internal_value=-0.000425083 -0.0373857 0.00496225 0.00287682 0.00173606 -0.0190593 0.0152519 0.00668672 -0.00916531 -0.0162616 -0.0286173 0.00896375 0.0448121 0.0398797
internal_weight=186.27 23.6965 162.574 156.037 153.535 29.523 13.3074 124.012 42.6166 40.3404 33.0637 12.0622 9.32343 7.2767
internal_count=2044 695 1349 1286 1274 265 72 1009 436 425 377 97 45 48
is_linear=0
shrinkage=0.05


Tree=46
num_leaves=15
num_cat=0
split_feature=13 12 19 36 19 13 36 25 33 13 6 16 5 18
split_gain=13.8641 6.37237 6.35073 4.77558 4.76533 8.77976 21.6093 12.1085 7.56813 9.10003 6.77976 6.72078 8.8946 5.51646
threshold=0.090019893760967959 0.76978905597320235 3.0868045278538285 1.0000000180025095e-35 -1.1016815121057293 0.79158804561368601 1.0000000180025095e-35 1.9113041631999568 63.500000000000007 1.013649799151805 0.69197045625079523 0.78652334218892783 8.4298486956790413 0.45808653647010189
decision_type=2 2 2 2 2 2 2 2 2 2 2 2 2 2
left_child=1 3 4 -1 8 6 -6 -8 9 -2 11 -7 -13 -14
right_child=2 -3 -4 -5 5 10 7 -9 -10 -11 -12 12 13 -15
leaf_value=0.059309906282428375 0.06356833932370741 0.028130261924459495 0.053918473895756817 -0.053274167105717446 0.083391692757164071 0.051078551811347975 -0.051135171909070666 0.011185875715507979 0.022117925515620696 -0.033661333043326705 0.069553851816742826 -0.033333597801399092 0.032400141028648376 -0.0015623074350759533
leaf_weight=0.99207624047995224 2.6393847018480328 3.2377065792679778 6.3106594681739798 18.629696102812886 5.1725362166762343 10.2005283460021 19.799268253147602 12.853957179933785 11.859720863401888 27.273605439811945 5.8732928037643424 11.042699318379162 25.435616202652454 22.562206909060478
leaf_count=9 22 22 63 664 41 82 306 98 57 262 35 105 133 145
internal_value=-0.000420218 -0.0368584 0.00475268 -0.0475819 0.00274723 0.00808397 -0.0115612 -0.0266025 -0.0116816 -0.0250822 0.0179768 0.0136018 0.00712689 0.0164355
internal_weight=183.883 22.8595 161.023 19.6218 154.713 112.94 37.8258 32.6532 41.7727 29.913 75.1143 69.2411 59.0405 47.9978
internal_count=2044 695 1349 673 1286 945 445 404 341 284 500 465 383 278
is_linear=0
shrinkage=0.05


Tree=47
num_leaves=15
num_cat=0
split_feature=16 21 2 4 13 36 11 33 1 4 16 5 0 21
split_gain=13.0823 5.60885 5.0789 8.90756 8.9937 11.8043 15.2011 8.78983 7.24973 7.5104 7.15763 5.17316 4.43114 3.56761
threshold=0.23842983484556643 0.20079896727367388 -3.8852499999999996 1.3603941545095306 0.79158804561368601 1.0000000180025095e-35 2.455307236258141 56.500000000000007 66.335000000000022 5.0850016032244651 3.8347805778780564 8.4298486956790413 16.765000000000004 2.4787817153893941
decision_type=2 2 2 2 2 2 2 2 2 2 2 2 2 2
left_child=-1 -2 7 -4 5 -5 12 -3 9 -6 -8 -11 -7 -10
right_child=1 2 3 4 8 6 10 -9 13 11 -12 -13 -14 -15
leaf_value=-0.047777205776402105 0.032095895870054243 -0.042409723135554377 0.055882440653826304 0.080025880881174211 0.048613866183144359 0.055243632053814322 -0.032509287826034294 0.014674614690613411 0.020630469174443351 -0.037262648715114789 0.043911688292185759 0.0050574933879157374 -0.050299005090453403 0.076370205135796829
leaf_weight=13.491712776944039 15.460357323288916 16.322922028601173 7.9888944923877707 2.9332610741257659 8.5669802539050561 1.0351533144712473 4.5829940773546687 11.490691736340521 5.7476457618176919 8.6304046101868135 9.2441587597131711 44.219995766878128 25.315525220707059 5.735162153840065
leaf_count=526 101 204 74 16 64 9 38 57 41 82 80 259 456 37
internal_value=-0.000414693 0.00340539 0.000483619 0.00481491 0.00129824 -0.0168051 -0.0238744 -0.0188264 0.012004 0.00518623 0.018582 -0.00185333 -0.0461529 0.04847
internal_weight=180.766 167.274 151.814 124 116.011 43.1111 40.1778 27.8136 72.9002 61.4174 13.8272 52.8504 26.3507 11.4828
internal_count=2044 1518 1417 1156 1082 599 583 261 483 405 118 341 465 78
is_linear=0
shrinkage=0.05


Tree=48
num_leaves=15
num_cat=0
split_feature=16 19 14 17 1 4 18 18 34 34 3 17 33 17
split_gain=12.3535 5.43986 5.91799 6.06467 9.51008 8.4742 7.01642 6.8312 6.66501 7.92528 6.41736 8.28133 7.90367 6.45727
threshold=0.23842983484556643 3.0868045278538285 5.416666666666667 0.81618756985747554 52.945000000000007 24.56916106381987 1.8238792792294511 -0.52461812026433041 -0.81249999999999989 0.42499999999999999 5.7800000000000002 0.44272551855136821 53.000000000000007 0.25099195708865196
decision_type=2 2 2 2 2 2 2 2 2 2 2 2 2 2
left_child=-1 2 -2 7 -5 -6 -7 8 -4 10 11 12 -10 -14
right_child=1 -3 3 4 5 6 -8 -9 9 -11 -12 -13 13 -15
leaf_value=-0.047537818927140263 -0.024634002303928933 0.049382781999228173 -0.062242768927102336 0.055958874413940068 -0.050487053445825693 0.0098598188597634785 -0.063001856454028796 0.025496941545426088 -0.049355201058552844 -0.039505604413831892 0.065989939150501595 0.058402198664254418 0.0287005719366943 -0.043616439655939962
leaf_weight=12.896725302562116 19.079649850726128 6.1580982729792586 4.0880196429789057 4.7991642653942099 13.580703828483818 21.240334961563352 3.9128014966845504 47.693396668881178 7.5845246873796048 8.3259354680776578 5.2015790939331046 6.0549349039793006 13.261943370103838 4.0232229679822913
leaf_count=526 225 64 43 30 305 163 23 357 72 80 25 47 62 22
internal_value=-0.000409322 0.00327424 0.00148672 0.00505248 -0.010433 -0.0186591 -0.00147448 0.0120576 -0.00114722 0.0044714 0.0146067 0.00596394 -0.00680302 0.0118684
internal_weight=177.901 165.004 158.846 139.767 43.533 38.7338 25.1531 96.2336 48.5402 44.4521 36.1262 30.9246 24.8697 17.2852
internal_count=2044 1518 1454 1229 521 491 186 708 351 308 228 203 156 84
is_linear=0
shrinkage=0.05


Tree=49
num_leaves=15
num_cat=0
split_feature=13 12 19 13 5 34 21 19 4 19 17 13 18 14
split_gain=11.7953 5.75068 5.56261 4.53357 5.59704 3.48217 8.86739 4.54283 5.33201 6.21803 5.50869 5.14474 5.0477 4.80132
threshold=0.090019893760967959 0.76978905597320235 3.0868045278538285 6.2951662387001628 34.660884359185545 -0.41664999999999991 2.3668776045689355 1.3146139810514059 32.381450423251927 2.3188327901757955 0.85558352560246076 0.79158804561368601 1.1172397102062723 5.416666666666667
decision_type=2 2 2 2 2 2 2 2 2 2 2 2 2 2
left_child=1 -1 3 4 5 6 -2 13 10 -10 11 -9 -13 -7
right_child=2 -3 -4 -5 -6 7 -8 8 9 -11 -12 12 -14 -15
leaf_value=-0.047547393370994263 0.025737488943023409 0.026379442735207311 0.052439048798204636 0.070743468271475082 -0.07024947859704489 -0.021227960508998851 -0.048708426815758696 -0.058780911936008345 0.043587689475525236 -0.016556636508021839 -0.056875216634683569 -0.020095209252422561 0.063658520047110354 0.01542153117866365
leaf_weight=17.199536191299561 6.6770208738744286 3.1055882945656768 5.7741035297512999 2.3893631696701041 2.6824367344379416 10.039853934198616 9.9764620084315521 2.917925953865053 7.8073010891675976 9.5588899441063386 8.7808508072048408 3.7666263431310654 3.4437325298786163 81.31205571256578
leaf_count=673 37 22 63 12 14 107 175 36 42 94 107 32 23 607
internal_value=-0.000405322 -0.0362406 0.00428529 0.00242363 0.00131286 0.00264334 -0.0188602 0.00544923 -0.00952053 0.0104824 -0.0278912 -0.00276321 0.0199063 0.0113936
internal_weight=175.432 20.3051 155.127 149.353 146.963 144.281 16.6535 127.627 36.2753 17.3662 18.9091 10.1283 7.21036 91.3519
internal_count=2044 695 1349 1286 1274 1260 212 1048 334 136 198 91 55 714
is_linear=0
shrinkage=0.05


Tree=50
num_leaves=15
num_cat=0
split_feature=16 21 2 4 33 16 36 3 3 9 9 31 7 3
split_gain=11.1212 4.68912 4.43167 8.17735 7.88767 6.67911 10.3769 4.40627 7.28905 8.24771 8.59003 7.78039 7.08677 5.55533
threshold=0.23842983484556643 0.20079896727367388 -3.8852499999999996 1.3603941545095306 56.500000000000007 0.52763008250345211 1.0000000180025095e-35 4.1950000000000012 5.2250000000000005 0.76371016776356793 0.6461626220067106 0.70000000000000007 0.0058757687384932509 3.4150000000000005
decision_type=2 2 2 2 2 2 2 2 2 2 2 2 2 2
left_child=-1 -2 4 -4 -3 6 -5 12 11 10 -10 -9 13 -7
right_child=1 2 3 5 -6 7 -8 8 9 -11 -12 -13 -14 -15
leaf_value=-0.047104897199483187 0.029612944090873984 -0.041370285321580054 0.054714606307424113 0.056117996590607733 0.013589652547953841 0.011593277520578009 -0.053373528343208021 0.050333949376900458 0.057806160472403306 0.0674037990489397 -0.02007139224139199 -0.025684064386815138 0.040131063375652296 -0.029933028464916297
leaf_weight=11.872504362836478 15.048134751617907 15.418742183595898 7.5687327980995169 2.6963759064674369 11.321887493133543 12.318754851818083 10.958877341821788 18.618605338037018 4.1145397350192097 3.9871145859360686 25.396204624325037 4.1087516695260993 6.8060018476098767 23.26268202252686
leaf_count=526 101 204 74 19 57 69 297 159 21 24 212 30 71 180
internal_value=-0.000397879 0.00303307 0.000304292 0.00441117 -0.0181004 0.00101988 -0.0317533 0.00555809 0.0147349 -9.38797e-05 -0.0092133 0.0365911 -0.00661459 -0.0155561
internal_weight=173.498 161.625 146.577 119.837 26.7406 112.268 13.6553 98.6127 56.2252 33.4979 29.5107 22.7274 42.3874 35.5814
internal_count=2044 1518 1417 1156 261 1082 316 766 446 257 233 189 320 249
is_linear=0
shrinkage=0.05


Tree=51
num_leaves=15
num_cat=0
split_feature=21 19 19 23 11 7 17 5 8 14 2 17 33 14
split_gain=6.68102 7.14036 5.22193 3.90473 4.07113 3.85959 4.32305 3.34817 4.11459 9.16435 7.13268 6.2439 5.95912 7.04398
threshold=34.037660256415499 0.91800292065790434 3.0868045278538285 8.3946764717787321 3.3754712565323666 0.0044849593126600508 0.90854787485438859 35.25844645265051 32.083333333333336 43.750000000000007 -3.9378999999999995 0.91852990534100765 60.000000000000007 5.416666666666667
decision_type=2 2 2 2 2 2 2 2 2 2 2 2 2 2
left_child=2 5 3 4 7 6 -2 8 11 -10 -11 12 13 -1
right_child=1 -3 -4 -5 -6 -7 -8 -9 9 10 -12 -13 -14 -15
leaf_value=-0.036323093977728746 0.054305684367589459 -0.049653225664269558 0.051649071025691919 -0.057470566405535432 0.05753632714969862 -0.028196307184147659 -0.051268824014394643 -0.054987231209730064 -0.03854240801509675 -0.06203748122681766 0.0087707530259211429 -0.037286499139088568 0.045045295977065448 0.017798757744238849
leaf_weight=7.4120583888143292 4.6799487695097941 13.131695479154585 5.440814644098281 2.7312940657138816 3.327577978372573 4.7272241972386837 1.223047526553273 2.5684006810188285 16.140708021819592 3.8083966560661784 53.774555061012506 5.7091890554875127 14.543876323848961 31.825896423310041
leaf_count=80 46 481 63 43 32 98 55 13 269 38 406 106 81 233
internal_value=-0.000390763 -0.0249928 0.00357842 0.00173451 0.00289694 0.00547057 0.0324316 0.00155792 0.00264812 -0.00524556 0.00408767 0.0124303 0.0177079 0.00757513
internal_weight=171.045 23.7619 147.283 141.842 139.111 10.6302 5.903 135.783 133.215 73.7237 57.583 59.491 53.7818 39.238
internal_count=2044 680 1364 1301 1258 199 101 1226 1213 713 444 500 394 313
is_linear=0
shrinkage=0.05


Tree=52
num_leaves=15
num_cat=0
split_feature=13 12 6 9 8 36 19 30 17 36 13 35 5 10
split_gain=10.1462 5.04337 4.98875 5.11462 4.72344 3.97598 3.25031 6.47747 6.19789 10.1694 11.0407 8.57486 6.95737 6.65853
threshold=0.090019893760967959 0.76978905597320235 0.74641717713497491 0.72018343589716682 12.91666666666667 1.0000000180025095e-35 1.4319109959974192 9.0000000000000018 0.40406990872031057 1.0000000180025095e-35 0.69098673366238783 1.0000000180025095e-35 10.979861730802011 0.33240476195098995
decision_type=2 2 2 2 2 2 2 2 2 2 2 2 2 2
left_child=1 5 6 -4 -5 -1 8 -8 11 -10 -11 13 -12 -2
right_child=2 -3 3 4 -6 -7 7 -9 9 10 12 -13 -14 -15
leaf_value=0.057699322760604237 -0.0087516522225421327 0.024416497996987932 -0.011723516017752816 -0.023748928833301614 0.06030574801237959 -0.053203261376080127 -0.0298346392993072 0.028445263555582842 0.05777136295339852 -0.036182078861910785 0.054953722669771138 -0.06409214860282135 0.0040577390289222737 0.042017455247160163
leaf_weight=0.85585051029920656 40.004696659743786 2.9438617676496497 5.4003916457295444 1.9953936971724022 10.292869895696638 14.504977056756616 19.291481288149956 6.3327638767659655 11.633853256702421 11.754108559340237 10.035649701952936 5.9754399061202994 20.290066074579954 7.7016613259911528
leaf_count=9 353 22 39 29 98 664 211 47 86 194 70 51 129 42
internal_value=-0.000382737 -0.0355347 0.00388674 0.0288331 0.0466568 -0.0470242 0.000569424 -0.0154314 0.00438717 0.0163951 0.00495582 -0.00762794 0.0209007 -0.000555544
internal_weight=169.013 18.3047 150.708 17.6887 12.2883 15.3608 133.02 25.6242 107.395 53.7137 42.0798 53.6818 30.3257 47.7064
internal_count=2044 695 1349 166 127 673 1183 258 925 479 393 446 199 395
is_linear=0
shrinkage=0.05


Tree=53
num_leaves=15
num_cat=0
split_feature=13 12 19 13 19 33 13 13 36 25 16 6 13 18
split_gain=9.55099 4.81896 4.70924 4.12235 4.64265 6.61295 7.59328 5.46987 16.4672 9.89962 5.27958 5.47272 5.41128 6.7691
threshold=0.090019893760967959 0.76978905597320235 3.0868045278538285 6.2951662387001628 -1.1016815121057293 63.500000000000007 1.013649799151805 0.79158804561368601 1.0000000180025095e-35 1.9113041631999568 0.78652334218892783 0.69197045625079523 1.6346186071588813 0.49954739744569465
decision_type=2 2 2 2 2 2 2 2 2 2 2 2 2 2
left_child=1 -1 3 4 5 6 -2 8 -6 -10 -9 12 13 -12
right_child=2 -3 -4 -5 7 -7 -8 10 9 -11 11 -13 -14 -15
leaf_value=-0.046965269148575246 0.061728288231421236 0.023408964652851777 0.050847118400628936 0.069062624890887409 0.077672856675107274 0.017730267158415951 -0.036148103799425256 0.048676614442315212 -0.049328062139360002 0.010296325621823492 0.028325865109547873 0.065510914472902623 0.016624997125296897 -0.033581254708115231
leaf_weight=14.629799680784346 2.1610610708594349 2.917720451951026 5.1221347525715819 2.2594982385635367 4.5809393003582946 11.341173365712164 23.860806692391634 9.6216494701802713 16.671408116817478 11.952896174043415 6.2814611531794098 3.9844281002879134 36.307351227849722 14.865215029567478
leaf_count=673 22 22 63 12 41 56 257 85 306 98 41 26 225 117
internal_value=-0.000372882 -0.0352638 0.00373589 0.00205882 0.000989863 -0.0141327 -0.0280197 0.00640898 -0.0103442 -0.0244302 0.0142375 0.00884411 0.00491427 -0.0151922
internal_weight=166.558 17.5475 149.01 143.888 141.628 37.363 26.0219 104.265 33.2052 28.6243 71.0601 61.4385 57.454 21.1467
internal_count=2044 695 1349 1286 1274 335 279 939 445 404 494 409 383 158
is_linear=0
shrinkage=0.05


Tree=54
num_leaves=15
num_cat=0
split_feature=13 12 19 36 13 2 2 13 33 15 13 36 25 3
split_gain=8.91598 4.55184 4.41583 3.91315 3.8549 4.71734 8.18831 6.80727 8.68896 5.60041 6.32966 7.99063 9.86285 5.4654
threshold=0.090019893760967959 0.76978905597320235 3.0868045278538285 1.0000000180025095e-35 6.2951662387001628 -3.0182999999999995 -1.7228999999999999 1.1487718713376789 66.500000000000014 18.000000000000004 0.79158804561368601 1.0000000180025095e-35 1.9113041631999568 5.9500000000000011
decision_type=2 2 2 2 2 2 2 2 2 2 2 2 2 2
left_child=1 3 4 -1 5 7 -7 -2 13 -8 11 -11 -13 -9
right_child=2 -3 -4 -5 -6 6 9 8 -10 10 -12 12 -14 -15
leaf_value=0.057623932781383662 0.056834979119881696 0.022435744314813776 0.050004100608116046 -0.053110844459380468 0.067848213899861495 0.042551748353278199 -0.046045738793432912 -0.053375531581343817 0.016255130797201752 0.07249478851943239 0.015049308124235095 -0.04835191045110207 0.013051811887274681 -0.0046972237121258829
leaf_weight=0.84903075546026308 3.1597169488668433 2.8927238881587973 4.952402349561452 13.223691171035171 2.1867879927158347 13.767629111185668 5.8868583664298049 16.257456924766306 11.555154994130133 2.43930580839515 51.287582084536552 15.263462731614711 11.441906120628117 8.9354580361396057
leaf_count=9 25 22 63 664 12 98 38 183 58 14 369 295 95 99
internal_value=-0.000365779 -0.0346879 0.00359178 -0.04643 0.00197517 0.000946196 0.00674187 -0.0135891 -0.0196443 0.0010303 0.00447581 -0.014131 -0.0220435 -0.0361102
internal_weight=164.099 16.9654 147.134 14.0727 142.181 139.995 100.087 39.9078 36.7481 86.3191 80.4323 29.1447 26.7054 25.1929
internal_count=2044 695 1349 673 1286 1274 909 365 340 811 773 404 390 282
is_linear=0
shrinkage=0.05


Tree=55
num_leaves=15
num_cat=0
split_feature=16 19 14 2 17 7 7 8 2 15 27 14 14 7
split_gain=8.40698 3.74233 4.04202 4.67978 8.41283 4.97684 4.43414 5.31634 8.91847 6.55101 6.97836 7.47128 9.10668 6.88742
threshold=0.23842983484556643 3.0868045278538285 5.416666666666667 -2.8950999999999998 0.52618148897787331 0.0061544442017126008 0.0131121690289845 32.083333333333336 -3.9378999999999995 19.500000000000004 1.0000000180025095e-35 43.750000000000007 79.583333333333343 0.0037228119202301507
decision_type=2 2 2 2 2 2 2 2 2 2 2 2 2 2
left_child=-1 2 3 -2 -5 -6 7 -4 -9 -10 11 -11 -13 -14
right_child=1 -3 6 4 5 -7 -8 8 9 10 -12 12 13 -15
leaf_value=-0.04587729198340109 -0.049804558019846026 0.045188597929929554 0.018644536465573961 0.097595072463826288 -0.060958485192790117 0.020717862649620306 -0.046939267979770383 -0.061354913769776712 -0.035937979735006544 -0.049598727744613859 0.031585556873272705 0.028996058776116093 -0.057479740844722155 0.012579413175769723
leaf_weight=9.5478038061410171 7.9663184005767134 4.9640413373708716 48.854425271973014 1.8577400594949702 3.8419912494719028 3.6247109472751617 4.1255247853696337 5.9289474599063388 9.6040849536657316 7.2891504559665909 21.326364681124687 18.912553396075964 7.3697885703295452 6.6948297545313835
leaf_count=526 111 64 433 8 64 42 80 64 79 112 188 141 75 57
internal_value=-0.000363815 0.00248833 0.00105026 -0.0216623 0.0023809 -0.0213087 0.00406872 0.0057391 -0.00243571 0.00247082 0.00845986 -0.00378827 0.00633751 -0.0241312
internal_weight=161.908 152.36 147.396 17.2908 9.32444 7.4667 130.106 125.98 77.1257 71.1968 61.5927 40.2663 32.9772 14.0646
internal_count=2044 1518 1454 225 114 106 1229 1149 716 652 573 385 273 132
is_linear=0
shrinkage=0.05


Tree=56
num_leaves=15
num_cat=0
split_feature=13 16 6 9 3 0 20 19 33 33 20 34 23 19
split_gain=8.17256 4.27168 3.98704 4.69897 4.20817 3.68368 7.19866 5.19482 5.41787 4.98126 5.20482 3.79156 3.58539 4.76493
threshold=0.090019893760967959 3.9668251019422676 0.74641717713497491 0.72018343589716682 5.205000000000001 23.075000000000003 -1.865278402438056 -1.3478158138895846 66.500000000000014 1.0000000180025095e-35 -0.079043876356915732 0.54410000000000014 3.0754978088833891 1.486439437418352
decision_type=2 2 2 2 2 2 2 2 2 2 2 2 2 2
left_child=1 -1 5 -4 -5 7 -7 -2 9 10 -9 -10 -8 -14
right_child=2 -3 3 4 -6 6 12 8 11 -11 -12 -13 13 -15
leaf_value=-0.045985044387646598 -0.026281379372702602 0.023592807719821723 -0.012828633759591699 0.058958193758917178 -0.02109041342294805 0.049547514694955275 -0.017331070319871765 0.031954728060843415 0.038085100184651166 0.044502459152435558 -0.02102015091186786 -0.028670222391536593 0.057323597860178634 -0.0091327309446731578
leaf_weight=13.242001044563947 8.4647063389420492 2.6468987986445418 5.1774053499102619 9.2434138283133489 1.9964260719716538 5.173951217904686 53.183408943936229 10.090634535998104 2.7725991159677497 17.948905868455768 8.5785002689808625 9.1363346185535175 4.0164307728409758 8.2123045381158573
leaf_count=673 73 22 39 98 29 32 550 103 15 97 118 93 30 72
internal_value=-0.000363306 -0.0343942 0.00339178 0.0265849 0.0447399 0.000407194 -0.00722711 0.00986253 0.0161672 0.0256948 0.00761268 -0.0131285 -0.0117179 0.0126943
internal_weight=159.884 15.8889 143.995 16.4172 11.2398 127.578 70.5861 56.9917 48.527 36.618 18.6691 11.9089 65.4121 12.2287
internal_count=2044 695 1349 166 127 1183 684 499 426 318 221 108 652 102
is_linear=0
shrinkage=0.05


Tree=57
num_leaves=15
num_cat=0
split_feature=13 12 19 36 19 20 18 8 2 34 2 16 8 8
split_gain=7.624 4.05919 3.83575 3.55891 3.01721 5.19568 4.84612 4.44323 4.61665 4.19213 4.87351 6.92447 3.9978 4.72224
threshold=0.090019893760967959 0.8439426406012468 3.0868045278538285 1.0000000180025095e-35 -1.1016815121057293 -1.865278402438056 0.4965362317378117 11.250000000000002 -3.3676999999999997 0.34705000000000003 1.1925000000000001 3.0354606131196098 12.083333333333334 32.083333333333336
decision_type=2 2 2 2 2 2 2 2 2 2 2 2 2 2
left_child=1 3 4 -1 5 -2 7 -6 -9 -10 -11 -12 -8 -14
right_child=2 -3 -4 -5 6 -7 12 8 9 10 11 -13 13 -15
leaf_value=0.05732732747051255 0.034297013999131119 0.034374057357032493 0.048375274131418768 -0.05004501004622585 0.056621597661328238 -0.018364881300944394 -0.030934208907179975 -0.024964128997023414 0.035542441552078925 -0.035485228806235392 -0.031784608037079852 0.068642399354225198 0.031678194891416309 -0.0059883577393930638
leaf_weight=0.8219280540943118 5.5068769678473464 1.911539889872073 4.5590727068483821 12.639367921277881 6.5370056014508 31.333001667633653 10.748666809871791 6.9133851863443843 18.343382516875867 5.8314613103866559 2.9665753003209829 4.073053814470768 10.903171880170701 35.135577525943518
leaf_count=9 35 18 63 668 39 306 114 64 147 45 42 25 108 361
internal_value=-0.000349855 -0.0338071 0.00325062 -0.043489 0.001763 -0.0104929 0.00621343 0.0185354 0.0120055 0.0201935 -0.00168113 0.0263214 -0.00347811 0.00293206
internal_weight=158.224 15.3728 142.851 13.4613 138.292 36.8399 101.452 44.6649 38.1279 31.2145 12.8711 7.03963 56.7874 46.0387
internal_count=2044 695 1349 677 1286 341 945 362 323 259 112 67 583 469
is_linear=0
shrinkage=0.05


Tree=58
num_leaves=15
num_cat=0
split_feature=16 21 0 0 17 8 2 4 13 20 1 33 6 16
split_gain=7.16237 3.68555 3.25668 3.05255 2.98447 2.7403 6.91417 4.82023 7.04368 6.7515 7.51664 7.63761 5.29608 4.81027
threshold=0.23842983484556643 0.20079896727367388 19.925000000000004 23.155000000000005 0.032360891117125007 32.083333333333336 -3.9378999999999995 1.3603941545095306 0.64550345419131239 0.62414342802993683 46.605000000000011 63.500000000000007 0.23217805618206702 1.1544426908259855
decision_type=2 2 2 2 2 2 2 2 2 2 2 2 2 2
left_child=-1 2 -2 -4 -3 13 -7 -8 -9 10 -10 -12 -13 -6
right_child=1 4 3 -5 5 6 7 8 9 -11 11 12 -14 -15
leaf_value=-0.045097465726846662 -0.019684932970337073 -0.045938431704466744 0.07933414820553672 0.021874547971196937 -0.014825021815676574 -0.059410244028315476 0.046561804430322519 -0.033415558606536021 -0.039227372314152596 0.040784271627368023 0.034609977002299029 -0.059510199364080744 0.018399277092378551 0.017121635298385868
leaf_weight=8.4564181528985483 2.9701658822596064 3.4923923071473828 3.3229741603136045 7.5930145792663097 16.01176680251956 5.5445527099072924 4.8777401447296134 16.091702691279352 11.105367951095102 10.24916087836027 13.586910370737316 4.9372818358242494 3.9077280312776566 44.616017445921898
leaf_count=526 19 46 16 66 296 72 62 293 82 67 105 46 27 321
internal_value=-0.000340186 0.00221186 0.0267354 0.039366 -0.000321507 0.000895283 -0.00582225 -0.00123392 -0.00512741 0.00526861 -0.00558516 0.0110701 -0.0250898 0.00868454
internal_weight=156.763 148.307 13.8862 10.916 134.421 130.928 70.3004 64.7559 59.8782 43.7864 33.5373 22.4319 8.84501 60.6278
internal_count=2044 1518 101 82 1417 1371 754 682 620 327 260 178 73 617
is_linear=0
shrinkage=0.05


Tree=59
num_leaves=15
num_cat=0
split_feature=16 21 0 0 5 19 33 29 2 1 8 16 3 8
split_gain=6.75465 3.35433 3.70056 2.96726 3.49569 2.79116 5.57518 4.68815 9.65541 4.2882 9.59139 7.85702 6.19569 5.18413
threshold=0.23842983484556643 0.20079896727367388 19.520000000000007 23.155000000000005 11.215731549995914 -1.1016815121057293 56.500000000000007 13.500000000000002 -4.0982999999999992 56.940000000000005 11.250000000000002 0.52763008250345211 5.5450000000000008 12.083333333333334
decision_type=2 2 2 2 2 2 2 2 2 2 2 2 2 2
left_child=-1 2 -2 -4 -5 6 7 8 -3 10 -7 -11 -12 -13
right_child=1 5 3 4 -6 9 -8 -9 -10 11 12 13 -14 -15
leaf_value=-0.044791706278985044 -0.026484387957308116 -0.054043440575658921 0.076613281238860409 0.056947081192924055 -0.011174969166699487 0.080564666154697762 0.011501837539197892 -0.048122950812750906 0.063769804620503953 -0.052832814514997987 0.016448107218408854 -0.028480276340021871 -0.040712621099633771 0.010291976849237029
leaf_weight=8.0975327817723137 2.7342395149171344 3.5935609545558691 3.4904872775077802 3.5565665997564793 4.002557847648859 5.1038799881935111 13.818237252533434 12.635433614253996 3.3699848912656334 7.4004824617877594 29.240128379315138 10.890588343143461 5.6579078808426848 41.375211065635085
leaf_count=526 18 68 17 40 26 24 74 152 32 275 237 108 49 398
internal_value=-0.000334586 0.00211653 0.0255959 0.0384833 0.0208764 -0.000315271 -0.0128205 -0.0299689 0.00297189 0.00387753 0.0165439 -0.00461437 0.00718082 0.00221303
internal_weight=154.967 146.869 13.7839 11.0496 7.55912 133.085 33.4172 19.599 6.96355 99.6682 40.0019 59.6663 34.898 52.2658
internal_count=2044 1518 101 83 66 1417 326 252 100 1091 310 781 286 506
is_linear=0
shrinkage=0.05


Tree=60
num_leaves=15
num_cat=0
split_feature=13 16 6 9 3 5 36 19 30 34 21 14 15 16
split_gain=6.38154 3.90494 3.61896 4.33122 3.78781 3.39467 3.38092 3.27769 5.07778 4.51006 5.22038 3.73234 3.55411 5.56614
threshold=0.090019893760967959 3.9668251019422676 0.74641717713497491 0.72018343589716682 5.205000000000001 35.25844645265051 1.0000000180025095e-35 1.4319109959974192 9.0000000000000018 -0.41664999999999991 2.6962476838814897 67.916666666666671 19.500000000000004 2.3194969928129789
decision_type=2 2 2 2 2 2 2 2 2 2 2 2 2 2
left_child=1 6 5 -4 -5 7 -1 9 -9 10 -2 -10 13 -11
right_child=2 -3 3 4 -6 -7 -8 8 11 12 -12 -13 -14 -15
leaf_value=0.056911480099247097 0.013890782945774741 0.022953814649078436 -0.012423682015745813 0.058133124995638441 -0.01963980404811699 -0.063123015805416405 -0.052442580931188011 -0.028664384011860129 0.060809177670865903 -0.05851459866567546 -0.053283487434761093 -0.019638472795102693 0.013367387892715805 0.010067353174267803
leaf_weight=0.75722140073775968 5.1439248286187631 2.5814801678061476 5.0467075966298571 8.5806909874081594 1.9149500131607045 2.0910530015826216 10.617879304103553 17.975808264687661 3.2397865187376729 4.6932922583073369 6.6073203068226576 2.5978555455803871 73.409152299165726 8.0040641427040082
leaf_count=9 29 22 39 98 29 11 664 211 25 77 141 22 628 39
internal_value=-0.000330149 -0.0325638 0.00289926 0.0256406 0.0439433 4.33582e-05 -0.0451631 0.00112894 -0.015507 0.00517725 -0.023879 0.0250085 0.00914266 -0.0152824
internal_weight=153.261 13.9566 139.305 15.5423 10.4956 123.762 11.3751 121.671 23.8135 97.8578 11.7512 5.83764 86.1065 12.6974
internal_count=2044 695 1349 166 127 1183 673 1172 258 914 170 47 744 116
is_linear=0
shrinkage=0.05


Tree=61
num_leaves=15
num_cat=0
split_feature=13 25 19 13 17 19 27 30 17 1 2 8 6 14
split_gain=6.00088 3.68149 3.47724 3.43143 3.28929 3.18777 2.4446 6.37997 6.23399 7.87706 5.83548 7.09031 5.77827 5.67189
threshold=0.090019893760967959 3.6350749237073372 3.0868045278538285 6.2951662387001628 0.032360891117125007 0.42007311319225044 1.0000000180025095e-35 7.5000000000000009 0.40406990872031057 56.190000000000005 7.332650000000001 25.416666666666671 0.69617363149720635 10.41666666666667
decision_type=2 2 2 2 2 2 2 2 2 2 2 2 2 2
left_child=1 5 3 4 -2 -1 10 13 -9 -10 11 -6 -11 -8
right_child=2 -3 -4 -5 6 -7 7 8 9 12 -12 -13 -14 -15
leaf_value=0.037842735260920836 -0.046316382164066146 0.042878762406988791 0.047674271269429046 0.066252553184851265 0.020022563836506815 -0.04983851752568038 -0.012482516274439123 -0.045939539608590554 0.055528163639057042 -0.048954745090961448 -0.080057567851409162 -0.012055587609236111 0.025785510202751896 0.042224791726070104
leaf_weight=1.1467118365690101 3.6655403021723023 1.4527211561799038 4.1812838874757281 2.0074184089899054 25.938837487250566 10.795739360153673 6.3646635096520212 7.431324444711211 5.8955194056034115 5.9822527188807708 2.4246274456381789 51.284057935699821 4.5550580434501171 18.535435184836388
leaf_count=19 48 16 63 12 218 660 60 84 73 69 26 502 65 129
internal_value=-0.000323254 -0.0322772 0.00277243 0.00137222 0.000386112 -0.0414194 0.00171924 0.010536 -0.00793782 0.00924748 -0.0036788 -0.00128067 -0.0166461 0.0282412
internal_weight=151.661 13.3952 138.266 134.085 132.077 11.9425 128.412 48.7643 23.8642 16.4328 79.6475 77.2229 10.5373 24.9001
internal_count=2044 695 1349 1286 1274 679 1226 480 291 207 746 720 134 189
is_linear=0
shrinkage=0.05


Tree=62
num_leaves=15
num_cat=0
split_feature=16 13 5 3 16 5 3 14 9 13 35 7 16 13
split_gain=5.7631 3.15688 4.31018 3.31639 5.35867 5.5261 5.01386 5.37668 5.20317 5.46039 8.17889 3.93798 3.3801 3.28521
threshold=0.23842983484556643 6.2951662387001628 34.660884359185545 4.0750000000000011 5.8164176580060039 1.0734883055825264 5.2250000000000005 24.583333333333339 0.6461626220067106 3.4125178553549604 1.0000000180025095e-35 0.0041460414627401011 3.3751408390314053 0.55148178660207858
decision_type=2 2 2 2 2 2 2 2 2 2 2 2 2 2
left_child=-1 2 3 4 5 -2 7 -5 -8 10 -10 -6 -12 -7
right_child=1 -3 -4 6 11 13 8 -9 9 -11 12 -13 -14 -15
leaf_value=-0.043955648366294058 0.04372492129292696 0.065282382567814101 -0.065258488950684188 -0.040275344952416477 -0.0054768456458421169 -0.05325006671410918 0.044222954434397735 0.027061606509044156 -0.028536824214252909 0.034256789795674668 0.040807813179383062 0.053425142502154258 -0.026666974444660513 -0.015390432566253026
leaf_weight=7.2013950357213607 3.3587192101404062 1.9371696189045895 2.4112249389290801 3.2345977285876861 6.1573730558156949 7.2915965048596254 5.3420847523957482 35.497938723303378 28.883902861736715 6.556985303759574 7.471054792404173 5.2631033733487129 2.4695429652929306 26.754034638404846
leaf_count=526 64 12 14 66 33 208 43 378 360 32 57 30 19 202
internal_value=-0.000314749 0.00188869 0.00101583 0.00217147 -0.00830961 -0.0174625 0.00789201 0.0214382 -0.00245189 -0.00794622 -0.0150738 0.021668 0.024045 -0.0234989
internal_weight=149.831 142.629 140.692 138.281 48.8248 37.4044 89.4561 38.7325 50.7236 45.3815 38.8245 11.4205 9.9406 34.0456
internal_count=2044 1518 1506 1492 537 474 955 444 511 468 436 63 76 410
is_linear=0
shrinkage=0.05


Tree=63
num_leaves=15
num_cat=0
split_feature=13 12 23 0 20 19 33 8 11 8 1 6 36 19
split_gain=5.54328 3.60547 3.19792 3.96856 5.05094 4.56234 6.1361 4.37332 4.04989 3.8023 5.03697 3.51936 3.05398 3.04274
threshold=0.090019893760967959 0.76978905597320235 3.0367052816282176 23.075000000000003 -1.865278402438056 -1.3478158138895846 66.500000000000014 62.083333333333343 0.8687091002738101 23.750000000000004 49.120000000000012 0.072454834246024322 1.0000000180025095e-35 0.29102601222903973
decision_type=2 2 2 2 2 2 2 2 2 2 2 2 2 2
left_child=1 12 3 5 -5 -2 7 8 9 10 -7 -6 -1 -8
right_child=2 -3 -4 4 11 6 13 -9 -10 -11 -12 -13 -14 -15
leaf_value=0.05617234450562382 -0.025907986547027972 0.019965881202974042 0.020599899449761306 0.036246540130614194 0.026240403067133818 0.06490995032562881 0.038031964904296778 0.047983354248692149 0.043203328421458631 -0.033880632901732113 -0.011917962796016437 -0.01834767981759931 -0.053358754521815079 -0.027427249006822092
leaf_weight=0.68335471302270612 8.0238184668123704 2.6331066191196433 20.951208902522922 5.4416163712739936 4.8665552530437699 3.4603724107146281 2.1589687671512356 13.341965552419422 6.9621981009840956 5.9745160564780226 5.5632829405367374 48.834469437599182 9.2623475221917033 9.9887552671134454
leaf_count=9 74 22 242 37 50 28 19 105 42 88 43 527 664 94
internal_value=-0.000307799 -0.0320594 0.00263831 -0.000644957 -0.00965562 0.00896163 0.0148581 0.0254054 0.0116883 -0.00294108 0.0175438 -0.014307 -0.045833 -0.0157934
internal_weight=148.147 12.5788 135.568 114.617 59.1426 55.4739 47.4501 35.3023 21.9604 14.9982 9.02366 53.701 9.9457 12.1477
internal_count=2044 695 1349 1107 614 493 419 306 201 159 71 577 673 113
is_linear=0
shrinkage=0.05


Tree=64
num_leaves=15
num_cat=0
split_feature=13 16 2 19 5 1 4 21 13 2 4 5 14 5
split_gain=5.2155 5.72516 3.82249 3.05002 2.7654 3.67301 3.69936 2.42893 7.12226 9.87718 5.22765 5.42546 5.15936 4.84646
threshold=0.10873470047047741 3.915247040857555 -0.14734999999999995 3.0868045278538285 1.2979485260914807 52.945000000000007 3.6263944268993522 2.3196779306050908 0.60311404348864384 -2.9564999999999997 5.0850016032244651 7.0203779423756805 79.583333333333343 29.498506998369994
decision_type=2 2 2 2 2 2 2 2 2 2 2 2 2 2
left_child=1 2 -1 4 5 -2 -7 -6 -9 13 -11 -12 -13 -10
right_child=3 -3 -4 -5 7 6 -8 8 9 10 11 12 -14 -15
leaf_value=0.052018708730434494 0.060158762781079213 0.030576039397282564 -0.052761473524446156 0.046478404017807763 0.0061849753553463119 -0.044746422452569178 0.057924938402925508 -0.051235060692226213 -0.042488268848897559 0.061472891130448473 -0.057433924061808854 0.035913522166324895 -0.017053483571229273 0.019915481411286299
leaf_weight=0.94628416281193395 4.4802550189197046 3.2507498934864989 10.856995739042757 3.8941808976232997 64.733334878459573 2.375632725656033 1.391077972948551 8.1532089374959451 14.459183815866703 5.5555051304400065 2.8283203244209316 12.601146105676891 7.2385103553533545 3.9643551111221305
leaf_count=17 66 32 723 63 436 48 12 176 230 46 38 82 54 21
internal_value=-0.000299745 -0.0281793 -0.0443611 0.00288765 0.0015592 0.0295628 -0.00682902 -0.000372854 -0.00811936 -0.000583371 0.0180056 0.00735258 0.0165885 -0.0290603
internal_weight=146.729 15.054 11.8033 131.675 127.781 8.24697 3.76671 119.534 54.8002 46.647 28.2235 22.668 19.8397 18.4235
internal_count=2044 772 740 1272 1209 126 60 1083 647 471 220 174 136 251
is_linear=0
shrinkage=0.05


Tree=65
num_leaves=15
num_cat=0
split_feature=16 18 21 0 0 17 8 2 30 1 8 4 17 33
split_gain=4.85479 2.8542 2.81563 3.33938 2.56851 2.26172 2.40144 5.94366 3.93365 6.21068 6.82272 5.97859 5.23601 6.13136
threshold=0.23842983484556643 -0.60041863100568549 0.20079896727367388 19.520000000000007 23.155000000000005 0.032360891117125007 32.083333333333336 -3.9378999999999995 9.0000000000000018 55.010000000000012 17.083333333333336 11.120808505492837 0.57497681740742401 46.500000000000007
decision_type=2 2 2 2 2 2 2 2 2 2 2 2 2 2
left_child=1 -1 3 -2 -5 -4 8 -8 9 12 -11 -12 13 -7
right_child=2 -3 5 4 -6 6 7 -9 -10 10 11 -13 -14 -15
leaf_value=0.10061636180371814 -0.026382901915518245 -0.050791295972328468 -0.042503980295606397 0.072527792294315607 0.019363071096733346 -0.024204310574561294 -0.058694740571892091 -0.0017705313749173043 0.036991919017391538 -0.041122599572444442 -0.053222705953248101 0.061523811691366753 0.062763826303553094 0.02711328699061882
leaf_weight=0.32818024605512608 2.6419540233910075 6.0384581405669442 3.1438424792140713 3.3601475805044156 7.0140869468450546 9.6947095263749414 4.9627992417663327 60.339383224956691 9.6792396381497365 12.648502023890616 1.6380576016381372 3.6975706368684769 5.007405422627925 14.56536842137575
leaf_count=13 18 513 46 17 66 124 72 682 109 199 58 23 29 75
internal_value=-0.00029599 -0.0429867 0.00166796 0.0238024 0.0365828 -0.00062996 0.000447042 -0.00609663 0.00795292 0.00200443 -0.0211204 0.0262962 0.0162141 0.00660597
internal_weight=144.76 6.36664 138.393 13.0162 10.3742 125.377 122.233 65.3022 56.9309 47.2516 17.9841 5.33563 29.2675 24.2601
internal_count=2044 526 1518 101 83 1417 1371 754 617 508 280 81 228 199
is_linear=0
shrinkage=0.05


Tree=66
num_leaves=15
num_cat=0
split_feature=13 16 2 19 15 0 31 18 14 7 32 7 14 23
split_gain=4.65791 5.18987 3.61359 2.86254 2.75562 4.37772 5.75055 8.38852 5.41822 2.71197 5.77033 3.15204 5.44954 4.69402
threshold=0.10873470047047741 3.915247040857555 -0.14734999999999995 3.0868045278538285 19.500000000000004 28.915000000000003 0.33500000000000002 -0.37212422999006017 14.583333333333334 0.010128139178637101 1.175 0.0074562313551238008 43.750000000000007 1.4098400744690773
decision_type=2 2 2 2 2 2 2 2 2 2 2 2 2 2
left_child=1 2 -1 4 5 6 7 8 -2 11 -11 12 13 -6
right_child=3 -3 -4 -5 9 -7 -8 -9 -10 10 -12 -13 -14 -15
leaf_value=0.051414935389344343 0.018887273508798676 0.028947469272572746 -0.052605687570681119 0.045927076026615436 -0.046009435443982907 -0.065489446328097056 -0.073959618885569831 0.051143520351554408 -0.058416030551852766 -0.044898843079117672 0.044129764765951381 0.030562828906135892 0.010156765069628067 0.0079772033160653393
leaf_weight=0.9109242707490911 4.1026102304458636 3.1477319672703734 10.005331442691384 3.7170535549521437 9.1012298036366719 3.5630905311554661 2.5790356770157805 6.2927163019776371 5.0654379017651081 6.7862173337489349 2.4870638102293015 12.630443455651401 65.663330832496285 7.2208391055464736
leaf_count=17 32 32 723 63 137 55 14 46 50 116 13 123 518 105
internal_value=-0.000289477 -0.0276155 -0.0439255 0.00268487 0.00140404 -0.014844 -0.00484088 0.00668893 -0.0238236 0.00478269 -0.0210217 0.00731176 0.00372977 -0.0221259
internal_weight=143.273 14.064 10.9163 129.209 125.492 21.6029 18.0398 15.4608 9.16805 103.889 9.27328 94.6158 81.9854 16.3221
internal_count=2044 772 740 1272 1209 197 142 128 82 1012 129 883 760 242
is_linear=0
shrinkage=0.05


Tree=67
num_leaves=15
num_cat=0
split_feature=13 25 23 19 34 21 30 3 14 13 8 27 0 3
split_gain=4.40418 3.0273 2.73693 3.01881 4.01554 3.48809 3.39741 3.08899 3.97039 4.08852 4.61047 4.70703 4.33709 4.02012
threshold=0.090019893760967959 3.6350749237073372 3.4127218893304159 1.3146139810514059 -0.41664999999999991 2.6962476838814897 9.0000000000000018 4.3050000000000006 43.750000000000007 4.6343349589241347 10.41666666666667 1.0000000180025095e-35 20.500000000000004 6.8000000000000007
decision_type=2 2 2 2 2 2 2 2 2 2 2 2 2 2
left_child=1 -1 3 4 5 -2 -5 -6 9 10 -9 -12 -13 -10
right_child=2 -3 -4 6 7 -7 -8 8 13 -11 11 12 -14 -15
leaf_value=-0.040573312682173887 0.0062901987825151676 0.041431482019532583 0.02220222405457363 -0.025622006740354326 -0.0027414377735262372 -0.050307068950176004 0.02361929107495726 -0.041742328687395032 0.040252268924605115 0.059896821327759947 -0.019277059123889929 -0.0057070329570450586 0.077974244543673576 -0.026015138246528288
leaf_weight=9.5610945168882591 4.9715244062244874 1.2755715027451504 15.190118381753562 18.903550634160641 38.706396393477917 6.0171896647661924 4.299659362062811 6.2221206538379255 18.617107540369037 2.6448500603437415 6.4440462049096805 2.7443339480087161 3.5531276110559702 2.6094350125640622
leaf_count=679 29 16 201 226 330 143 40 57 120 12 95 23 26 47
internal_value=-0.000287839 -0.0309206 0.00224767 -0.000371388 0.00367243 -0.0247013 -0.0164974 0.00749613 0.016747 0.00165956 -0.00646277 0.0107655 0.0415073 0.0321058
internal_weight=141.76 10.8367 130.923 115.733 92.5301 10.9887 23.2032 81.5414 42.835 21.6085 18.9636 12.7415 6.29746 21.2265
internal_count=2044 695 1349 1148 882 172 266 710 380 213 201 144 49 167
is_linear=0
shrinkage=0.05


Tree=68
num_leaves=15
num_cat=0
split_feature=16 1 13 5 3 11 3 9 9 13 14 5 13 13
split_gain=4.15582 2.87993 2.83415 3.95215 2.65505 5.0906 4.10075 4.60817 4.62659 6.40261 4.05712 3.8207 4.99327 4.2509
threshold=0.23842983484556643 46.605000000000011 6.2951662387001628 34.660884359185545 4.0750000000000011 2.4105103407175457 5.2250000000000005 0.6461626220067106 0.76285663657965141 3.4125178553549604 24.583333333333339 1.0734883055825264 0.60311404348864384 0.967396707812891
decision_type=2 2 2 2 2 2 2 2 2 2 2 2 2 2
left_child=1 -1 3 4 5 11 10 -8 9 -9 -6 -2 -13 -14
right_child=2 -3 -4 -5 6 -7 7 8 -10 -11 -12 12 13 -15
leaf_value=0.10334591334452155 0.043167816803758155 -0.050731650314741417 0.063574023527075516 -0.063689197133076428 -0.037629565153544764 0.066418975517400197 0.042609885804642658 -0.024484612272096529 0.031750541588970553 0.030537302660790105 0.024550411558146707 -0.052710146276213468 0.041384317905326783 -0.013761637654102616
leaf_weight=0.3213662151247253 2.981840379536151 5.388642318546772 1.8135244622826565 2.3452090322971335 2.8450781945139161 2.2010168507695189 5.0471523124724618 29.916077244095504 6.2692251577973357 6.4222277849912635 33.661446711048484 7.3793360283598295 3.9565674588084212 29.927719257771969
leaf_count=11 64 515 12 14 66 15 43 378 58 32 378 213 26 219
internal_value=-0.000279896 -0.04206 0.00149031 0.000643469 0.00179863 -0.00779761 0.00709456 -0.00256546 -0.00791679 -0.0147603 0.0197045 -0.0114896 -0.0154393 -0.00732241
internal_weight=140.476 5.71001 134.766 132.953 130.608 46.4465 84.1612 47.6547 42.6075 36.3383 36.5065 44.2455 41.2636 33.8843
internal_count=2044 526 1518 1506 1492 537 955 511 468 410 444 522 458 245
is_linear=0
shrinkage=0.05


Tree=69
num_leaves=15
num_cat=0
split_feature=13 12 2 19 15 0 8 8 25 5 23 18 13 7
split_gain=3.99106 4.38617 3.47258 2.61551 2.42708 4.20014 4.67733 4.52781 3.74044 2.46666 3.04321 6.28697 4.71696 4.29524
threshold=0.10873470047047741 0.6529500580720865 -0.14734999999999995 3.0868045278538285 19.500000000000004 28.915000000000003 25.416666666666671 14.583333333333334 0.46816459350023515 35.25844645265051 0.32596916193758635 -1.3935774024397058 4.5250358897529042 0.010128139178637101
decision_type=2 2 2 2 2 2 2 2 2 2 2 2 2 2
left_child=1 2 -1 4 5 6 7 -2 -8 10 -6 -12 13 -13
right_child=3 -3 -4 -5 9 -7 8 -9 -10 -11 11 12 -14 -15
leaf_value=0.051221263340761637 -0.004254781822278654 0.022266813388284921 -0.053795431937193265 0.045116244219769008 0.033395710161245408 -0.065414682511509531 -0.056110127092508989 0.071251497101469108 0.012988279366932982 -0.04847933664142582 -0.040786857645791076 0.0075715798972370053 0.058946491490321329 -0.034516205202905131
leaf_weight=0.86627095378935237 6.0094690993428284 3.3603616598993531 8.622065073810516 3.4890525341033927 8.9255840079858881 3.3731525875627986 5.410006929188965 2.9650986809283495 3.0698579922318459 2.1592596322298041 7.5828028935939065 72.543922200798988 4.1172460541129103 6.6147333197295657
leaf_count=17 35 36 719 63 72 55 65 24 18 12 88 711 22 107
internal_value=-0.000273784 -0.0268223 -0.0442076 0.00242789 0.00121472 -0.0143386 -0.00446793 0.0206917 -0.0310953 0.00439235 0.00553646 0.00279968 0.00676851 0.0040546
internal_weight=139.109 12.8487 9.48834 126.26 122.771 20.8276 17.4544 8.97457 8.47986 101.944 99.7843 90.8587 83.2759 79.1587
internal_count=2044 772 736 1272 1209 197 142 59 83 1012 1000 928 840 818
is_linear=0
shrinkage=0.05


Tree=70
num_leaves=15
num_cat=0
split_feature=13 12 6 12 14 19 14 13 2 13 20 12 7 2
split_gain=3.7544 2.88584 2.79611 3.82567 3.31651 2.65763 3.90905 4.01805 3.63405 5.10449 5.85727 5.32119 6.21144 4.58933
threshold=0.090019893760967959 0.76978905597320235 0.74641717713497491 0.63278739933280359 95.416666666666686 1.4319109959974192 7.916666666666667 1.6821736743703768 -3.0182999999999995 1.1487718713376789 -1.865278402438056 0.27201550387591372 0.0072467463667955515 -1.7228999999999999
decision_type=2 2 2 2 2 2 2 2 2 2 2 2 2 2
left_child=1 -1 5 4 -4 8 -7 -8 9 -2 -11 -12 -13 -10
right_child=2 -3 3 -5 -6 6 7 -9 13 10 11 12 -14 -15
leaf_value=-0.045298364994358888 0.054075245501606362 0.017812333914440689 0.05061014851231091 -0.026005529702749688 -0.023726913048851252 0.047561312967753476 -0.034153567132833677 0.024612676155070744 0.038054475714591529 0.046441116447235302 -0.050038738234562855 -0.028875742945161622 0.035969325657986294 0.0035474958294373945
leaf_weight=7.4701323630288226 2.8381211571395388 2.3911795504391193 8.6944311372935754 3.0279776677489272 1.8133470192551602 2.1561979800462749 15.888366166502239 3.560536950826644 12.093257721513508 3.3409205526113537 11.247588532045485 10.073531113564966 5.8304636646062127 47.411525414325297
leaf_count=673 25 22 108 41 17 22 208 28 96 19 200 73 38 474
internal_value=-0.000268059 -0.0299952 0.00202259 0.0235123 0.0377817 -0.000519165 -0.0163137 -0.0233952 0.00315661 -0.0100613 -0.0160309 -0.0237179 -0.0051033 0.0105604
internal_weight=137.838 9.86131 127.976 13.5358 10.5078 114.441 21.6051 19.4489 92.8354 33.3306 30.4925 27.1516 15.904 59.5048
internal_count=2044 695 1349 166 125 1183 258 236 925 355 330 311 111 570
is_linear=0
shrinkage=0.05


Tree=71
num_leaves=15
num_cat=0
split_feature=16 18 21 6 10 11 13 4 25 8 8 10 10 17
split_gain=3.53129 2.29064 2.27563 2.09079 5.23467 5.10042 7.151 2.91693 5.22973 4.61227 3.64893 3.41254 3.40944 6.09213
threshold=0.23842983484556643 -0.60041863100568549 0.20079896727367388 0.17087742336095263 0.89617421077592729 0.062653375666031519 1.720833351280332 32.381450423251927 1.7672048222371097 35.416666666666679 17.083333333333336 0.60203434909977604 0.33240476195098995 0.57497681740742401
decision_type=2 2 2 2 2 2 2 2 2 2 2 2 2 2
left_child=1 -1 -2 4 5 -4 -7 11 -9 10 -10 12 -5 -14
right_child=2 -3 3 7 -6 6 -8 8 9 -11 -12 -13 13 -15
leaf_value=0.075059641803929031 0.021840799223344864 -0.050685022214857892 0.046826198348402986 -0.0082205694480587642 0.074373180302866923 -0.037479719380789825 0.020100029359066574 0.060178156487258619 -0.014225160911629384 -0.069513082136559476 0.039922775060689378 -0.034522091685927889 0.078791313976991281 -0.033254593453761562
leaf_weight=0.39227809943258751 12.254956994205711 4.7193278018385163 5.4911439716816011 53.698869661428034 2.9086001664400092 10.231064012274148 11.401083055883644 4.4463876634836224 6.9992619119584543 2.1422396823763838 5.6010932959616184 11.296967521309851 3.0782322436571112 2.0022661685943604
leaf_count=13 101 513 71 741 15 185 75 26 70 12 80 88 19 35
internal_value=-0.000261302 -0.041035 0.00132301 -0.000784709 0.0106272 0.00379136 -0.00713269 -0.00462408 0.0126483 -0.00168682 0.00984461 -0.00935375 -0.00451658 0.0346331
internal_weight=136.664 5.11161 131.552 119.297 30.0319 27.1233 21.6321 89.2653 19.189 14.7426 12.6004 70.0763 58.7794 5.0805
internal_count=2044 526 1518 1417 346 331 260 1071 188 162 150 883 795 54
is_linear=0
shrinkage=0.05


Tree=72
num_leaves=15
num_cat=0
split_feature=16 1 15 8 20 0 16 1 4 2 4 2 0 2
split_gain=3.32515 2.38641 2.13178 4.27967 3.81618 5.2777 3.7113 5.0717 2.9102 7.25192 3.46896 4.89169 4.86324 4.6847
threshold=0.23842983484556643 46.605000000000011 19.500000000000004 25.416666666666671 0.52140276143373743 22.055000000000003 2.2361616657082046 50.625000000000007 31.946477744557324 4.7014500000000004 19.309207067042379 0.92310000000000014 29.125000000000004 -2.9564999999999997
decision_type=2 2 2 2 2 2 2 2 2 2 2 2 2 2
left_child=1 -1 3 6 -5 -6 -2 -8 9 10 13 -12 -13 -4
right_child=2 -3 8 4 5 -7 7 -9 -10 -11 11 12 -14 -15
leaf_value=0.080609283450632785 -0.038797903526924207 -0.050655022090378504 -0.0027511984812437738 -0.062048245924224976 0.071792913549658485 -0.040644743421968124 0.064806133651955006 -0.015468640581480272 0.021281308254073511 -0.041996337633741491 -0.048876090352205387 0.013901987094164795 -0.061480517513167389 0.025992104776102865
leaf_weight=0.37485897354781528 2.9630667893216032 4.5370827866718173 28.175897821784016 5.9927001679316145 1.6011762116104362 2.9974208511412144 4.1589338630437851 3.7342884764075279 20.103778004646301 9.1299478448927385 6.2915801256895092 14.454033821821215 2.5112971849739543 28.529669705778364
leaf_count=11 28 515 282 84 9 44 20 36 202 210 42 113 22 426
internal_value=-0.000251169 -0.0406375 0.00126727 -0.0131443 -0.035757 -0.0014953 0.00891642 0.0268281 0.0040979 0.00022045 0.00504067 -0.0112209 0.00274347 0.0117101
internal_weight=135.556 4.91194 130.644 21.4476 10.5913 4.5986 10.8563 7.89322 109.196 89.0924 79.9625 23.2569 16.9653 56.7056
internal_count=2044 526 1518 221 137 53 84 56 1297 1095 885 177 135 708
is_linear=0
shrinkage=0.05


Tree=73
num_leaves=15
num_cat=0
split_feature=13 16 36 19 11 19 14 32 17 14 16 9 8 3
split_gain=3.20389 4.36434 3.25742 2.36543 2.038 3.42341 3.38087 4.31931 3.33803 3.30708 3.36953 4.48478 3.16087 5.37849
threshold=0.10873470047047741 3.915247040857555 1.0000000180025095e-35 3.0868045278538285 0.28949731631295123 1.5454464422709149 34.583333333333336 1.1250000000000002 0.88612729490199438 74.583333333333357 5.4477086450738232 0.76425369068656668 10.41666666666667 6.0950000000000006
decision_type=2 2 2 2 2 2 2 2 2 2 2 2 2 2
left_child=1 2 -1 4 5 6 7 -2 12 10 11 -6 -8 -14
right_child=3 -3 -4 -5 9 -7 8 -9 -10 -11 -12 -13 13 -15
leaf_value=0.054376468502209743 -0.04256069166446072 0.027722841594024744 -0.052708952380182666 0.044414107552354136 -0.0044974997249092484 -0.053439759978773309 0.08795712770697732 0.028775850637490809 -0.021780645222822081 -0.017350921953812097 0.039446267142248283 0.049525459345766708 0.036122367619749539 -0.057284204430199159
leaf_weight=0.780177291482686 4.7698466414585727 2.9015348702669135 7.9124072855338445 3.2195455618202677 49.731953014619648 1.8989648623391975 2.3816516920924249 3.8223490118980408 3.1116923866793504 27.47328332439065 5.9098004922270766 4.1633154712617388 14.677717454731466 1.7219553496688593
leaf_count=15 146 32 725 63 406 59 12 37 55 253 33 30 153 25
internal_value=-0.000248975 -0.0253743 -0.0430978 0.00212164 0.000983752 0.011696 0.0157534 -0.0108257 0.0261847 -0.00299097 0.00360572 -0.00032432 0.0341316 0.0263147
internal_weight=134.476 11.5941 8.69258 122.882 119.663 32.3842 30.4852 8.5922 21.893 87.2784 59.8051 53.8953 18.7813 16.3997
internal_count=2044 772 740 1272 1209 487 428 183 245 722 469 436 190 178
is_linear=0
shrinkage=0.05


Tree=74
num_leaves=15
num_cat=0
split_feature=13 16 2 2 3 5 12 6 12 14 25 2 29 6
split_gain=3.01007 4.1366 2.98503 2.41058 2.74879 2.83356 2.26044 2.25605 4.93181 3.25852 3.29955 3.05262 4.29125 2.52825
threshold=0.10873470047047741 3.915247040857555 -0.14734999999999995 11.536550000000002 8.5450000000000017 1.5928891767023541 0.028776015064979902 0.74641717713497491 0.63278739933280359 88.750000000000014 2.5317037306540353 7.332650000000001 11.000000000000002 0.10320255405507182
decision_type=2 2 2 2 2 2 2 2 2 2 2 2 2 2
left_child=1 2 -1 4 5 -2 -7 11 9 -9 -11 12 -8 -14
right_child=3 -3 -4 -5 -6 6 7 8 -10 10 -12 -13 13 -15
leaf_value=0.050735153030343073 0.028546991864957467 0.026730058723542467 -0.052623402877373326 0.057905281431746218 -0.055469122202728066 -0.03636734053926944 0.057347475778991623 0.065585410152177157 -0.050703676402548782 -0.044242532579794026 0.053495851531329575 -0.050982227257068573 0.015793559366067689 -0.0056981853140898597
leaf_weight=0.77014206629246373 9.3643870465457422 2.8599171899259082 7.5141529068350783 1.9002722855657328 2.1063136905431739 4.1369239101186386 3.2046052366495124 4.9841325320303422 1.8364838548004616 1.8081624880433085 1.6528232581913469 2.9716120809316626 16.950600102543831 71.010014092549682
leaf_count=17 157 32 723 19 54 90 35 60 22 16 31 38 139 611
internal_value=-0.000242537 -0.0251163 -0.0430148 0.00203095 0.00114634 0.00215762 -0.000118823 0.0013173 0.0235558 0.0397043 0.00243327 -0.00111159 0.000513991 -0.00155658
internal_weight=133.071 11.1442 8.28429 121.926 120.026 117.92 108.555 104.418 10.2816 8.44512 3.46099 94.1368 91.1652 87.9606
internal_count=2044 772 740 1272 1253 1199 1042 952 129 107 47 823 785 750
is_linear=0
shrinkage=0.05


Tree=75
num_leaves=15
num_cat=0
split_feature=13 12 6 9 8 5 16 17 13 8 33 2 8 2
split_gain=2.83941 2.505 2.30344 3.33369 3.22319 2.53245 2.56181 2.85458 6.52292 3.1009 5.12028 5.16578 4.97965 4.80881
threshold=0.090019893760967959 0.76978905597320235 0.74641717713497491 0.71434689826761921 12.91666666666667 35.25844645265051 5.698496078958164 0.92472800598690241 1.5600678379838187 32.083333333333336 60.000000000000007 7.332650000000001 10.41666666666667 -3.9378999999999995
decision_type=2 2 2 2 2 2 2 2 2 2 2 2 2 2
left_child=1 -1 5 -4 -5 6 7 9 -9 10 11 -2 -12 -11
right_child=2 -3 3 4 -6 -7 -8 8 -10 13 12 -13 -14 -15
leaf_value=-0.044692892066857524 0.0048065392145959993 0.016666115278685265 -0.01825040867626377 -0.021912961562065118 0.053147618941050349 -0.05772977257041513 0.024808867302921814 -0.055398352489803494 0.065426352515229158 -0.05861313767667873 0.0046962268840956426 -0.08302022109371536 0.071897712690877927 -0.0034263782125007677
leaf_weight=6.2002099356614035 30.832471513189375 2.2732378132641315 3.6743755228817454 1.7838293220847825 7.2148973606526852 1.9078517034649838 9.7676764354109746 5.8419202230870715 1.3811353445053098 4.3383818157017151 5.3326527578756195 1.7703928537666787 5.7066044639796019 43.797268554568298
leaf_count=673 311 22 33 31 102 11 58 152 15 80 37 22 38 459
internal_value=-0.000233612 -0.0282316 0.0016897 0.0218815 0.0382683 -0.000622381 0.00037931 -0.00203097 -0.0322952 0.00035087 0.010003 3.73917e-05 0.0394352 -0.00840026
internal_weight=131.823 8.47345 123.349 12.6731 8.99873 110.676 108.769 99.0008 7.22306 91.7778 43.6421 32.6029 11.0393 48.1357
internal_count=2044 695 1349 166 133 1183 1172 1114 167 947 408 333 75 539
is_linear=0
shrinkage=0.05


Tree=76
num_leaves=15
num_cat=0
split_feature=5 13 16 36 8 2 3 30 13 6 2 2 17 13
split_gain=2.67558 2.80024 3.75761 3.0247 2.42862 5.7932 3.9467 4.07034 3.94611 5.64459 5.56035 4.64449 6.28686 9.64966
threshold=36.437246106748823 0.10873470047047741 3.915247040857555 1.0000000180025095e-35 32.083333333333336 -3.9378999999999995 5.9150000000000009 12.500000000000002 0.60311404348864384 0.49209754583206106 1.7810000000000001 0.92310000000000014 0.85558352560246076 1.9108627705809527
decision_type=2 2 2 2 2 2 2 2 2 2 2 2 2 2
left_child=1 2 3 -1 -3 -6 7 8 10 11 -7 -10 -13 -14
right_child=-2 4 -4 -5 5 6 -8 -9 9 -11 -12 12 13 -15
leaf_value=0.05414841761904713 -0.071742518504869471 0.01030506981289956 0.025493158601001816 -0.052594259342778719 -0.057943224003504573 0.032557782295165323 -0.0498431367644388 -0.063138590248202953 -0.013844315025687138 0.052611111276720468 -0.043704616122796983 0.050322696419861951 -0.052369031167196184 0.063942417564449822
leaf_weight=0.73389667272567738 1.2948801815509785 55.513745059259236 2.7780005782842636 6.9346066592261177 4.6179293161258093 3.4653708674013597 3.6893054973334065 2.194954100996255 16.8965819850564 7.5293899513781062 7.7030796054750681 9.4895879365503806 4.9434414207935324 2.7894598692655563
leaf_count=15 8 589 32 725 85 45 52 17 128 57 145 79 51 16
internal_value=-0.000227004 0.000489306 -0.0243298 -0.0423787 0.00267113 -0.00402177 0.000220149 0.00357758 0.00635016 0.0134274 -0.0200418 0.00478037 0.0230526 -0.0104124
internal_weight=130.574 129.279 10.4465 7.6685 118.833 63.3191 58.7012 55.0119 52.8169 41.6485 11.1685 34.1191 17.2225 7.7329
internal_count=2044 2036 772 740 1264 675 590 538 521 331 190 274 146 67
is_linear=0
shrinkage=0.05


Tree=77
num_leaves=15
num_cat=0
split_feature=13 8 13 19 33 13 3 21 2 7 36 16 15 2
split_gain=2.52463 2.36332 2.46283 2.81415 4.11306 4.56823 4.08907 3.9253 3.71186 2.54978 2.83222 7.03772 5.68896 5.62389
threshold=6.2951662387001628 98.750000000000014 0.090019893760967959 -1.1016815121057293 63.500000000000007 1.013649799151805 5.7800000000000002 1.8762905241009344 -5.0539999999999994 0.0024490586506932003 1.0000000180025095e-35 0.52763008250345211 18.000000000000004 -3.0847499999999992
decision_type=2 2 2 2 2 2 2 2 2 2 2 2 2 2
left_child=1 2 -1 4 5 -4 -7 -8 -6 -5 13 -12 -13 -11
right_child=-2 -3 3 9 8 6 7 -9 -10 10 11 12 -14 -15
leaf_value=-0.02727402069073654 0.061990527264307621 -0.062155595778406847 0.059613104595613357 0.041250801223841817 -0.022317792699694545 -0.049045231603419698 0.041507202436356437 -0.034792596143343311 0.039940410960056426 -0.013122683930363897 -0.051698758704402208 -0.065962148434344656 0.0078987635656448587 0.041628484825638551
leaf_weight=7.9039792199619106 1.6101694256067265 1.5610278700478364 1.4911463707685531 4.8665154725313178 4.0263173654675484 11.871509501710536 3.0658996291458598 3.7442442839965224 5.9055892415344697 7.6336720287799862 6.2104582684114567 2.7385475151240817 54.278148430399597 12.163593739271162
leaf_count=690 12 20 22 36 23 157 21 79 33 78 208 26 551 88
internal_value=-0.000226182 -0.00101215 -0.000254029 0.00155591 -0.0116377 -0.0246056 -0.0313278 -0.000442731 0.0147014 0.00607505 0.00401321 -0.0011543 0.00435118 0.0205169
internal_weight=129.071 127.461 125.9 117.996 30.1047 20.1728 18.6817 6.81014 9.93191 87.8909 83.0244 63.2272 57.0167 19.7973
internal_count=2044 2032 2012 1322 335 279 257 100 56 987 951 785 577 166
is_linear=0
shrinkage=0.05


Tree=78
num_leaves=15
num_cat=0
split_feature=5 21 13 12 36 0 2 2 24 20 20 11 5 0
split_gain=2.45522 2.4725 2.53411 2.96055 2.96534 2.35811 2.16288 2.57573 3.9727 3.27685 3.38059 2.57615 4.99791 5.80155
threshold=36.437246106748823 0.2226389646602058 0.10873470047047741 0.76978905597320235 1.0000000180025095e-35 19.925000000000004 11.536550000000002 7.332650000000001 0.54676502620438927 1.9311171704985886 1.0416484400445472 0.28114146445366789 15.137728908565757 19.035000000000004
decision_type=2 2 2 2 2 2 2 2 2 2 2 2 2 2
left_child=1 5 3 4 -3 -1 7 8 9 10 11 -4 -13 -14
right_child=-2 2 6 -5 -6 -7 -8 -9 -10 -11 -12 12 13 -15
leaf_value=-0.019105492065634166 -0.070389476075855148 0.054061613313061058 0.010137165761930678 0.020090716532928495 -0.053982842578380368 0.034142813337583337 0.05524857327824826 -0.039435698041423863 0.034915432723354782 -0.055672558623459968 0.030095342647064722 -0.030476571320776732 -0.039245984627481384 0.010974418666839235
leaf_weight=2.6840403974056235 1.2347227409481991 0.70598720386624325 24.594317656941712 2.5148013383150101 6.3204685924574715 9.2262667063623649 1.7701788302510966 4.0781507026404133 7.9904862064868203 2.7430344410240641 8.3490907028317434 18.556926490738988 7.119978964328765 29.903606079518795
leaf_count=19 8 15 392 30 725 85 18 65 103 28 76 238 56 186
internal_value=-0.000224223 0.000460326 -0.00179222 -0.0264646 -0.043127 0.0221431 0.00044748 -0.000491284 0.00110881 -0.00185098 -0.00018325 -0.00333634 -0.00929836 0.00131657
internal_weight=127.792 126.557 114.647 9.54126 7.02646 11.9103 105.106 103.336 99.2574 91.267 88.5239 80.1748 55.5805 37.0236
internal_count=2044 2036 1932 770 740 104 1162 1144 1079 976 948 872 480 242
is_linear=0
shrinkage=0.05


Tree=79
num_leaves=15
num_cat=0
split_feature=13 5 16 3 16 34 34 11 5 9 34 3 9 13
split_gain=2.33386 2.69673 2.35891 4.19531 3.73595 3.64308 3.40713 3.11336 2.99232 2.94345 3.67301 3.36503 5.03057 3.64839
threshold=6.2951662387001628 34.660884359185545 5.8164176580060039 4.0750000000000011 0.28232190880259328 0.54410000000000014 0.27205000000000007 2.1266614919814129 1.0734883055825264 0.76285663657965141 0.27205000000000007 5.2250000000000005 0.67787241180752766 4.289925669454262
decision_type=2 2 2 2 2 2 2 2 2 2 2 2 2 2
left_child=1 2 3 5 -5 7 -4 8 -1 11 -11 13 -13 -6
right_child=-2 -3 6 4 9 -7 -8 -9 -10 10 -12 12 -14 -15
leaf_value=0.040101991614581008 0.061150664845094072 -0.057794186596374676 -0.019381078800991117 -0.040074667918465999 0.020543413317989982 -0.045439149671755497 0.040773667083822906 0.063509509293749253 -0.018425409861525563 -0.019506582987934461 0.055463541236200578 0.027374948396080557 -0.016689529768515867 -0.047561757281711969
leaf_weight=2.4547155043110314 1.530391477048396 2.0537370219826689 3.4150237962603551 4.5433587040752164 27.640246562659744 8.5289371116086823 7.5756288096308708 1.4556569755077351 19.793687195517123 2.2518872208893281 5.9517910359427333 8.3410093048587424 28.984881295822561 2.1170602664351454
leaf_count=78 12 14 21 553 357 86 46 10 341 44 49 72 346 15
internal_value=-0.000220676 -0.000971407 -2.30495e-05 -0.00219105 0.00395629 -0.0174159 0.0220823 -0.00733291 -0.011968 0.00661344 0.0348844 0.00315615 -0.00684269 0.0156981
internal_weight=126.638 125.108 123.054 112.063 79.8302 32.233 10.9907 23.7041 22.2484 75.2869 8.20368 67.0832 37.3259 29.7573
internal_count=2044 2032 2018 1951 1436 515 67 429 419 883 93 790 418 372
is_linear=0
shrinkage=0.05


Tree=80
num_leaves=15
num_cat=0
split_feature=8 13 25 2 2 3 12 3 3 17 2 2 11 16
split_gain=2.23187 2.22007 2.22314 2.21835 1.89624 2.57365 2.15652 1.87146 3.03839 3.60176 3.43837 3.10563 2.99898 2.49573
threshold=98.750000000000014 0.090019893760967959 3.6350749237073372 2.8304000000000005 11.536550000000002 8.1550000000000029 0.91512870690947679 4.3050000000000006 4.9250000000000007 0.90110371506796294 1.0187000000000002 4.2884500000000001 3.0155786614848563 5.4477086450738232
decision_type=2 2 2 2 2 2 2 2 2 2 2 2 2 2
left_child=1 2 3 -1 5 6 7 13 10 -10 -9 -12 -13 -3
right_child=-2 4 -4 -5 -6 -7 -8 8 9 -11 11 12 -14 -15
leaf_value=0.0048524502925569833 -0.06151359524567615 -0.013453811270095095 0.041679167434447745 -0.057990595238521403 0.053048651215762535 -0.044412046616857777 0.04797357465938281 -0.0095256287849329394 0.0064904333392924 -0.035800911443687328 0.063402986061356997 -0.03483891297134608 0.059482826468506514 0.010584686665095893
leaf_weight=2.0989802726544431 1.4675189680419851 33.31729225628078 1.0399701185524461 4.2429720335640013 1.8046926520764817 2.9866291722282758 2.5608027353882781 4.3931473344564429 39.732704376801848 5.7649155268445602 6.6606601066887361 1.9961796225979926 1.4584555272012947 15.974543683230875
leaf_count=174 20 442 16 500 19 74 25 45 388 116 60 25 37 103
internal_value=-0.000213935 0.000511349 -0.0260802 -0.0371916 0.00219413 0.001395 0.00261805 0.00155539 0.00748524 0.00113178 0.0274093 0.0434504 0.00498123 -0.00566339
internal_weight=125.499 124.032 7.38192 6.34195 116.65 114.845 111.859 109.298 60.0061 45.4976 14.5084 10.1153 3.45464 49.2918
internal_count=2044 2024 690 674 1334 1315 1241 1216 671 504 167 122 62 545
is_linear=0
shrinkage=0.05


Tree=81
num_leaves=15
num_cat=0
split_feature=8 12 16 12 12 16 10 19 9 36 16 6 15 16
split_gain=2.10202 2.04123 2.8109 2.43055 3.98044 3.91466 2.86191 2.76656 3.69928 3.07259 7.34862 5.17421 3.98379 4.23069
threshold=98.750000000000014 0.81983188113159755 5.4477086450738232 0.64355662416080073 0.54670890776586079 4.9146455430491169 -0.87273247331669535 -1.1553134105444947 0.64994738585737166 1.0000000180025095e-35 0.52763008250345211 0.3542876761117415 18.000000000000004 2.4334412569054602
decision_type=2 2 2 2 2 2 2 2 2 2 2 2 2 2
left_child=1 3 -3 4 6 -6 -1 8 -8 11 -11 -9 -12 -14
right_child=-2 2 -4 -5 5 -7 7 9 -10 10 12 -13 13 -15
leaf_value=0.022804123853011296 -0.060934324434283427 0.0072128820433915598 0.071460763513204545 -0.02071857897004719 0.050328830567167221 -0.021431758451472216 0.047027191465191076 0.033242878085389914 -0.035171493272197617 -0.04622573179006826 -0.064958195722660012 -0.040946651619787999 0.029724808076086753 -0.005311893826130322
leaf_weight=10.393438972532747 1.4088815017603327 6.7839221078902465 2.2727775275707245 14.153418725356458 7.2799187488853914 2.5718829333782196 1.5461298655718554 12.184061923995612 11.931497034616767 9.5782804391346854 2.088957446627318 2.9118237998336545 12.663811574224381 26.955529987812042
leaf_count=62 20 72 13 120 72 21 22 130 201 827 27 29 187 241
internal_value=-0.000206911 0.000486901 0.0233359 -0.00132422 0.00141786 0.0315952 -0.00187621 -0.00508825 -0.0257418 -0.00089496 -0.00673107 0.0189326 0.00233885 0.00588714
internal_weight=124.724 123.315 9.0567 114.259 100.105 9.8518 90.2535 79.8601 13.4776 66.3825 51.2866 15.0959 41.7083 39.6193
internal_count=2044 2024 85 1939 1819 93 1726 1664 223 1441 1282 159 455 428
is_linear=0
shrinkage=0.05


Tree=82
num_leaves=15
num_cat=0
split_feature=13 8 12 13 16 12 12 16 2 23 2 33 36 13
split_gain=2.13364 1.93391 1.89945 3.48085 2.62731 2.42704 3.51645 4.37568 3.52293 4.1963 3.0937 4.6833 4.43905 6.16506
threshold=6.2951662387001628 98.750000000000014 0.81983188113159755 0.06954297985692047 5.4477086450738232 0.64355662416080073 0.54670890776586079 4.9146455430491169 -5.349899999999999 0.32596916193758635 -3.0847499999999992 66.500000000000014 1.0000000180025095e-35 0.71908921079608745
decision_type=2 2 2 2 2 2 2 2 2 2 2 2 2 2
left_child=1 2 3 -1 -4 6 8 -8 -5 -10 11 -11 -12 -14
right_child=-2 -3 4 5 -6 -7 7 -9 9 10 12 -13 13 -15
leaf_value=-0.047779191840248661 0.060140973066527763 -0.060385221703455574 0.0068564426731472922 -0.043088262007825562 0.070822595166406405 -0.019880272727227959 0.053077826346710856 -0.025908559214710292 0.035194919490220522 -0.044978659248391284 0.028824297871768208 0.027746738904202942 -0.030046927078412056 0.0080675176962128076
leaf_weight=4.0069422689266494 1.4476849734783162 1.3520473833195854 6.7798686511814577 4.6129669984802595 2.1032778397202492 13.827928587794302 6.642918970435856 2.3821772076189518 8.4413394909352046 8.4428398320451219 12.618860416114329 3.0004104301333419 15.830060095060629 32.171380441635847
leaf_count=560 12 20 72 91 12 116 63 19 72 134 117 17 441 298
internal_value=-0.000203394 -0.000918208 -0.000252963 -0.00201842 0.0220018 -0.000320181 0.00255285 0.0322293 -0.000593767 0.00184119 -0.00206578 -0.0259101 0.00243529 -0.00450198
internal_weight=123.661 122.213 120.861 111.978 8.88315 107.971 94.143 9.0251 85.1179 80.5049 72.0636 11.4433 60.6203 48.0014
internal_count=2044 2032 2012 1928 84 1368 1252 82 1170 1079 1007 151 856 739
is_linear=0
shrinkage=0.05


Tree=83
num_leaves=15
num_cat=0
split_feature=13 5 21 9 0 6 0 7 13 16 36 5 36 13
split_gain=2.00964 2.38864 1.98621 1.96926 2.29692 2.50599 2.47664 2.14272 1.88693 2.39069 2.57085 1.97231 5.41992 6.2093
threshold=6.2951662387001628 34.660884359185545 0.2226389646602058 0.68523299863601517 19.325000000000003 0.23636383565469332 23.155000000000005 0.006292114045033651 0.10873470047047741 3.915247040857555 1.0000000180025095e-35 1.5928891767023541 1.0000000180025095e-35 0.8996116649681799
decision_type=2 2 2 2 2 2 2 2 2 2 2 2 2 2
left_child=1 2 3 -1 -5 -6 -7 -8 9 10 -4 12 -10 -14
right_child=-2 -3 8 4 5 6 7 -9 11 -11 -12 -13 13 -15
leaf_value=0.061815470819329234 0.059590456152884358 -0.055370078144757223 0.05379846305039078 -0.035767523969110482 0.069058783783264785 0.052864218884060579 -0.066046304622970675 0.018284315026313575 0.078056826361566523 0.018847865927757956 -0.052430105747570392 -0.0023566092297142242 -0.049832879589764192 0.052049285470943098
leaf_weight=2.2580183185636988 1.3894796594977368 1.9787199869751919 0.6362970508635043 2.1285951733589155 2.1049337908625603 1.6340448558330534 1.4958728328347208 1.5172493234276769 2.9280609209090471 2.2716894373297691 5.4297579927369934 90.685394000262022 3.3821072932332736 2.680969625711441
leaf_count=15 12 14 15 16 13 10 12 35 47 30 725 973 91 36
internal_value=-0.000199244 -0.00088508 1.97274e-05 0.0201224 0.00952145 0.0237988 0.00329825 -0.0235819 -0.00205331 -0.024903 -0.0412873 -0.000141984 0.0221949 -0.00478265
internal_weight=122.521 121.132 119.153 11.1387 8.8807 6.7521 4.64717 3.01312 108.014 8.33774 6.06606 99.6765 8.99114 6.06308
internal_count=2044 2032 2018 101 86 70 57 47 1917 770 740 1147 174 127
is_linear=0
shrinkage=0.05


Tree=84
num_leaves=15
num_cat=0
split_feature=13 5 21 9 5 2 13 12 36 2 7 7 14 25
split_gain=1.89342 2.21109 1.83043 1.84184 2.20197 3.14032 1.7788 2.56587 2.52182 1.87834 2.65548 2.02301 4.86118 3.75158
threshold=6.2951662387001628 34.660884359185545 0.2226389646602058 0.68523299863601517 11.215731549995914 -0.14734999999999995 0.10873470047047741 0.76978905597320235 1.0000000180025095e-35 11.536550000000002 0.011389092274980602 0.0055323165200306503 48.750000000000007 -0.47456202738296988
decision_type=2 2 2 2 2 2 2 2 2 2 2 2 2 2
left_child=1 2 3 -1 -5 -6 7 8 -4 10 11 -8 -13 -14
right_child=-2 -3 6 4 5 -7 9 -9 -10 -11 -12 12 13 -15
leaf_value=0.060474934145521457 0.059073271058105038 -0.053903239278936692 0.053616261597873562 0.051719780682166774 0.026186668878710961 -0.043831458989193856 -0.0058343832063072129 0.019551581538331267 -0.054182810264859375 0.05182710917267086 -0.045262960277240957 -0.0059184775715485673 -0.01442175710236218 0.041805835361499205
leaf_weight=2.1942956671118727 1.3329920172691334 1.9321339800953854 0.60726940631866444 2.2585646547377092 3.5234837085008612 2.9355323687195787 53.967447504401207 2.3343116119503975 5.0890832100994867 1.7093362640589465 3.2809471581131211 23.227107994258404 3.8219239525496986 13.255495911464093
leaf_count=15 12 14 15 38 21 27 564 30 725 18 69 294 36 166
internal_value=-0.000189734 -0.000847293 1.99405e-05 0.0195303 0.00922413 -0.00563559 -0.00196429 -0.0245984 -0.0426907 -0.000133113 -0.00104357 0.0004954 0.00897093 0.0292221
internal_weight=121.47 120.137 118.205 10.9119 8.71758 6.45902 107.293 8.03066 5.69635 99.2623 97.5529 94.272 40.3045 17.0774
internal_count=2044 2032 2018 101 86 48 1917 770 740 1147 1129 1060 496 202
is_linear=0
shrinkage=0.05


Tree=85
num_leaves=15
num_cat=0
split_feature=8 3 9 34 0 8 15 14 2 17 25 16 30 34
split_gain=1.84569 1.77611 4.06897 3.07059 4.06289 2.87727 4.07621 3.38049 3.55269 3.5229 8.81226 5.34689 3.90075 4.3448
threshold=98.750000000000014 3.3050000000000002 0.76634746688483601 0.27205000000000007 21.915000000000003 32.083333333333336 19.500000000000004 34.583333333333336 -3.9378999999999995 0.85558352560246076 -0.63052898876770846 1.1508334394967352 7.5000000000000009 -1.0000000180025095e-35
decision_type=2 2 2 2 2 2 2 2 2 2 2 2 2 2
left_child=1 2 3 4 -1 -3 -7 -8 -9 11 -11 -10 -13 -14
right_child=-2 5 -4 -5 -6 6 7 8 9 10 -12 12 13 -15
leaf_value=0.054142628258335525 -0.059819276811749561 0.0064491768282351637 -0.047191817902752939 0.054517158326119246 -0.055240128438239014 -0.048098704864358528 -0.040459189015873365 -0.058413361739274042 0.051998088533949854 0.1219900072054603 -0.038290434886644929 -0.028012584805317625 0.064508972911656262 0.0005397705344601058
leaf_weight=1.5721736443229004 1.2835343531332899 55.273802306503057 1.9101756718009699 5.9654433918185532 1.845436342526227 6.1621488323435178 5.8181468630209556 2.4231031667441121 6.6702921632677343 0.95268289744853163 8.589063438586896 7.6238326206803348 3.519296839833264 10.801010154187672
leaf_count=24 20 728 50 55 23 104 434 26 96 4 309 59 32 80
internal_value=-0.000181977 0.000460587 0.0193261 0.0328676 -0.00492172 -0.00151517 -0.0098908 -0.00481632 0.000294059 0.00402227 -0.0222874 0.0127955 0.000879188 0.0162606
internal_weight=120.41 119.127 11.2932 9.38305 3.41761 107.833 52.5596 46.3974 40.5793 38.1562 9.54175 28.6144 21.9441 14.3203
internal_count=2044 2024 152 102 47 1872 1144 1040 606 580 313 267 171 112
is_linear=0
shrinkage=0.05


Tree=86
num_leaves=15
num_cat=0
split_feature=13 5 21 9 5 2 13 14 28 5 36 13 4 25
split_gain=1.76112 2.06053 1.69274 1.7327 2.04858 2.85226 1.62469 1.83807 2.21354 1.74016 5.25639 5.59119 1.73983 3.64353
threshold=6.2951662387001628 34.660884359185545 0.2226389646602058 0.68523299863601517 11.215731549995914 -0.14734999999999995 0.10873470047047741 77.083333333333357 1.0000000180025095e-35 1.5928891767023541 1.0000000180025095e-35 0.8996116649681799 32.381450423251927 1.7672048222371097
decision_type=2 2 2 2 2 2 2 2 2 2 2 2 2 2
left_child=1 2 3 -1 -5 -6 7 -4 -9 10 -8 -12 -11 -14
right_child=-2 -3 6 4 5 -7 9 8 -10 12 11 -13 13 -15
leaf_value=0.059416049925432528 0.058524502755985953 -0.052629286707737456 -0.047743140582070881 0.050894360597412175 0.025054720438548689 -0.042467277050491678 0.078484372407953418 0.023841715128719018 -0.066185111762879376 -0.0053180627204733183 -0.049423770495243963 0.050612809892333958 0.054666336793220555 -0.0014206684563050865
leaf_weight=2.1276763640344134 1.2641247734427441 1.8874524608254422 3.9570924614090464 2.1674468070268613 3.4627255722880355 2.8523093536496171 2.7384618129581213 2.7441414499189709 0.90894447686150659 74.424812203273177 3.206454109400509 2.4748607315123081 3.936003014445304 10.954475404694675
leaf_count=15 12 14 554 38 21 27 47 141 75 815 91 36 26 132
internal_value=-0.00017744 -0.000807148 3.63813e-05 0.019072 0.00895241 -0.00544291 -0.00188085 -0.0241331 0.00144164 -0.000148161 0.0215815 -0.00584643 -0.00219662 0.0134048
internal_weight=119.107 117.843 115.955 10.6102 8.48248 6.31503 105.345 7.61018 3.65309 97.7351 8.41978 5.68131 89.3153 14.8905
internal_count=2044 2032 2018 101 86 48 1917 770 216 1147 174 127 973 158
is_linear=0
shrinkage=0.05


Tree=87
num_leaves=15
num_cat=0
split_feature=13 5 16 3 7 2 27 1 15 2 21 3 30 19
split_gain=1.66088 1.90684 1.84544 3.46258 2.89386 2.68958 3.41562 5.24923 4.39261 3.12917 2.82865 2.77718 5.28201 2.76737
threshold=6.2951662387001628 34.660884359185545 5.8164176580060039 4.0750000000000011 0.0041460414627401011 3.7535000000000003 1.0000000180025095e-35 75.145000000000024 19.500000000000004 2.7120500000000001 1.6890838206638594 5.1350000000000007 4.5000000000000009 0.61353603566692672
decision_type=2 2 2 2 2 2 2 2 2 2 2 2 2 2
left_child=1 2 3 -1 -4 9 7 8 -7 10 13 -8 -13 -5
right_child=-2 -3 4 5 -6 6 11 -9 -10 -11 -12 12 -14 -15
leaf_value=-0.016416109471937286 0.058071159374339723 -0.05122053727370033 -0.0048641299517125682 0.02655912110207756 0.047968282604610141 0.054329587487547903 0.048631243718231007 -0.098967238470286947 -0.026815614077301771 0.035538733826781681 -0.0081856881075318324 0.044919999809922125 -0.047501590178021726 -0.023376549362142063
leaf_weight=29.673756503732875 1.2116220593452443 1.843525007367133 5.4794967621564847 16.189801834523681 4.9183343350887299 2.006171636283395 3.4501042976044118 2.0946771171875307 9.8872371064499021 9.8489830677863193 21.837597702862695 2.7414744310081005 3.5449811983853579 3.3483140487223855
leaf_count=515 12 14 33 105 34 34 127 28 386 185 420 20 105 26
internal_value=-0.000168093 -0.000771903 3.66743e-05 -0.00195992 0.0201264 0.00376354 -0.0101542 -0.0259823 -0.0131281 0.0102095 0.00418021 0.0125853 -0.00719725 0.0180015
internal_weight=118.076 116.864 115.021 104.623 10.3978 74.9493 23.7246 13.9881 11.8934 51.2247 41.3757 9.73656 6.28646 19.5381
internal_count=2044 2032 2018 1951 67 1436 700 448 420 736 551 252 125 131
is_linear=0
shrinkage=0.05


Tree=88
num_leaves=15
num_cat=0
split_feature=13 5 23 18 13 2 25 14 24 17 17 35 36 18
split_gain=1.56708 1.76417 1.55749 3.3716 3.34624 3.04799 3.11324 2.07726 4.01004 3.57671 3.013 6.518 4.69366 4.57745
threshold=6.2951662387001628 34.660884359185545 0.32596916193758635 -1.3210108440706303 4.5250358897529042 -4.7155999999999993 -0.83976626736185478 48.750000000000007 -0.33438647385379833 0.28390669122534146 0.68002788668618874 1.0000000180025095e-35 1.0000000180025095e-35 -0.24592281764858112
decision_type=2 2 2 2 2 2 2 2 2 2 2 2 2 2
left_child=1 2 5 -4 7 6 -1 9 -9 -5 13 12 -12 -11
right_child=-2 -3 3 4 -6 -7 -8 8 -10 10 11 -13 -14 -15
leaf_value=0.036135202871495901 0.057644171658809633 -0.04984054451457387 -0.027378275053980231 -0.057331442110322428 0.054504473655033775 0.039011795571815631 -0.063993908738471314 0.064877786392795456 0.0027041716919789668 -0.036272259563644417 0.059929676403044266 0.022456100431966164 -0.047071342398624358 0.033947792697373164
leaf_weight=1.3631756193935873 1.1608513891696919 1.8009354211390007 11.419011498801408 3.5529763577505937 2.8757578283548346 6.4506516188848746 1.8031850941479204 2.7288891142234126 52.251464880537249 3.1538802906870833 1.1238104701042182 6.9734845818020395 11.643117824802175 8.7863884968683141
leaf_count=12 12 14 132 78 14 53 44 23 865 33 6 85 602 71
internal_value=-0.000160593 -0.00073943 3.53984e-05 -0.00173648 0.00140891 0.0192905 -0.0208865 -0.000283617 0.00579009 -0.00976133 -0.00442636 -0.0164186 -0.0376526 0.0154
internal_weight=117.088 115.927 114.126 104.509 93.0898 9.61701 3.16636 90.214 54.9804 35.2337 31.6807 19.7404 12.7669 11.9403
internal_count=2044 2032 2018 1909 1777 109 56 1763 888 875 797 693 608 104
is_linear=0
shrinkage=0.05


Tree=89
num_leaves=15
num_cat=0
split_feature=8 3 9 8 2 19 4 3 33 14 2 4 20 23
split_gain=1.72993 1.5424 3.69058 2.5185 3.66446 4.00072 3.14909 3.39889 3.38946 2.77944 3.54777 4.74119 4.33268 2.66327
threshold=98.750000000000014 3.3050000000000002 0.76634746688483601 32.083333333333336 -3.9378999999999995 1.4319109959974192 29.571167877035759 5.9150000000000009 73.000000000000014 34.583333333333336 1.0187000000000002 2.7255696908381508 -0.75576563607727654 1.2973612140873394
decision_type=2 2 2 2 2 2 2 2 2 2 2 2 2 2
left_child=1 2 -1 -3 -5 6 7 8 9 -6 12 -12 -11 -13
right_child=-2 3 -4 4 5 -7 -8 -9 -10 10 11 13 -14 -15
leaf_value=0.031728901922528578 -0.059264532587913511 0.0061455736334851234 -0.04600885690839851 -0.056606487855759016 -0.037648944095362208 -0.035568949115873286 0.061221950380949242 -0.057986010050719586 -0.045603844126342941 0.045629620156547583 -0.052265346980037312 0.085294059978060846 -0.016873601125610878 0.02895776358099272
leaf_weight=8.948263122700153 1.224944557994603 53.614668407710269 1.8408464554231603 3.8045193273574105 3.032624832121658 8.9721002827864123 2.0908645093441001 2.5120195539202532 3.3147703625727436 3.6041952650994054 1.3747285455465306 3.0854948339983803 12.017167262732984 6.5540731116198003
leaf_count=102 20 728 50 84 224 271 15 66 103 27 137 21 116 80
internal_value=-0.000160052 0.000470793 0.0184652 -0.00139638 -0.00942536 -0.00556992 0.00159112 -0.00192148 0.00234844 0.00770604 0.01287 0.0346018 -0.00245272 0.0469902
internal_weight=115.991 114.766 10.7891 103.977 50.3626 46.558 37.5859 35.4951 32.9831 29.6683 26.6357 11.0143 15.6214 9.63957
internal_count=2044 2024 152 1872 1144 1060 789 774 708 605 381 238 143 101
is_linear=0
shrinkage=0.05


Tree=90
num_leaves=15
num_cat=0
split_feature=8 0 19 19 14 8 27 17 30 12 1 1 30 3
split_gain=1.63184 1.50561 1.38768 2.04625 3.19863 3.4857 3.5314 4.78445 4.16931 4.96349 4.2819 3.85181 3.51045 3.17769
threshold=98.750000000000014 49.705000000000005 3.0868045278538285 1.3086380732219129 5.416666666666667 10.41666666666667 1.0000000180025095e-35 0.40406990872031057 7.5000000000000009 0.39855324649496321 28.345000000000002 64.145000000000024 7.5000000000000009 3.4400000000000008
decision_type=2 2 2 2 2 2 2 2 2 2 2 2 2 2
left_child=1 2 3 4 -1 -6 8 12 10 -10 -7 13 -8 -12
right_child=-2 -3 -4 -5 5 6 7 -9 9 -11 11 -13 -14 -15
leaf_value=-0.021200119901349318 -0.058801881058830635 -0.050416555329618355 0.03795673546451496 -0.011013770169280179 0.037175161015338125 0.045108554702545399 0.019592159889677517 0.04070728974521557 -0.0095239338672413812 0.039355611096007638 0.020529598796050427 0.042426177609550392 -0.050017525122931554 -0.045439510113074601
leaf_weight=10.599997737444935 1.1741390316747118 1.4365537338890124 2.4967272132635108 29.457467720843852 9.0783128233160806 2.1866753846406963 4.2196140065789249 12.175112756201996 12.382860254729168 8.9456753190606815 2.1034860713407424 1.7016312375199039 3.1732315653935075 13.810551401227711
leaf_count=292 20 37 64 709 90 21 34 176 193 67 29 36 50 226
internal_value=-0.000158357 0.000446873 0.00109734 0.000259465 0.004391 0.0082786 0.00395674 0.0214417 -0.0043617 0.0109773 -0.0208829 -0.0290745 -0.0102864 -0.0367198
internal_weight=114.942 113.768 112.331 109.835 80.3771 69.7772 60.6988 19.568 41.1309 21.3285 19.8023 17.6157 7.39285 15.914
internal_count=2044 2024 1987 1923 1214 922 832 260 572 260 312 291 84 255
is_linear=0
shrinkage=0.05


Tree=91
num_leaves=15
num_cat=0
split_feature=8 0 12 13 16 12 12 16 6 19 14 2 19 25
split_gain=1.53996 1.40081 1.29863 2.70312 2.33408 2.18652 3.13393 3.63788 3.05574 2.46018 3.79841 2.78358 2.95438 2.73046
threshold=98.750000000000014 49.705000000000005 0.81983188113159755 0.06954297985692047 5.4477086450738232 0.64355662416080073 0.54670890776586079 4.9146455430491169 0.75201401551678793 1.4319109959974192 7.916666666666667 -5.349899999999999 -1.5576555533924579 -1.6628968398139496
decision_type=2 2 2 2 2 2 2 2 2 2 2 2 2 2
left_child=1 2 3 -1 -4 6 8 -8 9 11 -11 12 -5 -13
right_child=-2 -3 4 5 -6 -7 7 -9 -10 10 -12 13 -14 -15
leaf_value=-0.046214642037300135 -0.058362856909879003 -0.049375072712030565 0.0052080889604197399 -0.066157302645222849 0.067623520879786167 -0.018248018573108423 0.051925567461399064 -0.021089698918890586 0.034200659151053518 0.056658172159110613 -0.033230579938444582 0.035936310131724582 0.032876686730669763 0.00076284125156025288
leaf_weight=3.1319821064826092 1.1250644423998881 1.3945893102791149 6.2430904172360879 2.7934847250580792 1.9706764444708822 12.907119050621985 6.3492129761725646 2.3326802663505077 6.2455605724826446 1.3238411443307985 10.470900058746336 6.1961821243166773 1.0310200005769576 50.377054872689797
leaf_count=554 20 37 72 55 13 116 62 21 100 18 178 41 25 732
internal_value=-0.000155267 0.000425462 0.00104905 -0.000474437 0.020183 0.000957751 0.00380315 0.0323076 0.000648147 -0.00225457 -0.0231415 0.00182432 -0.0394595 0.00461521
internal_weight=113.892 112.767 111.373 103.159 8.21377 100.027 87.1199 8.68189 78.438 72.1925 11.7947 60.3977 3.8245 56.5732
internal_count=2044 2024 1987 1902 85 1348 1232 83 1149 1049 196 853 80 773
is_linear=0
shrinkage=0.05


Tree=92
num_leaves=15
num_cat=0
split_feature=8 16 14 3 7 35 25 13 8 14 7 2 13 33
split_gain=1.45378 1.31631 3.96094 1.9737 3.17622 3.17302 3.02338 3.95598 2.91323 2.43351 2.3929 2.3086 2.19229 4.03352
threshold=98.750000000000014 5.9919093215572916 84.583333333333357 4.3050000000000006 0.0029519689581001501 1.0000000180025095e-35 0.15600968748336411 0.55148178660207858 48.750000000000007 83.750000000000014 0.0058153948172566007 -1.7228999999999999 1.2640568868442545 56.500000000000007
decision_type=2 2 2 2 2 2 2 2 2 2 2 2 2 2
left_child=1 3 -3 5 -5 6 9 -8 -7 11 -9 12 -1 -14
right_child=-2 2 -4 4 -6 8 7 10 -10 -11 -12 -13 13 -15
leaf_value=0.062377927254781175 -0.057946192281139258 0.061493971171153128 -0.0083387203339889207 0.066942217550331293 0.00231574582275658 -0.059607578438295207 -0.044949499316348077 0.012922028076364278 -0.0086652965501634923 -0.046412757087106078 0.067329698346733788 -0.035552371268681014 -0.037578591947864969 0.03154295051089092
leaf_weight=1.6421772800385959 1.0776949429418881 3.3635080307722074 5.123985081911087 1.9615017666947085 61.85023773368448 5.2413114607334119 1.8657700666226436 4.8453321047127229 6.0412382036447525 4.2279857778921714 3.4668588014319539 3.9542459659278437 3.9601057935506088 4.5189733505249023
leaf_count=39 20 27 35 18 1228 41 90 39 49 92 28 245 66 27
internal_value=-0.000150778 0.000405032 0.0193353 -0.0011462 0.00430229 -0.00988974 -0.00100011 0.0208459 -0.0323305 -0.0131479 0.0356144 -0.00315588 0.00950101 -0.000739874
internal_weight=113.141 112.063 8.48749 103.576 63.8117 39.764 28.4814 10.178 11.2825 18.3035 8.31219 14.0755 10.1213 8.47908
internal_count=2044 2024 62 1962 1246 716 626 157 90 469 67 377 132 93
is_linear=0
shrinkage=0.05


Tree=93
num_leaves=15
num_cat=0
split_feature=19 11 2 3 2 8 4 10 1 0 19 8 34 34
split_gain=1.354 2.5276 1.63564 1.779 1.55239 3.77956 4.39193 3.04332 2.73144 2.91255 3.75963 3.42977 3.40543 3.84055
threshold=3.0868045278538285 4.0722627262638884 11.151850000000001 8.5450000000000017 4.6522000000000006 16.250000000000004 25.588247107771625 0.99521849727499478 75.145000000000024 22.965000000000003 -1.3478158138895846 26.250000000000004 0.42499999999999999 1.0000000180025095e-35
decision_type=2 2 2 2 2 2 2 2 2 2 2 2 2 2
left_child=1 2 3 4 7 -6 -7 8 9 10 -1 -11 13 -12
right_child=-2 -3 -4 -5 5 6 -8 -9 -10 11 12 -13 -14 -15
leaf_value=-0.027044289831305753 0.037086789861934776 -0.076359952738463716 0.05795487537944808 -0.053200661333019754 -0.046688958010624698 -0.045697402464324383 0.025213468284146417 0.064024392904669061 0.075509621906606816 0.0079964601787177025 0.015699556137356609 -0.019906542475812902 -0.00092195148549890416 0.064896664945296487
leaf_weight=5.9322981527075163 2.3899378888308993 1.1002097278833378 1.1961068974342186 1.5980266514234234 5.7870729053393033 3.130388933233915 7.2195059768855572 1.966943860054015 1.217488842550664 18.527621168876067 13.324908499605955 27.152683029184118 16.094653488369659 5.6485407738946369
leaf_count=71 64 19 19 60 109 235 83 16 25 218 257 564 258 46
internal_value=-0.000145073 -0.000954761 -0.000192221 -0.000838597 -4.92168e-05 -0.0143282 0.00376604 0.00251485 0.00113842 9.38233e-05 0.00976803 -0.00858927 0.0159954 0.0303459
internal_weight=112.286 109.896 108.796 107.6 106.002 16.137 10.3499 89.8651 87.8982 86.6807 41.0004 45.6803 35.0681 18.9734
internal_count=2044 1980 1961 1942 1882 427 318 1455 1439 1414 632 782 561 303
is_linear=0
shrinkage=0.05


Tree=94
num_leaves=15
num_cat=0
split_feature=21 0 0 27 13 17 8 2 30 27 0 33 2 2
split_gain=1.29356 1.42889 1.88597 1.56654 1.25452 1.22226 1.63469 3.40494 2.65162 2.87821 2.98396 2.64597 4.08279 4.32211
threshold=0.20079896727367388 19.925000000000004 23.155000000000005 1.0000000180025095e-35 0.045302685327362903 0.032360891117125007 32.083333333333336 -3.9378999999999995 12.500000000000002 1.0000000180025095e-35 34.010000000000005 60.000000000000007 -5.349899999999999 4.3060500000000008
decision_type=2 2 2 2 2 2 2 2 2 2 2 2 2 2
left_child=1 -1 -3 -4 -2 -6 11 -8 9 -9 -11 -7 -13 -14
right_child=4 2 3 -5 5 6 7 8 -10 10 -12 12 13 -15
leaf_value=-0.016723659034409574 -0.043080318602683992 0.06330504450444889 0.034773334765723383 -0.021532738827326675 -0.03596121110224023 -0.00095336874685713084 -0.055872180905149449 -0.0091954495746143089 -0.059537201439097479 0.024553591290890176 -0.050801561037345649 -0.046056038554758705 0.059995781262472653 -0.0039967790399264092
leaf_weight=2.3705213814973813 1.8096698920708139 2.4972795471549034 2.8226820752024651 2.196607606485486 2.4487465927377334 32.309909445233643 3.2430181559175173 31.319081327179454 1.9856418422423292 13.719272633781655 1.4528576326556493 1.7218993753194798 7.205198538489638 4.1632381556555629
leaf_count=19 355 16 29 37 46 488 72 518 49 263 43 10 46 53
internal_value=-0.00013968 0.0171235 0.027798 0.0101319 -0.0018233 -0.00107345 -0.000193804 -0.00627142 -0.00295322 -0.000536511 0.0173377 0.00672981 0.0256936 0.036561
internal_weight=111.266 9.88709 7.51657 5.01929 101.379 99.5689 97.1201 51.7199 48.4769 46.4912 15.1721 45.4002 13.0903 11.3684
internal_count=2044 101 82 66 1943 1588 1542 945 873 824 306 597 109 99
is_linear=0
shrinkage=0.05


Tree=95
num_leaves=15
num_cat=0
split_feature=19 23 2 7 12 2 29 13 7 19 8 33 17 19
split_gain=1.26403 1.85313 1.8693 1.84828 2.31101 4.11789 2.2311 3.2302 1.69477 3.30129 3.84015 5.03005 3.83488 3.44886
threshold=3.0868045278538285 7.9829530540123841 10.840500000000002 0.0131121690289845 0.81983188113159755 7.332650000000001 11.000000000000002 0.18169856283227628 0.0054294840148391013 -1.995612113172873 61.250000000000007 66.500000000000014 0.057679902891211506 -1.1016815121057293
decision_type=2 2 2 2 2 2 2 2 2 2 2 2 2 2
left_child=1 2 3 4 5 6 7 -1 9 -8 12 13 -11 -12
right_child=-2 -3 -4 -5 -6 -7 8 -9 -10 10 11 -13 -14 -15
leaf_value=-0.067658410047272285 0.036234256499711286 -0.049293209439465219 0.059219855445778562 -0.059002393109186785 0.026737834908187361 -0.079477697233288291 0.039700942374098727 0.055237557259632634 0.0055625335598446929 0.064532567779942346 -0.035793197245314788 -0.03767793708547007 -0.030242100125693134 0.024530468779143288
leaf_weight=0.63532047462649544 2.3385931793600312 1.9443269113544364 1.3145058038644482 1.3455042594578106 7.4852334205061188 1.6894819936715055 3.3522355519235054 3.375331224873662 38.728267005411908 1.1196781489998198 2.7953747855499449 5.9171102468390009 22.838165946304798 15.54909591283649
leaf_count=80 64 61 19 52 76 34 26 53 651 7 48 115 506 252
internal_value=-0.000134046 -0.000920899 -3.48348e-05 -0.000777848 -2.08186e-05 -0.00210722 -0.000721205 0.0357698 -0.00234195 -0.00827789 -0.0116134 0.0024082 -0.0258128 0.0153382
internal_weight=110.428 108.09 106.145 104.831 103.485 96.0001 94.3106 4.01065 90.2999 51.5717 48.2194 24.2616 23.9578 18.3445
internal_count=2044 1980 1919 1900 1848 1772 1738 133 1605 954 928 415 513 300
is_linear=0
shrinkage=0.05


Tree=96
num_leaves=15
num_cat=0
split_feature=6 9 3 18 7 23 23 18 5 9 9 16 7 5
split_gain=1.25493 4.24926 2.96434 2.25312 1.40474 1.76062 1.75961 1.86847 2.97939 6.32977 3.0317 3.59115 3.15626 3.45426
threshold=0.76884084135632225 0.71434689826761921 5.205000000000001 1.9521430177842831 0.012349605161126253 0.18315953553491685 0.29857429520108308 -1.3210108440706303 15.431011733521361 0.75189270635691619 0.77045658453178356 5.8164176580060039 0.0053291585499472003 4.8386731266155936
decision_type=2 2 2 2 2 2 2 2 2 2 2 2 2 2
left_child=4 3 -3 -2 5 -1 -7 -8 10 -10 11 12 13 -9
right_child=1 2 -4 -5 -6 6 7 8 9 -11 -12 -13 -14 -15
leaf_value=-0.063817102539500931 -0.080397742689637494 0.050703524233941283 -0.033294819686846146 0.01200286446966342 -0.036749402506870664 0.023896739066483295 -0.020389504174176173 -0.0017660992117545578 0.0010216096399582534 0.055531700447430492 -0.057699924782061922 0.051797100382602171 0.0063577366331763023 -0.043796943088849058
leaf_weight=1.096482568187638 1.4223525202833101 6.105098660569638 1.2685805656947193 1.230495794676244 2.7991579382214686 7.0755376797169438 11.964976049028335 10.08249810501002 25.398678917437792 6.7386516667902461 2.8208945519290856 2.6844196543097487 19.284332064911723 9.4887840542942268
leaf_count=27 18 139 33 29 70 66 137 649 183 51 55 19 461 107
internal_value=-0.000130975 0.0167285 0.0362523 -0.0375387 -0.00183101 -0.000819552 -9.65399e-05 -0.00201559 0.000858246 0.0124514 -0.00754046 -0.00413424 -0.00799837 -0.022144
internal_weight=109.461 10.0265 7.37368 2.65285 99.4344 96.6353 95.5388 88.4632 76.4983 32.1373 44.3609 41.54 38.8556 19.5713
internal_count=2044 219 172 47 1825 1755 1728 1662 1525 234 1291 1236 1217 756
is_linear=0
shrinkage=0.05


Tree=97
num_leaves=15
num_cat=0
split_feature=4 19 29 1 27 0 14 12 0 34 34 13 25 11
split_gain=1.22667 3.74976 2.56418 2.28655 5.18261 2.32949 2.21656 3.28534 2.72798 2.41287 3.20702 3.08125 2.74894 2.97883
threshold=31.946477744557324 1.3086380732219129 11.000000000000002 74.77500000000002 1.0000000180025095e-35 32.485000000000007 5.416666666666667 0.014109592306676801 21.215000000000003 -0.81249999999999989 0.34705000000000003 2.769750881039156 -0.8879449872231816 0.28114146445366789
decision_type=2 2 2 2 2 2 2 2 2 2 2 2 2 2
left_child=1 6 -3 -2 -5 -6 7 8 -1 -8 -11 12 -12 -14
right_child=3 2 -4 4 5 -7 9 -9 -10 10 11 -13 13 -15
leaf_value=0.15842190183165294 0.023266579175546771 0.052709948390328588 -0.032108644439074234 -0.092879351478870539 0.036343927208380755 -0.045383793560053926 -0.040577075265771589 -0.028072199303180112 -0.050509532470595919 0.015565065924536976 0.054157565514063567 -0.058605414094885636 0.018279018508030338 -0.023712650963781379
leaf_weight=0.4463511451613148 12.908260164782407 0.95632139290682872 13.057010061340405 1.5479985708370794 3.1408472061157227 1.2069330178201196 2.7626451570540658 9.2184720174409431 0.24036717205308378 40.52563184988685 2.0137794688344064 2.651483602821826 6.8861548288259682 10.921938691288231
leaf_count=18 118 20 540 14 81 27 46 235 48 513 11 25 214 134
internal_value=-0.000127939 -0.00256254 -0.0263203 0.0114831 -0.0143156 0.0136565 0.00183735 -0.0202128 0.0852911 0.0051586 0.00716421 -0.00798483 -0.00121354 -0.00747503
internal_weight=108.484 89.6802 14.0133 18.804 5.89578 4.34778 75.6668 9.90519 0.686718 65.7616 62.999 22.4734 19.8219 17.8081
internal_count=2044 1804 560 240 122 108 1244 301 66 943 897 384 359 348
is_linear=0
shrinkage=0.05


Tree=98
num_leaves=15
num_cat=0
split_feature=6 6 19 7 16 14 8 18 2 15 14 8 1 5
split_gain=1.17173 2.02629 2.02581 2.49005 3.61943 3.03862 3.06319 2.86572 2.39597 2.98926 2.32293 2.99157 3.785 3.58967
threshold=0.74641717713497491 0.93903363705683962 1.4319109959974192 0.005286028084963001 4.871218022902764 4.5833333333333339 16.250000000000004 1.857966952230693 7.332650000000001 19.500000000000004 5.416666666666667 10.41666666666667 50.150000000000013 30.478504856796871
decision_type=2 2 2 2 2 2 2 2 2 2 2 2 2 2
left_child=2 -2 10 -4 5 -5 -7 8 9 -8 -1 12 -12 -13
right_child=1 -3 3 4 -6 6 7 -9 -10 -11 11 13 -14 -15
leaf_value=-0.020441724967350691 0.025682824578138603 -0.027142956035466927 -0.045547859093231891 0.043974414389712668 0.063022844981632117 -0.058026107212222178 0.054489466077261864 0.06495623376247632 -0.11974515308747612 -0.045157996135546635 0.049582410634488719 0.004373801894404907 -0.026775451208604091 -0.042173765814876973
leaf_weight=10.39298005402088 9.0507786402013135 2.2707443402614436 5.369690026156607 1.8018766241148103 1.6974164769053448 4.2729696803726238 1.2447702884674063 1.257422554772347 0.54011151194572438 1.9035087306983782 6.9311879407614452 54.290431518340483 2.1191131290979683 4.4840015135705462
leaf_count=338 191 48 161 22 12 109 18 22 3 118 50 872 46 34
internal_value=-0.000128236 0.0150876 -0.00191699 -0.0169971 -0.00494268 -0.0154108 -0.0270181 -0.000228491 -0.0224509 -0.00575926 0.00157027 0.00494323 0.0317033 0.000822609
internal_weight=107.627 11.3215 96.3055 18.0878 12.7181 11.0207 9.21878 4.94581 3.68839 3.14828 78.2177 67.8247 9.0503 58.7744
internal_count=2044 239 1805 465 304 292 270 161 139 136 1340 1002 96 906
is_linear=0
shrinkage=0.05


Tree=99
num_leaves=15
num_cat=0
split_feature=8 3 9 34 0 3 11 2 10 2 36 7 2 7
split_gain=1.35988 1.18389 2.99555 2.68044 3.46879 2.05634 3.34172 2.06954 3.01847 3.11314 2.87776 5.221 3.54876 3.27584
threshold=98.750000000000014 3.3050000000000002 0.76634746688483601 0.27205000000000007 21.915000000000003 4.0750000000000011 2.1266614919814129 3.7535000000000003 0.050811424874136611 -3.9378999999999995 1.0000000180025095e-35 0.0027280124495716505 -2.7807499999999998 0.0087411187367243525
decision_type=2 2 2 2 2 2 2 2 2 2 2 2 2 2
left_child=1 2 3 4 -1 6 -3 8 9 -7 12 -12 -11 -13
right_child=-2 5 -4 -5 -6 7 -8 -9 -10 10 11 13 -14 -15
leaf_value=0.052217539873371077 -0.057738069872987241 -0.019668307497215543 -0.04505385355529222 0.050808438278096779 -0.055558516326271505 -0.022292636304125025 0.035264480568661064 -0.010005270523408489 0.024930422478949027 0.00012144641505014555 0.098424671640535977 -0.034261425814031556 0.05717842842854029 0.076575556122927602
leaf_weight=1.3299651583656653 1.0144895405974228 23.294215297093618 1.6296918417792756 5.2288643424399197 1.7019771039485929 10.830723165534435 3.1419364362955085 20.698560241609812 18.280636195093393 5.5286151561886072 0.98298314213752913 7.0859600300900638 5.374374847859146 0.73587325960397709
leaf_count=24 20 402 50 55 23 188 28 699 205 49 4 253 40 4
internal_value=-0.00012447 0.000427741 0.0168985 0.0291205 -0.00828242 -0.00126999 -0.0131395 0.00324375 0.00886113 -0.000758093 0.0110765 -0.0101848 0.0282464 -0.023834
internal_weight=106.859 105.844 9.8905 8.26081 3.03194 95.9539 26.4362 69.5177 48.8192 30.5385 19.7078 8.80482 10.903 7.82183
internal_count=2044 2024 152 102 47 1872 430 1442 743 538 350 261 89 257
is_linear=0
shrinkage=0.05


Tree=100
num_leaves=15
num_cat=0
split_feature=21 13 12 36 1 1 22 7 16 34 35 13 13 18
split_gain=1.16261 1.19085 1.8291 2.06197 1.55633 3.20362 2.86514 3.59474 2.84132 2.7992 2.72504 2.52878 5.6917 2.77024
threshold=0.20079896727367388 0.10873470047047741 0.76978905597320235 1.0000000180025095e-35 45.20000000000001 52.32500000000001 1.0000000180025095e-35 0.007217421132864001 0.52763008250345211 0.42499999999999999 1.0000000180025095e-35 1.9766955760546867 1.013649799151805 -0.82816040535355995
decision_type=2 2 2 2 2 2 2 2 2 2 2 2 2 2
left_child=-1 2 3 -2 10 6 7 9 -7 -6 11 12 -3 -13
right_child=1 4 -4 -5 5 8 -8 -9 -10 -11 -12 13 -14 -15
leaf_value=0.016696326642852033 0.05332262601470901 0.046076976987481047 0.017001317513709899 -0.053672578613948058 0.022367430032036763 -0.045209959626693511 0.073837816368314144 0.069317705091623258 0.0022848126849509161 -0.041638395705017636 -0.04687138537066738 -0.0059861411197723062 -0.057417824310044718 0.032845993267669245
leaf_weight=9.3710625618696195 0.51068799383938301 1.8024093899875904 1.9817998856306074 3.8074660771526387 4.3838691581040603 3.4156099357642224 2.6276989039033642 2.2943087853491306 40.337169491685927 2.7987097762525082 4.1041510868817559 17.341288174502555 5.0519104292616248 6.2473590448498717
leaf_count=101 15 42 30 725 53 143 19 17 478 24 48 147 155 47
internal_value=-0.000119148 -0.00174864 -0.0227672 -0.0410188 -0.000283934 0.00487537 0.0276409 0.0148317 -0.00142292 -0.0025726 -0.00862573 -0.00346966 -0.0302029 0.00429839
internal_weight=106.076 96.7044 6.29995 4.31815 90.4045 55.8574 12.1046 9.47689 43.7528 7.18258 34.5471 30.443 6.85432 23.5886
internal_count=2044 1943 770 740 1173 734 113 94 621 77 439 391 197 194
is_linear=0
shrinkage=0.05


Tree=101
num_leaves=15
num_cat=0
split_feature=15 31 0 8 20 6 9 3 19 20 13 2 8 34
split_gain=1.12146 2.89528 3.70153 4.18641 5.3304 1.85476 2.18196 2.77746 2.11538 3.13633 3.84085 3.19297 3.03668 2.47361
threshold=19.500000000000004 0.33500000000000002 26.455000000000002 28.750000000000004 0.52140276143373743 0.8150151800669807 0.71599831907955114 5.205000000000001 1.4319109959974192 0.62414342802993683 1.322924982140274 4.4609500000000013 32.916666666666671 -0.29164999999999991
decision_type=2 2 2 2 2 2 2 2 2 2 2 2 2 2
left_child=1 2 3 -1 -5 8 -7 -8 13 -10 11 12 -11 -2
right_child=5 -3 -4 4 -6 6 7 -9 9 10 -12 -13 -14 -15
leaf_value=0.044988819100816445 -0.033878136899864263 -0.068086729815385036 -0.038123397002783811 -0.061879364971064083 0.042508350301012736 -0.026033637460108623 0.05475524237929591 -0.031321328695719734 -0.043402586303419768 0.053667061808857344 0.057708609665103099 -0.048737515254755892 -0.043730936566333395 0.0065210710787471371
leaf_weight=5.1546441372483986 4.0450403669383368 2.0124762877821913 5.3298639906570306 2.9806856550276279 2.0737600540742278 1.6354525836650271 5.0760829497594386 1.1493724500760434 6.4191862824372938 2.1975754280574606 2.323786549270153 3.6771472417749465 1.25861264555715 59.862223115516827
leaf_count=40 150 14 107 42 18 27 124 30 249 32 15 123 28 1045
internal_value=-0.000121076 -0.0116574 -0.0043492 0.0132833 -0.0190507 0.00218916 0.0253616 0.0388634 -9.39708e-05 -0.0164285 0.00188055 -0.0163062 0.0181984 0.00396398
internal_weight=105.196 17.5514 15.539 10.2091 5.05445 87.6445 7.86091 6.22546 79.7836 15.8763 9.45712 7.13334 3.45619 63.9073
internal_count=2044 221 207 100 60 1823 181 154 1642 447 198 183 60 1195
is_linear=0
shrinkage=0.05


Tree=102
num_leaves=15
num_cat=0
split_feature=9 6 9 8 24 1 16 2 17 5 7 1 8 12
split_gain=1.12953 1.18574 3.67427 2.3617 1.51658 1.69321 3.49444 3.89387 2.71782 4.16052 2.97715 2.4405 2.95817 2.66677
threshold=0.61931730938694396 0.76884084135632225 0.70756782860246592 17.916666666666668 -0.6903888973153417 56.940000000000005 5.5334479214316517 3.0872000000000006 0.6627103344338624 7.6586597545648791 0.0056504058003421006 45.20000000000001 11.250000000000002 0.81983188113159755
decision_type=2 2 2 2 2 2 2 2 2 2 2 2 2 2
left_child=-1 4 -3 -4 -2 11 7 -7 -9 -10 -11 -6 -13 -14
right_child=1 2 3 -5 5 6 -8 8 9 10 -12 12 13 -15
leaf_value=0.026932367750720707 -0.062611044337133354 -0.044864510116360105 -0.0088368635123698656 0.053151835906428857 -0.0051929466089489229 -0.05081420742928159 0.029390575076390757 0.031720820390735142 -0.050542216839649878 -0.041580983139156154 0.014393265240736822 0.053810176378876862 0.0011570563307215971 0.067571135378277594
leaf_weight=3.7210099082440129 1.0483422446995962 1.92856036336161 2.2732706449460238 4.7410487863235176 34.571247527841479 6.7203347252216217 4.6143340580165377 3.70320498896763 5.7471238607540753 3.1484901476651421 9.6766170151531679 4.2023810264654484 16.469552908791233 1.6642221063375462
leaf_count=59 30 35 74 103 421 164 35 68 570 45 95 33 301 11
internal_value=-0.000119341 -0.00112084 0.0162568 0.0330619 -0.00281805 -0.00212555 -0.0110239 -0.0174554 -0.00739123 -0.01519 0.000651909 0.00312989 0.0160117 0.00725219
internal_weight=104.23 100.509 8.94288 7.01432 91.5659 90.5175 33.6101 28.9958 22.2754 18.5722 12.8251 56.9074 22.3362 18.1338
internal_count=2044 1985 212 177 1773 1743 977 942 778 710 140 766 345 312
is_linear=0
shrinkage=0.05


Tree=103
num_leaves=15
num_cat=0
split_feature=19 24 6 9 19 4 7 16 17 14 6 14 8 12
split_gain=1.13882 1.4705 1.38087 3.91728 1.87602 2.09748 2.09025 3.039 2.64075 2.99085 1.9002 1.98692 3.31591 2.88793
threshold=3.0868045278538285 0.77730696734636395 0.74641717713497491 0.71434689826761921 1.4319109959974192 39.090133038195994 0.0054294840148391013 4.871218022902764 0.74766672917757027 4.5833333333333339 0.72189709022740489 5.416666666666667 10.41666666666667 0.014109592306676801
decision_type=2 2 2 2 2 2 2 2 2 2 2 2 2 2
left_child=1 2 4 -4 5 10 -6 8 -8 -10 11 13 -13 -1
right_child=-2 -3 3 -5 6 -7 7 -9 9 -11 -12 12 -14 -15
leaf_value=0.078934031006572938 0.03639847531048624 -0.046135662149271679 -0.034322803208075729 0.043386918534266551 -0.044467541466224975 0.06116329990889241 0.037110758898903445 0.061806285277531341 0.038339046702384 -0.04329917413724485 -0.059251774495757262 0.034197763697659166 0.00023601491010442281 -0.026648910733449049
leaf_weight=0.69611252471804519 2.0919050127267829 1.7631212573032815 2.3113252012990406 5.4353741121012717 4.9216064396314314 1.4447933509945858 1.9047398529946784 1.4640594348311413 1.3662978454958645 6.2714255501050502 1.3142290608957399 8.2730597467161697 54.761098972288892 9.3025887615513039
leaf_count=71 64 61 42 118 156 11 25 11 19 225 20 90 867 264
internal_value=-0.000117733 -0.000872337 -7.00106e-05 0.0202012 -0.00178213 0.00149601 -0.0173807 -0.00526875 -0.0155598 -0.0286951 0.000336493 0.00140879 0.0046934 -0.0192982
internal_weight=103.322 101.23 99.4667 7.7467 91.72 75.7919 15.9281 11.0065 9.54246 7.63772 74.3471 73.0329 63.0342 9.9987
internal_count=2044 1980 1919 160 1759 1323 436 280 269 244 1312 1292 957 335
is_linear=0
shrinkage=0.05


Tree=104
num_leaves=15
num_cat=0
split_feature=21 13 5 36 13 12 36 16 11 14 14 24 18 12
split_gain=1.07298 1.10709 1.58757 3.91278 4.52523 1.55295 1.93304 1.4982 1.35961 3.08822 2.84358 3.94368 2.51547 2.69845
threshold=0.20079896727367388 0.10873470047047741 1.5928891767023541 1.0000000180025095e-35 0.8996116649681799 0.76978905597320235 1.0000000180025095e-35 0.4924397403893403 0.28114146445366789 91.25 90.416666666666671 0.39594708032323211 -0.37212422999006017 0.28895891690011338
decision_type=2 2 2 2 2 2 2 2 2 2 2 2 2 2
left_child=-1 5 3 -3 -5 6 -2 -4 9 12 -10 -12 -9 -14
right_child=1 2 7 4 -6 -7 -8 8 10 -11 11 -13 13 -15
leaf_value=0.016227172247646214 0.053160007701892859 0.073832328385016618 -0.051829233191671015 -0.049176617570415915 0.049335776294174183 0.015748767920236478 -0.053326076392654166 -0.038042354000205052 -0.00075474090445770898 0.057232015791621307 -0.057795663154477664 0.021373177825218387 0.032628251507062826 -0.025888515698628191
leaf_weight=9.1488365922123176 0.48540694266557727 2.4284528959542513 1.4996362370438863 2.5606037341058245 2.1399632431566715 1.7896283455193041 3.4929849684704086 3.104080644901841 56.368525023572147 3.028656266629695 5.1624176390469065 2.2623750697821379 6.2161682657897455 2.8842471912503242
leaf_count=101 15 47 90 91 36 30 725 70 590 21 77 28 100 23
internal_value=-0.000114475 -0.0017148 -0.000318557 0.0222966 -0.00432822 -0.0229331 -0.0403336 -0.00232069 -0.0013812 0.0120398 -0.00458598 -0.0336725 0.000824884 0.0140822
internal_weight=102.572 93.4231 87.6551 7.12902 4.70057 5.76802 3.97839 80.5261 79.0265 15.2332 63.7933 7.42479 12.2045 9.10042
internal_count=2044 1943 1173 174 127 770 740 999 909 214 695 105 193 123
is_linear=0
shrinkage=0.05


Tree=105
num_leaves=15
num_cat=0
split_feature=19 23 2 7 12 2 4 2 13 19 6 19 12 14
split_gain=1.05279 1.36607 1.74995 1.61433 1.74082 3.00163 1.94006 1.81632 2.08805 1.85907 2.36668 1.95725 2.34315 1.79016
threshold=3.0868045278538285 7.9829530540123841 10.840500000000002 0.0131121690289845 0.81983188113159755 7.332650000000001 38.198749600852757 4.7014500000000004 1.8573892551625113 1.9159524197330855 0.53090902926486472 1.3086380732219129 0.6529500580720865 43.750000000000007
decision_type=2 2 2 2 2 2 2 2 2 2 2 2 2 2
left_child=1 2 3 4 5 6 7 9 -9 11 -11 12 13 -1
right_child=-2 -3 -4 -5 -6 -7 -8 8 -10 10 -12 -13 -14 -15
leaf_value=-0.0078571367976853681 0.03547482985935526 -0.045058486885806298 0.059293891645216451 -0.059015656667945407 0.024324300007929147 -0.071268483220246523 0.038502995793113573 -0.042820069870258326 0.026312678746113535 -0.018108206260100877 0.069917845282039315 -0.02496321714784944 -0.026341687231231804 0.010519403512274669
leaf_weight=19.937593143200502 2.0364066297188392 1.7166737550869573 1.2260304812807579 1.1771109232213337 6.7766494322568169 1.5354658018331964 3.0385322198271743 5.0109838795615351 1.3966508172452448 1.2216181675903492 2.0365455562714487 8.0457726210588572 6.9409960098564616 39.525736807612702
leaf_count=454 64 61 19 52 76 34 30 294 13 30 24 260 56 577
internal_value=-0.000113995 -0.000841739 -6.6159e-05 -0.000819206 -0.000101639 -0.00196798 -0.000747065 -0.0021649 -0.0277514 -5.50981e-05 0.0369133 -0.00167295 0.00114898 0.00435789
internal_weight=101.623 99.5864 97.8697 96.6437 95.4665 88.6899 87.1544 84.1159 6.40763 77.7083 3.25816 74.4501 66.4043 59.4633
internal_count=2044 1980 1919 1900 1848 1772 1738 1708 307 1401 54 1347 1087 1031
is_linear=0
shrinkage=0.05


Tree=106
num_leaves=15
num_cat=0
split_feature=8 19 33 34 8 34 7 19 7 23 23 8 36 16
split_gain=1.08471 1.81319 2.63125 1.52698 1.47992 2.81592 2.55969 3.38817 2.40637 3.11446 2.6608 7.86471 3.1339 4.42838
threshold=82.916666666666686 0.7346183189677512 66.500000000000014 0.92500000000000016 66.250000000000014 -1.0000000180025095e-35 0.0035938568709701505 -0.030597339675215197 0.004046187740910351 1.7324194454770108 1.4098400744690773 28.750000000000004 1.0000000180025095e-35 0.53715660412061661
decision_type=2 2 2 2 2 2 2 2 2 2 2 2 2 2
left_child=4 -2 3 -3 6 -6 7 -1 9 -8 11 -10 -12 -14
right_child=1 2 -4 -5 5 -7 8 -9 10 -11 12 -13 13 -15
leaf_value=0.015058150305730669 -0.04102732854770029 -0.015026414890425489 -0.055505248592017831 0.089148948350420157 -0.020408451931030119 0.030250070111498484 0.056763618843450582 -0.060512174493426829 0.0033471204577437599 -0.020815713040818296 0.076069606084604224 -0.049155288438882429 -0.052500165247737651 0.011740688153313588
leaf_weight=2.3852418288588524 3.9398777820169917 0.53878662362694751 0.87331857020035375 1.0133325010538101 3.7782587963156393 10.013313568197189 4.0207449304871252 3.9220502979587755 26.789183105574921 1.9074088816996662 1.6570062115788449 9.7212407957995293 2.9734095485182506 27.43252638890408
leaf_count=20 92 56 32 5 39 204 38 51 334 27 13 413 288 432
internal_value=-0.000110237 -0.0200893 0.0139223 0.0529866 0.00123408 0.016372 -0.00134948 -0.0319336 0.00123976 0.0318021 -0.00140235 -0.0106321 0.00910771 0.00545855
internal_weight=100.966 6.36532 2.42544 1.55212 94.6004 13.7916 80.8088 6.30729 74.5015 5.92815 68.5734 36.5104 32.0629 30.4059
internal_count=2044 185 93 61 1859 243 1616 71 1545 65 1480 747 733 720
is_linear=0
shrinkage=0.05


Tree=107
num_leaves=15
num_cat=0
split_feature=9 3 13 11 11 8 2 8 13 23 36 30 13 27
split_gain=1.03569 2.54458 1.16757 1.38409 2.42398 2.73135 2.30168 2.8698 2.25558 2.13823 2.89622 3.5921 2.70902 2.09113
threshold=0.61931730938694396 5.495000000000001 0.10873470047047741 0.28949731631295123 1.0768045614103661 49.583333333333336 4.5547000000000013 11.250000000000002 2.1473215274663846 1.3735782110239871 1.0000000180025095e-35 7.5000000000000009 0.967396707812891 1.0000000180025095e-35
decision_type=2 2 2 2 2 2 2 2 2 2 2 2 2 2
left_child=1 -1 -2 6 -5 -6 7 -4 9 13 -11 12 -12 -9
right_child=2 -3 3 4 5 -7 -8 8 -10 10 11 -13 -14 -15
leaf_value=-0.013692299491735525 -0.024397577564099951 0.070592171496886541 0.053637886717189602 -0.013714019082544699 0.01147101565277597 -0.024343067108910592 -0.053788439398196164 -0.038943392369679468 0.045182024454327202 0.077885540144504259 -0.05126025467350679 -0.056678724716047194 0.054582944272696068 0.012936812818714331
leaf_weight=1.8896273658610874 5.091503082541748 1.7021238142624495 3.8697820920497241 30.996424016542733 30.585369481705129 6.445560995489358 1.3051933702081431 5.0488350959494728 3.0807592310011378 1.5943714845925567 0.78100037202238981 1.7847526622936127 2.6756828688085079 3.1566986399702728
leaf_count=39 743 20 42 377 340 46 66 136 24 13 40 37 45 76
internal_value=-0.000112715 0.0262499 -0.00109479 0.000204378 -0.00339782 0.00523726 0.0107228 0.0145515 0.00620497 -0.00177829 0.0188761 0.000926247 0.0306688 -0.0189849
internal_weight=100.008 3.59175 96.4159 91.3244 68.0274 37.0309 23.2971 21.9919 18.1221 15.0413 6.83581 5.24144 3.45668 8.20553
internal_count=2044 59 1985 1242 763 386 479 413 371 347 135 122 85 212
is_linear=0
shrinkage=0.05


Tree=108
num_leaves=15
num_cat=0
split_feature=21 8 22 8 19 18 8 17 9 16 34 2 13 36
split_gain=0.995402 1.03775 2.14329 2.0616 1.9437 2.48316 1.65165 2.93919 2.07907 2.94532 4.43697 4.47596 4.98544 3.63182
threshold=0.20079896727367388 82.916666666666686 1.0000000180025095e-35 68.750000000000014 -1.0795332542460112 0.44306828200880194 32.083333333333336 0.070662166041079513 0.76680466743069575 5.5334479214316517 0.42499999999999999 -2.8950999999999998 0.79158804561368601 1.0000000180025095e-35
decision_type=2 2 2 2 2 2 2 2 2 2 2 2 2 2
left_child=-1 3 -3 6 -5 -6 7 -2 9 10 11 -8 13 -13
right_child=1 2 -4 4 5 -7 8 -9 -10 -11 -12 12 -14 -15
leaf_value=0.01579720943733761 -0.048430161368164013 -0.03737503924390017 0.037367769558802867 -0.038086400582028702 0.05350415097645405 0.00044801329661139732 -0.040167494678421942 0.0065436381150096147 -0.056339853076674176 0.02688835740275183 -0.044548618576713099 0.072003482087759155 0.046572303612578317 -0.044037504083974367
leaf_weight=8.9492944749072176 2.587564035318791 4.6652393080294123 1.2073635468259452 1.2262334097176779 4.7888961443677527 4.0878000757656991 4.7191397310234615 40.287635123357177 2.4251767224632195 4.9697050414979449 8.4555457825772447 0.82865400053561433 6.3656482119113207 3.6194806072162464
leaf_count=101 57 115 66 27 51 124 74 649 50 37 222 18 75 378
internal_value=-0.000108052 -0.00168551 -0.0220085 -0.000270785 0.0209201 0.0290713 -0.00315382 0.00322591 -0.0118697 -0.00814539 -0.0154034 0.000462242 0.0181931 -0.0224199
internal_weight=99.1834 90.2341 5.8726 84.3615 10.1029 8.8767 74.2585 42.8752 31.3834 28.9582 23.9885 15.5329 10.8138 4.44813
internal_count=2044 1943 181 1762 202 175 1560 706 854 804 767 545 471 396
is_linear=0
shrinkage=0.05


Tree=109
num_leaves=15
num_cat=0
split_feature=0 0 0 35 13 18 29 2 2 1 2 13 8 20
split_gain=0.999945 1.18126 1.10269 2.53734 2.96268 2.25421 2.10243 1.8074 3.46974 2.10515 3.37948 2.91519 4.14285 2.76682
threshold=49.705000000000005 42.70000000000001 28.915000000000003 1.0000000180025095e-35 3.2989508237726946 -0.41779325468624212 11.000000000000002 10.178000000000003 4.5904500000000015 45.20000000000001 -1.7228999999999999 1.013649799151805 28.750000000000004 0.46671350120078098
decision_type=2 2 2 2 2 2 2 2 2 2 2 2 2 2
left_child=1 2 6 4 5 -4 -1 8 9 11 -11 -8 -13 -14
right_child=-2 -3 3 -5 -6 -7 7 -9 -10 10 -12 12 13 -15
leaf_value=0.043426340361450252 -0.047382376587436846 0.036160007181773438 -0.054955036407349417 -0.04097457192218739 0.042954822869124332 -0.0006400472153704935 0.052400504431684258 0.066291235581474858 -0.033911076545398773 0.0582615603536547 0.0064195588352665509 0.0087850274960008922 -0.04174057328285391 0.014331959993681021
leaf_weight=2.9920468337368211 1.1059975262032811 2.2593882605433455 2.4109847624786207 5.181200021877884 3.1208989396691313 9.1982321299146861 1.9513852205127502 1.0336017275694747 6.9304125842172644 3.4930327748879746 31.423625305294994 13.459082808345558 10.830282723531125 2.7608009544201186
leaf_count=135 37 42 64 65 21 339 47 13 260 36 678 146 126 35
internal_value=-0.000108615 0.000430152 -0.000421535 -0.0108794 -0.000293643 -0.0119201 0.00235952 0.000650144 -0.000307486 0.00333603 0.0116058 -0.00662042 -0.0108782 -0.0303504
internal_weight=98.151 97.045 94.7856 19.9113 14.7301 11.6092 74.8743 71.8822 70.8486 63.9182 34.9167 29.0016 27.0502 13.5911
internal_count=2044 2007 1965 489 424 403 1476 1341 1328 1068 714 354 307 161
is_linear=0
shrinkage=0.05


Tree=110
num_leaves=15
num_cat=0
split_feature=9 3 14 9 9 19 13 9 6 9 31 9 14 4
split_gain=0.974032 2.35712 1.13955 2.53254 2.01759 2.12993 2.49298 1.9652 2.07778 2.09419 2.37128 2.69828 2.69035 3.5447
threshold=0.61931730938694396 5.495000000000001 48.750000000000007 0.77103328659079795 0.69435898161566445 -1.4001608760949265 4.6343349589241347 0.77103328659079795 0.17087742336095263 0.64192017053527139 0.48500000000000004 0.71599831907955114 62.083333333333343 11.120808505492837
decision_type=2 2 2 2 2 2 2 2 2 2 2 2 2 2
left_child=1 -1 3 4 -2 -6 -7 8 -4 -10 12 -12 13 -11
right_child=2 -3 7 -5 5 6 -8 -9 9 10 11 -13 -14 -15
leaf_value=-0.013288417177879017 0.013826322243190733 0.069083063888218374 0.023784559522077094 0.058984300493331893 -0.0470378226838047 -0.014017214199974466 0.055193120504312791 -0.038425343270831115 -0.060404698643877257 0.057254722792851126 -0.037183834267869385 0.037422159381954388 -0.011442988290822458 -0.020396435552884028
leaf_weight=1.8273766402853646 7.0211863275617352 1.6551240705884991 12.088335780543273 1.3697680851910252 4.6542065273970357 23.494198155356578 1.3773973174393166 2.6671935201156876 1.3771591186523426 3.607709209900352 1.4500237344764153 7.3810259968740866 25.007384744472802 2.4799440987408161
leaf_count=39 111 20 204 23 88 749 9 75 32 42 47 88 497 20
internal_value=-0.00010609 0.0258602 -0.00106834 -0.00776311 -0.0102648 -0.0159936 -0.0101843 0.00345985 0.00555223 0.000216127 0.0023071 0.0251721 -0.00418661 0.0256218
internal_weight=97.458 3.4825 93.9755 37.9168 36.547 29.5258 24.8716 56.0588 53.3916 41.3032 39.9261 8.83105 31.095 6.08765
internal_count=2044 59 1985 980 957 846 758 1005 930 726 694 135 559 62
is_linear=0
shrinkage=0.05


Tree=111
num_leaves=15
num_cat=0
split_feature=19 11 2 3 11 2 29 2 4 3 19 19 8 8
split_gain=0.940217 1.80785 1.23254 1.3005 1.09136 2.61142 1.84887 1.4517 4.02194 1.76553 2.00115 2.22097 1.67421 3.70212
threshold=3.0868045278538285 4.0722627262638884 11.151850000000001 8.5450000000000017 3.3754712565323666 7.332650000000001 11.000000000000002 4.5904500000000015 31.946477744557324 4.0750000000000011 1.9760790210079204 1.5074255492725657 74.583333333333357 67.916666666666671
decision_type=2 2 2 2 2 2 2 2 2 2 2 2 2 2
left_child=1 2 3 4 5 6 -1 9 -9 12 11 -11 13 -8
right_child=-2 -3 -4 -5 -6 -7 7 8 -10 10 -12 -13 -14 -15
leaf_value=0.038546820021190129 0.034314995042253091 -0.070368395770161074 0.054033329920277033 -0.052761856468570303 0.039028996265306461 -0.056304111340703733 -0.0093311299860886557 -0.046526381940271547 0.026346409979699503 0.0078370000178102465 0.062935058972118194 -0.046815169022407718 -0.030658811653443377 0.051168639248700867
leaf_weight=3.0797973612789056 1.9444999927654851 0.92494994401931663 1.039004670921712 1.1855059480294574 1.7519283462315787 2.0715980224777004 20.816645774291835 5.3571160949068126 2.9284333139657974 42.69836830184795 1.5675214084330935 1.9435633703833435 6.4820670254994175 2.8782356828451148
leaf_count=123 64 19 19 60 41 49 315 309 20 744 24 95 125 37
internal_value=-0.000101583 -0.000808083 -0.000122156 -0.000728746 -5.51414e-05 -0.000817444 0.000492456 -0.000891706 -0.0207703 0.00126451 0.00740738 0.00545762 -0.00814197 -0.00198218
internal_weight=96.6692 94.7247 93.7998 92.7608 91.5753 89.8233 87.7517 84.672 8.28555 76.3864 46.2095 44.6419 30.1769 23.6949
internal_count=2044 1980 1961 1942 1882 1841 1792 1669 329 1340 863 839 477 352
is_linear=0
shrinkage=0.05


Tree=112
num_leaves=15
num_cat=0
split_feature=9 3 14 9 7 9 12 19 7 2 35 31 24 4
split_gain=0.905322 2.16285 1.07035 2.27249 2.13602 2.04128 3.26885 2.70927 3.00359 2.99046 2.83549 2.8305 2.74285 4.12743
threshold=0.61931730938694396 5.495000000000001 48.750000000000007 0.77103328659079795 0.0022294420863142005 0.70222854559782888 0.62498688114797263 -1.4001608760949265 0.0076966607241339005 4.5046000000000008 1.0000000180025095e-35 0.22000000000000003 -0.16061227844709453 11.120808505492837
decision_type=2 2 2 2 2 2 2 2 2 2 2 2 2 2
left_child=1 -1 3 4 -2 6 -6 -7 11 -10 -11 12 -9 -14
right_child=2 -3 -4 -5 5 7 -8 8 9 10 -12 -13 13 -15
leaf_value=-0.012293588420170738 0.093066239641599768 0.067495167215383289 0.0033891545803381804 0.056107110905778079 0.025211189206200243 -0.055976842253333797 -0.05969804720509745 -0.058962112433859175 0.041823539062600536 -0.057754619851740456 0.027584988863656956 -0.051469427468567808 -0.020513809648537693 0.058447663116755172
leaf_weight=1.8073291033506387 0.49615511298179527 1.6023564492352305 55.226751090027392 1.3504147040657688 6.6655920380726439 3.9898197832517317 1.3657634165138004 2.0146554643288237 4.2897555283270759 2.1210277266800404 1.798839387483895 5.949103584396652 4.7595727192238044 2.5371790453791618
leaf_count=39 2 20 1005 23 131 85 16 178 45 53 37 107 289 14
internal_value=-9.97248e-05 0.0252025 -0.00103175 -0.00757075 -0.00996024 -0.0114005 0.010772 -0.0178854 -0.0114101 0.0129768 -0.018592 -0.0245293 -0.00731717 0.00694216
internal_weight=95.9743 3.40969 92.5646 37.3379 35.9875 35.4913 8.03136 27.46 23.4701 8.20962 3.91987 15.2605 9.31141 7.29675
internal_count=2044 59 1985 980 957 955 147 808 723 135 90 588 481 303
is_linear=0
shrinkage=0.05


Tree=113
num_leaves=15
num_cat=0
split_feature=0 0 0 35 13 18 29 0 3 17 16 23 11 17
split_gain=0.915559 1.04894 1.01643 2.23207 2.53124 2.12275 1.85384 1.51578 1.80657 1.34888 1.33662 1.33625 1.30186 3.60602
threshold=49.705000000000005 42.70000000000001 28.915000000000003 1.0000000180025095e-35 3.2989508237726946 -0.41779325468624212 11.000000000000002 34.010000000000005 5.2750000000000012 0.6627103344338624 4.0797294958066477 2.587971166783618 0.28949731631295123 0.89704060765131033
decision_type=2 2 2 2 2 2 2 2 2 2 2 2 2 2
left_child=1 2 6 4 5 -4 -1 8 11 -10 -5 -7 13 -8
right_child=-2 -3 3 10 -6 7 12 -9 9 -11 -12 -13 -14 -15
leaf_value=0.041978854930936838 -0.046629789199176166 0.034656955230704264 -0.054557484090172609 -0.0027111493521349032 0.040460685920607871 -0.011579591016308323 0.021572671884186892 -0.034660866544530593 0.022338345202492071 -0.055586840158763945 -0.057199722110195188 0.049326475165299956 -0.0033659101556597613 -0.040160330825942829
leaf_weight=2.8303770238999268 1.0457071890123177 2.184571092715486 2.2663630668539563 1.6861168688628811 2.9873656034469596 1.2853373783873392 15.510400252183901 2.3733433234738186 0.93747667549178038 1.362374771852046 3.384878171607852 3.0081245342735201 51.543591929599643 2.7912669918732709
leaf_count=135 37 42 64 31 21 43 282 157 15 43 34 81 540 519
internal_value=-0.000102301 0.000414463 -0.000398928 -0.0106014 -0.000445155 -0.0113239 0.00230927 -0.000396365 0.0119376 -0.0238226 -0.0390822 0.031093 0.000701715 0.0121575
internal_weight=95.1973 94.1516 91.967 19.2914 14.2204 11.233 72.6756 8.96666 6.59331 2.29985 5.071 4.29346 69.8453 18.3017
internal_count=2044 2007 1965 489 424 403 1476 339 182 58 65 124 1341 801
is_linear=0
shrinkage=0.05


Tree=114
num_leaves=15
num_cat=0
split_feature=21 0 0 5 8 19 33 8 19 18 21 4 34 9
split_gain=0.904341 1.67625 1.71553 1.73154 0.92737 1.87216 2.28051 1.72901 1.66985 2.29034 1.37137 2.88813 1.73721 3.78687
threshold=0.20079896727367388 19.325000000000003 23.155000000000005 11.215731549995914 82.916666666666686 0.7346183189677512 66.500000000000014 68.750000000000014 -1.2691400131576576 0.44306828200880194 35.626797385613713 0.53916627008673934 0.42499999999999999 0.75326871781113469
decision_type=2 2 2 2 2 2 2 2 2 2 2 2 2 2
left_child=1 -1 -3 -4 7 -6 -7 10 -9 -10 12 -12 -2 -14
right_child=4 2 3 -5 5 6 -8 8 9 -11 11 -13 13 -15
leaf_value=-0.02681822771147779 0.0052084460219406423 0.059967798264067611 0.048586819518252944 -0.017068593203530449 -0.044947073890772321 0.050378139800822702 -0.055791332976305043 -0.039691315151328774 0.050730040631476764 -0.0010652578807160171 0.1411977616952749 -0.037144747960346572 -0.025670495930918382 0.015660749545733547
leaf_weight=1.8498373422771672 41.129744589561597 2.4815597459673882 1.6126632615923879 2.6616901606321335 3.3581462288275352 1.4770646137185397 0.76918511488474894 1.058056775946169 4.6347687602974457 3.9561272474238649 0.23860805970616539 4.6708526139846072 16.250971995643344 8.4099479514406976
leaf_count=17 772 18 40 26 89 61 31 23 55 124 6 451 226 105
internal_value=-9.99458e-05 0.0153534 0.0269004 0.00770242 -0.00164715 -0.021312 0.0140224 -0.000275511 0.0195785 0.0268782 -0.00298513 -0.028477 -0.00108286 -0.0115756
internal_weight=94.5592 8.60575 6.75591 4.27435 85.9535 5.6044 2.24625 80.3491 9.64895 8.5909 70.7001 4.90946 65.7907 24.6609
internal_count=2044 101 84 66 1943 181 92 1762 202 179 1560 457 1103 331
is_linear=0
shrinkage=0.05


Tree=115
num_leaves=15
num_cat=0
split_feature=6 9 20 3 24 19 7 30 14 3 3 2 4 27
split_gain=0.892049 2.24716 2.3004 2.07336 1.3748 1.3962 1.87462 1.95825 1.69785 2.59992 4.76911 1.97494 2.02415 1.93628
threshold=0.74641717713497491 0.70756782860246592 1.3644448961893738 4.9250000000000007 -0.6903888973153417 1.4319109959974192 0.005286028084963001 12.500000000000002 5.416666666666667 6.7550000000000008 6.0650000000000004 -5.8354499999999989 31.265262328339265 1.0000000180025095e-35
decision_type=2 2 2 2 2 2 2 2 2 2 2 2 2 2
left_child=4 2 -2 -3 -1 8 -7 -8 9 10 -6 -10 13 -13
right_child=1 3 -4 -5 5 6 7 -9 11 -11 -12 12 -14 -15
leaf_value=-0.061991522843347052 -0.07238203874296191 0.050972925862661125 0.020219185499779309 -0.005446116748905252 -0.035003759202400883 -0.042428382064186476 -0.011443314459812262 0.054682607878850965 0.055410017575209441 -0.046623043095515404 0.064776128730285973 -0.0056537101743691608 0.045487608125633308 0.014025593068211981
leaf_weight=0.93623734416905691 1.2956112285610273 4.2696805018931627 1.3904208340682087 2.6323598885210231 2.8639113986864668 4.3733850263524792 9.3755749525735119 1.2714389085303999 1.8860899051651276 4.2625646278029308 2.0581655907444656 35.29571942600888 2.722699247300624 19.352955354144797
leaf_count=30 27 103 25 84 266 161 286 18 20 46 20 601 22 335
internal_value=-9.7242e-05 0.0143549 -0.0244471 0.0294553 -0.00173907 -0.00106319 -0.0148676 -0.00354673 0.00196635 -0.0180368 0.00671918 0.00506674 0.0034117 0.0013154
internal_weight=93.9868 9.58807 2.68603 6.90204 84.3987 83.4625 15.0204 10.647 68.4421 9.18464 4.92208 59.2575 57.3714 54.6487
internal_count=2044 239 52 187 1805 1775 465 304 1310 332 286 978 958 936
is_linear=0
shrinkage=0.05


Tree=116
num_leaves=15
num_cat=0
split_feature=9 3 13 14 12 36 5 36 13 11 11 14 0 14
split_gain=0.865977 1.97953 1.02429 1.48441 1.57013 1.42035 1.20817 2.92986 3.79622 1.20036 1.26696 3.4647 2.92728 2.49222
threshold=0.61931730938694396 5.495000000000001 0.10873470047047741 77.083333333333357 0.76978905597320235 1.0000000180025095e-35 1.5928891767023541 1.0000000180025095e-35 0.8996116649681799 0.021636026697799453 0.28114146445366789 71.250000000000014 19.035000000000004 74.583333333333357
decision_type=2 2 2 2 2 2 2 2 2 2 2 2 2 2
left_child=1 -1 3 -2 5 -5 7 -4 -9 -8 11 -11 -12 -14
right_child=2 -3 6 4 -6 -7 9 8 -10 10 12 -13 13 -15
leaf_value=-0.011227627838992379 -0.053757661306750817 0.066480317198471001 0.071387453756978123 0.052771173598693814 0.054490615324872572 -0.057212830877512291 -0.043069246082711093 -0.048593001095978583 0.049101428260711066 -0.0027639209538433537 -0.031337968260806953 0.051670367926652777 0.0074168398626305648 -0.015989883634692444
leaf_weight=1.7533940242137753 2.193502385984174 1.5387594797648487 1.9937293250113723 0.39811957627534877 0.91963343881070603 1.1175520047545433 1.6920329183340062 2.1227261610329147 1.8706930838525293 10.097880303161217 8.2313507441431266 4.1142394714988759 39.190426571760327 16.021269807126373
leaf_count=39 539 20 42 15 24 165 15 89 36 243 86 53 429 249
internal_value=-9.38943e-05 0.0250932 -0.0010156 -0.0239231 0.00294925 -0.0283235 0.00022697 0.0218854 -0.00282864 -0.00140727 -0.000499495 0.0129942 -0.00352226 0.000624702
internal_weight=93.2553 3.29215 89.9632 4.62881 2.43531 1.51567 85.3343 5.98715 3.99342 79.3472 77.6552 14.2121 63.443 55.2117
internal_count=2044 59 1985 743 204 180 1242 167 125 1075 1060 296 764 678
is_linear=0
shrinkage=0.05


Tree=117
num_leaves=15
num_cat=0
split_feature=6 9 20 3 5 5 9 9 14 8 2 2 18 7
split_gain=0.852805 2.06413 2.5687 2.47631 1.14342 1.39288 3.55899 2.29766 3.79883 2.66704 2.2567 2.25468 3.36641 2.47604
threshold=0.74641717713497491 0.71434689826761921 1.3644448961893738 5.205000000000001 35.25844645265051 15.137728908565757 0.75189270635691619 0.71542668090774009 79.583333333333343 62.083333333333343 -4.2391999999999994 -4.0982999999999992 -1.3038864660107408 0.0053291585499472003
decision_type=2 2 2 2 2 2 2 2 2 2 2 2 2 2
left_child=4 2 -2 -3 5 11 7 8 -7 10 -9 -1 -13 -14
right_child=1 3 -4 -5 -6 6 -8 9 -10 -11 -12 12 13 -15
leaf_value=-0.051814511447737292 -0.069289097345508782 0.046618935354413998 0.024400536431919344 -0.028713863522622358 -0.04828981845403859 0.024400494389567172 0.037736354688129886 0.0079273557116743103 -0.03832746299789231 0.013563809446385997 -0.042043761066067144 0.055517217113080247 -0.020734867629770091 0.0051083282903211383
leaf_weight=2.6663911463692775 1.4046702405903473 4.9981648415559903 1.5267998317722229 1.3954440200468523 1.296257086098193 12.766548402607439 7.1317871250212184 3.1296002455055705 2.9763035494834176 5.8110983520746222 8.1245966199785489 2.2191016734577707 18.636849361937493 18.437909538508393
leaf_count=144 31 144 26 38 11 91 59 28 23 50 78 35 781 505
internal_value=-9.00238e-05 0.0142483 -0.0204927 0.0301771 -0.00169714 -0.000959705 0.00572372 -0.00123514 0.0125413 -0.013944 -0.0281476 -0.00732134 -0.00430213 -0.00788261
internal_weight=92.5215 9.32508 2.93147 6.39361 83.1964 81.9002 39.9399 32.8081 15.7429 17.0653 11.2542 41.9603 39.2939 37.0748
internal_count=2044 239 57 182 1805 1794 329 270 114 156 106 1465 1321 1286
is_linear=0
shrinkage=0.05


Tree=118
num_leaves=15
num_cat=0
split_feature=21 0 0 5 2 19 19 9 9 19 13 20 1 36
split_gain=0.841338 1.27109 1.61446 1.58755 0.934644 4.65647 1.94618 3.25573 3.06621 2.48614 2.29344 1.41252 1.35313 3.65167
threshold=0.20079896727367388 19.520000000000007 23.155000000000005 11.215731549995914 -5.349899999999999 -1.6924479839382391 -1.8134730555152239 0.70222854559782888 0.7274853973612424 -1.1016815121057293 1.1672822921877193 0.66288283317515184 39.965000000000011 1.0000000180025095e-35
decision_type=2 2 2 2 2 2 2 2 2 2 2 2 2 2
left_child=1 -1 -3 -4 5 -2 7 -6 -9 10 -8 -12 -11 -14
right_child=4 2 3 -5 6 -7 9 8 -10 12 11 -13 13 -15
leaf_value=-0.021099963451931322 -0.060898193276708416 0.059227610477922847 0.047891686060376311 -0.016567348467870422 0.052985274224604188 0.03101897391775937 0.042759908578816549 -0.055953831144028646 0.041806540387142731 -0.026176282408030327 -0.046816259889729164 0.013796447235015436 0.030810916266122236 -0.002907260603669829
leaf_weight=1.8773652222007493 3.1978834243491292 2.3004186078906059 1.5036725960671899 2.6188277397304773 4.2310918290168038 2.4209618554450563 1.0059319008141736 1.8459416870027783 1.4183697048574684 4.3449964793398967 6.3550221300683916 1.1324659632518885 9.6531348060816509 47.748000162071548
leaf_count=18 61 17 40 26 29 49 20 25 20 57 119 11 109 1443
internal_value=-8.94958e-05 0.0150913 0.0256697 0.00694394 -0.00160119 -0.0212943 -0.000177725 0.0240408 -0.0134762 -0.00276213 -0.0281254 -0.0376487 0.000726688 0.00276312
internal_weight=91.6541 8.30028 6.42292 4.1225 83.3538 5.61885 77.735 7.4954 3.26431 70.2396 8.49342 7.48749 61.7461 57.4011
internal_count=2044 101 83 66 1943 110 1833 74 45 1759 150 130 1609 1552
is_linear=0
shrinkage=0.05


Tree=119
num_leaves=15
num_cat=0
split_feature=8 22 16 2 34 9 5 10 16 2 8 7 12 5
split_gain=0.775004 1.56225 1.27237 2.33404 1.09387 3.0156 2.46564 3.04547 2.38824 1.94725 2.65178 4.51147 4.49942 2.15912
threshold=82.916666666666686 1.0000000180025095e-35 5.9919093215572916 3.0075000000000007 0.42499999999999999 0.75372039458913231 15.431011733521361 -0.35477513967272334 4.4285297202910083 -3.0182999999999995 26.250000000000004 0.0040743509407435005 0.27201550387591372 13.629407657999836
decision_type=2 2 2 2 2 2 2 2 2 2 2 2 2 2
left_child=2 -2 4 -4 9 8 7 -7 -6 10 12 -12 -1 -11
right_child=1 -3 3 -5 5 6 -8 -9 -10 13 11 -13 -14 -15
leaf_value=-0.030961722625011553 -0.03186077586814047 0.03289350105053987 0.046893354682712524 -0.020109211803881318 -0.0095434238507456654 -0.060168741408165471 0.07548944542123226 0.019983778355588906 -0.050304180109856433 0.001824338005453834 0.020682359090131098 -0.060235241471463676 0.031576450534178561 0.029392448047603638
leaf_weight=4.8380928295664507 4.3970149330561972 1.1817814706591887 3.770680394023656 1.9834839180111883 15.644041199353529 1.4716415852308271 1.4533525109291074 6.0869029300520179 4.6653212495148173 19.743159743607979 2.662791638635098 4.8783331573940814 7.0922871716320515 11.092919133603571
leaf_count=100 119 66 34 20 395 15 16 102 55 872 29 94 53 74
internal_value=-8.8151e-05 -0.0181436 0.00109156 0.0237973 -0.000549205 -0.00822535 0.0158463 0.00437816 -0.0189067 0.00392476 -0.00845447 -0.031663 0.00621552 0.0117416
internal_weight=90.9618 5.5788 85.383 5.75416 79.6288 29.3213 9.0119 7.55854 20.3094 50.3076 19.4715 7.54112 11.9304 30.8361
internal_count=2044 185 1859 54 1805 583 133 117 450 1222 276 123 153 946
is_linear=0
shrinkage=0.05


Tree=120
num_leaves=15
num_cat=0
split_feature=6 9 20 8 23 19 14 8 13 7 14 3 3 3
split_gain=0.815737 1.82012 2.00013 1.97361 1.17939 1.23567 1.71894 1.96265 2.58902 1.9655 1.57032 2.42073 3.97223 1.71645
threshold=0.74641717713497491 0.70756782860246592 1.3644448961893738 12.91666666666667 0.18315953553491685 1.4319109959974192 3.75 12.083333333333334 1.6821736743703768 0.005286028084963001 5.416666666666667 6.7550000000000008 6.0650000000000004 4.0750000000000011
decision_type=2 2 2 2 2 2 2 2 2 2 2 2 2 2
left_child=4 2 -2 -3 -1 10 -7 -8 9 -9 11 12 -6 -12
right_child=1 3 -4 -5 5 6 7 8 -10 -11 13 -13 -14 -15
leaf_value=-0.060309286212672335 -0.069910852775237411 -0.016350853654502343 0.01949344955822226 0.045148193396338472 -0.033548429827366714 0.034270360561509824 -0.056529353868492893 -0.050178560473921878 0.044421739841656399 -0.0007825250102944239 -0.0056707469594255225 -0.045778513927097551 0.059679250862051919 0.012033703773913692
leaf_weight=0.84867273597046633 1.1663239678600787 1.8042612486751748 1.3493020765017716 4.7103374357102439 2.6352430977858585 1.6236613256623957 2.9015740862814701 3.4947461199481022 1.8033777773380268 4.7524758313084021 22.925919459667057 4.113075805362314 2.0171719754580408 33.982638317975216
leaf_count=30 27 56 25 131 266 67 93 111 19 175 382 46 20 596
internal_value=-8.86981e-05 0.0141664 -0.0219572 0.0281156 -0.00167599 -0.00105592 -0.0142257 -0.0203051 -0.00984728 -0.021714 0.00186702 -0.0178331 0.00687278 0.00490137
internal_weight=90.1288 9.03022 2.51563 6.5146 81.0986 80.2499 14.5758 12.9522 10.0506 8.24722 65.674 8.76549 4.65242 56.9086
internal_count=2044 239 52 187 1805 1775 465 398 305 286 1310 332 286 978
is_linear=0
shrinkage=0.05


Tree=121
num_leaves=15
num_cat=0
split_feature=19 11 6 9 3 19 13 1 14 14 3 3 8 1
split_gain=0.787821 1.40286 1.06263 2.15584 1.36751 1.19043 1.62807 1.90806 1.6521 1.42967 2.12504 3.20388 1.66581 2.91518
threshold=3.0868045278538285 4.0722627262638884 0.74641717713497491 0.71434689826761921 4.9250000000000007 1.4319109959974192 1.6821736743703768 64.295000000000016 3.75 5.416666666666667 6.7550000000000008 6.0650000000000004 10.41666666666667 50.150000000000013
decision_type=2 2 2 2 2 2 2 2 2 2 2 2 2 2
left_child=1 2 5 -4 -5 9 7 -7 -9 10 11 -1 13 -11
right_child=-2 -3 3 4 -6 6 -8 8 -10 12 -12 -13 -14 -15
leaf_value=-0.032589448126996864 0.033359231933883349 -0.06455705301398372 -0.027223677720171487 0.053031898483604435 -0.0033573490631960941 -0.051037284888860328 0.021015027918991736 0.051295118078648019 -0.017701446633902673 0.042899728731643882 -0.044531702895668934 0.050179697561076445 0.00051216903245507696 -0.027852151973687872
leaf_weight=2.5786124740261567 1.7264225333929051 0.85298731923103233 1.8665011844132084 3.492183777038008 1.5534384312340987 4.0049156314926204 2.5287928916513911 1.0114531010622156 6.1002933591371402 5.8708717152476302 4.0208591026021168 2.1390469404868782 49.763589578564279 1.935988158220425
leaf_count=266 64 19 42 84 45 183 29 21 217 50 47 25 906 46
internal_value=-8.93737e-05 -0.000747681 -0.000121104 0.0186873 0.0356709 -0.0017471 -0.0151962 -0.0234334 -0.00788856 0.00102053 -0.0178239 0.00493914 0.00388089 0.0253543
internal_weight=89.446 87.7195 86.8665 6.91212 5.04562 79.9544 13.6455 11.1167 7.11175 66.309 8.73852 4.71766 57.5704 7.80686
internal_count=2044 1980 1961 171 129 1790 450 421 238 1340 338 291 1002 96
is_linear=0
shrinkage=0.05


Tree=122
num_leaves=15
num_cat=0
split_feature=4 2 1 1 6 6 7 35 5 6 25 4 12 20
split_gain=0.816064 2.50022 1.92019 1.85192 2.41283 2.01608 1.8419 1.51654 1.84455 1.42739 1.73787 1.75429 1.53712 1.79521
threshold=31.946477744557324 4.7014500000000004 72.175000000000011 74.77500000000002 0.70104099995600311 0.93903363705683962 0.0044497119181162509 1.0000000180025095e-35 15.431011733521361 0.10320255405507182 1.2348927517832984 19.832628448272466 0.20000000000013676 0.29601556355378689
decision_type=2 2 2 2 2 2 2 2 2 2 2 2 2 2
left_child=1 2 9 6 -5 -6 -2 -3 -9 10 11 12 13 -1
right_child=3 7 -4 4 5 -7 -8 8 -10 -11 -12 -13 -14 -15
leaf_value=-0.04360755332828635 -0.022487865302320154 -0.052488123716897532 0.061895676578242312 -0.080987466374657785 0.02305913340513396 -0.068318947509870068 0.031830056090446569 -0.056566707235461415 0.039103550550025429 -0.0043376824655026831 0.062305945291493275 -0.026841211972571617 0.033394459642770977 0.037677211626817794
leaf_weight=1.7231354386312872 1.9033422842621792 3.7778526631882405 1.2477158531546582 1.0863687638193358 2.8805907387286429 0.76364052714779962 8.66969036310911 0.84377492871135507 1.2504924554377792 53.355884958640672 1.6358647644519795 2.842229986563324 5.7324712285771966 1.121261811465956
leaf_count=174 16 292 39 7 93 22 102 29 23 1120 12 32 48 35
internal_value=-8.71114e-05 -0.00227339 0.000442806 0.0104175 -0.0155856 0.00391106 0.0220518 -0.0335694 0.00055825 -0.00071176 0.0141075 0.00720269 0.0184843 -0.0115651
internal_weight=88.8343 73.5307 67.6586 15.3036 4.7306 3.64423 10.573 5.87212 2.09427 66.4108 13.055 11.4191 8.57687 2.8444
internal_count=2044 1804 1460 240 122 115 118 344 52 1421 301 289 257 209
is_linear=0
shrinkage=0.05


Tree=123
num_leaves=15
num_cat=0
split_feature=0 0 0 35 13 18 2 2 13 8 3 2 36 4
split_gain=0.752063 0.867232 0.831737 1.67907 2.06002 1.84894 1.44392 2.70306 2.57553 3.24511 2.36794 2.28032 3.71963 2.53843
threshold=49.705000000000005 42.70000000000001 28.915000000000003 1.0000000180025095e-35 3.2989508237726946 -0.41779325468624212 -3.0182999999999995 -1.7228999999999999 1.1672822921877193 27.916666666666668 3.2150000000000003 -1.1300499999999998 1.0000000180025095e-35 2.7255696908381508
decision_type=2 2 2 2 2 2 2 2 2 2 2 2 2 2
left_child=1 2 6 4 5 -4 8 10 -1 -10 -8 -9 -13 -14
right_child=-2 -3 3 -5 -6 -7 7 11 9 -11 -12 12 13 -15
leaf_value=0.050719765577632775 -0.043968619885505281 0.033334483967730498 -0.054055966410301429 -0.035340433312966775 0.038524654807911528 -0.00027124683462594491 -0.032643616477614684 -0.043518665720713473 0.0036672757392694449 -0.041513295663592076 0.04404322477054233 0.054146738663531618 -0.041747866446494239 0.0039304090016945006
leaf_weight=1.5850417800247694 0.96559062413871188 1.9542269479716186 1.9930564016103733 4.7788695121416813 2.6629712730646125 8.0589949985733274 1.1774972314015011 2.6483651460148314 9.0979264820925909 7.0572383659891775 6.9368564952164888 3.4315439760684958 3.3554390423232752 32.506424962659366
leaf_count=18 37 42 64 65 21 339 18 28 122 119 78 23 598 472
internal_value=-8.41805e-05 0.000401517 -0.000353065 -0.0100732 -0.000576681 -0.0109353 0.00215508 0.00649907 -0.010102 -0.0160695 0.032915 0.00138847 0.00441519 -0.000343509
internal_weight=88.21 87.2445 85.2902 17.4939 12.715 10.0521 67.7963 50.0561 17.7402 16.1552 8.11435 41.9418 39.2934 35.8619
internal_count=2044 2007 1965 489 424 403 1476 1217 259 241 96 1121 1093 1070
is_linear=0
shrinkage=0.05


Tree=124
num_leaves=15
num_cat=0
split_feature=9 3 13 14 12 2 5 36 13 2 14 2 2 8
split_gain=0.735194 1.76085 0.944246 1.20406 1.30847 1.29711 1.19416 2.44675 3.57331 1.1563 1.31009 2.46728 2.35157 3.93811
threshold=0.61931730938694396 5.495000000000001 0.10873470047047741 77.083333333333357 0.76978905597320235 -0.14734999999999995 1.5928891767023541 1.0000000180025095e-35 0.8996116649681799 11.359150000000001 48.750000000000007 3.7535000000000003 2.5036 25.416666666666671
decision_type=2 2 2 2 2 2 2 2 2 2 2 2 2 2
left_child=1 -1 3 -2 5 -5 7 -4 -9 10 11 12 13 -8
right_child=2 -3 6 4 -6 -7 9 8 -10 -11 -12 -13 -14 -15
leaf_value=-0.010606214977664745 -0.053114127218362485 0.065047083458890528 0.069629177593097086 0.052468701138131263 0.053671897185469233 -0.05665447102160949 0.002368253163600681 -0.048526391450043393 0.048952790900755355 0.043395563376468216 0.0030896295458421796 -0.040362396188579855 0.02956569025117281 -0.049781793368905321
leaf_weight=1.6899826012086117 1.9287775415577915 1.4115716312080619 1.8461184278130529 0.37102986592799436 0.76725047267973412 1.0236337170936167 14.054073972627529 1.9142430340871208 1.8474578410387037 1.4110322408378113 44.449437013128772 5.6068908716551951 4.3863807921297839 4.8760688025504342
leaf_count=39 539 20 42 15 24 165 162 89 36 25 565 146 64 113
internal_value=-8.35631e-05 0.0238249 -0.000961302 -0.0243948 0.00122753 -0.0276238 0.000231099 0.0224848 -0.000652122 -0.00143764 -0.00229983 -0.0105823 -0.00342116 -0.0110647
internal_weight=87.5839 3.10155 84.4824 4.09069 2.16191 1.39466 80.3917 5.60782 3.7617 74.7839 73.3729 28.9234 23.3165 18.9301
internal_count=2044 59 1985 743 204 180 1242 167 125 1075 1050 485 339 275
is_linear=0
shrinkage=0.05


Tree=125
num_leaves=15
num_cat=0
split_feature=4 3 10 5 20 20 20 18 23 0 10 9 20 0
split_gain=0.742257 1.57746 1.41995 1.75874 1.59353 1.50576 1.21792 1.85309 1.71357 1.27591 2.29493 2.31489 2.05106 1.79304
threshold=31.946477744557324 8.1550000000000029 0.98728747229526836 11.453317858343237 1.5327127584742364 1.137540168841668 1.0416484400445472 0.56035126137661695 1.4530490511604615 23.035000000000004 -0.82992596796916629 0.70371269736379494 -1.5305004530880277 19.035000000000004
decision_type=2 2 2 2 2 2 2 2 2 2 2 2 2 2
left_child=1 6 -2 4 5 -4 9 -8 -9 12 11 -11 -1 -14
right_child=2 -3 3 -5 -6 -7 7 8 -10 10 -12 -13 13 -15
leaf_value=-0.047627797951513437 0.026968476946903214 -0.053398503549438182 0.03428949420356666 -0.035468612961561743 0.053427866904299751 -0.03108059129636951 0.057083184139405801 -0.05648939847235538 0.0169392687210792 0.040267534421378315 -0.017733032341650176 -0.013770511632575561 -0.0082408627351414163 0.017196623742859907
leaf_weight=1.8116648358991394 6.7822301657870403 1.4734712674980972 1.4521102244034394 2.8761109355837107 1.6754896957427261 2.2395228240638971 2.1695850975811473 1.0097923676948992 3.7271205271827057 3.956199180334802 24.628641090064779 3.9712214898318052 11.407235176069664 17.640691904467531
leaf_count=36 98 79 68 28 23 23 31 52 107 28 821 40 148 462
internal_value=-8.28573e-05 -0.00219781 0.0100229 -0.00391926 0.0129873 -0.00536716 -0.00112499 0.018814 0.0012861 -0.00329651 -0.0102015 0.0131973 0.00398804 0.00720722
internal_weight=86.8211 71.7956 15.0255 8.24323 5.36712 3.69163 70.3222 6.9065 4.73691 63.4157 32.5561 7.92742 30.8596 29.0479
internal_count=2044 1804 240 142 114 91 1725 190 159 1535 889 68 646 610
is_linear=0
shrinkage=0.05


Tree=126
num_leaves=15
num_cat=0
split_feature=12 13 1 35 34 13 13 36 15 16 18 0 13 17
split_gain=0.713984 1.05512 1.04454 2.92148 2.23483 2.05343 3.79579 1.97354 2.9476 2.67446 1.82898 2.40353 2.87142 1.6504
threshold=0.91512870690947679 0.10392078230802236 45.20000000000001 1.0000000180025095e-35 -0.81249999999999989 1.9766955760546867 1.013649799151805 1.0000000180025095e-35 18.000000000000004 0.38856589809515824 -0.82816040535355995 24.255000000000006 4.5250358897529042 0.52105222183297417
decision_type=2 2 2 2 2 2 2 2 2 2 2 2 2 2
left_child=1 -1 3 4 -3 6 -6 -4 -9 -10 11 -7 -13 -11
right_child=-2 2 7 -5 5 10 -8 8 9 13 -12 12 -14 -15
leaf_value=-0.027755484437585284 0.029942209421745254 -0.057061423637679978 0.031735317875489215 -0.050873497318078581 0.043981527460457137 -0.028001154415918134 -0.051782272934446795 -0.06071404551647748 -0.049777457953007267 0.028647659904278439 0.033483395315417684 0.036308826267750199 -0.018179235421463196 0.002109200464673582
leaf_weight=3.4728089025011277 1.9359728693962086 1.697011667303747 6.0129397734999648 3.3552225958555928 1.4196879016235495 5.0495220012962845 3.8163845122326165 1.8422231562435616 2.1986838500015429 7.1392803043127051 5.6523954961448899 5.9829369913786632 4.0577149093151093 32.652925109490752
leaf_count=734 31 39 64 50 42 52 149 24 125 88 49 46 34 517
internal_value=-7.96044e-05 -0.000768657 0.000390142 -0.00681162 -0.00146984 0.00216159 -0.0258173 0.00487349 0.00118863 0.00390443 0.00922433 0.000137495 0.0142886 0.00687057
internal_weight=86.2857 84.3497 80.8769 31.0309 27.6757 25.9786 5.23607 49.8461 43.8331 41.9909 20.7426 15.0902 10.0407 39.7922
internal_count=2044 2013 1279 461 411 372 191 818 754 730 181 132 80 605
is_linear=0
shrinkage=0.05


Tree=127
num_leaves=15
num_cat=0
split_feature=8 16 7 3 11 0 4 6 2 5 18 2 9 2
split_gain=0.981214 0.862419 1.58282 1.03692 1.97688 1.999 1.51502 2.00439 1.60642 1.58931 1.63627 1.49363 1.40739 1.29127
threshold=98.750000000000014 5.9919093215572916 0.0041460414627401011 4.0750000000000011 1.7570010297364054 28.265000000000004 1.3603941545095306 0.31798303046175269 3.5817000000000005 15.137728908565757 -0.37212422999006017 -3.4235999999999995 0.77019407830058417 3.7535000000000003
decision_type=2 2 2 2 2 2 2 2 2 2 2 2 2 2
left_child=1 3 -3 4 5 6 11 9 -9 -8 -11 -1 13 -5
right_child=-2 2 -4 12 -6 -7 7 8 -10 10 -12 -13 -14 -15
leaf_value=-0.05360218746741674 -0.055138524142121538 -0.0046405624416606828 0.045803174576367858 0.0061677232225269153 0.021974810091286927 -0.051247733753252728 -0.035193047031223612 -0.059704913706864884 0.018519701018199643 -0.0099137149587003662 0.040778438937197514 0.052269339467599464 0.046283621085542431 -0.010936720292353243
leaf_weight=0.41774503467604551 0.80169163062237103 3.4227143451571456 2.8499563038349152 38.319446367328055 3.9961058776825658 3.4326783469878128 2.6169544227886927 3.3068377992603919 0.81882991606835265 3.882096890360117 2.6983849592506886 1.6448521997081176 1.7920947778038669 15.496296653582247
leaf_count=12 20 29 33 716 44 119 87 71 56 28 21 86 35 687
internal_value=-8.28025e-05 0.000438335 0.0182783 -0.000988608 -0.00996466 -0.0167471 -0.00904966 -0.0152231 -0.0441795 -0.00223417 0.0108731 0.0308268 0.00269404 0.00124248
internal_weight=85.4967 84.695 6.27267 78.4223 22.8145 18.8184 15.3857 13.3231 4.12567 9.19744 6.58048 2.0626 55.6078 53.8157
internal_count=2044 2024 62 1962 524 480 361 263 127 136 49 98 1438 1403
is_linear=0
shrinkage=0.05


Tree=128
num_leaves=15
num_cat=0
split_feature=19 11 6 9 3 24 19 17 14 9 1 14 19 4
split_gain=0.711888 0.998495 1.16465 2.01724 1.10566 1.06851 1.16922 1.45879 1.57241 1.57359 2.51075 1.51039 1.4875 1.42333
threshold=3.7521649141743398 4.0722627262638884 0.74641717713497491 0.71434689826761921 4.9250000000000007 -0.6903888973153417 1.4319109959974192 0.80835909159656016 63.750000000000007 0.75824788500363305 71.305000000000021 1.2500000000000002 1.6529126412601889 39.090133038195994
decision_type=2 2 2 2 2 2 2 2 2 2 2 2 2 2
left_child=1 2 5 -4 -5 -1 13 12 11 10 -10 -9 -8 -7
right_child=-2 -3 3 4 -6 6 7 8 9 -11 -12 -13 -14 -15
leaf_value=-0.059632374272327482 0.044381056693035853 -0.054517447101252114 -0.026345870229934204 0.052138404452955173 0.0026625511206493542 0.00067899668882730147 -0.029779679011972301 0.018675905081286168 0.046129176672658381 -0.052874190379331387 -0.043286779035260209 -0.053603988745519172 0.040604967600099531 0.057758010673977435
leaf_weight=0.78974702197592606 0.89076554402708907 0.84854913875460525 1.7634896716335777 3.3998304784763604 1.6907796154264358 61.238302844460122 1.190095393918454 0.85789060790557226 2.2195243890164424 1.1591108551947398 1.2147567311767486 4.5885377812664956 2.0329264812171459 1.1120095327496518
leaf_count=30 22 21 42 100 64 1299 28 56 81 37 22 198 33 11
internal_value=-8.27342e-05 -0.000553652 -3.65715e-06 0.0197404 0.0357056 -0.0017749 -0.0011706 -0.0146515 -0.024047 -0.00250036 0.0145014 -0.0422189 0.0146156 0.00169699
internal_weight=84.9963 84.1056 83.257 6.8541 5.09061 76.4029 75.6132 13.2628 10.0398 4.59339 3.43428 5.44643 3.22302 62.3503
internal_count=2044 2022 2001 206 164 1795 1765 455 394 140 103 254 61 1310
is_linear=0
shrinkage=0.05


Tree=129
num_leaves=15
num_cat=0
split_feature=21 0 0 2 19 23 1 33 17 1 16 0 8 3
split_gain=0.701154 1.22064 1.40499 0.793493 3.90974 1.65057 1.09872 2.98856 2.79213 2.52265 2.9434 2.20029 2.08678 3.07632
threshold=0.20079896727367388 19.520000000000007 23.155000000000005 -5.349899999999999 -1.6924479839382391 0.27734485582408092 45.20000000000001 60.000000000000007 0.54119471783045392 52.32500000000001 0.52763008250345211 21.795000000000005 13.750000000000002 5.5450000000000008
decision_type=2 2 2 2 2 2 2 2 2 2 2 2 2 2
left_child=1 -1 -3 4 -2 -5 7 8 -7 12 -11 -9 -8 -14
right_child=3 2 -4 5 -6 6 9 11 -10 10 -12 -13 13 -15
leaf_value=-0.022045600477395892 -0.059322950609913799 0.057516098250074671 0.0069289564448984757 0.02838258980387566 0.028909726942430658 -0.032344052647565485 0.063480960853130902 -0.019956406452205425 0.03500457544436452 -0.046020348339699035 0.00053742730492265867 0.048613145769363222 0.025382646156661914 -0.05825037199575063
leaf_weight=1.7823303081095208 2.8598469460848719 2.1429186649620533 3.8181455601006746 4.7271920719649634 2.2381148703861973 12.398268999531867 2.5093786176294071 1.9411590248346318 1.7570151882246126 3.7732604576158328 33.838744614738971 2.9446370434015989 6.3913749257335439 1.3280220148153601
leaf_count=18 61 17 66 53 49 206 18 20 53 777 562 22 96 26
internal_value=-7.99742e-05 0.0142593 0.0251143 -0.00152749 -0.0205869 -0.000170623 -0.00218876 -0.0123468 -0.0239844 0.00185426 -0.00413328 0.02137 0.0238709 0.0109947
internal_weight=84.4504 7.74339 5.96106 76.707 5.09796 71.6091 66.8819 19.0411 14.1553 47.8408 37.612 4.8858 10.2288 7.7194
internal_count=2044 101 83 1943 110 1833 1780 301 259 1479 1339 42 140 122
is_linear=0
shrinkage=0.05


Tree=130
num_leaves=15
num_cat=0
split_feature=4 19 17 18 17 16 10 0 14 3 3 8 6 27
split_gain=0.678261 1.76057 1.61868 2.00762 1.32203 1.25381 1.20244 1.45429 1.19521 2.14663 2.2872 1.92453 1.94059 1.72891
threshold=31.946477744557324 1.3086380732219129 0.85558352560246076 1.6429146191702733 0.82135019231119222 7.746208347462086 0.97151240895802526 25.065000000000001 5.416666666666667 6.7550000000000008 6.0650000000000004 10.41666666666667 0.51433251433255323 1.0000000180025095e-35
decision_type=2 2 2 2 2 2 2 2 2 2 2 2 2 2
left_child=1 8 3 4 -3 -4 -2 -8 9 10 -1 12 -10 -13
right_child=6 2 5 -5 -6 -7 7 -9 11 -11 -12 13 -14 -15
leaf_value=-0.031690985226113792 0.02913163541343471 -0.040278809867757975 -0.049518201981580023 0.047160911904854691 0.03069024901585507 0.073502090666857825 -0.032702743674243237 0.011305283201510682 0.044234402296326469 -0.043739548018671165 0.045541305676715327 -0.0066586877226481383 -0.018335515600663533 0.014243284026685156
leaf_weight=1.8161565122427412 5.1575203808024517 2.6556233381852494 4.3355062758782879 1.4491309057921169 0.87158130574971426 0.21750894188880909 2.6012699790298921 6.7449132865294814 5.033197369077242 3.8495429226895794 2.0302281472831964 30.706440573907457 1.6439567566849289 14.595798707683569
leaf_count=229 73 71 445 30 13 1 27 140 53 47 25 582 35 273
internal_value=-7.99228e-05 -0.00214034 -0.0220973 -0.00238609 -0.0227422 -0.0436412 0.00975141 -0.00094322 0.00104652 -0.0173434 0.00907435 0.00376929 0.0288293 7.56587e-05
internal_weight=83.7084 69.2047 9.52935 4.97634 3.5272 4.55302 14.5037 9.34618 59.6753 7.69593 3.84638 51.9794 6.67715 45.3022
internal_count=2044 1804 560 114 84 446 240 167 1244 301 254 943 88 855
is_linear=0
shrinkage=0.05


Tree=131
num_leaves=15
num_cat=0
split_feature=19 11 6 9 3 21 24 19 4 17 18 4 18 31
split_gain=0.677841 0.881709 0.769382 1.73407 1.22692 1.06693 0.971488 0.961675 1.32469 1.29904 1.43527 1.22884 1.57733 1.90674
threshold=3.0868045278538285 3.8235737451482774 0.74641717713497491 0.71434689826761921 4.9250000000000007 1.5509465802846329 -0.6903888973153417 1.4319109959974192 39.090133038195994 0.80835909159656016 1.7297857478687659 28.874070928161352 1.7191585655858359 0.33500000000000002
decision_type=2 2 2 2 2 2 2 2 2 2 2 2 2 2
left_child=1 2 6 5 -5 -4 -1 8 -8 10 -9 -11 13 -13
right_child=-2 -3 3 4 -6 -7 7 9 -10 11 -12 12 -14 -15
leaf_value=-0.058447858044592141 0.032785716638743717 -0.05138330947554564 0.016912466535409933 0.051257194596392178 -0.0046047511926494509 -0.06163940169614765 0.00059780479359131436 -0.01644825597487062 0.057183248566330003 -0.052966911350356652 0.051727379949009868 -0.027139567459118209 -0.047753570295626074 0.03654360295062449
leaf_weight=0.74348315584938873 1.539820922538637 0.84916310571133991 0.79803967662155517 3.0325077518355101 1.4543291406007481 0.94315860775532201 60.189090842497535 1.7135206544771784 1.0523808076977719 2.5042521633440611 1.4049905990250406 2.3932389467954636 2.1267144717276096 2.3098022118210793
leaf_count=30 64 21 9 82 45 33 1299 47 11 312 14 33 23 21
internal_value=-7.93855e-05 -0.000700211 -0.000166672 0.0167151 0.0331505 -0.0256369 -0.00157913 -0.0010054 0.00157018 -0.0136721 0.0142671 -0.0230066 -0.0120211 0.00413712
internal_weight=83.0545 81.5147 80.6655 6.22804 4.48684 1.7412 74.4375 73.694 61.2415 12.4525 3.11851 9.33401 6.82976 4.70304
internal_count=2044 1980 1959 169 127 42 1790 1760 1310 450 61 389 77 54
is_linear=0
shrinkage=0.05


Tree=132
num_leaves=15
num_cat=0
split_feature=9 3 13 5 36 13 14 12 2 21 34 13 6 2
split_gain=0.677148 1.57164 0.826781 1.15843 2.0275 3.12847 1.03762 1.08989 1.13171 1.01319 2.55357 2.25213 1.85254 2.5271
threshold=0.61931730938694396 5.495000000000001 0.10873470047047741 1.5928891767023541 1.0000000180025095e-35 0.8996116649681799 77.083333333333357 0.76978905597320235 -0.14734999999999995 2.3196779306050908 -0.41664999999999991 0.60311404348864384 0.4856896859673791 -2.9564999999999997
decision_type=2 2 2 2 2 2 2 2 2 2 2 2 2 2
left_child=1 -1 6 4 -4 -6 -2 8 -8 -5 -11 -12 13 -13
right_child=2 -3 3 9 5 -7 7 -9 -10 10 11 12 -14 -15
leaf_value=-0.0099587782699972587 -0.053052288372672465 0.063809203169282055 0.068096316882499869 0.003564831155996929 -0.048144433610628097 0.048684455897741563 0.052329157689443621 0.052939656851363627 -0.055739748766631028 -0.048799194962827225 -0.050206672903080153 -0.039578522295041552 0.023039211220414205 0.0041520858669646075
leaf_weight=1.5868576989741989 1.6798912967205972 1.3248581439256666 1.6840739781036971 41.470383069943637 1.6502768294885748 1.6868578325957058 0.33103690948337305 0.6575076114386319 0.90329466015100468 3.4769727673847255 2.3204826270230141 4.5168445587623944 6.9856693772599092 12.299495745450255
leaf_count=39 539 20 42 472 89 36 15 24 165 153 103 111 89 147
internal_value=-7.69425e-05 0.0236063 -0.000942579 0.000161017 0.0233711 0.000800721 -0.0244532 0.000941778 -0.0267566 -0.00147882 -0.00854523 -0.00318732 0.00139664 -0.00759389
internal_weight=82.5745 2.91172 79.6628 76.0911 5.02121 3.33713 3.57173 1.89184 1.23433 71.0698 29.5995 26.1225 23.802 16.8163
internal_count=2044 59 1985 1242 167 125 743 204 180 1075 603 450 347 258
is_linear=0
shrinkage=0.05


Tree=133
num_leaves=15
num_cat=0
split_feature=8 17 1 4 14 6 15 14 8 18 7 1 16 35
split_gain=0.687242 1.15636 1.25642 1.3099 1.01451 1.66533 1.68511 1.59316 2.34614 2.08924 2.05421 3.11641 1.63591 1.62881
threshold=82.916666666666686 0.37300279311120577 52.32500000000001 29.914886143967539 48.750000000000007 0.097184037914782112 18.000000000000004 92.083333333333343 69.583333333333357 0.45808653647010189 0.0045610185965264506 42.530000000000008 1.0633419501041625 1.0000000180025095e-35
decision_type=2 2 2 2 2 2 2 2 2 2 2 2 2 2
left_child=4 -2 -3 -4 -1 -6 -7 8 13 -10 -9 -12 -13 -8
right_child=1 2 3 -5 5 6 7 10 9 -11 11 12 -14 -15
leaf_value=-0.005740641861387499 -0.055773733673234675 0.025292858156227865 -0.053024795542284224 0.057416871667844031 0.029595844434352803 -0.045320664512075247 0.010941032077303242 -0.048552176979131723 0.066863985225879649 -0.0058653594367804388 -0.058475599661297221 -0.017868449175762285 0.072156119319031778 -0.017345100100565568
leaf_weight=31.704944676312152 1.4407420633360732 1.9074813403422015 1.4748473491054026 0.32823253422975529 6.3827548628905779 1.7920544366352249 18.994257681886673 2.9944202142069107 2.9678516145795575 1.4797736182808874 1.1625364273786547 0.75658398121595416 1.515377653762698 6.9521492049098006
leaf_count=945 30 35 117 3 104 43 446 68 41 58 18 43 22 71
internal_value=-7.73929e-05 -0.0177561 -0.00299462 -0.03292 0.0011099 0.00593672 0.00202605 0.00433027 0.00911344 0.0426661 -0.0182831 0.00810738 0.0421771 0.00336197
internal_weight=81.854 5.1513 3.71056 1.80308 76.7027 44.9978 38.615 36.823 30.394 4.44763 6.42892 3.4345 2.27196 25.9464
internal_count=2044 185 155 120 1859 914 810 767 616 99 151 83 65 517
is_linear=0
shrinkage=0.05


Tree=134
num_leaves=15
num_cat=0
split_feature=11 5 11 1 21 0 0 5 21 10 2 25 1 17
split_gain=0.647529 1.20298 1.05265 0.768595 0.672087 1.53644 1.78488 1.83352 0.90244 1.65154 1.23832 2.20559 2.80411 2.26329
threshold=0.013529396590357002 5.2372174473353965 0.017072739360163101 45.940000000000005 0.32588760397635175 19.180000000000003 23.155000000000005 11.215731549995914 0.54199077604669943 -0.23472197005794546 -6.7480999999999991 -1.6628968398139496 38.860000000000007 0.18521273177118555
decision_type=2 2 2 2 2 2 2 2 2 2 2 2 2 2
left_child=1 3 -2 -1 5 -4 -7 -8 9 -6 -10 -12 -13 -14
right_child=2 -3 4 -5 8 6 7 -9 10 -11 11 12 13 -15
leaf_value=0.060429153496333293 0.060490797932474485 -0.070170534878950336 -0.025691445729627362 -0.019873083120273544 -0.056876442536584852 0.052629941038964845 0.045102613053744335 -0.014790218664751352 -0.039822041544685473 -0.0039163411784496806 0.029139753032096396 -0.029213169856858026 0.033700127112067234 -0.0011192610340869723
leaf_weight=0.41155619826167766 0.72948378301225503 0.93006476014852513 2.2027126476168624 1.0797192222089504 2.0072817392647266 2.9578402545303089 1.9032551324926315 3.8886803835630417 1.8598649438936181 5.5210354952141634 6.4690191764384428 7.913389008259414 5.3196956575848153 38.038167405640706
leaf_count=9 37 5 22 113 25 29 47 42 66 62 60 140 80 1307
internal_value=-7.55703e-05 -0.0255439 0.000706909 0.00228841 0.000148368 0.0116327 0.0210289 0.00489083 -0.00172539 -0.0180371 0.000335009 0.0016285 -0.00184266 0.00315283
internal_weight=81.2318 2.42134 78.8104 1.49128 78.0809 10.9525 8.74978 5.79194 67.1285 7.52832 59.6001 57.7403 51.2713 43.3579
internal_count=2044 127 1917 122 1880 140 118 89 1740 87 1653 1587 1527 1387
is_linear=0
shrinkage=0.05


Tree=135
num_leaves=15
num_cat=0
split_feature=11 17 11 17 25 6 33 23 16 2 21 11 21 25
split_gain=0.636416 1.71579 1.95272 1.59096 2.09502 2.18249 1.95445 2.39955 1.57593 1.90036 1.67426 1.41488 1.64529 1.39598
threshold=1.1659435628744867 0.92472800598690241 0.28949731631295123 0.62394750172031055 -0.63052898876770846 0.072454834246024322 63.500000000000007 1.6718854408293085 1.1243485621725464 -3.8852499999999996 0.52105289077106076 0.22739014535086127 2.7808972073701224 -0.63052898876770846
decision_type=2 2 2 2 2 2 2 2 2 2 2 2 2 2
left_child=1 2 11 4 -4 -6 7 -5 9 -7 -10 -1 -13 -3
right_child=-2 13 3 6 5 8 -8 -9 10 -11 -12 12 -14 -15
leaf_value=0.0045357963164902289 0.0055274730111935259 0.077366960918136621 -0.043358031893869886 0.042413770302652115 0.043778837493978817 -0.051792533080649475 -0.020759515600695444 -0.027719204580965742 0.01276403490211186 0.045943177922700092 -0.041463659545513003 0.075792054586145269 0.0076290523265159851 -0.051437105606498917
leaf_weight=15.320793446153404 31.163085442502052 0.22860486805439029 5.8303799484856453 4.5436658617109043 1.8117719814181352 0.68991786311380598 4.1406630352139473 1.6671081294771282 1.9203181266784666 1.7819706071168164 5.5003904029726982 1.6648537777364247 1.8906358727253971 2.6354376407689406
leaf_count=449 417 1 84 51 16 51 60 29 16 28 76 12 55 699
internal_value=-7.26748e-05 -0.0035893 -0.00128846 -0.00969477 -0.0188708 -0.00667283 0.00584894 0.0235885 -0.0159128 0.0186646 -0.0274307 0.0111303 0.0395463 -0.0411561
internal_weight=80.7896 49.6265 46.7625 27.8862 17.5347 11.7044 10.3514 6.21077 9.8926 2.47189 7.42071 18.8763 3.55549 2.86404
internal_count=2044 1627 927 411 271 187 140 80 171 79 92 516 67 700
is_linear=0
shrinkage=0.05


Tree=136
num_leaves=15
num_cat=0
split_feature=19 11 2 3 2 16 10 20 20 15 35 3 28 35
split_gain=0.626966 0.831389 0.917087 0.920509 0.752009 1.91478 1.77834 1.71486 1.77276 1.45165 1.33649 1.04482 1.18382 2.28889
threshold=3.0868045278538285 3.8235737451482774 11.151850000000001 8.5450000000000017 4.6522000000000006 3.759188686540901 0.99521849727499478 1.9311171704985886 1.0416484400445472 19.500000000000004 1.0000000180025095e-35 4.0750000000000011 1.0000000180025095e-35 -1.0000000180025095e-35
decision_type=2 2 2 2 2 2 2 2 2 2 2 2 2 2
left_child=1 2 3 4 6 9 7 8 11 -6 -7 -1 13 -13
right_child=-2 -3 -4 -5 5 10 -8 -9 -10 -11 -12 12 -14 -15
leaf_value=-0.0092244467082689321 0.032149132807288559 -0.050799202666407653 0.050041353648293013 -0.052156823986489742 0.052278314500312555 0.033899729062514247 0.05946800208935793 -0.055960135278409054 0.028204013089159725 -0.038146903483268456 -0.020677236173886331 -0.05326211585756168 0.021633317677259341 0.0036571182519270066
leaf_weight=22.439617853728123 1.4817389911040653 0.81882383674383064 0.89949364343192328 0.86072314309421827 0.4821944162249564 2.7579311206936836 1.3124682717025269 1.3093392802402366 5.7942519671632899 5.5792665395420027 1.8907341808080671 1.9020779642742152 7.8985543770249924 24.730245360988192
leaf_count=448 64 21 19 60 12 60 16 30 105 335 18 105 92 659
internal_value=-7.30227e-05 -0.000679879 -0.000152772 -0.000739451 -0.000157873 -0.0124392 0.00185377 0.000673626 0.00185507 -0.0309535 0.0117018 -0.000824785 0.00463367 -0.000408048
internal_weight=80.1575 78.6757 77.8569 76.9574 76.0967 10.7101 65.3866 64.0741 62.7647 6.06146 4.64867 56.9705 34.5309 26.6323
internal_count=2044 1980 1959 1940 1880 425 1455 1439 1409 347 78 1304 856 764
is_linear=0
shrinkage=0.05


Tree=137
num_leaves=15
num_cat=0
split_feature=8 19 33 16 14 9 3 34 9 5 10 2 13 8
split_gain=0.620459 1.26588 2.00368 0.977486 2.65912 0.874806 1.19501 1.08551 2.85892 2.1635 2.43626 1.65982 2.52497 2.37969
threshold=82.916666666666686 0.7346183189677512 66.500000000000014 5.9919093215572916 87.916666666666671 0.61931730938694396 5.495000000000001 0.42499999999999999 0.75372039458913231 15.431011733521361 -0.35477513967272334 -3.0182999999999995 1.047144907487471 26.250000000000004
decision_type=2 2 2 2 2 2 2 2 2 2 2 2 2 2
left_child=3 -2 -3 5 -5 6 -1 11 -9 10 -10 13 -13 -7
right_child=1 2 -4 4 -6 7 -8 8 9 -11 -12 12 -14 -15
leaf_value=-0.0049136188949528252 -0.038499594075286254 0.049017446159478235 -0.056245937820555474 0.057941503958176876 -0.015165395614992531 0.0057273500411291469 0.062478168662959771 -0.021716392974570835 -0.058607940850124156 0.072957648337447598 0.018070530632343287 -0.0051248316325249203 0.026029035162609279 -0.033357771435983279
leaf_weight=1.3551394494716071 2.8907164370175442 1.3266431408701467 0.6857665053103118 2.5628593154251567 2.4167509935796261 10.230433283606542 1.2783243232406674 16.637026283191521 1.2885067434981463 1.3302971459925172 5.2839013473130754 12.482130803517071 13.579546395689247 6.2879958534613243
leaf_count=31 92 61 32 30 24 151 20 429 15 16 102 777 145 119
internal_value=-7.1851e-05 -0.0173021 0.013147 0.0010586 0.0224606 -0.000469261 0.0277994 -0.00157839 -0.00995425 0.0148078 0.00303788 0.00324878 0.011108 -0.00915101
internal_weight=79.636 4.90313 2.01241 74.7329 4.97961 69.7533 2.63346 67.1198 24.5397 7.90271 6.57241 42.5801 26.0617 16.5184
internal_count=2044 185 93 1859 54 1805 51 1754 562 133 117 1192 922 270
is_linear=0
shrinkage=0.05


Tree=138
num_leaves=15
num_cat=0
split_feature=4 19 20 20 8 9 34 14 3 2 19 8 13 2
split_gain=0.606777 1.63969 1.3665 1.28163 1.6277 1.4129 1.22435 1.22393 1.9835 2.82979 2.10455 1.89062 1.70055 1.6352
threshold=32.381450423251927 1.3086380732219129 0.3701705524594629 0.97549876080983899 30.416666666666671 0.68284326094101455 -0.81249999999999989 5.416666666666667 6.7550000000000008 -3.0182999999999995 -0.33993403367522762 11.250000000000002 1.3136067418005479 -5.349899999999999
decision_type=2 2 2 2 2 2 2 2 2 2 2 2 2 2
left_child=1 6 -2 5 -5 -3 -1 8 9 -8 -11 12 -9 -13
right_child=2 3 -4 4 -6 -7 7 11 -10 10 -12 13 -14 -15
leaf_value=-0.037822079852886832 0.047868507198095975 0.05204289435157286 0.0028909330809287126 -0.052687582617456041 0.037936242973140764 -0.038647629443965319 -0.051687667577116375 -0.014717756583175199 -0.042357902480266309 0.077535962846164042 -0.019338435730665952 -0.053046507177467041 0.044667766020590076 0.003303133147742695
leaf_weight=1.9454495077952731 1.996896918863057 0.46046334184938853 10.942174763418732 0.71252224547788534 1.6266278636176137 6.3796487416839227 1.2378132175654175 1.5889132439624507 3.6827445235685445 1.5031910538673403 0.89410242339363222 1.3306643194518901 4.9957669656723738 39.641102086054168
leaf_count=46 18 13 215 61 82 408 90 48 47 8 156 32 37 783
internal_value=-6.81761e-05 -0.00200917 0.00983236 -0.0216169 0.0103316 -0.0325425 0.00115847 0.00254044 -0.0164956 0.00970567 0.0414054 0.00546965 0.0303378 0.00147303
internal_weight=78.9381 65.999 12.9391 9.17926 2.33915 6.84011 56.8197 54.8743 7.31785 3.63511 2.39729 47.5564 6.58468 40.9718
internal_count=2044 1811 233 564 143 421 1247 1201 301 254 164 900 85 815
is_linear=0
shrinkage=0.05


Tree=139
num_leaves=15
num_cat=0
split_feature=13 5 16 34 3 34 11 3 14 12 34 2 9 21
split_gain=0.905487 1.06652 0.776893 1.86293 1.26139 1.59536 1.42681 1.2622 1.40012 1.50159 1.22037 1.68096 2.13402 1.98353
threshold=6.2951662387001628 34.660884359185545 5.8164176580060039 0.27205000000000007 4.0750000000000011 0.54410000000000014 2.1266614919814129 4.9250000000000007 24.583333333333339 0.0048698205168241507 -0.81249999999999989 -0.14734999999999995 0.76371016776356793 1.8762905241009344
decision_type=2 2 2 2 2 2 2 2 2 2 2 2 2 2
left_child=1 2 4 -4 5 6 -1 8 9 -6 -9 13 -13 -12
right_child=-2 -3 3 -5 7 -7 -8 10 -10 -11 11 12 -14 -15
leaf_value=-0.0077639760348013264 0.054888996791666693 -0.046484752393863085 -0.022030414952575513 0.034859246988166941 0.073752496869552306 -0.036407579330049913 0.058009259236689384 -0.052819349693574748 0.019084497243277904 -0.052736308283410277 0.031709050351376916 -0.015935125719357672 0.035398791420151329 -0.0072531639032853232
leaf_weight=13.358743831631728 0.7424226887524118 1.2457050718367089 2.1214769482612601 4.473445001989603 0.28558827185770752 5.0526272688293821 0.87877428159117776 1.172431937418877 14.652688909147399 1.3150103120133279 6.8076795567758328 17.653993420943159 2.2868096473393953 6.2798834561835974
leaf_count=419 12 14 21 46 31 86 10 39 385 233 62 500 43 143
internal_value=-6.7301e-05 -0.000593187 0.000155673 0.0165588 -0.00139538 -0.0122702 -0.00370429 0.00276239 0.0142342 -0.0301674 -0.00268939 -0.000909893 -0.0100482 0.0130136
internal_weight=78.3273 77.5849 76.3392 6.59492 69.7442 19.2901 14.2375 50.4541 16.2533 1.6006 34.2008 33.0284 19.9408 13.0876
internal_count=2044 2032 2018 67 1951 515 429 1436 649 264 787 748 543 205
is_linear=0
shrinkage=0.05


Tree=140
num_leaves=15
num_cat=0
split_feature=11 14 11 17 14 17 11 0 5 5 4 20 2 13
split_gain=0.591214 1.2275 0.842083 2.38177 1.61198 2.03314 1.53726 1.4611 2.64786 2.7939 1.80151 1.48168 1.64787 1.88747
threshold=0.013529396590357002 77.083333333333357 0.28949731631295123 0.89704060765131033 71.250000000000014 0.29047050284884851 1.0085065859282758 19.035000000000004 15.137728908565757 23.467068455175681 1.7033141101963243 0.1789850679154544 2.1354500000000001 0.8996116649681799
decision_type=2 2 2 2 2 2 2 2 2 2 2 2 2 2
left_child=1 -1 3 4 5 -2 7 -4 10 -10 -9 -12 -13 -14
right_child=2 -3 6 -5 -6 -7 -8 8 9 -11 11 12 13 -15
leaf_value=-0.060273831922935894 -0.045628304770784472 0.012177604646741533 -0.036500751783956446 -0.036449509355794364 0.041153543978843229 0.015856509346257739 0.0043013355074933111 0.022902550215401666 0.035056140441301793 -0.02827756681440613 -0.05572297243999285 -0.056610048092813073 -0.046001654016737968 0.043537547340754316
leaf_weight=1.1946738850092509 1.59206590196118 1.1448284471989607 4.9195310202194404 2.3564282787847324 4.9060833528637877 8.6478195472154749 35.356772464234382 1.7086916854605094 5.5820068512111884 2.5308290403336287 3.8727263689506799 1.359604172408581 0.91654347500298206 1.6447501499205825
leaf_count=84 91 43 63 647 91 197 477 35 56 22 121 28 70 19
internal_value=-6.59743e-05 -0.0248199 0.000702151 0.0103125 0.0175878 0.00629704 -0.00220335 -0.0124092 -0.0056809 0.015299 -0.023593 -0.0337867 -0.01212 0.0114965
internal_weight=77.7334 2.3395 75.3939 17.5024 15.146 10.2399 57.8915 22.5347 17.6152 8.11284 9.50232 7.79362 3.9209 2.56129
internal_count=2044 127 1917 1026 379 288 891 414 351 78 273 238 117 89
is_linear=0
shrinkage=0.05


Tree=141
num_leaves=15
num_cat=0
split_feature=19 23 2 7 12 2 23 13 12 12 20 1 8 17
split_gain=0.613259 0.804248 1.00831 1.11533 1.05068 1.65195 1.28024 1.77295 1.70156 1.38618 1.43786 1.27434 2.19479 2.29082
threshold=3.0868045278538285 7.9829530540123841 10.840500000000002 0.0131121690289845 0.81983188113159755 7.332650000000001 3.5360618899768954 0.18169856283227628 0.64355662416080073 0.54670890776586079 -0.42033253810833809 57.795000000000009 12.083333333333334 0.8433476238274259
decision_type=2 2 2 2 2 2 2 2 2 2 2 2 2 2
left_child=1 2 3 4 5 6 8 -8 9 11 -11 -1 -13 -14
right_child=-2 -3 -4 -5 -6 -7 7 -9 -10 10 -12 12 13 -15
leaf_value=0.0035323540716023214 0.03238704908189341 -0.037717836262666553 0.051249491652084783 -0.056151613803830408 0.022255833870517411 -0.056723447482497337 -0.056990242227160537 0.044797590547877714 -0.024771796713722885 -0.005065312536292027 0.047437208475394135 -0.055285553066641673 0.011983061073297415 -0.032397993036891747
leaf_weight=35.107832461420912 1.4283788171596814 1.4380338786868367 0.94876672199461509 0.89343527401797374 4.9645888656377783 1.3312434258987185 0.50300517643336151 2.8615243081003428 7.2991457674652329 2.2671491000801325 3.0698084002360693 2.638246073271147 7.5859327395446581 4.7146951439790428
leaf_count=713 64 61 19 52 76 34 73 54 82 25 38 63 167 523
internal_value=-6.98545e-05 -0.000682902 3.49953e-05 -0.000628479 5.72294e-05 -0.00157841 -0.00046691 0.0295801 -0.0020797 0.00091095 0.025134 -0.00167219 -0.0139034 -0.00502771
internal_weight=77.0518 75.6234 74.1854 73.2366 72.3432 67.3786 66.0473 3.36453 62.6828 55.3837 5.33696 50.0467 14.9389 12.3006
internal_count=2044 1980 1919 1900 1848 1772 1738 127 1611 1529 63 1466 753 690
is_linear=0
shrinkage=0.05


Tree=142
num_leaves=15
num_cat=0
split_feature=8 19 33 12 14 9 0 9 0 34 3 9 14 24
split_gain=0.587903 1.17916 1.7919 0.88175 0.874688 2.13695 2.01187 1.69153 1.88267 1.73135 1.63796 1.4605 1.40689 3.71719
threshold=82.916666666666686 0.7346183189677512 66.500000000000014 0.074820051751903913 48.750000000000007 0.6668738689453706 21.105000000000004 0.76285663657965141 19.035000000000004 0.27205000000000007 5.6650000000000009 0.77103328659079795 58.750000000000007 0.33195888820198549
decision_type=2 2 2 2 2 2 2 2 2 2 2 2 2 2
left_child=4 3 -3 -2 5 6 -1 8 -7 -9 -8 12 13 -6
right_child=1 2 -4 -5 11 7 10 9 -10 -11 -12 -13 -14 -15
leaf_value=0.066556337412437425 0.0087353144012684292 0.047103699315119811 -0.05611642686214699 -0.054892805638581281 0.048294302998158484 -0.045538992639986155 -0.062422357298173893 -0.035642165449529598 -0.0087333712891756315 0.036597412476580139 0.040548800412292245 -0.034608914060115258 0.0035160657643711806 -0.037770636401270763
leaf_weight=1.8716167751699715 0.74218718835618291 1.2767323567532001 0.6269206249853595 2.0440563766751438 5.3703540719579896 4.3249424568493913 0.76641464489512123 1.1143588921986509 17.668300581339281 3.2437561177648604 0.77847824338823557 2.1341442946577436 32.93650682416046 1.6370202866382895
leaf_count=15 55 61 32 37 49 76 31 81 673 55 14 73 763 29
internal_value=-6.87167e-05 -0.0172205 0.0131107 -0.0379438 0.0010509 -0.00550827 0.0316969 -0.010332 -0.0159711 0.0181259 -0.0105347 0.00569116 0.00784433 0.0281883
internal_weight=76.5358 4.6899 1.90365 2.78624 71.8459 29.7679 3.41651 26.3514 21.9932 4.35812 1.54489 42.078 39.9439 7.00737
internal_count=2044 185 93 92 1859 945 60 885 749 136 45 914 841 78
is_linear=0
shrinkage=0.05


Tree=143
num_leaves=15
num_cat=0
split_feature=19 11 2 3 5 36 17 12 11 11 13 8 0 20
split_gain=0.560644 0.75107 0.725484 0.845806 0.654147 2.58824 4.96643 1.16222 0.797251 0.787215 1.91591 1.51402 1.30734 3.59076
threshold=3.0868045278538285 3.8235737451482774 11.151850000000001 8.5450000000000017 1.8308510616177276 1.0000000180025095e-35 0.68002788668618874 0.031935012232611706 0.021636026697799453 0.28114146445366789 2.4466003787915294 12.083333333333334 19.035000000000004 0.15758970759743374
decision_type=2 2 2 2 2 2 2 2 2 2 2 2 2 2
left_child=1 2 3 4 5 -1 -7 -6 -9 10 11 -10 13 -11
right_child=-2 -3 -4 -5 7 6 -8 8 9 12 -12 -13 -14 -15
leaf_value=0.063247853543181923 0.031357068433182457 -0.04966541049878289 0.046673565846747582 -0.051888689505264977 -0.039833737974739498 0.053158163974271547 -0.051535903839953462 -0.038236386641482017 0.032126098311609792 -0.046726491842522942 0.061160859453077726 -0.011937868399384308 0.0010715738306219394 0.027910666385712657
leaf_weight=1.9495107280090449 1.3932872400619079 0.77359678037464519 0.81838571897242118 0.79711289680562813 1.9296668244060118 2.0217529814690343 2.576163589314092 1.3656709557399143 2.9861702639027481 4.8293263101950279 1.720456302165984 5.6149406884796917 44.681505545391701 2.4184318818151951
leaf_count=62 64 21 19 60 175 45 639 12 41 69 18 185 612 22
internal_value=-6.74724e-05 -0.000655306 -0.000140932 -0.000666545 -0.0001002 0.0149693 -0.00550081 -0.00160549 -0.000445923 0.000383132 0.0129949 0.00336045 -0.00212362 -0.0218216
internal_weight=75.876 74.4827 73.7091 72.8907 72.0936 6.54743 4.59792 65.5462 63.6165 62.2508 10.3216 8.60111 51.9293 7.24776
internal_count=2044 1980 1959 1940 1880 746 684 1134 959 947 244 226 703 91
is_linear=0
shrinkage=0.05


Tree=144
num_leaves=15
num_cat=0
split_feature=20 19 33 13 14 6 13 5 13 5 20 5 36 17
split_gain=0.555879 0.985258 1.51311 2.12774 1.95016 1.62538 1.45281 2.06081 2.10208 0.938712 0.920368 0.843256 1.27636 3.0132
threshold=-2.1567122994012551 -1.1016815121057293 56.500000000000007 1.013649799151805 62.083333333333343 0.53090902926486472 4.289925669454262 28.384323487356284 3.2124559347943822 29.13832156302249 -1.5305004530880277 25.751174531312589 1.0000000180025095e-35 0.52105222183297417
decision_type=2 2 2 2 2 2 2 2 2 2 2 2 2 2
left_child=-1 2 3 -2 5 -4 7 8 10 -5 -3 12 13 -12
right_child=1 6 4 9 -6 -7 -8 -9 -10 -11 11 -13 -14 -15
leaf_value=0.027470259938877542 0.053673292504341386 -0.04669713075242652 0.047651796538910107 -0.042557600297639699 -0.031728812916238656 -0.0070655564779580522 0.058249438650442464 -0.06663332344544777 0.05086588626911237 -0.0063184520115679467 -0.00083809487867516925 -0.042551936910210919 -0.0012280778070839448 0.060436192896599863
leaf_weight=1.7892111181281496 0.79283580556512134 1.0052789493929513 2.8614964894950381 6.0886230599135143 2.488866837695241 2.5817117150872946 1.1441647373139847 1.0933873653411854 2.1741064079105845 2.5292967595160007 6.0291113788261992 1.0580062940716732 40.534933151298908 3.0070580770261586
leaf_count=26 23 28 27 210 24 23 13 7 19 22 92 7 1470 53
internal_value=-6.56011e-05 -0.000736922 -0.0111515 -0.0247105 0.00493508 0.0216994 0.00248576 0.00132364 0.00270452 -0.0319217 0.000676647 0.00161729 0.00256 0.0195528
internal_weight=75.1781 73.3889 17.3428 9.41076 7.93208 5.44321 56.046 54.9019 53.8085 8.61792 51.6344 50.6291 49.5711 9.03617
internal_count=2044 2018 329 255 74 50 1689 1676 1669 232 1650 1622 1615 145
is_linear=0
shrinkage=0.05


Tree=145
num_leaves=15
num_cat=0
split_feature=4 2 1 14 1 7 35 5 0 20 19 34 34 14
split_gain=0.553528 1.80365 1.51209 2.22599 1.39804 1.38654 1.24936 1.33558 0.946499 1.5713 1.26159 1.52271 2.48486 1.84456
threshold=31.946477744557324 4.6522000000000006 74.77500000000002 86.250000000000014 72.725000000000009 0.0044497119181162509 1.0000000180025095e-35 15.431011733521361 22.670000000000005 -2.1567122994012551 -1.3478158138895846 0.42499999999999999 1.0000000180025095e-35 12.91666666666667
decision_type=2 2 2 2 2 2 2 2 2 2 2 2 2 2
left_child=1 4 5 -4 8 -2 -3 -8 10 -10 -1 12 -12 -13
right_child=2 6 3 -5 -6 -7 7 -9 9 -11 11 13 -14 -15
leaf_value=-0.021632473559843421 -0.02175524943319421 -0.051012230356095957 -0.044512364124490361 0.031085708114154537 0.060999637859290627 0.029817790380592898 -0.05463796967070992 0.038303081711350301 0.047164081445581561 -0.0092587719946930595 0.0072725021150709911 0.047293276182648281 0.056826910514451684 -0.010601012522622442
leaf_weight=3.517665550112727 1.5810632705688457 3.0227734392683479 2.5619739289395502 1.5707240612246094 0.93612182012293388 7.4169122762978077 0.62167325807968143 1.0219767484813926 1.2905281815910701 28.131630227318968 7.8172560610692035 1.601050377881619 3.7400697086704895 9.7800962902838346
leaf_count=65 16 300 49 73 32 102 29 23 15 799 233 46 44 218
internal_value=-6.21397e-05 -0.0020524 0.00925673 -0.0157796 0.00040196 0.0207557 -0.0319346 0.00315024 -0.000613225 -0.00678393 0.00624928 0.010525 0.0233088 -0.00245669
internal_weight=74.6115 61.4808 13.1307 4.1327 56.8144 8.99798 4.66642 1.64365 55.8783 29.4222 26.4561 22.9385 11.5573 11.3811
internal_count=2044 1804 240 122 1452 118 352 52 1420 814 606 541 277 264
is_linear=0
shrinkage=0.05


Tree=146
num_leaves=15
num_cat=0
split_feature=13 5 16 34 9 3 34 4 10 12 27 24 8 9
split_gain=0.853375 0.956207 0.68167 1.63972 1.07614 1.05335 1.34019 1.26287 1.23229 1.61433 1.46615 1.42825 1.32332 1.0995
threshold=6.2951662387001628 34.660884359185545 5.8164176580060039 0.27205000000000007 0.75070754461739087 4.0750000000000011 0.54410000000000014 30.065822986579022 -0.87273247331669535 0.48474713916555584 1.0000000180025095e-35 -0.40285790674316507 18.750000000000004 0.77019407830058417
decision_type=2 2 2 2 2 2 2 2 2 2 2 2 2 2
left_child=1 2 5 -4 -5 6 7 8 -1 10 11 -10 -13 -7
right_child=-2 -3 3 4 -6 13 -8 -9 9 -11 -12 12 -14 -15
leaf_value=0.02824156761549302 0.054766751917562286 -0.045285359290648614 -0.020792842335406968 0.054543080178123732 0.0035511247339541051 0.0011395634036249693 -0.034769005260673343 0.057992472840820979 0.029021353697168496 -0.053229555392479901 0.022700754060675468 0.035897094480495058 -0.045132381103078691 0.043929763321102787
leaf_weight=2.0306462235748777 0.7030419260263433 1.1771106533706177 2.062429215759038 2.5074140019714832 1.7616113275289533 46.197884585009888 4.6518805162049821 0.78299472108483392 1.1491671488620321 2.12637217901647 3.1264498983509839 0.58521466015372414 3.6249533191439696 1.5516458241618227
leaf_count=15 12 14 21 27 19 1401 86 10 16 22 126 49 191 35
internal_value=-5.8111e-05 -0.000583696 0.000145514 0.0158153 0.0335013 -0.00136165 -0.011641 -0.00362746 -0.00744371 -0.0142721 -0.00451014 -0.020384 -0.0338693 0.00253005
internal_weight=74.0388 73.3358 72.1587 6.33145 4.26903 65.8272 18.0777 13.4258 12.6428 10.6122 8.48579 5.35934 4.21017 47.7495
internal_count=2044 2032 2018 67 46 1951 515 429 419 404 382 256 240 1436
is_linear=0
shrinkage=0.05


Tree=147
num_leaves=15
num_cat=0
split_feature=21 9 3 9 13 2 20 20 9 3 2 11 25 9
split_gain=0.555787 0.683881 1.25451 2.09204 0.591533 0.781907 0.958674 0.995276 1.04704 1.06102 1.47994 0.937459 1.55832 3.81957
threshold=0.20079896727367388 0.71542668090774009 6.0050000000000008 0.7493006741155267 0.10873470047047741 11.359150000000001 2.0445796223868813 1.2962042512354652 0.63602553873068401 7.8800000000000008 -7.4869499999999993 0.28949731631295123 -1.6628968398139496 0.70466701308925805
decision_type=2 2 2 2 2 2 2 2 2 2 2 2 2 2
left_child=1 -1 3 -3 -2 6 7 8 -6 11 -11 -10 13 -13
right_child=4 2 -4 -5 5 -7 -8 -9 9 10 -12 12 -14 -15
leaf_value=0.036420229921141023 -0.022690824087100811 -0.024181520195858952 -0.034707678505354778 0.058000292439186932 0.030868880798474042 0.040083298014929929 -0.038866585763148533 0.023465188490213007 0.0091419462294684527 0.027384610037508552 -0.062164677814216029 0.055088464695298926 -0.011011045636776136 -0.016657288487571156
leaf_weight=2.2071196902543297 3.1241360700805663 1.4173113107681277 1.5161896683275697 1.7071237387135623 2.3396327374503008 1.1704344996251155 1.6417938927188505 4.1576092981267712 14.16012607119046 0.64417949458584223 1.6259144507348526 3.2685409188270489 30.269887740490965 4.2897519282996655
leaf_count=26 770 22 18 35 43 26 25 73 397 21 41 23 466 58
internal_value=-5.69162e-05 0.0135083 0.00261118 0.0207208 -0.00144975 -0.000405829 -0.00116531 -0.000146516 -0.001881 -0.00329318 -0.0367535 -0.00183212 -0.00594001 0.0143688
internal_weight=73.5398 6.84774 4.64062 3.12444 66.692 63.5679 62.3974 60.7556 56.598 54.2584 2.27009 51.9883 37.8282 7.55829
internal_count=2044 101 75 57 1943 1173 1147 1122 1049 1006 62 944 547 81
is_linear=0
shrinkage=0.05


Tree=148
num_leaves=15
num_cat=0
split_feature=0 0 0 29 13 2 17 8 8 2 2 1 8 13
split_gain=0.52847 0.732688 0.605993 1.39774 1.19058 1.28787 1.29429 1.31809 1.51389 0.98587 1.86141 1.47302 1.93699 2.46846
threshold=49.705000000000005 42.70000000000001 28.915000000000003 11.000000000000002 3.2989508237726946 2.5036 0.81341341617947271 35.416666666666679 17.083333333333336 4.4404500000000011 10.178000000000003 45.20000000000001 28.750000000000004 1.013649799151805
decision_type=2 2 2 2 2 2 2 2 2 2 2 2 2 2
left_child=1 2 3 -1 5 -4 -7 8 -8 11 -11 12 -5 -14
right_child=-2 -3 4 9 -6 6 7 -9 -10 10 -12 -13 13 -15
leaf_value=0.042387660497352292 -0.041858827472653383 0.034022413947103446 -0.043576619973837001 0.0089687125781049946 0.020742748147392052 0.023437947963367838 -0.025574006647921001 -0.054134409729057753 0.037266927002562629 -0.029288278477236186 0.056994808233390093 0.010707253809472912 0.047125407930155544 -0.028715830106610354
leaf_weight=2.060762815992347 0.74821093620266665 1.582893943414091 3.1694100471795528 10.274087919620799 2.6541390586644402 2.5682689873501641 2.7226721203187481 1.8467747788527047 1.4790433864109216 5.1802889647951806 0.71084668883122493 26.514645424904302 1.1967526478692878 10.366090858587993
leaf_count=135 37 42 106 153 28 57 88 116 94 294 13 680 40 161
internal_value=-5.33435e-05 0.000379129 -0.00037364 0.00196994 -0.00951139 -0.0163243 -0.00630044 -0.0189277 -0.00345341 0.000434413 -0.018877 0.00278731 -0.00682917 -0.0208663
internal_weight=73.0749 72.3267 70.7438 56.3035 14.4403 11.7862 8.61676 6.04849 4.20172 54.2427 5.89114 48.3516 21.8369 11.5628
internal_count=2044 2007 1965 1476 489 461 355 298 182 1341 307 1034 354 201
is_linear=0
shrinkage=0.05


Tree=149
num_leaves=15
num_cat=0
split_feature=21 0 0 27 4 25 8 2 2 14 35 21 14 8
split_gain=0.510023 0.762542 1.21721 1.34303 0.58586 1.49034 1.46338 1.34661 1.25241 1.24659 1.17884 0.965513 0.895324 1.57009
threshold=0.20079896727367388 19.520000000000007 23.155000000000005 1.0000000180025095e-35 32.381450423251927 1.7672048222371097 35.416666666666679 7.332650000000001 4.7014500000000004 62.916666666666671 1.0000000180025095e-35 0.48506093290389507 6.2500000000000009 10.41666666666667
decision_type=2 2 2 2 2 2 2 2 2 2 2 2 2 2
left_child=1 -1 -3 -4 8 -6 7 9 12 -7 -10 -9 -2 -14
right_child=4 2 3 -5 5 6 -8 11 10 -11 -12 -13 13 -15
leaf_value=-0.018124990515229571 -0.01786517198121837 0.054911220509763686 0.032167949921461589 -0.031914909344318204 0.044598169528013411 -0.0023695000983882664 -0.04456824148534571 -0.051201243612907302 -0.051008397225695258 0.055183580357030242 0.0047341455787670754 0.0077072793589720084 0.028452819627851445 -0.0019625169604085379
leaf_weight=1.510796921327709 7.0605001224321304 1.8382063359022138 1.8739093337208033 1.4504373213276267 2.3412044383585444 1.7221725480630978 1.5394222363829611 1.1725825630128386 2.5408010846003881 2.0738582322373986 1.5134196689468806 1.7098480034619568 4.7545246643712735 39.444335677137133
leaf_count=18 353 17 29 37 26 18 12 23 291 59 50 51 103 957
internal_value=-5.31235e-05 0.0131185 0.0222617 0.00420812 -0.0013875 0.00940488 -0.000621391 0.0095086 -0.00344771 0.0290731 -0.0302 -0.0162569 -0.00133181 0.0013093
internal_weight=72.546 6.67335 5.16255 3.32435 65.8727 10.5591 8.21788 6.67846 55.3136 3.79603 4.05422 2.88243 51.2594 44.1989
internal_count=2044 101 83 66 1943 189 163 151 1754 77 341 74 1413 1060
is_linear=0
shrinkage=0.05


Tree=150
num_leaves=15
num_cat=0
split_feature=11 14 11 6 16 11 21 14 23 7 2 17 36 12
split_gain=0.523528 1.03821 0.799925 0.78612 0.77312 0.720347 2.00947 1.32902 2.13729 1.36631 1.28243 1.96098 2.68613 1.07117
threshold=0.013529396590357002 77.083333333333357 0.017072739360163101 0.18752802779780822 0.23842983484556643 0.28949731631295123 2.6962476838814897 90.416666666666671 2.3110701677266401 0.0045610185965264506 -3.0847499999999992 0.52618148897787331 1.0000000180025095e-35 0.54670890776586079
decision_type=2 2 2 2 2 2 2 2 2 2 2 2 2 2
left_child=1 -1 -2 -3 -4 6 -6 -7 -9 -10 -8 -12 -13 -14
right_child=2 3 4 -5 5 7 10 8 9 -11 11 12 13 -15
leaf_value=-0.058986557531161346 0.056139361902134456 0.054558445427779961 -0.050477237006421753 -0.031231578415046438 0.037350858516657856 0.00077317833830976975 -0.043005510995782315 -0.044594732870998438 -0.022473756288871511 0.066222134124596654 0.031355910270322793 0.059704022369449383 -0.050512920361705453 0.018403432854289952
leaf_weight=1.0781968567171127 0.644597617094404 0.52057024923851691 0.74504584676469576 0.54825528443325311 4.737378627061843 48.053825060953386 1.61345287086442 4.0328383324667803 0.87085474655032136 0.86593177862232551 3.9391090627759677 0.90607968391850402 2.8313457253971159 0.70403791218996037
leaf_count=84 37 26 403 17 45 754 100 90 11 33 67 39 330 8
internal_value=-4.92684e-05 -0.0243689 0.000697248 0.0105524 0.00018155 0.000732103 0.0105289 -0.00194927 -0.0246239 0.0217485 -0.00218523 0.00567361 -0.0171039 -0.0367889
internal_weight=72.0915 2.14702 69.9445 1.06883 69.2999 68.5549 14.7314 53.8234 5.76962 1.73679 9.99403 8.38057 4.44146 3.53538
internal_count=2044 127 1917 43 1880 1477 589 888 134 44 544 444 377 338
is_linear=0
shrinkage=0.05


Tree=151
num_leaves=15
num_cat=0
split_feature=6 14 5 27 0 23 23 5 25 6 30 25 25 1
split_gain=0.504168 1.11354 1.55678 1.08875 1.05828 0.768982 0.730493 0.881409 1.34396 1.31362 1.7055 2.20578 2.17962 1.76878
threshold=0.74641717713497491 98.750000000000014 7.0775362307101135 1.0000000180025095e-35 32.485000000000007 0.18315953553491685 0.19195484922184397 15.137728908565757 -0.60179197080223346 0.18510365076365057 7.5000000000000009 0.73794942516668427 -1.6628968398139496 46.605000000000011
decision_type=2 2 2 2 2 2 2 2 2 2 2 2 2 2
left_child=5 2 3 -2 -5 -1 -7 8 -8 -9 12 13 -11 -12
right_child=1 -3 -4 4 -6 6 7 9 -10 10 11 -13 -14 -15
leaf_value=-0.056975048463052291 -0.049467226189105852 -0.047222145751479004 0.04580797075650108 0.047678733391618273 -0.02216256584618136 0.055500259383090889 -0.050867980804444518 0.019097447043404513 -0.0049167007233337206 0.009975132764637443 0.005553566881573704 -0.024922573085111723 -0.037926831039096026 0.051196415937201104
leaf_weight=0.61669000249821593 0.95036586350761298 0.69080911017954338 2.9522720663808286 1.1479519030544909 1.0282145448145454 0.56953917467035253 1.6824857089668501 10.333107203245161 29.334576966910394 4.0533080361783504 5.6767539354041201 3.3378563430160275 5.7343289945274609 3.3902393616735935
leaf_count=30 60 13 67 65 34 8 43 105 1387 42 57 37 60 36
internal_value=-5.03717e-05 0.0129327 0.0197688 -0.00481906 0.0146795 -0.00140819 -0.000873698 -0.00137898 -0.00740928 0.00437162 -0.00248491 0.00982732 -0.0180894 0.0226199
internal_weight=71.4985 6.76961 6.0788 3.12653 2.17617 64.7289 64.1122 63.5427 31.0171 32.5256 22.1925 12.4048 9.78764 9.06699
internal_count=2044 239 226 159 99 1805 1775 1767 1430 337 232 130 102 93
is_linear=0
shrinkage=0.05


Tree=152
num_leaves=15
num_cat=0
split_feature=9 0 0 34 25 31 34 20 20 10 5 33 29 5
split_gain=0.502458 0.469689 0.665527 0.572366 1.20383 1.20097 1.40803 0.753867 1.21296 2.10704 0.753524 0.742342 1.34932 2.30546
threshold=0.56265204922046186 49.705000000000005 42.70000000000001 0.62500000000000011 -0.74813006186296127 1.0000000180025095e-35 0.92500000000000016 1.2962042512354652 1.7984080085838297 0.99430714069592663 16.222122216432471 60.000000000000007 12.500000000000002 13.629407657999836
decision_type=2 2 2 2 2 2 2 2 2 2 2 2 2 2
left_child=-1 2 3 7 -5 -6 10 11 -9 -10 -7 12 -2 -14
right_child=1 -3 -4 4 5 6 -8 8 9 -11 -12 -13 13 -15
leaf_value=0.055444620120368673 0.0075527801886206601 -0.040712402110299167 0.032650115921594072 0.023381382211536544 0.02816739484628486 0.010384362415208263 -0.054979824216561224 0.042505507138842893 -0.048994679970451482 0.036916775835668401 -0.037375417056393183 0.01046574276777148 -0.035330760357474032 -0.001721325043206656
leaf_weight=0.40557755995541711 16.079754415899515 0.71409043209860001 1.5307876568986092 1.8989378623664377 1.0573917662259171 2.1538157630711798 2.9185085284407251 2.7229315731092347 1.36628445686074 1.4942018836736677 1.3394945506006477 11.658238468924536 7.02475309322472 18.645455101504922
leaf_count=8 566 37 42 17 19 31 218 73 56 21 28 149 597 182
internal_value=-4.85012e-05 -0.000367273 4.4944e-05 -0.000685187 -0.0121661 -0.0212035 -0.0293454 0.00113803 0.0186194 -0.00411802 -0.00792892 -0.000689515 -0.0038045 -0.0109187
internal_weight=71.0102 70.6046 69.8906 68.3598 9.36815 7.46921 6.41182 58.9916 5.58342 2.86049 3.49331 53.4082 41.75 25.6702
internal_count=2044 2036 1999 1957 313 296 277 1644 150 77 59 1494 1345 779
is_linear=0
shrinkage=0.05


Tree=153
num_leaves=15
num_cat=0
split_feature=9 3 14 1 9 12 24 5 7 13 14 24 9 20
split_gain=0.507669 1.25125 0.618281 1.33087 1.88172 2.19877 1.43746 1.39159 1.38978 1.46515 1.23811 2.75807 1.55494 1.67099
threshold=0.61931730938694396 5.495000000000001 48.750000000000007 27.875000000000004 0.69435898161566445 0.54033530299046051 0.4811351061690583 24.603950432343648 0.0022294420863142005 4.6343349589241347 59.583333333333336 0.33195888820198549 0.64192017053527139 0.62414342802993683
decision_type=2 2 2 2 2 2 2 2 2 2 2 2 2 2
left_child=1 -1 3 -2 5 7 8 -5 -6 -10 11 -4 -12 -14
right_child=2 -3 10 4 6 -7 -8 -9 9 -11 12 -13 13 -15
leaf_value=-0.010391625786098015 -0.073992503327040035 0.060860163373164737 0.039442300622044027 0.0084326658316410084 0.073487974509313228 -0.043612175410970719 0.029519778162756052 0.069125364616607773 -0.021893618294232642 0.022844934553864587 -0.052517928642112313 -0.033680664535592507 -0.0060163488475723521 0.019002890483352752
leaf_weight=1.3488535056821995 0.71535489475354808 1.1343095968477426 5.4082062498782753 1.773338672122921 0.43228456377983704 0.96961079724133004 1.9786631368333463 2.0205688700079918 17.296079192688925 2.0465719290077677 1.4018035625340406 1.6933019690914077 22.909048210189212 9.4169735511532036
leaf_count=39 9 20 63 77 2 14 50 14 793 21 38 36 636 232
internal_value=-5.01046e-05 0.0221562 -0.000860279 -0.00669545 -0.00487997 0.0235833 -0.0111128 0.0407565 -0.0151784 -0.01716 0.00303168 0.0220067 -0.000963564 0.00127207
internal_weight=70.545 2.48316 68.0618 27.2325 26.5171 4.76352 21.7536 3.79391 19.7749 19.3427 40.8293 7.10151 33.7278 32.326
internal_count=2044 59 1985 980 971 105 866 91 816 814 1005 99 906 868
is_linear=0
shrinkage=0.05


Tree=154
num_leaves=15
num_cat=0
split_feature=8 19 33 16 14 12 34 1 13 6 5 5 5 6
split_gain=0.482296 1.06029 1.52411 0.770256 2.1341 0.755029 0.745021 1.28843 1.40659 1.11648 1.53125 1.77179 1.4113 1.33827
threshold=82.916666666666686 0.7346183189677512 66.500000000000014 5.9919093215572916 87.916666666666671 0.074820051751903913 0.42499999999999999 75.585000000000022 2.769750881039156 0.21761369450154508 29.861929720974079 13.878864103606547 4.8386731266155936 0.39316156237764938
decision_type=2 2 2 2 2 2 2 2 2 2 2 2 2 2
left_child=3 5 -3 6 -5 -2 9 8 -8 10 11 12 -1 -11
right_child=1 2 -4 4 -6 -7 7 -9 -10 13 -12 -13 -14 -15
leaf_value=0.020825267339849678 0.00812233205525539 0.045105814642443287 -0.055800926684758868 0.056437608616637103 -0.014090483151184519 -0.054308291790653308 -0.0016714585584604654 -0.067255658783361857 -0.050219591433330414 -0.017632362127121857 -0.047935462443805595 0.042916106046911442 -0.038246112836894365 0.0059885230087103822
leaf_weight=2.8659800846653489 0.66203970427159164 1.1926536870887501 0.54530657676514227 2.1642945036292067 2.1263735648244619 1.803815404186025 20.558345910045325 0.8690945387352248 1.608729539439081 8.7215406139730494 0.81852494925260622 5.2553899753838778 1.5623222235590217 19.191094670241
leaf_count=235 55 61 32 30 24 37 545 16 22 319 6 50 42 570
internal_value=-4.65225e-05 -0.0164655 0.0134451 0.00100338 0.0214852 -0.0375467 -0.000426717 -0.00753614 -0.00519474 0.00383658 0.0177331 0.0232838 -1.53446e-05 -0.00139202
internal_weight=69.9455 4.20382 1.73796 65.7417 4.29067 2.46586 61.451 23.0362 22.1671 38.4149 10.5022 9.68369 4.4283 27.9126
internal_count=2044 185 93 1859 54 92 1805 583 567 1222 333 327 277 889
is_linear=0
shrinkage=0.05


Tree=155
num_leaves=15
num_cat=0
split_feature=17 17 20 7 10 33 14 9 6 3 7 6 12 2
split_gain=0.488637 0.727957 0.634585 1.87133 1.42424 1.38216 1.17611 1.12164 1.39353 1.13842 1.11732 1.92671 2.08668 1.53089
threshold=0.032360891117125007 0.011994137731085602 -0.73265421377257678 0.0044202181536164009 -0.95246422013366516 70.000000000000014 82.083333333333357 0.66775682873617515 0.24246032617410207 5.3350000000000009 0.0033594992235195507 0.10757605697937046 0.14790887802470945 1.4869000000000001
decision_type=2 2 2 2 2 2 2 2 2 2 2 2 2 2
left_child=1 -1 3 6 -4 7 -2 -5 9 -9 11 -6 13 -13
right_child=2 -3 4 5 10 -7 -8 8 -10 -11 -12 12 -14 -15
leaf_value=0.0076280760181042673 0.043504143805746721 -0.055496564351429169 -0.046561722240387696 0.026304026053288299 0.016362175965045293 0.027084161273491537 -0.007212896443535584 0.036791724217471233 -0.04548510637009482 -0.05605048624490111 0.0032629305199611425 0.043717937949182828 -0.04842320315882323 -0.046606316986302368
leaf_weight=0.86952464119531103 4.6129552671918637 0.96201637852936983 1.7284149955958117 1.188605684787033 3.255789904505944 2.4095407237764448 1.5196599862538276 1.1682883737375958 3.4803111326764338 0.46026119857560832 40.940223105339101 1.3281482749152931 4.7941196924075484 0.72528517874889065
leaf_count=17 85 34 20 21 55 44 46 46 110 24 1351 37 61 93
internal_value=-4.51058e-05 -0.0255281 0.000645208 0.00977991 -0.0019235 -0.00512132 0.0309365 -0.0174438 -0.027622 0.0105526 -0.000411975 -0.0153032 -0.0303591 0.0118149
internal_weight=69.4431 1.83154 67.6116 14.8396 52.772 8.70701 6.13262 6.29747 5.10886 1.62855 51.0436 10.1033 6.84755 2.05343
internal_count=2044 51 1993 376 1617 245 131 201 180 70 1597 246 191 130
is_linear=0
shrinkage=0.05


Tree=156
num_leaves=15
num_cat=0
split_feature=9 3 14 1 9 12 19 13 24 5 2 19 14 24
split_gain=0.470552 1.14558 0.598463 1.2277 1.69379 2.01651 1.43269 1.8078 1.36756 1.31785 1.10527 1.53688 1.17659 2.51564
threshold=0.61931730938694396 5.495000000000001 48.750000000000007 27.875000000000004 0.69435898161566445 0.54033530299046051 -2.1334706086794104 4.6343349589241347 0.4811351061690583 24.603950432343648 10.178000000000003 2.9270812316509334 59.583333333333336 0.33195888820198549
decision_type=2 2 2 2 2 2 2 2 2 2 2 2 2 2
left_child=1 -1 3 -2 5 9 -6 8 -8 -5 11 12 13 -4
right_child=2 -3 10 4 6 -7 7 -9 -10 -11 -12 -13 -14 -15
leaf_value=-0.0095487538801931962 -0.072304392771369283 0.059529821056675196 0.038237148461733768 0.0079051158313337196 -0.055021129973398322 -0.042653947741300602 -0.01620838738921394 0.044990588154073897 0.028096691724112069 0.067765660621670387 -0.051653660009192137 0.057439376357923226 -0.0017288391872039622 -0.032331212094357083
leaf_weight=1.3314457230735564 0.69311915664002555 1.0927666136994956 5.2142342585721044 1.7565025938674836 1.6883595439139849 0.94427588395774353 16.189587389118969 1.5396047234535206 1.9517000883352 1.9293839931488035 0.90256272070109744 1.3153911200352002 30.724916928680614 1.6665393559960646
leaf_count=39 9 20 63 77 42 14 759 15 50 14 38 71 797 36
internal_value=-4.7997e-05 0.0215899 -0.000836601 -0.00662956 -0.00487874 0.0225379 -0.0108192 -0.00702728 -0.0114419 0.0392392 0.00304624 0.00431471 0.00245648 0.0211453
internal_weight=68.9404 2.42421 66.5162 26.6925 25.9994 4.63016 21.3693 19.6809 18.1413 3.68589 39.8236 38.9211 37.6057 6.88077
internal_count=2044 59 1985 980 971 105 866 824 809 91 1005 967 896 99
is_linear=0
shrinkage=0.05


Tree=157
num_leaves=15
num_cat=0
split_feature=19 9 19 9 13 5 13 10 0 7 30 23 17 8
split_gain=0.472968 1.52245 2.48238 1.64397 1.21949 1.71102 1.69748 1.09992 1.11643 1.7605 1.41739 1.57346 2.51316 1.31335
threshold=-1.1016815121057293 0.70222854559782888 -1.6924479839382391 0.7274853973612424 4.289925669454262 28.384323487356284 3.2124559347943822 -0.95246422013366516 23.075000000000003 0.0055323165200306503 6.5000000000000009 1.3735782110239871 0.85837793730083423 7.916666666666667
decision_type=2 2 2 2 2 2 2 2 2 2 2 2 2 2
left_child=1 2 -1 -3 5 6 7 -2 13 10 11 -10 -13 -9
right_child=4 3 -4 -5 -6 -7 -8 8 9 -11 -12 12 -14 -15
leaf_value=0.034128089291882623 -0.060323202364735089 -0.047509529322252685 -0.045206954774730329 -0.0055949014415698425 0.057124910777796717 -0.064035018858680098 0.048411368918162362 -0.042296815697376845 -0.041743718943705238 0.0071930279938248395 -0.037818869823377954 0.04433736466280308 -0.030946798114466656 0.012690143402657832
leaf_weight=4.0286599358078092 0.72769670933484931 3.2830447773449114 1.3055236842483307 8.138850352028383 0.9956487026065578 0.98417462781071563 1.9382032305002201 1.1455387943424309 1.889201692625649 12.919157327240098 5.5864305885625072 2.6254654629155993 1.9186570448800919 20.86978000117233
leaf_count=46 8 76 46 174 13 7 19 48 219 485 198 53 57 595
internal_value=-4.44823e-05 -0.00734302 0.0147111 -0.0176426 0.00232558 0.00124739 0.00254221 0.000677696 0.00162309 -0.00562081 -0.0193935 -0.00339364 0.0125503 0.00982897
internal_weight=68.356 16.7561 5.33418 11.4219 51.6 50.6043 49.6201 47.6819 46.9542 24.9389 12.0198 6.43332 4.54412 22.0153
internal_count=2044 342 92 250 1702 1689 1682 1663 1655 1012 527 329 110 643
is_linear=0
shrinkage=0.05


Tree=158
num_leaves=15
num_cat=0
split_feature=12 13 1 35 8 7 12 13 6 36 15 13 11 3
split_gain=0.461293 0.693657 0.641587 2.00066 1.60044 2.70276 2.87875 2.46135 1.9914 1.35612 2.15768 1.44537 2.89888 1.42747
threshold=0.91512870690947679 0.10392078230802236 45.20000000000001 1.0000000180025095e-35 27.916666666666668 0.004046187740910351 0.28895891690011338 1.9766955760546867 0.46994290621790125 1.0000000180025095e-35 18.000000000000004 0.79158804561368601 1.0649128192380377 6.0050000000000008
decision_type=2 2 2 2 2 2 2 2 2 2 2 2 2 2
left_child=1 -1 3 4 7 6 -6 -3 -9 -4 -11 12 -12 -13
right_child=-2 2 9 -5 5 -7 -8 8 -10 10 11 13 -14 -15
leaf_value=-0.027216462295940321 0.028142029604808407 -0.049477566123063574 0.028568262440388532 -0.048390400582179707 0.04305652750593475 -0.046168280811590134 -0.023438769821133812 0.052855107010855135 0.0047372669165558967 -0.058595025467908214 -0.052235090565077136 0.018818414589156153 0.0048070684297900276 -0.0088426574262741881
leaf_weight=2.3693560435785903 1.4209084650501598 1.4016587964724809 5.0081498434301457 2.5049412958323947 2.848482874222098 4.2027850775048137 3.7977116275578737 3.3013819684274477 6.1667014826089144 1.4675790360197414 3.1267825065879133 15.742519912309946 7.7425160645507276 6.6277393898926666
leaf_count=734 31 81 64 50 65 121 41 33 70 24 231 233 159 107
internal_value=-4.64245e-05 -0.00065047 0.000333974 -0.00607921 -0.00119923 -0.0147851 0.00506035 0.0123607 0.0215153 0.00424559 0.00073589 0.00335544 -0.0116023 0.0106231
internal_weight=67.7292 66.3083 63.9389 24.2237 21.7187 10.849 6.64619 10.8697 9.46808 39.7153 34.7071 33.2396 10.8693 22.3703
internal_count=2044 2013 1279 461 411 227 106 184 103 818 754 730 390 340
is_linear=0
shrinkage=0.05


Tree=159
num_leaves=15
num_cat=0
split_feature=8 33 34 14 14 9 0 14 9 0 36 34 2 9
split_gain=0.437269 0.785802 2.25605 0.904993 0.73166 1.45388 1.71633 1.3295 1.31125 1.50557 1.56691 1.30141 1.15697 1.21883
threshold=82.916666666666686 66.500000000000014 0.92500000000000016 93.750000000000014 48.750000000000007 0.6668738689453706 21.105000000000004 22.500000000000004 0.76285663657965141 20.500000000000004 1.0000000180025095e-35 0.27205000000000007 10.178000000000003 0.77103328659079795
decision_type=2 2 2 2 2 2 2 2 2 2 2 2 2 2
left_child=4 2 3 -2 5 6 -1 -8 9 10 -7 -10 13 -6
right_child=1 -3 -4 -5 12 8 7 -9 11 -11 -12 -13 -14 -15
leaf_value=0.06318360437063443 -0.048250847133276195 -0.054574815059514142 0.067494799784435733 0.026749751647513361 0.009025955824667236 0.0022833371420815838 0.037622955234246802 -0.062632474023394336 -0.034607538505151213 -0.0059952171777857971 -0.054650149385553327 0.033827928448022411 -0.051583789847670071 -0.032207427614805072
leaf_weight=1.5757638458162575 1.6444301812443884 0.99593373134848651 0.81787507236003865 0.5324432412162422 34.177491118083708 1.7631377940997479 0.64168177946703486 0.68229561252519488 0.9164112420403393 13.750817376538178 3.841725657519425 2.8713107123039663 0.86705346778035064 1.891369237564503
leaf_count=15 119 41 5 20 803 24 37 8 81 623 102 55 38 73
internal_value=-5.05961e-05 -0.0161008 -0.00330582 -0.0299064 0.000966426 -0.00545164 0.0279234 -0.0140425 -0.00963335 -0.0148982 -0.0367404 0.0172705 0.00549174 0.00686377
internal_weight=66.9697 3.99068 2.99475 2.17687 62.9791 26.0431 2.89974 1.32398 23.1434 19.3557 5.60486 3.78772 36.9359 36.0689
internal_count=2044 185 144 139 1859 945 60 45 885 749 126 136 914 876
is_linear=0
shrinkage=0.05


Tree=160
num_leaves=15
num_cat=0
split_feature=19 35 8 7 8 14 12 13 5 13 35 2 10 0
split_gain=0.444994 1.41072 1.28216 2.3598 1.73564 1.48015 1.77589 1.13394 1.54709 1.5174 1.12526 1.09238 1.01363 1.03803
threshold=-1.1016815121057293 1.0000000180025095e-35 59.583333333333336 0.0044202181536164009 26.250000000000004 5.416666666666667 0.4367186614798631 4.289925669454262 28.384323487356284 3.2124559347943822 -1.0000000180025095e-35 -5.349899999999999 -0.95246422013366516 23.075000000000003
decision_type=2 2 2 2 2 2 2 2 2 2 2 2 2 2
left_child=1 2 3 -1 5 11 10 8 9 12 -7 -5 -2 -14
right_child=7 -3 -4 4 -6 6 -8 -9 -10 -11 -12 -13 13 -15
leaf_value=0.056539691043226648 -0.059648998177141338 -0.053527668230985197 -0.037717439497195353 -0.057281903599887787 -0.045749493934307078 -0.033277756175369301 0.050062449931004484 0.05666130409233177 -0.062856533321254612 0.047001397974480608 0.025615412748870737 0.0050825322557817958 0.0096229125739235033 -0.005471607549699554
leaf_weight=1.8038901365362097 0.68549634143710036 1.4946977123618133 2.2056195102632055 1.3608198587317022 2.1239329475210971 1.7191200866363907 2.5779663696885109 0.94056400284171005 0.92377219721674819 1.8397141024470318 1.5355560118332541 1.4507213174365441 21.44351237511728 24.292581364017678
leaf_count=20 8 39 61 45 64 38 28 13 7 19 31 16 643 1012
internal_value=-5.31602e-05 -0.0072373 -0.00255522 0.00361361 -0.00525265 0.0046977 0.0190625 0.00227903 0.00123908 0.00246594 -0.00549196 -0.0251026 0.000700976 0.00160551
internal_weight=66.398 16.2723 14.7776 12.572 10.7681 8.64418 5.83264 50.1256 49.1851 48.2613 3.25468 2.81154 46.4216 45.7361
internal_count=2044 342 303 242 222 158 97 1702 1689 1682 69 61 1663 1655
is_linear=0
shrinkage=0.05


Tree=161
num_leaves=15
num_cat=0
split_feature=2 13 33 9 2 2 36 15 4 1 14 7 1 8
split_gain=0.434813 1.62069 2.28811 1.54018 1.38157 1.44001 2.82323 1.78893 1.96706 1.13811 1.13201 2.81189 1.78899 1.04316
threshold=-3.0182999999999995 1.1487718713376789 53.000000000000007 0.6461626220067106 -1.7228999999999999 -1.1300499999999998 1.0000000180025095e-35 18.000000000000004 2.7255696908381508 45.455000000000005 5.416666666666667 0.007336501781055051 32.50500000000001 12.083333333333334
decision_type=2 2 2 2 2 2 2 2 2 2 2 2 2 2
left_child=1 -1 3 -3 -2 -6 -7 -8 -9 -10 -4 12 -12 -11
right_child=4 2 10 -5 5 6 7 8 9 13 11 -13 -14 -15
leaf_value=0.039638442861351104 0.023166085753512217 0.036973320012556897 -0.030179431477323194 -0.054130729242031952 -0.041171971265474998 0.049358534541625983 -0.057625400456912647 -0.041490484031092963 -0.054002561055155197 -0.012605645831698827 0.03028989480110944 0.05837861743969306 -0.025103060928825749 0.0093175692131918855
leaf_weight=1.691063461825254 6.859676186926662 0.52894477429799636 2.4493455919437102 3.7732753613963723 2.1223689420148721 2.8154453746974459 1.419664122397079 2.6885970758448812 0.8526978213340034 6.9412488364614573 2.1316675841808301 2.1246481575071812 4.6095059234648943 24.856743196956813
leaf_count=25 104 14 38 198 32 25 31 757 14 170 26 20 56 534
internal_value=-5.31242e-05 -0.0068575 -0.0118921 -0.0429298 0.00237237 -0.00104848 0.00110334 -0.00259263 -0.000381829 0.00300323 -9.10775e-05 0.00822138 -0.00758692 0.00453191
internal_weight=65.8649 17.3085 15.6174 4.30222 48.5564 41.6968 39.5744 36.759 35.3393 32.6507 11.3152 8.86582 6.74117 31.798
internal_count=2044 377 352 212 1667 1563 1531 1506 1475 718 140 102 82 704
is_linear=0
shrinkage=0.05


Tree=162
num_leaves=15
num_cat=0
split_feature=19 11 2 3 5 36 13 14 2 9 2 32 14 14
split_gain=0.433859 0.684722 0.525322 0.696605 0.578237 1.87819 4.09247 0.726505 1.56096 1.43567 1.48368 1.71771 1.41313 2.16202
threshold=3.7521649141743398 4.0722627262638884 11.151850000000001 8.5450000000000017 1.8308510616177276 1.0000000180025095e-35 0.85311218168311453 48.750000000000007 3.7535000000000003 0.6668738689453706 2.5036 1.1250000000000002 34.583333333333336 7.0833333333333348
decision_type=2 2 2 2 2 2 2 2 2 2 2 2 2 2
left_child=1 2 3 4 5 -1 -7 8 9 -6 11 -11 13 -13
right_child=-2 -3 -4 -5 7 6 -8 -9 -10 10 -12 12 -14 -15
leaf_value=0.060661586814332619 0.040694512289999901 -0.051661663446943944 0.043106232186650627 -0.051463995835738345 0.03927495833646702 -0.05128217376930623 0.052732425893555937 0.0030635915873358267 -0.036657566255310942 -0.054598355439958182 0.025005343618615505 -0.017467428393516012 -0.04382819905915479 0.033526086748491273
leaf_weight=1.6272809929214416 0.64668929670005937 0.64652224536985059 0.70078441093210031 0.66149269347078998 1.8691025630105347 2.0591858188563488 1.7487729266285894 35.271196069312282 4.0266077165433662 2.1997460247948757 2.9393878584960467 5.2705919197760505 2.0145574398338786 3.4321530237793922
leaf_count=62 22 21 19 61 33 639 45 610 220 128 59 59 35 31
internal_value=-5.56157e-05 -0.000464391 5.42509e-05 -0.000423729 0.000116833 0.0156996 -0.00351435 -0.00136845 -0.00855503 -0.00217114 -0.00705667 -0.0143527 -0.00609215 0.00264319
internal_weight=65.1141 64.4674 63.8209 63.1201 62.4586 5.43524 3.80796 57.0233 21.7521 17.7255 15.8564 12.917 10.7173 8.70274
internal_count=2044 2022 2001 1982 1921 746 684 1175 565 345 312 253 125 90
is_linear=0
shrinkage=0.05


Tree=163
num_leaves=15
num_cat=0
split_feature=8 19 33 12 14 9 19 7 19 35 12 1 5 0
split_gain=0.430691 0.910933 1.29763 0.64909 0.577858 1.26381 1.57906 2.00218 1.61988 1.68752 1.21191 2.10178 1.44997 1.27207
threshold=82.916666666666686 0.7346183189677512 66.500000000000014 0.074820051751903913 48.750000000000007 0.70222854559782888 -1.5213480922374347 0.0087411187367243525 0.88995475306289029 1.0000000180025095e-35 0.64355662416080073 29.280000000000005 24.603950432343648 20.385000000000002
decision_type=2 2 2 2 2 2 2 2 2 2 2 2 2 2
left_child=4 3 -3 -2 5 10 -7 -8 -9 -10 11 -1 13 -13
right_child=1 2 -4 -5 -6 6 7 8 9 -11 -12 12 -14 -15
leaf_value=-0.075675272385827913 0.0078273771252963722 0.042074255820101929 -0.05527224554465076 -0.05380458118203757 0.0050059364834617115 -0.053251205867571094 -0.017140060666148284 0.052904748920097194 -0.054279500777206738 0.033657018749569126 -0.036336251804443304 0.060603011795330557 0.065747935322793535 -0.011160252809408543
leaf_weight=0.48671350628137844 0.58214613108430047 1.1143241290119474 0.49414229852845881 1.6050482932478187 35.993779398471816 2.0277143663261112 11.823043062584476 2.1853916919790199 1.0355548782681581 1.1530260882573202 1.0041244868189094 0.88744385848986018 2.0235174112021923 2.0301685077429283
leaf_count=8 55 61 32 37 914 77 601 31 42 34 19 23 16 94
internal_value=-5.60098e-05 -0.0163951 0.0121681 -0.0374005 0.000966532 -0.00493018 -0.0116551 -0.00644761 0.0224546 -0.00795126 0.0141245 0.0234595 0.0332245 0.0106678
internal_weight=64.4461 3.79566 1.60847 2.18719 60.6505 24.6567 18.2247 16.197 4.37397 2.18858 6.43197 5.42784 4.94113 2.91761
internal_count=2044 185 93 92 1859 945 785 708 107 76 160 141 133 117
is_linear=0
shrinkage=0.05


Tree=164
num_leaves=15
num_cat=0
split_feature=19 11 6 9 3 21 24 19 7 16 8 3 14 19
split_gain=0.417277 0.580155 0.56312 1.22508 0.94357 0.688131 0.677016 0.640413 1.0461 1.43656 0.975195 1.54079 1.36595 0.913028
threshold=3.0868045278538285 3.8235737451482774 0.74641717713497491 0.71434689826761921 4.9250000000000007 1.5509465802846329 -0.6903888973153417 1.4319109959974192 0.0054294840148391013 4.871218022902764 16.250000000000004 4.7150000000000007 4.5833333333333339 1.8843667796031602
decision_type=2 2 2 2 2 2 2 2 2 2 2 2 2 2
left_child=1 2 6 5 -5 -4 -1 -8 -9 10 12 -12 -10 -13
right_child=-2 -3 3 4 -6 -7 7 8 9 -11 11 13 -14 -15
leaf_value=-0.05668649099044161 0.030483027500371435 -0.047356031607612786 0.013641969691324841 0.05064889710527723 -0.0055845381529780599 -0.058086925467723573 0.0014918960782682167 -0.038467315709566213 0.031717505653380655 0.056776482610608497 -0.027497791444994753 -0.0059036415907903787 -0.054413526524954084 0.066859270227667078
leaf_weight=0.54971079956157964 1.0993200629018236 0.65624724887311359 0.63679572381079086 2.2994247848400851 1.1041993982798883 0.70404331240570173 47.069438926322618 2.7874335301748925 0.60013297572732005 0.89845728129148472 1.7425471965398176 0.70849234465276811 1.9757741747889666 1.101247221464291
leaf_count=30 64 21 9 82 45 33 1310 163 8 11 110 28 105 25
internal_value=-5.59187e-05 -0.000590217 -9.66328e-05 0.0164588 0.0324057 -0.0240212 -0.00146425 -0.000930595 -0.0125491 -0.00226753 -0.010924 0.0060608 -0.0343468 0.0383734
internal_weight=63.9333 62.8339 62.1777 4.74446 3.40362 1.34084 57.4332 56.8835 9.81408 7.02665 6.12819 3.55229 2.57591 1.80974
internal_count=2044 1980 1959 169 127 42 1790 1760 450 287 276 163 113 53
is_linear=0
shrinkage=0.05


Tree=165
num_leaves=15
num_cat=0
split_feature=1 9 9 33 10 2 7 14 8 17 14 18 20 36
split_gain=0.439624 1.34153 1.35503 1.1993 1.46589 1.65442 1.64115 1.31944 1.04554 0.991266 1.57716 1.11702 1.64858 1.29987
threshold=39.715000000000011 0.76187052018485946 0.74981201981481183 70.000000000000014 -0.43612891538674375 -3.8852499999999996 0.010229570996063751 59.583333333333336 14.583333333333334 0.18521273177118555 54.583333333333336 -0.91694090912886772 -0.68579717859319678 1.0000000180025095e-35
decision_type=2 2 2 2 2 2 2 2 2 2 2 2 2 2
left_child=1 2 3 4 7 6 -6 8 -1 10 -2 12 -11 -13
right_child=9 -3 -4 -5 5 -7 -8 -9 -10 11 -12 13 -14 -15
leaf_value=-0.035389685217584121 -0.020866047686909937 -0.054316245029055993 0.044920398845495146 0.027187742531475462 -0.054406584729730458 0.052426564531950985 0.049868649665827797 -0.054980197347193296 0.02437647309796669 0.013005802026735222 0.04101763673855513 0.023368155142620802 -0.057155444749306873 -0.001640651876973082
leaf_weight=1.5637900233268704 1.4462474193423975 1.4034125533653412 1.3310909242136393 1.9329923465847976 1.1781260682037102 1.3757083518430588 0.55513615068048228 2.8950133426114917 1.3753310563042758 1.4453331008553507 3.5737555157393217 6.0899537727236739 1.9900313720572729 35.388460583460983
leaf_count=20 50 43 39 22 52 28 10 53 28 33 39 104 30 1493
internal_value=-5.41241e-05 -0.00801994 -0.00269744 -0.00852523 -0.0162444 0.011486 -0.0210089 -0.0310217 -0.00742273 0.00211714 0.0231891 -0.000238069 -0.0276371 0.0020312
internal_weight=63.5444 13.6106 12.2072 10.8761 8.9431 3.10897 1.73326 5.83413 2.93912 49.9338 5.02 44.9138 3.43536 41.4784
internal_count=2044 295 252 213 191 90 62 101 48 1749 89 1660 63 1597
is_linear=0
shrinkage=0.05


Tree=166
num_leaves=15
num_cat=0
split_feature=12 11 11 17 21 3 34 4 11 8 20 1 3 3
split_gain=0.423126 0.542618 0.812076 1.64587 1.13941 1.50431 1.56316 1.07554 0.8999 1.03357 1.76527 1.13982 1.22868 1.34006
threshold=0.91512870690947679 0.013529396590357002 0.28949731631295123 0.91771279136935779 2.6962476838814897 6.5550000000000006 -1.0000000180025095e-35 5.5675033870518655 1.0085065859282758 49.583333333333336 0.83713593765693339 74.77500000000002 4.6550000000000011 5.205000000000001
decision_type=2 2 2 2 2 2 2 2 2 2 2 2 2 2
left_child=1 -1 3 4 -3 6 -6 -8 -4 11 -11 -10 -13 -14
right_child=-2 2 8 -5 5 -7 7 -9 9 10 -12 12 13 -15
leaf_value=-0.028001585806282498 0.027953749001530265 0.037589941771411645 -0.011707395619246131 -0.05042465151055639 -0.047165090813662443 -0.045552342302707952 0.03462978530452003 -0.01322070710673502 0.012485305617431941 -0.039714119922172088 0.012613816370531281 -0.093566822362446289 0.029471144024786417 -0.040923018812212206
leaf_weight=1.762110182957257 1.3201384665444482 4.0722450222820035 18.094021495373454 1.012380077067063 0.910310527542605 1.2366887998068703 4.7896758096176191 1.5557912448421118 18.660322201438255 3.411268006078898 3.0551337152719498 0.48031586967408602 1.3124168748036029 1.3943445663899181
leaf_count=126 31 47 411 605 92 51 193 32 271 45 26 3 68 43
internal_value=-5.55175e-05 -0.00065435 0.000149 0.0109047 0.0158462 0.00541984 0.0141076 0.0228977 -0.0029977 0.00256826 -0.0149911 0.00776549 -0.019869 -0.00679128
internal_weight=63.0672 61.747 59.9849 13.5771 12.5647 8.49247 7.25578 6.34547 46.4078 28.3138 6.4664 21.8474 3.18708 2.70676
internal_count=2044 2013 1887 1020 415 368 317 225 867 456 71 385 114 111
is_linear=0
shrinkage=0.05


Tree=167
num_leaves=15
num_cat=0
split_feature=9 13 14 12 2 2 2 23 29 2 11 14 17 16
split_gain=0.4435 0.578778 0.625553 0.826612 0.737162 0.591651 0.801795 1.46865 0.854347 1.43064 0.872285 1.92218 1.81523 1.1129
threshold=0.56265204922046186 0.10873470047047741 77.083333333333357 0.76978905597320235 -0.14734999999999995 11.359150000000001 7.332650000000001 3.5360618899768954 11.000000000000002 6.3850000000000007 0.28114146445366789 82.083333333333357 0.94046532238383695 5.0054803399067742
decision_type=2 2 2 2 2 2 2 2 2 2 2 2 2 2
left_child=-1 2 -2 4 -4 6 7 8 -3 10 -10 -12 13 -13
right_child=1 5 3 -5 -6 -7 -8 -9 9 -11 11 12 -14 -15
leaf_value=0.055159121428925463 -0.052429307829909268 0.045089312617602691 0.051436471072081782 0.052142717104988558 -0.05409243733903632 0.039214792733476909 -0.027581302101550683 0.034071328129468517 0.010356855295668512 -0.056871358660469717 0.0016532749720497824 -0.010553995002299628 0.02802176441225819 -0.051919407439829937
leaf_weight=0.3615847178734829 1.0888278868515038 0.99596081115305324 0.21618555579334497 0.46985344309359789 0.7056334593798963 0.97607957990839977 2.5280238783452651 3.204994259402155 13.723740026471203 1.147470679716206 28.97803848690819 2.6363928404171002 1.3163047842681406 4.2427219450473785
leaf_count=8 552 35 15 24 177 26 84 96 434 31 416 65 14 67
internal_value=-5.54301e-05 -0.000376251 -0.0240422 -0.00183245 -0.0293437 0.000606237 -3.4952e-05 0.00120315 -0.000782918 -0.00166076 -0.000416043 -0.00439319 -0.0257728 -0.0360663
internal_weight=62.5918 62.2302 2.4805 1.39167 0.921819 59.7497 58.7736 56.2456 53.0406 52.0447 50.8972 37.1735 8.19542 6.87911
internal_count=2044 2036 768 216 192 1268 1242 1158 1062 1027 996 562 146 132
is_linear=0
shrinkage=0.05


Tree=168
num_leaves=15
num_cat=0
split_feature=16 7 34 9 16 1 7 7 19 16 7 8 36 2
split_gain=0.411572 1.12136 0.613925 1.72535 1.53985 1.41428 1.18533 1.10713 1.41009 1.10056 1.28061 1.55286 1.14051 1.0489
threshold=5.9919093215572916 0.0041460414627401011 0.42499999999999999 0.75326871781113469 4.5379108110097226 75.585000000000022 0.0030155629708680004 0.010598477871796302 0.35993377412979721 4.3122173050755359 0.0074562313551238008 10.41666666666667 1.0000000180025095e-35 -3.0182999999999995
decision_type=2 2 2 2 2 2 2 2 2 2 2 2 2 2
left_child=2 -2 13 4 5 6 -4 8 -5 10 12 -12 -8 -1
right_child=1 -3 3 7 -6 -7 9 -9 -10 -11 11 -13 -14 -15
leaf_value=-0.0082111972922126169 -0.0071239568311100288 0.042701090593751705 0.052384741057760843 -0.012697958788054839 -0.044459345669754506 -0.086028159203706794 0.015285768648340085 -0.039968009597730475 0.037911751872914158 0.035567579714074225 -0.036681708254465976 0.034034815913996382 -0.03991366076284672 0.0097079874491662575
leaf_weight=13.093571656383572 2.6232537850737563 1.982794217765331 0.85742390458472151 2.0931791637558481 3.8080207677558056 0.5529637884465054 1.1695772872772039 0.86141635075910006 4.0187736794759985 1.2361109722405661 1.1863650195882658 2.2459242934710346 4.6809715501440232 21.70238797768252
leaf_count=290 31 33 17 40 70 10 24 40 71 18 21 57 295 1027
internal_value=-5.67287e-05 0.0143245 -0.00120861 -0.00760327 -0.016777 -0.00794044 -0.00414488 0.0130999 0.0205793 -0.00875274 -0.0146545 0.00959177 -0.0288788 0.00296507
internal_weight=62.1127 4.60605 57.5067 22.7107 15.7374 11.9293 11.3764 6.97337 6.11195 10.5189 9.28284 3.43229 5.85055 34.796
internal_count=2044 64 1980 663 512 442 432 151 111 415 397 78 319 1317
is_linear=0
shrinkage=0.05


Tree=169
num_leaves=15
num_cat=0
split_feature=9 13 5 36 13 21 13 2 16 6 6 13 10 12
split_gain=0.417487 0.548984 0.653445 1.20454 2.86712 0.618656 1.53001 1.57884 1.88992 1.25012 1.15673 1.06492 1.51694 1.00446
threshold=0.56265204922046186 0.10873470047047741 1.8308510616177276 1.0000000180025095e-35 0.8996116649681799 2.3196779306050908 0.60311404348864384 -3.4235999999999995 2.7474723544392305 0.49209754583206106 0.32248450876972662 1.8573892551625113 0.16563146860509717 0.41394137826470628
decision_type=2 2 2 2 2 2 2 2 2 2 2 2 2 2
left_child=-1 -2 3 -3 -5 -4 -7 8 -8 10 11 12 -9 -11
right_child=1 2 5 4 -6 6 7 9 -10 13 -12 -13 -14 -15
leaf_value=0.05485234998822517 -0.024105268148571876 0.060865618161858842 0.0033880824096616338 -0.047908173151649885 0.048375570500345653 -0.050143228808981248 -0.05353565918178993 -0.033744905868178472 0.0064219797441492426 0.048451385127093301 -0.035612490518482143 0.023224373965510796 0.030718047753446172 -0.004872101863053928
leaf_weight=0.34423846285790105 2.3421767621766767 1.2414568332023916 33.073819702258334 1.4744513216428452 1.6256372611969707 1.9163909864146287 2.9270351810846504 2.8070127191022021 2.3853826001286507 2.4984156838618214 2.2308020242489865 4.054040202870965 1.3522697323933242 1.3660265076905487
leaf_count=8 768 45 486 117 46 126 185 67 34 31 28 50 27 26
internal_value=-5.69375e-05 -0.000365314 0.000577868 0.0192477 0.00258149 -0.00090637 -0.00750114 -0.00333626 -0.0266135 0.00530599 -0.00368391 0.00498815 -0.0127867 0.0296023
internal_weight=61.6392 61.2949 58.9527 4.34155 3.10009 54.6112 21.5374 19.621 5.31242 14.3086 10.4441 8.21332 4.15928 3.86444
internal_count=2044 2036 1268 208 163 1060 574 448 219 229 172 144 94 57
is_linear=0
shrinkage=0.05


Tree=170
num_leaves=15
num_cat=0
split_feature=6 14 5 17 0 0 20 23 18 5 34 34 5 17
split_gain=0.408208 0.886843 1.26861 1.01035 0.838361 0.655621 1.27385 1.00587 1.33328 1.59138 1.12658 1.37955 1.33655 0.838264
threshold=0.74641717713497491 98.750000000000014 7.0775362307101135 0.90020765151932747 32.485000000000007 22.345000000000002 -2.1567122994012551 0.55532915456675325 -0.91694090912886772 21.415861042990141 0.42499999999999999 0.27205000000000007 19.233436236018083 0.84573622009106664
decision_type=2 2 2 2 2 2 2 2 2 2 2 2 2 2
left_child=5 2 3 -2 -5 7 -7 -1 9 -9 11 12 -10 -12
right_child=1 -3 -4 4 -6 6 -8 8 10 -11 13 -13 -14 -15
leaf_value=0.039444033251139224 -0.049518120684896944 -0.045688173646295752 0.045364215296269807 0.049179328805283598 -0.019259386763404378 0.054479973206662702 -0.0076612502055506699 0.016743314710771607 -0.010686812758324487 -0.055134483817358186 -0.011881410602167044 0.051484464245329223 0.041408705731056393 0.022067610670982334
leaf_weight=1.9432201910531173 0.84959596465341691 0.58314503356814373 2.4455913584679365 0.94198184521519557 0.85238590301014483 0.84713033225852896 31.154142262879759 1.2487400698009907 3.6257462125504407 2.0088716642931104 7.7651339657604677 2.554006909369491 1.8642144203186033 2.3742688025231473
leaf_count=49 15 13 67 96 48 13 1156 40 182 28 100 38 19 180
internal_value=-5.76259e-05 0.0127168 0.0194087 -0.00459945 0.0166686 -0.00136601 -0.00601626 0.00499785 0.00187596 -0.0275816 0.00715337 0.0211262 0.00700315 -0.00393182
internal_weight=61.0582 5.6727 5.08956 2.64396 1.79437 55.3855 32.0013 23.3842 21.441 3.25761 18.1834 8.04397 5.48996 10.1394
internal_count=2044 239 226 159 144 1805 1169 636 587 68 519 239 201 280
is_linear=0
shrinkage=0.05


Tree=171
num_leaves=15
num_cat=0
split_feature=11 5 14 11 17 14 17 14 23 23 12 36 4 16
split_gain=0.388263 0.833766 0.667747 0.607475 1.50166 1.1772 1.29902 0.945122 1.71387 1.07916 0.887561 0.844806 0.768861 1.13553
threshold=0.013529396590357002 5.2372174473353965 77.083333333333357 0.28949731631295123 0.89704060765131033 71.250000000000014 0.29047050284884851 90.416666666666671 2.3110701677266401 2.6272124479116665 0.52591613201560417 1.0000000180025095e-35 1.7033141101963243 1.7330923801173224
decision_type=2 2 2 2 2 2 2 2 2 2 2 2 2 2
left_child=1 2 -1 4 5 6 -2 12 -9 -10 -8 -6 -5 -14
right_child=3 -3 -4 7 11 -7 10 8 9 -11 -12 -13 13 -15
leaf_value=-0.051425918785914515 -0.04543970084716574 -0.063978997618547737 0.033162651884310473 0.042617934483818058 0.054454139628097635 0.039206043526286899 0.019236390275005365 -0.042804613143461873 0.066085993275118646 -0.018919565368339428 -0.043507920014920196 -0.050850443436998155 -0.028079035986865397 0.0018912425364855405
leaf_weight=0.3472689970221825 1.0887673849938417 0.73286527395248402 0.71094432007521391 1.0505793821066607 0.22199073433875738 3.7837346391752362 6.0960592393530533 3.3535272666485971 0.71244671870954313 0.78446803585393354 0.62104423344135273 1.3408954532060324 3.4618234869558355 36.312718389322981
leaf_count=80 91 5 42 12 3 91 188 90 17 27 9 644 177 568
internal_value=-5.29414e-05 -0.022986 0.00540361 0.00064528 0.0101138 0.0163179 0.00522332 -0.00208121 -0.0229475 0.0215383 0.0134352 -0.0358931 0.000397917 -0.000717255
internal_weight=60.6191 1.79108 1.05821 58.8281 13.1525 11.5896 7.80587 45.6756 4.85044 1.49691 6.7171 1.56289 40.8251 39.7745
internal_count=2044 127 122 1917 1026 379 288 891 134 44 197 647 757 745
is_linear=0
shrinkage=0.05


Tree=172
num_leaves=15
num_cat=0
split_feature=6 9 2 20 24 5 9 4 17 2 36 17 20 5
split_gain=0.399114 0.852922 1.02596 0.98413 0.60488 0.549426 2.21443 1.11152 1.91695 1.48973 2.06229 3.82968 1.12666 1.08847
threshold=0.74641717713497491 0.70756782860246592 10.178000000000003 1.3644448961893738 -0.6903888973153417 15.431011733521361 0.75189270635691619 5.0850016032244651 0.62394750172031055 -4.0982999999999992 1.0000000180025095e-35 0.64795661226661927 -0.42857682431262051 27.692680829129532
decision_type=2 2 2 2 2 2 2 2 2 2 2 2 2 2
left_child=4 3 -3 -2 -1 7 -7 9 -9 -6 -11 -12 -10 -8
right_child=1 2 -4 -5 5 6 13 8 12 10 11 -13 -14 -15
leaf_value=-0.056136054378976778 -0.059766314267560988 0.039087624108883771 -0.023123642218215334 0.018393161999596289 -0.051761352644905327 -0.0024292358805822352 0.053356022213853077 -0.039227360953478278 -0.048578178985355408 0.041496900104924142 0.03479700971895465 -0.051034672979443668 0.0022911096482255487 0.00374148501345494
leaf_weight=0.49914644673117337 0.74807249638251849 3.0341698503762022 0.84792990979622107 0.87244940170785412 0.9608478075824668 22.080882289446894 3.0155567470937958 5.1053909757174578 1.2079991307109619 3.8432993059977898 2.6817660676315436 2.5215444959030719 11.001688858028496 1.7452091146260498
leaf_count=30 27 156 31 25 106 275 39 131 31 104 65 825 181 18
internal_value=-5.43337e-05 0.012781 0.0254994 -0.0176872 -0.00134638 -0.000841474 0.00423924 -0.00583276 -0.0134996 0.0074326 0.0137196 -0.00679736 -0.00274178 0.0351682
internal_weight=60.166 5.50262 3.8821 1.62052 54.6633 54.1642 26.8416 27.3225 17.3151 10.0075 9.04661 5.20331 12.2097 4.76077
internal_count=2044 239 187 52 1805 1775 332 1443 343 1100 994 890 212 57
is_linear=0
shrinkage=0.05


Tree=173
num_leaves=15
num_cat=0
split_feature=21 13 25 25 9 18 10 7 3 16 13 10 30 16
split_gain=0.385714 0.544735 0.419707 0.615965 1.43784 1.64542 1.08033 0.65759 1.19109 0.883201 1.8813 1.19919 1.89629 1.51678
threshold=0.20079896727367388 1.0316712266199304 -2.8659373090815907 -1.6628968398139496 0.70539311958533446 -1.2388405444710118 -0.95246422013366516 0.0059734798862647008 6.2750000000000012 1.1243485621725464 0.60311404348864384 -0.39979631231784202 7.5000000000000009 5.5334479214316517
decision_type=2 2 2 2 2 2 2 2 2 2 2 2 2 2
left_child=1 -1 -2 4 -4 -6 -5 8 9 10 -8 12 -11 -13
right_child=2 -3 3 6 5 -7 7 -9 -10 11 -12 13 -14 -15
leaf_value=0.043415855676816204 -0.038769284001709904 0.0046163849448369893 0.039427700441677968 -0.058876303734778736 -0.039551517174052322 0.034544393469752584 -0.01741555387488344 0.0054522322228021886 -0.038978426793854007 -0.017801343492298706 0.038247594577800026 -0.027238919993396917 0.040449349706274722 0.011313422525406409
leaf_weight=1.1299306321889151 0.73952711932361026 4.5370722711086273 2.916510544717311 0.84253513440489669 1.8447027001529934 1.2617160100489853 2.7648184263234787 18.816951306856936 2.5862015472375779 2.8599544754251864 3.365987558150664 9.6135991276241821 2.7315959339030087 3.4729707911610594
leaf_count=42 13 59 25 9 31 19 688 703 78 38 94 170 30 45
internal_value=-5.50232e-05 0.0123525 -0.00136155 -0.000840353 0.014215 -0.00945641 -0.00276741 -0.00174444 -0.00668763 -0.00332149 0.0131451 -0.00872639 0.0106554 -0.0170077
internal_weight=59.4841 5.667 53.8171 53.0775 6.02293 3.10642 47.0546 46.2121 27.3951 24.8089 6.13081 18.6781 5.59155 13.0866
internal_count=2044 101 1943 1930 75 50 1855 1846 1143 1065 782 283 68 215
is_linear=0
shrinkage=0.05


Tree=174
num_leaves=15
num_cat=0
split_feature=0 20 7 7 17 23 8 1 8 1 35 1 33 29
split_gain=0.369708 1.07996 0.618518 1.36109 1.93506 1.35052 2.54456 1.38963 1.42185 1.38759 1.79732 1.59911 1.26546 1.48944
threshold=16.765000000000004 0.15758970759743374 0.0035938568709701505 0.0039151592748639507 0.79461242688704425 1.3214543150575018 34.583333333333336 57.795000000000009 12.083333333333334 48.32500000000001 1.0000000180025095e-35 40.260000000000012 70.000000000000014 14.500000000000002
decision_type=2 2 2 2 2 2 2 2 2 2 2 2 2 2
left_child=1 -1 12 4 -4 6 9 -7 -9 10 11 -5 13 -2
right_child=2 -3 3 5 -6 7 -8 8 -10 -11 -12 -13 -14 -15
leaf_value=-0.017072036224568002 0.030664261873089228 0.050205056709821921 0.051452596368929508 -0.0027949104927372636 -0.03150595901796522 0.036232778217256865 -0.04570685276293035 -0.020591183736557248 0.011643877483722108 -0.034156861880619602 -0.044554596556455307 0.034676835462540863 -0.056091060658251202 -0.014401590208011201
leaf_weight=1.1074548318283626 2.3094434112426816 1.292897709761746 2.8140805201837789 7.1695556321647054 0.93697600770974521 3.6649295181850929 3.984762512438464 4.8385545516212032 11.675359692337222 2.6509527841408262 1.5875828741118319 4.7225414181593806 1.3657545563764859 8.8954658609582093
leaf_count=26 218 15 42 147 39 136 384 174 486 80 42 80 45 130
internal_value=-5.43321e-05 0.0191653 -0.000869189 0.00192275 0.0307304 -0.000758999 -0.00992716 0.00838033 0.00219905 -0.00108848 0.00541485 0.0120857 -0.0106516 -0.00511307
internal_weight=59.0163 2.40035 56.616 44.0453 3.75106 40.2942 20.1154 20.1788 16.5139 16.1306 13.4797 11.8921 12.5707 11.2049
internal_count=2044 41 2003 1610 81 1529 733 796 660 349 269 227 393 348
is_linear=0
shrinkage=0.05


Tree=175
num_leaves=15
num_cat=0
split_feature=16 14 3 11 2 24 5 0 18 5 9 2 2 8
split_gain=0.372911 0.915871 0.591131 1.2284 1.21438 1.59695 0.914288 1.15911 2.03717 1.84555 0.794361 0.707538 1.10796 1.07073
threshold=5.9919093215572916 84.583333333333357 4.0750000000000011 1.7570010297364054 -3.6893499999999997 -0.40285790674316507 1.2979485260914807 22.055000000000003 -0.81423927607214575 15.431011733521361 0.77019407830058417 3.7535000000000003 2.7120500000000001 7.916666666666667
decision_type=2 2 2 2 2 2 2 2 2 2 2 2 2 2
left_child=2 -2 3 4 -1 -6 -7 8 -8 -10 11 12 -4 -13
right_child=1 -3 10 -5 5 6 7 -9 9 -11 -12 13 -14 -15
leaf_value=-0.063421662611285179 0.043379511528008653 -0.0039243122160063709 0.00027306558639370423 0.021069271719853445 0.062057714886056083 0.030846915898363012 -0.051797096359874222 -0.041578543979884697 -0.027765237762387953 0.039366939979811111 0.042279247471379816 -0.039210479937367287 0.026297045207198368 -0.0013884880445827496
leaf_weight=1.2184464581077907 1.6497453320771445 2.6945139821618795 21.898373340955008 2.7187017267569891 0.70362404175102611 0.96221945033175771 1.7546759443357585 3.8630490896466654 1.7180880333762596 2.5333323879167438 1.1934215776273038 2.4371244622452641 5.0292625684523946 8.0591204437951074
leaf_count=30 29 35 537 44 7 126 26 216 57 29 35 115 185 573
internal_value=-5.47126e-05 0.0140395 -0.0011867 -0.00944463 -0.0159494 -0.0109349 -0.0156766 -0.0202126 -0.00647021 0.0122374 0.00212186 0.000841271 0.00513355 -0.0101704
internal_weight=58.4337 4.34426 54.0894 15.4721 12.7534 11.535 10.8314 9.86915 6.0061 4.25142 38.6173 37.4239 26.9276 10.4962
internal_count=2044 64 1980 535 491 461 454 328 112 86 1445 1410 722 688
is_linear=0
shrinkage=0.05


Tree=176
num_leaves=15
num_cat=0
split_feature=19 20 17 9 3 16 8 13 6 12 3 1 1 1
split_gain=0.387362 0.446582 0.851715 0.768098 0.64281 0.473947 0.812799 0.576705 0.633969 1.21181 0.768514 0.55415 1.44667 2.34467
threshold=3.7521649141743398 2.0445796223868813 0.8433476238274259 0.61931730938694396 5.495000000000001 5.9919093215572916 54.583333333333336 0.090019893760967959 0.74641717713497491 0.63278739933280359 5.205000000000001 27.875000000000004 32.50500000000001 34.690000000000005
decision_type=2 2 2 2 2 2 2 2 2 2 2 2 2 2
left_child=1 3 -3 4 -1 7 -7 -5 11 10 -10 -9 -13 -14
right_child=-2 2 -4 5 -6 6 -8 8 9 -11 -12 12 13 -15
leaf_value=0.0035584088925374258 0.040646934547422499 0.019811244354194606 -0.053125265748200756 -0.034231540232863795 0.063734788104101436 0.042489586920152068 -0.0032240631591868105 -0.027697276078013477 0.05150073184807296 -0.037394303801955013 -0.014529780573921104 0.033887701940228464 -0.056036742321070698 -0.0010819554369104977
leaf_weight=0.91799535747850203 0.57871417701244254 0.641878392547368 1.0633353576413354 1.3574233922263363 0.85908816242590547 1.6651607807725657 2.3371408581733704 2.1157421458046874 1.9439824004657564 0.71113695297390211 0.56982620991766442 2.7086635143496087 2.0440746688982463 38.464693697402254
leaf_count=37 22 16 43 652 13 30 30 34 82 30 16 52 46 941
internal_value=-5.52905e-05 -0.000465655 -0.0256704 0.000306041 0.0326492 -0.000759961 0.0157951 -0.00208737 -0.0011888 0.0202312 0.036533 -0.00271259 -0.00148945 -0.00385498
internal_weight=57.9789 57.4001 1.70521 55.6949 1.77708 53.9178 4.0023 49.9155 48.5581 3.22495 2.51381 45.3332 43.2174 40.5088
internal_count=2044 2022 59 1963 50 1913 60 1853 1201 128 98 1073 1039 987
is_linear=0
shrinkage=0.05


Tree=177
num_leaves=15
num_cat=0
split_feature=12 13 2 2 23 5 16 29 2 19 0 4 7 8
split_gain=0.364082 0.469208 0.583556 0.709433 1.28708 1.15496 0.773929 0.766496 1.02527 1.09024 1.01578 1.48822 0.973152 1.28885
threshold=0.91512870690947679 0.10392078230802236 11.359150000000001 7.332650000000001 3.5360618899768954 6.3317937589195967 4.4285297202910083 11.000000000000002 4.5904500000000015 1.9159524197330855 22.670000000000005 15.712980157016027 0.0044202181536164009 72.916666666666671
decision_type=2 2 2 2 2 2 2 2 2 2 2 2 2 2
left_child=1 -1 3 4 7 6 -6 -3 9 10 -9 12 13 -12
right_child=-2 2 -4 -5 5 -7 -8 8 -10 -11 11 -13 -14 -15
leaf_value=-0.025529218671665528 0.027209773702179998 0.044071285232398449 0.039746479585882483 -0.027047566082709168 0.028854260639872471 0.055310391634801753 -0.060019741900837031 0.0066501056095236953 -0.028360775041399645 0.042004725973955118 0.034018829685838657 -0.030461815943379364 -0.0090696692842304003 -0.022010489814592513
leaf_weight=1.8308904915320443 1.1992070684209455 0.9180469186976542 0.91732161026447911 2.3990911263972512 0.54584131552837734 1.9441812862642107 0.44438585080206394 20.194131040014327 3.4359703650698057 1.4922539602266613 3.474431961309171 5.8612384623847893 11.539470783900468 1.4567197489086536
leaf_count=734 31 35 26 86 35 56 9 359 111 35 65 80 324 58
internal_value=-5.22361e-05 -0.000631341 0.000203201 -0.000472218 0.000770441 0.0329236 -0.0110299 -0.00118007 -0.0020555 -2.16579e-06 -0.0014762 -0.00882462 -0.0011248 0.0174671
internal_weight=57.6532 56.454 54.6231 53.7058 51.3067 2.93441 0.990227 48.3723 47.4542 44.0182 42.526 22.3319 16.4706 4.93115
internal_count=2044 2013 1279 1253 1167 100 44 1067 1032 921 886 527 447 123
is_linear=0
shrinkage=0.05


Tree=178
num_leaves=15
num_cat=0
split_feature=33 19 5 23 2 17 1 11 3 2 7 2 6 0
split_gain=0.363456 1.19264 1.26962 1.90535 1.70389 1.2158 1.41861 1.43041 1.20373 1.17934 0.782984 0.867722 0.99195 0.866691
threshold=41.500000000000007 0.75196346126609948 4.8386731266155936 0.62439667213319572 -3.6893499999999997 0.57497681740742401 52.32500000000001 0.46604856344076484 4.0950000000000006 4.7014500000000004 0.0082503916298914525 7.332650000000001 0.88264709228240956 32.485000000000007
decision_type=2 2 2 2 2 2 2 2 2 2 2 2 2 2
left_child=1 2 8 4 -4 -3 -7 -8 -1 -9 -11 -12 -13 -14
right_child=-2 5 3 -5 -6 6 7 9 -10 10 11 12 13 -15
leaf_value=0.045236678681447713 0.0030550395200489439 0.041055775545681517 -0.038944406117445499 -0.049142401586279069 0.037551274585093442 0.041949005215785318 -0.050846251221842699 0.042988882491022243 -0.017205331977589566 -0.062337572036204172 0.029461309701316843 -0.049252507156413355 0.058640952171606586 -0.029746293429630834
leaf_weight=1.3426822663750519 35.626521709287772 2.0504017903003833 1.335837700753473 4.4546450225170702 1.5997185087762771 1.5487724678823704 1.7060973269253734 1.3093774031149221 1.8153477668238336 0.63636870426125813 1.3681396530009808 1.3375298986211421 0.55782838724553563 0.55159889813512564
leaf_count=75 709 67 77 121 22 19 612 39 137 7 65 29 40 25
internal_value=-4.82862e-05 -0.00516344 -0.0171933 -0.0285329 0.00274158 0.00630345 -0.00160011 -0.010633 0.00934279 0.00127638 -0.0109932 -0.00242876 -0.0202591 0.0146955
internal_weight=57.2409 21.6143 10.5482 7.3902 2.93556 11.0661 9.01571 7.46694 3.15803 5.76084 4.45147 3.8151 2.44696 1.10943
internal_count=2044 1335 432 220 99 903 836 817 212 205 166 159 94 65
is_linear=0
shrinkage=0.05


Tree=179
num_leaves=15
num_cat=0
split_feature=21 0 0 27 7 21 25 3 2 25 1 16 5 15
split_gain=0.350946 0.857178 1.54036 1.29203 0.585353 0.565411 0.916425 2.44633 0.698355 1.21852 1.49421 1.58039 1.54695 1.03198
threshold=0.32588760397635175 19.180000000000003 23.155000000000005 1.0000000180025095e-35 0.0059734798862647008 0.54199077604669943 -0.1693680784639239 4.6450000000000005 -6.7480999999999991 -1.6628968398139496 39.715000000000011 0.96531264319196597 26.204345918125703 18.000000000000004
decision_type=2 2 2 2 2 2 2 2 2 2 2 2 2 2
left_child=1 -1 -3 -4 -5 6 -2 -8 -7 -10 11 -11 13 -12
right_child=5 2 3 4 -6 8 7 -9 9 10 12 -13 -14 -15
leaf_value=-0.023486319222601873 -0.049033943816302911 0.051499544176425029 0.021399749336461743 -0.06421883968500039 -0.0028598842531039363 -0.037267701147610077 0.055754802214515731 -0.030090949117131373 0.025640162310528875 0.021994706110463183 -0.043974184787731185 -0.037923563037570662 0.050754987000287792 0.0021999414515086776
leaf_weight=1.5656360406428564 1.57041903398931 2.2157271755859256 2.6229539038613439 0.84538214094936825 0.7194998967461288 1.2041630711173628 1.1960692480206483 2.7106428677216172 4.5988096408545962 1.4313926644390438 1.2639355544233755 4.760386103997007 1.5966786490753282 28.401301846737624
leaf_count=22 26 29 47 8 35 66 18 43 60 61 38 104 17 1470
internal_value=-4.99368e-05 0.00967742 0.0177858 -5.1719e-05 -0.0360073 -0.0016406 -0.0167758 -0.00380863 0.000275799 0.00135085 -0.00163155 -0.0240719 0.00281301 0.000232618
internal_weight=56.703 7.9692 6.40356 4.18784 1.56488 48.7338 5.47713 3.90671 43.2567 42.0525 37.4537 6.19178 31.2619 29.6652
internal_count=2044 141 119 90 43 1903 87 61 1816 1750 1690 165 1525 1508
is_linear=0
shrinkage=0.05


Tree=180
num_leaves=15
num_cat=0
split_feature=8 19 33 33 29 2 18 11 18 2 27 16 2 1
split_gain=0.376115 0.79584 1.0669 0.569296 1.49651 1.00108 1.44152 0.995918 0.936811 0.953217 1.08878 1.59595 1.04573 1.14025
threshold=82.916666666666686 0.7346183189677512 66.500000000000014 41.500000000000007 13.500000000000002 -4.0982999999999992 -1.3038864660107408 1.0085065859282758 -0.55394785927300594 10.178000000000003 1.0000000180025095e-35 0.52763008250345211 7.5211500000000013 79.850000000000009
decision_type=2 2 2 2 2 2 2 2 2 2 2 2 2 2
left_child=3 -2 -3 4 5 -1 -7 -6 -8 10 12 -12 13 -10
right_child=1 2 -4 -5 7 6 8 -9 9 -11 11 -13 -14 -15
leaf_value=-0.052002633176409963 -0.0384780491046278 0.040993073292941121 -0.054669563598909635 0.0049707124845899302 -0.039785876465620242 0.061524793922218796 -0.041182336754326893 0.0043708238655973215 0.0099625728640434421 -0.051257546907965905 -0.02501797195922556 0.053241266352189211 -0.083585852092723803 -0.061609046716843363
leaf_weight=0.77198497985955405 1.8139631360536435 0.95927402219967894 0.41866461239987984 33.137414979661116 4.2296062509994945 1.0943731456063677 1.157225562725215 1.829176948405802 5.7912117699161154 0.67811433039605695 0.87807364185573566 2.5242306175641716 0.36801961163291697 0.61565103431348678
leaf_count=60 92 61 32 640 163 22 50 28 587 38 114 134 11 12
internal_value=-4.85049e-05 -0.0167181 0.0119275 0.000953991 -0.005722 0.00332881 0.00658778 -0.0264547 0.00158288 0.00614185 0.00996642 0.033044 -0.00162299 0.00308508
internal_weight=56.267 3.1919 1.37794 53.0751 19.9377 13.8789 13.1069 6.05878 12.0125 10.8553 10.1772 3.4023 6.77488 6.40686
internal_count=2044 185 93 1859 1219 1028 968 191 946 896 858 248 610 599
is_linear=0
shrinkage=0.05


Tree=181
num_leaves=15
num_cat=0
split_feature=6 9 3 20 18 24 5 9 5 2 18 5 5 13
split_gain=0.35104 0.767345 0.849784 0.799483 0.680087 0.546335 0.518293 1.53646 1.07817 1.15045 1.43611 1.18632 1.15648 1.87949
threshold=0.74641717713497491 0.70756782860246592 4.9250000000000007 1.3644448961893738 1.7297857478687659 -0.6903888973153417 14.909122070924413 0.75189270635691619 11.215731549995914 -4.0982999999999992 -1.3038864660107408 8.4298486956790413 4.8386731266155936 0.64550345419131239
decision_type=2 2 2 2 2 2 2 2 2 2 2 2 2 2
left_child=5 3 -3 -2 -4 -1 8 -8 9 -7 -11 12 13 -12
right_child=1 2 4 -5 -6 6 7 -9 -10 10 11 -13 -14 -15
leaf_value=-0.055573965119884473 -0.05810694608122307 0.045565716744630266 -0.030371909519461351 0.016676048310572726 0.044025586727380807 -0.051395717441858807 -0.0014805556295823038 0.030485845795126587 -0.023933726041141728 0.058529872839234109 -0.019253980089714004 0.022123340235635652 -0.027217705100010661 0.033030290029867508
leaf_weight=0.45914389446261239 0.66585520902299211 2.0891161406179894 0.90461351152043767 0.77146794775035232 0.46511287314933725 1.0221786779584388 21.386836042162034 4.5606015203520647 6.2455092729069284 1.0979765276424647 3.7881970932212443 4.2415257152169934 4.9240450870711356 3.1465708847390488
leaf_count=30 27 103 58 25 26 124 281 63 110 27 897 56 116 101
internal_value=-4.87446e-05 0.0127382 0.0254982 -0.017968 -0.00510903 -0.00127941 -0.000784916 0.00413796 -0.00600587 0.000139327 0.0032023 -0.000570809 -0.00868779 0.0044694
internal_weight=55.7688 4.89617 3.45884 1.43732 1.36973 50.8726 50.4134 25.9474 24.466 18.2205 17.1983 16.1003 11.8588 6.93477
internal_count=2044 239 187 52 84 1805 1775 344 1431 1321 1197 1170 1114 998
is_linear=0
shrinkage=0.05


Tree=182
num_leaves=15
num_cat=0
split_feature=8 19 33 33 29 17 2 18 1 17 18 7 8 3
split_gain=0.344578 0.733675 0.998781 0.521855 1.35105 1.02837 0.903873 1.28684 0.837887 1.18429 1.51474 0.753544 0.690286 0.890908
threshold=82.916666666666686 0.7346183189677512 66.500000000000014 41.500000000000007 13.500000000000002 0.6627103344338624 -4.0982999999999992 -1.3038864660107408 39.715000000000011 0.6627103344338624 -0.12555656518618177 0.0025159343565412007 7.916666666666667 4.3050000000000006
decision_type=2 2 2 2 2 2 2 2 2 2 2 2 2 2
left_child=3 -2 -3 4 6 -6 -1 -8 -9 10 -10 -5 -11 -14
right_child=1 2 -4 11 5 -7 7 8 9 12 -12 -13 13 -15
leaf_value=-0.051834878193503166 -0.037537926490918389 0.039779684174360994 -0.054447396259002794 0.047787412791240561 -0.035961690927173599 0.016455331206206059 0.060381788728953917 -0.05758449454351288 -0.019505083430927314 -0.051003507835325736 0.04613380853576763 0.0034060435165462568 -0.03394430283025112 0.0092919237702939663
leaf_weight=0.70694384397938925 1.7543480341555544 0.93988046230515443 0.40130563727871049 0.98591604270040889 4.7226967469323418 1.1669151689857242 1.0104915043339122 0.56957872398197729 1.2721789153292773 0.82319291552994389 2.8433987041935307 31.964947447064333 1.6240247750538399 4.4731386307103094
leaf_count=60 92 61 32 13 176 15 22 14 33 100 66 627 298 435
internal_value=-4.6607e-05 -0.0162545 0.0115853 0.00091522 -0.0056342 -0.0255762 0.00318149 0.00626436 0.00155236 0.00460449 0.025844 0.00473397 -0.00802676 -0.00222437
internal_weight=55.259 3.09553 1.34119 52.1634 19.2126 5.88961 13.3229 12.616 11.6055 11.0359 4.11558 32.9509 6.92036 6.09716
internal_count=2044 185 93 1859 1219 191 1028 968 946 932 99 640 833 733
is_linear=0
shrinkage=0.05


Tree=183
num_leaves=15
num_cat=0
split_feature=9 13 2 2 23 5 2 0 1 3 9 18 23 8
split_gain=0.355648 0.413383 0.550726 0.634187 1.13739 1.02763 0.739773 0.640182 1.00554 1.34308 1.2374 1.10257 1.312 0.992475
threshold=0.56265204922046186 0.10873470047047741 11.359150000000001 7.332650000000001 3.5360618899768954 6.3317937589195967 6.3850000000000007 22.345000000000002 45.20000000000001 6.455000000000001 0.67787241180752766 -0.8720813250167293 0.9929595297960645 52.083333333333343
decision_type=2 2 2 2 2 2 2 2 2 2 2 2 2 2
left_child=-1 -2 3 4 6 -6 7 8 11 13 -11 -3 -13 -10
right_child=1 2 -4 -5 5 -7 -8 -9 9 10 -12 12 -14 -15
leaf_value=0.054180502729541419 -0.022586129980939919 -0.034402047212543745 0.04012546485688645 -0.02622593213320118 -0.011619467220365887 0.054963056197901941 -0.039853976067195394 -0.0050919357117486363 0.04196410752674843 0.028888805056948616 -0.032506900000508231 0.031185056235822562 -0.035219307681087914 0.010757671859000973
leaf_weight=0.30070301657542486 2.0121917794167521 2.6584301250986755 0.86274220841005345 2.2317958461353546 0.86376631516031865 1.7608863394707439 1.1804422440472979 25.195622673607431 4.1846250710077566 1.2317856075242155 2.4589789954479784 2.2051910441368849 1.1224614144302902 6.5137989651411772
leaf_count=8 768 70 26 84 40 56 39 643 74 18 42 42 22 112
internal_value=-4.65715e-05 -0.000345864 0.000507028 -0.000155285 0.00102311 0.0330509 -0.000774954 0.000237326 0.00682738 0.0139916 -0.0120162 -0.0103939 0.00878598 0.0229639
internal_weight=54.7834 54.4827 52.4705 51.6078 49.376 2.62465 46.7513 45.5709 20.3753 14.3892 3.69076 5.98608 3.32765 10.6984
internal_count=2044 2036 1268 1242 1158 96 1062 1023 380 246 60 134 64 186
is_linear=0
shrinkage=0.05


Tree=184
num_leaves=15
num_cat=0
split_feature=21 0 0 2 21 10 3 2 25 1 10 16 15 9
split_gain=0.329302 0.755521 1.41722 0.760807 0.553762 0.871707 1.82696 0.623687 1.13033 1.33503 1.33242 1.32908 1.14055 1.00041
threshold=0.32588760397635175 19.180000000000003 23.155000000000005 1.9800000000000002 0.54199077604669943 -0.23472197005794546 4.6450000000000005 -6.7480999999999991 -1.6628968398139496 39.715000000000011 -0.77445887926049728 0.96531264319196597 19.500000000000004 0.70466701308925805
decision_type=2 2 2 2 2 2 2 2 2 2 2 2 2 2
left_child=1 -1 -3 -4 5 -2 -7 -6 13 11 -11 -10 -12 -9
right_child=4 2 3 -5 7 6 -8 8 9 10 12 -13 -14 -15
leaf_value=-0.021998176298702304 -0.052566665592600759 0.050487709559430397 -0.018702437517301409 0.02496158590744554 -0.035874490676466413 0.046610335748718194 -0.027632983470669382 0.046843688601552282 0.020681967509330365 0.045930361993974031 -0.031380282361895329 -0.036532861471107791 0.0032595454320963322 -0.00037220534373532836
leaf_weight=1.5246593039482821 1.2934820502996442 2.1162294261157513 2.3234259765595198 1.7483063866384325 1.1576367389643554 1.186192769557237 2.7488069571554661 2.4178575761616221 1.3118322354275722 1.6766762100160111 2.6183148843701991 4.4860291806980968 25.709775562412688 2.0929967053234577
leaf_count=22 25 29 30 60 66 19 43 21 61 19 77 104 1429 39
internal_value=-4.27613e-05 0.00952862 0.0172965 4.58701e-05 -0.00162351 -0.0169577 -0.00525258 0.000309747 0.00134881 -0.00162299 0.00262122 -0.0235874 5.78479e-05 0.0249359
internal_weight=54.4122 7.71262 6.18796 4.07173 46.6996 5.22848 3.935 41.4711 40.3135 35.8026 30.0048 5.79786 28.3281 4.51085
internal_count=2044 141 119 90 1903 87 62 1816 1750 1690 1525 165 1506 60
is_linear=0
shrinkage=0.05


Tree=185
num_leaves=15
num_cat=0
split_feature=6 14 2 17 3 30 23 18 20 34 7 8 30 0
split_gain=0.33695 0.715973 0.71136 0.743399 0.647594 0.670271 0.501648 0.486328 1.67058 1.12991 0.971868 1.93263 1.26489 0.996254
threshold=0.74641717713497491 98.750000000000014 4.9655500000000012 0.90020765151932747 5.205000000000001 4.5000000000000009 0.18315953553491685 0.4965362317378117 1.1087896883001644 -0.81249999999999989 0.0053291585499472003 17.916666666666668 12.500000000000002 22.965000000000003
decision_type=2 2 2 2 2 2 2 2 2 2 2 2 2 2
left_child=6 2 -2 -4 -5 -6 -1 8 9 -8 13 12 -12 -9
right_child=1 -3 3 4 5 -7 7 10 -10 -11 11 -13 -14 -15
leaf_value=-0.055174713006358171 0.041901529249851084 -0.045046147182970779 -0.048331543495167918 0.04987434028814474 0.035318469176910727 -0.051217154592183206 -0.053847823704240121 0.00036048540300054094 0.058780076336692834 0.0024971767334308441 -0.028153375893293864 0.028423161087632209 0.049496417684369014 -0.03141178277800271
leaf_weight=0.42764657895895553 1.9124001516029228 0.48025031201541413 0.57991172838956151 0.8027063872432334 0.41045730840414762 0.4919858513167128 0.91936772130430355 4.3390903303807153 1.2934078106190998 27.62709098221967 3.9704426251410023 4.4352020008955151 0.60427891224389885 5.7193116316921078
leaf_count=30 76 13 12 92 9 37 40 228 30 698 152 239 18 370
internal_value=-4.03538e-05 0.0127849 0.0194016 0.000571114 0.0172026 -0.0118582 -0.00125636 -0.000784909 0.00320076 0.000682529 -0.00702206 0.00490467 -0.0178965 -0.0177056
internal_weight=54.0136 4.67771 4.19746 2.28506 1.70515 0.902443 49.3358 48.9082 29.8399 28.5465 19.0683 9.00992 4.57472 10.0584
internal_count=2044 239 226 150 138 46 1805 1775 768 738 1007 409 170 598
is_linear=0
shrinkage=0.05


Tree=186
num_leaves=15
num_cat=0
split_feature=11 7 19 19 3 11 7 12 2 33 2 10 3 14
split_gain=0.317664 0.798086 0.782935 0.645657 0.884393 0.603781 0.629251 1.02004 0.995536 1.36825 0.971187 1.06497 1.49397 1.3455
threshold=2.6727269055773015 0.012349605161126253 1.9760790210079204 3.0868045278538285 5.205000000000001 2.3669202540786749 0.0074562313551238008 0.38714407954910429 -5.349899999999999 60.000000000000007 -5.0539999999999994 -0.62482210446763287 6.0050000000000008 79.583333333333343
decision_type=2 2 2 2 2 2 2 2 2 2 2 2 2 2
left_child=1 5 -2 4 -4 6 10 8 -8 -10 -1 13 -13 -12
right_child=2 -3 3 -5 -6 -7 7 -9 9 -11 11 12 -14 -15
leaf_value=-0.043703700647714165 0.035346259185055268 -0.052978210678811435 0.0049073256568539147 0.04107727032063177 -0.05297993171895006 -0.034538726565202592 -0.05654122014733455 0.034278632935452066 -0.0083458195123857371 0.063096099570647032 0.02504143838467476 -0.00073434603531103869 -0.033261227855376115 -0.019794685019247572
leaf_weight=1.366437135497107 2.1077473028562954 0.73848812485812132 2.253845497034491 0.69730416545644391 0.93292222218587983 1.2742326725274313 0.71066942502511654 3.3221420731861144 2.943834904232062 0.86774361412972201 6.8481490658596105 23.152966316833052 4.1652592046011696 2.2143239015713334
leaf_count=37 39 70 47 59 44 27 59 54 127 32 84 1201 122 42
internal_value=-3.88713e-05 -0.00140454 0.0108112 -0.00250316 -0.0120391 -0.000591863 0.000356914 0.0132424 -0.0022112 0.00791864 -0.00232088 -0.000766568 -0.00569378 0.0140862
internal_weight=53.5961 47.6042 5.99182 3.88407 3.18677 46.8658 45.5915 7.84439 4.52225 3.81158 37.7471 36.3807 27.3182 9.06247
internal_count=2044 1855 189 150 91 1785 1758 272 218 159 1486 1449 1323 126
is_linear=0
shrinkage=0.05


Tree=187
num_leaves=15
num_cat=0
split_feature=17 17 34 3 9 5 10 1 13 20 7 1 13 9
split_gain=0.325303 0.491448 0.374319 1.05092 1.31418 0.917714 1.37208 0.831828 0.883178 0.743112 1.19326 0.891355 1.04533 0.906684
threshold=0.032360891117125007 0.011994137731085602 0.42499999999999999 3.2550000000000003 0.75326871781113469 15.431011733521361 -0.35477513967272334 75.935000000000016 2.769750881039156 -0.77771605223252616 0.0044202181536164009 34.690000000000005 4.9635284191386893 0.75435286496287179
decision_type=2 2 2 2 2 2 2 2 2 2 2 2 2 2
left_child=1 -1 9 -4 7 6 -6 8 -5 10 -2 -11 13 -13
right_child=2 -3 3 4 5 -7 -8 -9 -10 11 -12 12 -14 -15
leaf_value=0.006499990837453385 0.046123586925778053 -0.054168358548751218 0.043051451011920219 -0.0089630302934428606 -0.054802391445512924 0.049842438538922076 0.014698540092950938 -0.07346335049614626 -0.053602557969324408 -0.033808369090633304 0.0032558639623263066 0.0067040845572356456 0.058208079886518327 -0.016874858567925515
leaf_weight=0.65533392934594192 2.4959967570612234 0.6803548977477476 1.0996053274720932 12.098065459154894 0.8657657024450599 1.2795996982604263 3.950367443758295 0.59527652672841291 1.2197358366101987 1.8173274304717804 4.6432996824732982 15.44987955782563 0.8146729776635756 5.5386586013337356
leaf_count=17 83 34 18 482 16 21 114 10 25 39 161 685 9 330
internal_value=-3.88993e-05 -0.0244024 0.0005885 -0.00453898 -0.00715436 0.0122048 0.0022048 -0.0156362 -0.0130514 0.00410715 0.018243 -0.000165411 0.00263877 0.000481845
internal_weight=53.2039 1.33569 51.8683 21.1084 20.0088 6.09573 4.81613 13.9131 13.3178 30.7598 7.1393 23.6205 21.8032 20.9885
internal_count=2044 51 1993 686 668 151 130 517 507 1307 244 1063 1024 1015
is_linear=0
shrinkage=0.05


Tree=188
num_leaves=15
num_cat=0
split_feature=6 14 5 2 3 1 1 1 1 23 0 0 32 33
split_gain=0.339367 0.669996 0.885567 0.659904 0.686397 0.487978 1.16277 0.611577 1.71121 0.786907 0.83952 0.962809 0.897085 1.05968
threshold=0.74641717713497491 98.750000000000014 7.0775362307101135 6.4344500000000009 5.205000000000001 27.875000000000004 30.200000000000006 34.690000000000005 32.50500000000001 0.37657003655990701 23.095000000000002 23.585000000000004 1.1250000000000002 66.500000000000014
decision_type=2 2 2 2 2 2 2 2 2 2 2 2 2 2
left_child=5 2 3 -2 -5 -1 -7 8 -8 -9 12 -12 -11 -14
right_child=1 -3 -4 4 -6 6 7 9 -10 10 11 -13 13 -15
leaf_value=-0.026071916254639296 -0.045570788052384827 -0.043996648524156745 0.04413896721662551 0.055583536928316614 -0.014166966082189959 0.053320105561361963 0.018933737865412543 0.024248280706467382 -0.053279541783075139 -0.0096443924078270966 -0.04539031276912546 -0.0058946723993664038 0.023566654692939882 -0.0044809331765756763
leaf_weight=1.9028274620650325 0.63151190397911694 0.45979239232838143 1.926421758951619 0.61732386966468744 0.82285915085230954 0.99176316568627854 1.4473455729312257 3.153993991931201 1.8937800932326352 6.9200453747471338 1.7041709887271306 16.321481361679616 8.4232292997185123 5.61083111978951
leaf_count=34 55 13 67 64 40 21 33 79 48 427 61 820 112 170
internal_value=-3.79577e-05 0.0131627 0.0197361 -0.00295549 0.0157311 -0.00125458 -0.000238298 -0.00140636 -0.0219974 0.000226475 -0.00171722 -0.00962865 0.00508855 0.0123532
internal_weight=52.8274 4.45791 3.99812 2.07169 1.44018 48.3695 46.4666 45.4749 3.34113 42.1338 38.9798 18.0257 20.9541 14.0341
internal_count=2044 239 226 159 104 1805 1771 1750 81 1669 1590 881 709 282
is_linear=0
shrinkage=0.05


Tree=189
num_leaves=15
num_cat=0
split_feature=4 2 1 1 14 9 35 3 1 11 14 17 14 24
split_gain=0.329345 1.00529 0.919217 0.867356 1.01055 0.838337 0.810395 0.699456 0.684117 0.597743 1.05841 1.04814 0.927937 1.15349
threshold=31.946477744557324 4.6522000000000006 72.725000000000009 74.77500000000002 86.250000000000014 0.70466701308925805 1.0000000180025095e-35 5.1150000000000011 62.625000000000007 0.28949731631295123 82.083333333333357 0.89704060765131033 97.083333333333357 0.076980166357981258
decision_type=2 2 2 2 2 2 2 2 2 2 2 2 2 2
left_child=1 2 9 5 -5 -2 -3 -6 -7 11 -11 -1 -12 -14
right_child=3 6 -4 4 7 8 -8 -9 -10 10 12 -13 13 -15
leaf_value=0.013285326467622958 -0.0052501305461432682 -0.049085261683984645 0.056867352606782488 -0.034477512573716194 0.055768691949272399 -0.0070087543781562067 0.0040470134931717599 -0.041715368166428575 0.043677241158958401 0.00029456452383770854 -0.034251451444068166 -0.035157103753570638 -0.034669435341127756 0.058806041875010762
leaf_weight=11.060947244812267 2.2573450636118633 1.9368767317646407 0.70441741764079679 1.9535551748704167 0.66993169952183951 0.84548436850309405 1.1400973233394325 0.25368467997759581 3.1311658346094191 21.389327350654643 4.5858370307832947 1.2420127947843855 0.64301217906177022 0.67805505730211735
leaf_count=382 29 300 32 49 62 12 52 11 77 377 111 508 31 11
internal_value=-3.6172e-05 -0.00185122 0.000251861 0.00860576 -0.0141024 0.0190862 -0.0293984 0.0289933 0.0329008 -0.000755254 -0.00487943 0.00839495 -0.0236149 0.0133081
internal_weight=52.4917 43.3806 40.3036 9.11117 2.87717 6.234 3.07697 0.923616 3.97665 39.5992 27.2962 12.303 5.9069 1.32107
internal_count=2044 1804 1452 240 122 118 352 73 89 1420 530 890 153 42
is_linear=0
shrinkage=0.05


Tree=190
num_leaves=15
num_cat=0
split_feature=21 9 9 9 2 21 25 3 2 25 1 17 16 11
split_gain=0.325309 0.525251 0.79053 0.594992 0.525456 0.449228 0.814386 1.86478 0.554474 0.967412 1.10675 1.18586 1.1768 0.937355
threshold=0.32588760397635175 0.71542668090774009 0.74875993644642069 0.75592662526241361 -0.14734999999999995 0.54199077604669943 -0.1693680784639239 4.6450000000000005 -6.7480999999999991 -1.6628968398139496 39.715000000000011 0.18521273177118555 0.96531264319196597 0.8687091002738101
decision_type=2 2 2 2 2 2 2 2 2 2 2 2 2 2
left_child=1 -1 4 -4 -3 6 -2 -8 -7 -10 12 13 -11 -12
right_child=5 2 3 -5 -6 8 7 -9 9 10 11 -13 -14 -15
leaf_value=0.030324933218889263 -0.047994413115549875 0.0039844653482017083 0.047789418691599972 -0.0011412304866610849 -0.040296884271447411 -0.0349636953599059 0.054660259440035809 -0.025955079598062404 0.023441298287779341 0.019798683315101276 0.0056758254909157757 -0.0014663712186827544 -0.034790010611540599 0.058162948998029811
leaf_weight=2.1757180625572792 1.409234053455293 1.360746316611767 1.1458558419253679 1.3571037189103661 1.3196369623765347 1.0948416737373907 1.0025353003293269 2.5217855013906956 4.3128662463277569 1.2851012579631049 1.844659122172746 25.448430369913694 4.2599395182915032 1.5785335600376127
leaf_count=36 26 19 24 32 30 66 18 43 60 61 56 1455 104 14
internal_value=-3.51292e-05 0.00970696 0.00105253 0.0212592 -0.0178166 -0.00163692 -0.0158688 -0.00302308 0.000126172 0.00111812 -0.00167927 0.00225014 -0.0221387 0.0298792
internal_weight=52.117 7.35906 5.18334 2.50296 2.68038 44.7579 4.93355 3.52432 39.8244 38.7295 34.4167 28.8716 5.54504 3.42319
internal_count=2044 141 105 56 49 1903 87 61 1816 1750 1690 1525 165 70
is_linear=0
shrinkage=0.05


Tree=191
num_leaves=15
num_cat=0
split_feature=9 13 2 36 12 7 3 11 11 36 13 13 4 32
split_gain=0.330987 0.382014 0.509351 0.507845 0.500652 0.465166 0.563635 0.431731 0.976751 0.974972 1.48819 1.15572 1.6713 1.14171
threshold=0.56265204922046186 0.10873470047047741 11.359150000000001 1.0000000180025095e-35 0.76978905597320235 0.012349605161126253 5.2250000000000005 0.28949731631295123 0.22739014535086127 1.0000000180025095e-35 0.98341504371772415 0.967396707812891 6.7024224209095431 1.1250000000000002
decision_type=2 2 2 2 2 2 2 2 2 2 2 2 2 2
left_child=-1 3 5 -2 -5 7 -7 8 9 10 -3 -11 -13 -12
right_child=1 2 -4 4 -6 6 -8 -9 -10 11 13 12 -14 -15
leaf_value=0.053902126676615862 0.051454637990229937 0.061204248958364155 0.040261398740903266 -0.051534955072189526 0.0068102521117405293 0.023008058122664078 -0.052276082350354552 -0.0020847363943309414 0.039367792876167082 -0.044059069611755868 -0.024017242672634782 0.052050848224403118 -0.020075864604018025 0.045071124159324037
leaf_weight=0.28290006099268694 0.2056445600464939 1.4492693482898165 0.79269411088898678 1.0915981057041779 0.55441769864410151 0.34858415066264459 0.86692524509271607 35.884335024573375 2.1561584740411481 1.8418041901895765 1.8358919023885394 1.2242091102525594 2.3352067172527313 0.88684012740850438
leaf_count=8 15 49 26 725 28 21 50 712 63 163 90 46 34 14
internal_value=-3.26328e-05 -0.00032906 0.000503014 -0.0226275 -0.0318829 -0.000142425 -0.0306861 0.000637311 0.00896502 0.00211746 0.0202731 -0.0119063 0.00473107 -0.00151399
internal_weight=51.7565 51.4736 49.6219 1.85166 1.64602 48.8292 1.21551 47.6137 11.7294 9.57322 4.172 5.40122 3.55942 2.72273
internal_count=2044 2036 1268 768 753 1242 71 1171 459 396 153 243 80 104
is_linear=0
shrinkage=0.05


Tree=192
num_leaves=15
num_cat=0
split_feature=13 5 21 0 0 27 14 8 8 2 6 4 6 20
split_gain=0.592462 0.506487 0.402266 0.737185 1.01788 1.45784 0.460818 0.418108 1.18363 1.03181 0.975986 1.08019 1.4567 1.36556
threshold=6.2951662387001628 34.660884359185545 0.32588760397635175 19.180000000000003 23.155000000000005 1.0000000180025095e-35 63.750000000000007 24.583333333333339 19.583333333333339 -3.9378999999999995 0.50298042599927684 39.090133038195994 0.31276547252758979 -0.14432587020274207
decision_type=2 2 2 2 2 2 2 2 2 2 2 2 2 2
left_child=1 2 3 -1 -5 6 -6 8 -4 -9 11 12 -11 -14
right_child=-2 -3 7 4 5 -7 -8 9 -10 10 -12 -13 13 -15
leaf_value=-0.020645434959336739 0.053829410082738616 -0.041720058405305571 -0.00081066483618398881 0.049319474339697661 0.0062695425477463894 -0.035516667398149765 0.053381250910706071 -0.046932012669636411 0.037748515928880219 -0.0015353711381076904 0.017461927663795604 0.054443632309986251 0.0014042381706918551 -0.050483790054431855
leaf_weight=1.4239990664646018 0.50557006150483985 0.7367712464183559 15.283868345781231 1.8936915830709038 1.0135965561494233 1.4071963520254942 1.0638310154899953 1.4390320691745717 2.2881680770660742 13.541404299641739 4.5703294472914413 0.66538020595908065 1.9700055748398879 3.5582306567521291
leaf_count=22 12 14 467 27 17 43 24 100 102 739 218 10 69 180
internal_value=-2.99711e-05 -0.000565404 3.9591e-05 0.0113434 0.019813 0.00377788 0.030395 -0.00173553 0.00421037 -0.00579396 -0.00335832 -0.00817998 -0.010365 -0.0319933
internal_weight=51.3611 50.8555 50.1187 6.80231 5.37832 3.48462 2.07743 43.3164 17.572 25.7444 24.3054 19.735 19.0696 5.52824
internal_count=2044 2032 2018 133 111 84 41 1885 569 1316 1216 998 988 249
is_linear=0
shrinkage=0.05


Tree=193
num_leaves=15
num_cat=0
split_feature=14 9 0 3 1 1 9 0 17 3 7 33 2 2
split_gain=0.303244 1.07294 1.26199 1.15665 0.862143 1.24465 0.880819 1.06867 1.08999 1.22055 1.42289 1.41225 0.925336 0.821274
threshold=48.750000000000007 0.6668738689453706 21.105000000000004 5.7150000000000007 27.875000000000004 32.50500000000001 0.76285663657965141 19.035000000000004 0.12876112891077832 4.6950000000000012 0.005602868316900351 53.000000000000007 -2.0705499999999994 4.1467000000000009
decision_type=2 2 2 2 2 2 2 2 2 2 2 2 2 2
left_child=1 2 -1 -4 -3 -6 7 -7 -9 -10 -11 -12 -8 -13
right_child=-2 4 3 -5 5 6 12 8 9 10 11 13 -14 -15
leaf_value=0.060491329507036944 0.0031549093775704523 -0.069526554238036595 -0.059332579012934233 0.048653919883620431 0.047563985545125587 -0.041545692864701764 -0.021249825423571303 -0.053040789543173844 -0.033659367214730652 0.030764994532930402 -0.048224182929521575 0.039776561472767175 0.037275960741436728 -0.022114787741576169
leaf_weight=1.2820082070538803 30.294959308128455 0.56536711729131894 0.59154383800341725 0.42694817436859012 0.99367832078133034 3.0211467223125537 1.0852376550901683 1.1925027051474888 2.3596665314980765 3.4946319470764138 1.6519184794742616 1.2408572820131669 1.7882615884736868 0.94360662647522975
leaf_count=17 1039 8 37 13 21 77 37 62 363 124 72 23 109 42
internal_value=-2.93736e-05 -0.00470379 0.0274833 -0.014065 -0.0087419 -0.00680815 -0.0100284 -0.0152364 -0.00793305 -0.00238225 0.00768506 -0.0133389 0.0151725 0.0130418
internal_weight=50.9323 20.6374 2.3005 1.01849 18.3369 17.7715 16.7778 13.9043 10.8832 9.69068 7.33101 3.83638 2.8735 2.18446
internal_count=2044 1005 67 50 938 930 909 763 686 624 261 137 146 65
is_linear=0
shrinkage=0.05


Tree=194
num_leaves=15
num_cat=0
split_feature=8 19 33 14 16 9 1 5 23 17 1 8 35 16
split_gain=0.297016 0.629531 0.885961 0.471743 1.08281 1.28781 0.9051 1.09342 0.957589 0.776739 1.29608 1.69319 1.07324 1.16778
threshold=82.916666666666686 0.7346183189677512 66.500000000000014 48.750000000000007 3.6005617804481984 0.6668738689453706 27.875000000000004 30.960094825525093 2.8545665525628188 0.12876112891077832 48.640000000000008 26.250000000000004 1.0000000180025095e-35 1.1243485621725464
decision_type=2 2 2 2 2 2 2 2 2 2 2 2 2 2
left_child=3 -2 -3 4 5 -1 -7 8 9 -8 11 -11 13 -12
right_child=1 2 -4 -5 -6 6 7 -9 -10 10 12 -13 -14 -15
leaf_value=0.03874020914178395 -0.036456015067911296 0.038707868036507796 -0.053888393134025152 0.0050697578250472695 -0.034591588244120668 -0.068400465182905518 -0.052674531134373141 0.048467264520245419 0.035952032337490843 0.030761250305588364 -0.0063864794793296572 -0.038471828232656359 0.011823362388276259 -0.055544642748102516
leaf_weight=1.8721691535611231 1.5997485011466772 0.86567435483448185 0.36820049738162197 28.010467003361555 2.6767787626013151 0.54642204870469768 1.0104184500523796 0.96880376152694303 1.2093378309800762 3.4943584804423136 2.209939754466177 1.181789008551277 1.8103059509303419 2.6650280335452408
leaf_count=55 92 61 32 914 65 8 76 9 51 64 478 39 49 51
internal_value=-3.15181e-05 -0.0157585 0.0110762 0.000903614 -0.0050365 -0.00037421 -0.00522496 -0.00285241 -0.00651326 -0.0106642 -0.00692806 0.0132642 -0.0210519 -0.0332601
internal_weight=50.4894 2.83362 1.23387 47.6558 19.6454 16.9686 15.0964 14.55 13.5812 12.3718 11.3614 4.67615 6.68527 4.87497
internal_count=2044 185 93 1859 945 880 825 817 808 757 681 103 578 529
is_linear=0
shrinkage=0.05


Tree=195
num_leaves=15
num_cat=0
split_feature=6 9 3 20 18 1 1 5 9 7 16 16 27 14
split_gain=0.298584 0.674335 0.669809 0.631071 0.500236 0.410148 0.994533 0.602103 1.06734 0.802664 0.926334 1.21819 1.1363 1.1771
threshold=0.74641717713497491 0.70756782860246592 4.9250000000000007 1.3644448961893738 1.7297857478687659 27.875000000000004 30.200000000000006 14.909122070924413 0.75189270635691619 0.0055323165200306503 0.65604905238935185 5.5334479214316517 1.0000000180025095e-35 34.583333333333336
decision_type=2 2 2 2 2 2 2 2 2 2 2 2 2 2
left_child=5 3 -3 -2 -4 -1 -7 9 -9 10 12 -12 -8 -14
right_child=1 2 4 -5 -6 6 7 8 -10 -11 11 -13 13 -15
leaf_value=-0.024801797722988218 -0.056414645556682852 0.044519684901400236 -0.028494692378566486 0.015596684958888683 0.043004817297688618 0.050806848637620666 -0.035464503725601386 -0.00074345855915201723 0.027846149738896028 0.0023761519410222601 -0.038114515819153122 0.0095099706561760904 -0.05067621970629909 0.044542714562947019
leaf_weight=1.7692101768916462 0.57619010900088941 1.8175420414190742 0.7395057368557898 0.64460400410462171 0.36555597023107111 0.93361460464075108 1.1239082992979113 17.902663143817339 3.9926219889894119 10.645603104305335 5.6495409671915695 1.7613826412707565 0.39953100276761722 1.7298954011057501
leaf_count=34 27 103 58 25 26 21 434 262 61 563 159 23 135 113
internal_value=-3.5917e-05 0.0128188 0.0258554 -0.0183912 -0.00484255 -0.00119611 -0.000249923 -0.0013532 0.00446988 -0.00733626 -0.0170317 -0.0267954 0.00520963 0.0266774
internal_weight=50.0514 4.1434 2.9226 1.22079 1.10506 45.908 44.1388 43.2051 21.8953 21.3099 10.6643 7.41092 3.25333 2.12943
internal_count=2044 239 187 52 84 1805 1771 1750 323 1427 864 182 682 248
is_linear=0
shrinkage=0.05


Tree=196
num_leaves=15
num_cat=0
split_feature=0 20 7 33 8 15 7 2 23 8 1 1 35 14
split_gain=0.295145 0.630945 0.491372 1.01619 1.13648 1.26361 0.998441 1.25159 0.953579 2.08748 1.15129 1.07116 1.42904 1.24012
threshold=16.765000000000004 0.1789850679154544 0.0035938568709701505 70.000000000000014 68.750000000000014 19.500000000000004 0.0039151592748639507 1.4869000000000001 1.3214543150575018 34.583333333333336 57.795000000000009 48.32500000000001 1.0000000180025095e-35 5.416666666666667
decision_type=2 2 2 2 2 2 2 2 2 2 2 2 2 2
left_child=1 -1 3 4 -2 -6 7 -4 9 11 -10 12 13 -8
right_child=2 -3 6 -5 5 -7 8 -9 10 -11 -12 -13 -14 -15
leaf_value=-0.0083053824667484785 -0.025868728258095372 0.045790472796661201 0.050564037857900423 -0.055268539617383997 -0.0303750234810236 0.023346494102155429 -0.019215599148388517 -0.016359202407897046 0.034851810101346296 -0.044682809183241211 0.0014524980553625912 -0.031703621046878114 -0.04299213211814662 0.022133523327377114
leaf_weight=1.1062837411300273 3.8760385733912681 1.0511968221981076 2.1368155371164899 1.1242983124539012 1.483174007735214 4.1780769219039948 2.3761902233818546 1.0380040419986469 3.1877796638582394 3.3019828551623496 13.537175365432629 2.2727425748889791 1.3205722982529557 7.6549191742669791
leaf_count=27 76 14 35 45 44 228 71 46 136 384 660 80 42 156
internal_value=-3.50477e-05 0.0180519 -0.000856781 -0.0103094 -0.00500941 0.00927216 0.00187985 0.0286836 -0.000648926 -0.00901549 0.00781841 -0.000371243 0.00590187 0.0123387
internal_weight=49.6453 2.15748 47.4878 10.6616 9.53729 5.66125 36.8262 3.17482 33.6514 16.9264 16.725 13.6244 11.3517 10.0311
internal_count=2044 41 2003 393 348 272 1610 81 1529 733 796 349 269 227
is_linear=0
shrinkage=0.05


Tree=197
num_leaves=15
num_cat=0
split_feature=12 13 36 2 2 23 5 29 2 19 0 35 17 33
split_gain=0.30292 0.382548 0.470667 0.444279 0.425834 0.931755 0.853795 0.570608 0.845728 0.835605 0.760443 1.17432 0.836306 0.96709
threshold=0.91512870690947679 0.10392078230802236 1.0000000180025095e-35 11.359150000000001 7.332650000000001 3.5360618899768954 6.3317937589195967 11.000000000000002 4.5904500000000015 1.9159524197330855 22.670000000000005 1.0000000180025095e-35 0.85558352560246076 56.500000000000007
decision_type=2 2 2 2 2 2 2 2 2 2 2 2 2 2
left_child=1 2 -1 4 5 7 -7 -3 9 10 -9 12 13 -12
right_child=-2 3 -4 -5 -6 6 -8 8 -10 -11 11 -13 -14 -15
leaf_value=0.051342918662182505 0.02729488496633628 0.041700095099641496 -0.035514105380691781 0.038540306715760447 -0.022730383589756559 -0.010713813844771072 0.054199225989819216 0.0061996021085573855 -0.027887419094371754 0.03976144755154324 -0.010325015162103816 -0.037618425032769881 -0.036856910556713245 0.015760025352957365
leaf_weight=0.17661606846377242 0.9932948537170877 0.76535222120582957 1.3343229145102657 0.7436093813739707 2.0434648125665253 0.77046560123562757 1.4788797048386184 17.654234493267722 2.902732571354135 1.2840123666683201 8.2872174162766949 2.8804655752610406 1.6354658678174008 6.2202211087569586
leaf_count=13 31 35 721 26 86 44 56 359 111 35 347 57 48 75
internal_value=-3.66149e-05 -0.000600125 -0.0253612 0.000201582 -0.000419225 0.000619815 0.0319646 -0.00107382 -0.00187493 0.000114111 -0.00127387 -0.00820946 -0.00296186 0.000859228
internal_weight=49.1704 48.1771 1.51094 46.6661 45.9225 43.879 2.24935 41.6297 40.8643 37.9616 36.6776 19.0234 16.1429 14.5074
internal_count=2044 2013 734 1279 1253 1167 100 1067 1032 921 886 527 470 422
is_linear=0
shrinkage=0.05


Tree=198
num_leaves=15
num_cat=0
split_feature=6 9 3 20 18 24 24 5 9 23 34 31 18 5
split_gain=0.284212 0.61966 0.631013 0.57763 0.440267 0.415697 0.421334 0.470683 1.07893 0.892481 0.773144 1.02611 1.22952 0.762697
threshold=0.74641717713497491 0.70756782860246592 4.9250000000000007 1.3644448961893738 1.7297857478687659 -0.6903888973153417 -0.67791653132147744 14.909122070924413 0.75189270635691619 0.49522404638660245 0.54410000000000014 0.48500000000000004 0.35998845056764645 11.215731549995914
decision_type=2 2 2 2 2 2 2 2 2 2 2 2 2 2
left_child=5 3 -3 -2 -4 -1 -7 13 10 -10 -9 -12 -13 -8
right_child=1 2 4 -5 -6 6 7 8 9 -11 11 12 -14 -15
leaf_value=-0.054233497663773368 -0.05597297500511568 0.04389242599972816 -0.027083532935385693 0.014746114949944067 0.041898114744795746 0.053222221367448808 -0.00092441784229505735 0.0048841336405561174 -0.0078510930115994609 0.043256283241475443 -0.04456761219382472 0.034580450824464336 -0.029911997520331402 -0.022582624987810558
leaf_weight=0.36607126632588816 0.53697041833947812 1.7522171010496097 0.72111009544460081 0.62462984549347311 0.3405404228833504 0.35890241537708689 15.601930698161597 13.969992451369768 1.2383418604731553 2.7539016148075461 2.1085919719189397 1.42240871116519 1.5382156968116758 5.497059689834713
leaf_count=30 27 103 58 25 26 8 1313 184 13 50 38 16 43 110
internal_value=-3.43339e-05 0.0127788 0.0254621 -0.017945 -0.00495663 -0.00116995 -0.000733324 -0.00117213 0.00377024 0.0274034 -0.0011853 -0.0179117 0.00107289 -0.00656717
internal_weight=48.8309 3.97547 2.81387 1.1616 1.06165 44.8554 44.4893 44.1304 23.0315 3.99224 19.0392 5.06922 2.96062 21.099
internal_count=2044 239 187 52 84 1805 1775 1767 344 63 281 97 59 1423
is_linear=0
shrinkage=0.05


Tree=199
num_leaves=15
num_cat=0
split_feature=20 13 8 20 19 4 4 18 30 18 4 17 11 13
split_gain=0.29742 0.839687 0.809722 0.725573 0.765087 1.0532 0.696985 0.757183 1.50957 1.30684 1.05188 1.26286 1.07804 1.71724
threshold=0.62414342802993683 2.1300082763529558 79.583333333333343 0.539286618435876 1.467985703477926 31.265262328339265 28.874070928161352 -0.24592281764858112 6.5000000000000009 0.42568509489507417 19.093338629176362 0.62394750172031055 1.1659435628744867 3.7938150267807393
decision_type=2 2 2 2 2 2 2 2 2 2 2 2 2 2
left_child=3 2 -2 4 5 6 7 10 -9 -10 11 12 -1 -14
right_child=1 -3 -4 -5 -6 -7 -8 8 9 -11 -12 -13 13 -15
leaf_value=-0.020160213170696138 -0.0023488111524331634 0.034183567375685661 0.056799784472914297 -0.045201237089040863 -0.024514426285359138 0.054558159423477019 -0.04444221274988075 0.026326203938966675 0.0087380631492871719 -0.051737986104381212 -0.041385805389123134 0.041107402833960055 0.044242072538044408 -0.0076663153176823083
leaf_weight=6.9516987380921034 11.026421060450954 2.2401734460145226 0.61065606982447285 0.96756395867850997 3.2068366895400677 0.89629871025681396 0.8740273118019094 6.5275321884546447 2.4768630831968044 1.3972163664584512 1.8136997157707799 1.5887104457360681 2.2101794648915529 5.708406712859869
leaf_count=265 449 28 11 76 262 14 11 457 80 162 36 83 29 81
internal_value=-3.32154e-05 0.00615131 0.000755014 -0.00251232 -0.00128491 0.00116194 -0.000457747 0.000882953 0.0116519 -0.0130731 -0.00524722 -0.00126493 -0.0057919 0.00682198
internal_weight=48.4963 13.8773 11.6371 34.619 33.6515 30.4446 29.5483 28.6743 10.4016 3.87408 18.2727 16.459 14.8703 7.91859
internal_count=2044 488 460 1556 1480 1218 1204 1193 699 242 494 458 375 110
is_linear=0
shrinkage=0.05


end of trees

feature_importances:
macd=207
pullback_depth=191
atr_pct=158
spread_atr=153
bbw_pct=149
hurst=146
dev_z_ema60=131
atr_14=124
minus_di=121
donchian_q=113
rsi_14=99
adx_14=93
bbw=91
ema20_dist_atr=89
body_ratio=84
er=79
plus_di=75
verdict=71
dir_sign=67
macd_slope3=63
dev_z_ema20=55
ds_continuity=55
body_wick_ratio=52
di_ratio=51
macro_risk_score=42
close_mom_atr=37
session_eu=34
sentiment_risk_score=33
h1_trend_dir=33
mm=27
spread_num=25
di_net=24
ds_sl_coeff=12
ds_fake_prob=10
extreme_reversal=3
session_us=3

parameters:
[boosting: gbdt]
[objective: binary]
[metric: binary_logloss]
[tree_learner: serial]
[device_type: cpu]
[data_sample_strategy: bagging]
[data: ]
[valid: ]
[num_iterations: 200]
[learning_rate: 0.05]
[num_leaves: 15]
[num_threads: 24]
[seed: 42]
[deterministic: 0]
[force_col_wise: 0]
[force_row_wise: 0]
[histogram_pool_size: -1]
[max_depth: -1]
[min_data_in_leaf: 20]
[min_sum_hessian_in_leaf: 0.001]
[bagging_fraction: 0.8]
[pos_bagging_fraction: 1]
[neg_bagging_fraction: 1]
[bagging_freq: 0]
[bagging_seed: 400]
[bagging_by_query: 0]
[feature_fraction: 0.8]
[feature_fraction_bynode: 1]
[feature_fraction_seed: 30056]
[extra_trees: 0]
[extra_seed: 12879]
[early_stopping_round: 0]
[early_stopping_min_delta: 0]
[first_metric_only: 0]
[max_delta_step: 0]
[lambda_l1: 0]
[lambda_l2: 0]
[linear_lambda: 0]
[min_gain_to_split: 0]
[drop_rate: 0.1]
[max_drop: 50]
[skip_drop: 0.5]
[xgboost_dart_mode: 0]
[uniform_drop: 0]
[drop_seed: 17869]
[top_rate: 0.2]
[other_rate: 0.1]
[min_data_per_group: 100]
[max_cat_threshold: 32]
[cat_l2: 10]
[cat_smooth: 10]
[max_cat_to_onehot: 4]
[top_k: 20]
[monotone_constraints: ]
[monotone_constraints_method: basic]
[monotone_penalty: 0]
[feature_contri: ]
[forcedsplits_filename: ]
[refit_decay_rate: 0.9]
[cegb_tradeoff: 1]
[cegb_penalty_split: 0]
[cegb_penalty_feature_lazy: ]
[cegb_penalty_feature_coupled: ]
[path_smooth: 0]
[interaction_constraints: ]
[verbosity: -1]
[saved_feature_importance_type: 0]
[use_quantized_grad: 0]
[num_grad_quant_bins: 4]
[quant_train_renew_leaf: 0]
[stochastic_rounding: 1]
[linear_tree: 0]
[max_bin: 255]
[max_bin_by_feature: ]
[min_data_in_bin: 3]
[bin_construct_sample_cnt: 200000]
[data_random_seed: 175]
[is_enable_sparse: 1]
[enable_bundle: 1]
[use_missing: 1]
[zero_as_missing: 0]
[feature_pre_filter: 1]
[pre_partition: 0]
[two_round: 0]
[header: 0]
[label_column: ]
[weight_column: ]
[group_column: ]
[ignore_column: ]
[categorical_feature: ]
[forcedbins_filename: ]
[precise_float_parser: 0]
[parser_config_file: ]
[objective_seed: 16083]
[num_class: 1]
[is_unbalance: 0]
[scale_pos_weight: 1]
[sigmoid: 1]
[boost_from_average: 1]
[reg_sqrt: 0]
[alpha: 0.9]
[fair_c: 1]
[poisson_max_delta_step: 0.7]
[tweedie_variance_power: 1.5]
[lambdarank_truncation_level: 30]
[lambdarank_norm: 1]
[label_gain: ]
[lambdarank_position_bias_regularization: 0]
[eval_at: ]
[multi_error_top_k: 1]
[auc_mu_weights: ]
[num_machines: 1]
[local_listen_port: 12400]
[time_out: 120]
[machine_list_filename: ]
[machines: ]
[gpu_platform_id: -1]
[gpu_device_id: -1]
[gpu_device_id_list: ]
[gpu_use_dp: 0]
[num_gpu: 1]

end of parameters

pandas_categorical:[]
