tree
version=v4
num_class=1
num_tree_per_iteration=1
label_index=0
max_feature_idx=39
objective=binary sigmoid:1
feature_names=adx_14 rsi_14 macd atr_14 h1_adx h1_trend_strength plus_di minus_di er bbw bbw_pct hurst mm ema20_dist_atr body_ratio pullback_depth atr_pct spread_num spread_atr donchian_q dev_z_ema20 dev_z_ema60 dev_z_ema200 macd_slope3 body_wick_ratio extreme_reversal di_ratio di_net spread_atr_log close_mom_atr trend_aligned session_asia session_eu session_us event_proximity_min macro_risk_score sentiment_risk_score ds_fake_prob ds_sl_coeff ds_continuity
feature_infos=[11.52:60.189999999999998] [24.120000000000001:91.569999999999993] [-11.1591:11.9589] [2.2400000000000002:14.369999999999999] [10.880000000000001:58.560000000000002] [0:1] [0.2978604969278984:51.008175180986321] [0.12751390439851151:23.468922997680291] [0.0011037527594060001:0.98343949044584578] [0.0014982903577390001:0.022983243230727399] [0.83333333333333337:100] [0.54294390170485263:0.78688275849070621] [-0.99382465452624158:0.99993257253332524] [0.00031025813951469997:5.0710917409017462] [8.0121785115121544e-05:0.9365384615384732] [0.0013305956450303999:4.7980554375242912] [0.83333333333333337:100] [17:25] [0.074469134271965998:6.9399622636281366] [0:0.99990960043392418] [-2.9045746760323352:3.3052789546658792] [-2.723688731432103:4.2870645660183584] [-2.6840546006773511:3.9768143111378849] [-2.9131180225122124:4.6220277750857699] [0.067761806981505995:12479.999999727515] [-1:1] [0.080859812213074783:14.276645115942701] [-0.85037867269315182:0.86908122291236134] [0.071826711021915499:2.0719085225560798] [-0.1887514938300279:972369180.55697536] none [0:1] [0:1] [0:1] [1.8542391333333328:7186.4897063166673] [10:18] [3:15] none none none
tree_sizes=1672 1693 1675 1687 1689 1697 1692 1699 1698 1680 1700 1692 1698 1702 1699 1702 1706 1702 1695 1694 1705 1697 1699 1709 1707 1702 1696 1707 1697 1694 1698 1704 1698 1703 1701 1700 1706 1711 1707 1700 1700 1703 1700 1700 1711 1695 1706 1706 1711 1696 1712 1703 1705 1701 1711 1703 1701 1707 1699 1714 1695 1711 1704 1704 1709 1701 1693 1706 1708 1700 1705 1713 1710 1710 1712 1708 1702 1705 1711 1711 1697 1706 1721 1709 1713 1709 1701 1720 1703 1720 1711 1717 1713 1713 1721 1721 1707 1722 1725 1714 1720 1729 1726 1736 1725 1724 1724 1725 1735 1729 1740 1729 1729 1742 1734 1738 1729 1742 1732 1743 1728 1736 1735 1723 1743

Tree=0
num_leaves=15
num_cat=0
split_feature=36 4 19 21 7 2 34 1 9 16 16 13 14 0
split_gain=614.291 361.162 181.555 183.587 98.6133 92.9654 48.4569 37.8952 31.7517 25.5863 10.2633 1.98545 1.91664 1.91539
threshold=5.5000000000000009 31.490000000000006 0.66124886604173072 0.26208007416762652 4.1847930369036623 9.5173500000000022 1791.8190602333336 56.145000000000003 0.014139755028136101 76.250000000000014 31.250000000000004 0.48944999322318333 0.10240808485438392 19.415000000000003
decision_type=2 2 2 2 2 2 2 2 2 2 2 2 2 2
left_child=4 2 3 9 12 6 -3 -4 -7 -2 -8 -9 13 -1
right_child=1 5 7 -5 -6 8 10 11 -10 -11 -12 -13 -14 -15
leaf_value=-1.0998183929937246 -1.1346750453745436 -1.1346750453745436 -0.99769199305918388 -0.87603198222797463 -0.95590679970158399 -0.95462956904054463 -0.93461903922749545 -1.1346750453745436 -1.1346750453745436 -1.0123237005513834 -0.87568267983779857 -1.0963166276667466 -1.0963166276667466 -1.1346750453745436
leaf_weight=4.1714359968900672 10.662768244743349 1.9040657579898823 6.3687715530395499 25.297810703516006 8.9469202607870084 4.8455189466476423 7.9948873817920676 30.655458703637123 4.9505709707736969 7.1303978562355033 97.124858841300011 3.7906228452920905 3.7906228452920905 71.402465924620628
leaf_count=20 56 10 22 47 26 14 21 161 26 26 180 18 18 375
internal_value=-1.00338 -0.955028 -1.03417 -0.962585 -1.11327 -0.898188 -0.884693 -1.10974 -1.04562 -1.08564 -0.880165 -1.13045 -1.13101 -1.13275
internal_weight=289.037 200.726 83.9058 43.091 88.3114 116.82 107.024 40.8149 9.79609 17.7932 105.12 34.4461 79.3645 75.5739
internal_count=1020 581 330 129 439 251 211 201 40 82 201 179 413 395
is_linear=0
shrinkage=1


Tree=1
num_leaves=15
num_cat=0
split_feature=36 22 4 2 15 7 7 2 7 34 10 14 0 29
split_gain=520.88 287.122 134.242 92.2224 102.426 89.0423 39.1593 35.0594 31.2892 25.8398 6.76528 1.87643 1.88224 1.8318
threshold=5.5000000000000009 1.6865399289335883 31.490000000000006 2.5171000000000006 0.72139272043000624 4.1847930369036623 8.3247157278219408 9.2524500000000014 0.76217885024723409 2153.3688313833341 16.250000000000004 0.10240808485438392 19.415000000000003 0.047636620564759875
decision_type=2 2 2 2 2 2 2 2 2 2 2 2 2 2
left_child=5 2 3 6 8 11 13 9 -5 -4 -11 12 -1 -2
right_child=1 -3 7 4 -6 -7 -8 -9 -10 10 -12 -13 -14 -15
leaf_value=-0.031228221724678918 -0.067015198855921582 -0.066334714371153999 0.021235841303392042 0.087076087338466113 0.16393055311835569 0.10047622846576246 0.085744750892452745 0.065814646016782025 -0.066183847412571564 0.1281703330605099 0.16838712864836522 -0.027796574105630453 -0.066076328384565911 -0.027081703656393792
leaf_weight=4.1052811294794074 12.849245354533201 22.811873331665993 3.2578413039445868 5.6434537768363944 27.272228211164474 9.4250500202178937 6.6271435916423789 10.819433018565176 8.1247121095657331 11.699173390865324 98.494616746902466 3.7370419949293128 69.039294496178627 3.6982740610837928
leaf_count=20 68 123 13 18 48 26 21 36 44 26 166 18 375 18
internal_value=0.058928 0.101204 0.121481 0.0627801 0.107807 -0.044573 -0.0169585 0.151813 -0.00336391 0.160014 0.164117 -0.0623548 -0.0641205 -0.0580903
internal_weight=297.605 211.298 188.486 64.2151 41.0404 86.3067 23.1747 124.271 13.7682 113.452 110.194 76.8816 73.1446 16.5475
internal_count=1020 581 458 217 110 439 107 241 62 205 192 413 395 86
is_linear=0
shrinkage=0.05


Tree=2
num_leaves=15
num_cat=0
split_feature=36 22 4 7 3 22 18 3 12 1 10 3 22 24
split_gain=449.242 243.635 109.123 80.9423 54.7104 53.0747 111.941 46.2932 35.9339 14.2126 8.43783 2.93616 9.40887 1.72144
threshold=5.5000000000000009 1.6865399289335883 14.120000000000003 4.1847930369036623 6.4250000000000007 1.4188413183227109 3.8983792163725579 7.0900000000000007 0.30497566684487359 60.800000000000004 13.750000000000002 4.4250000000000007 0.76585862842323638 243.63977011495896
decision_type=2 2 2 2 2 2 2 2 2 2 2 2 2 2
left_child=3 2 8 13 5 10 9 -6 -2 -7 -4 12 -12 -1
right_child=1 -3 4 -5 7 6 -8 -9 -10 -11 11 -13 -14 -15
leaf_value=-0.065139444694616522 -0.065708684103157292 -0.0652868739237248 0.094821629371231092 0.091364210307255 0.12296999296431919 0.032997187456036442 0.15255928624780363 -0.06830739969644066 0.1084892655707594 -0.06692676993088624 0.14916427540716448 0.15188472907060568 0.10043590904549077 -0.046355504939277641
leaf_weight=59.036045432090759 11.070331692695616 22.038699328899384 8.7460790425538999 9.8354020714759809 5.9139707088470441 5.7277207970619193 19.312286406755447 6.8007682263851166 4.0411425679922095 9.3964706808328611 37.692860648036003 75.261730343103409 13.43813970685005 15.373353809118269
leaf_count=331 61 123 23 26 12 22 32 35 10 50 60 120 33 82
internal_value=0.0547086 0.0923886 0.109992 -0.0434402 0.120696 0.128196 0.072783 0.0206609 -0.0191243 -0.0290843 0.142317 0.145603 0.136358 -0.0612586
internal_weight=303.685 219.44 197.402 84.2448 182.29 169.575 34.4365 12.7147 15.1115 15.1242 135.139 126.393 51.131 74.4094
internal_count=1020 581 458 439 387 340 104 47 71 72 236 213 93 413
is_linear=0
shrinkage=0.05


Tree=3
num_leaves=15
num_cat=0
split_feature=36 22 16 4 7 10 34 3 23 22 18 23 16 14
split_gain=392.389 210.187 91.7666 85.1185 73.9635 40.454 49.8985 27.127 41.0465 10.9872 5.56093 5.1856 3.98972 1.91579
threshold=5.5000000000000009 1.6865399289335883 13.750000000000002 13.040000000000001 4.1847930369036623 8.7500000000000018 2894.4609021250003 5.9750000000000005 0.19003846940561153 1.516373155925461 0.50402537633864597 0.41832610944438503 37.083333333333336 0.10240808485438392
decision_type=2 2 2 2 2 2 2 2 2 2 2 2 2 2
left_child=4 2 10 11 13 6 -5 9 -9 12 -2 -4 -7 -1
right_child=1 -3 3 5 -6 7 -8 8 -10 -11 -12 -13 -14 -15
leaf_value=-0.062089273918383994 -0.066791398545982483 -0.06432121825054464 -0.064834203776994934 -0.067410287704828958 0.083723610376548907 0.10416208124150841 0.13793683022636402 0.11347396738541859 -0.04310381660429085 0.083820302125454882 0.0082305044387680892 0.010868448626902063 0.13619309418910017 -0.024503617521907432
leaf_weight=68.39661006629467 7.0662791132926923 21.270558089017868 5.9820151031017286 6.418451175093649 10.186641111969946 10.514161333441733 5.4877165555953979 14.560994878411295 5.8740978240966788 11.948090881109236 3.7975473403930664 3.6377656906843185 128.97845107316971 3.5671619176864615
leaf_count=395 38 123 34 34 26 23 10 29 29 31 16 15 199 18
internal_value=0.0511807 0.0852585 0.100835 0.108777 -0.0423764 0.116366 0.027237 0.12254 0.0684655 0.129837 -0.0405668 -0.0362069 0.133779 -0.0602262
internal_weight=307.687 225.536 204.266 193.402 82.1504 183.782 11.9062 171.876 20.4351 151.441 10.8638 9.61978 139.493 71.9638
internal_count=1020 581 458 404 439 355 44 311 58 253 54 49 222 413
is_linear=0
shrinkage=0.05


Tree=4
num_leaves=15
num_cat=0
split_feature=16 22 6 22 0 10 10 6 26 26 22 26 11 14
split_gain=291.435 197.099 106.35 82.2121 72.4167 29.7659 53.1929 16.9356 14.8213 28.6065 16.6076 10.4461 2.85401 2.07327
threshold=35.416666666666679 1.6865399289335883 0.54534744732898155 -0.731432612538928 18.360000000000003 8.7500000000000018 7.0833333333333348 9.4096719842804983 0.7650680797271181 0.46512206461797961 1.5211018103133591 1.0138812687635232 0.76187052018485946 0.12324521537140501
decision_type=2 2 2 2 2 2 2 2 2 2 2 2 2 2
left_child=4 2 -2 11 -1 6 -5 13 9 -7 12 -4 -10 -6
right_child=1 -3 3 5 7 8 -8 -9 10 -11 -12 -13 -14 -15
leaf_value=0.10414880058778431 -0.063765820734839551 -0.063520335305194173 -0.06766175422632946 -0.066279178590916935 -0.063710460554818479 0.11898262746014172 0.13945038454600614 0.050147355113779712 0.1233925342941225 -0.0089346063676290551 0.061747893232658425 0.031890521635289645 0.098920072507402881 -0.024335147503619186
leaf_weight=7.9658188670873633 10.626258447766302 23.047879159450531 7.3048790842294675 6.575011879205702 59.048581063747406 11.193326041102411 6.017496645450592 3.5927591621875754 133.91421492397785 7.1705265194177619 12.759693697094916 4.1219462454319 13.076902136206625 3.5437258929014197
leaf_count=16 63 138 39 36 351 22 9 12 205 33 37 14 27 18
internal_value=0.0481796 0.075367 0.0904124 0.0985176 -0.0382794 0.106323 0.0320314 -0.0554216 0.111575 0.0690348 0.116466 -0.0317507 0.121215 -0.0614812
internal_weight=309.959 235.808 212.76 202.134 74.1509 190.707 12.5925 66.1851 178.115 18.3639 159.751 11.4268 146.991 62.5923
internal_count=1020 623 485 422 397 369 45 381 324 55 269 53 232 369
is_linear=0
shrinkage=0.05


Tree=5
num_leaves=15
num_cat=0
split_feature=36 22 5 7 2 15 23 7 2 34 10 24 9 18
split_gain=308.945 162.862 70.2651 62.9383 56.6626 54.9087 36.6975 30.1132 17.8404 13.2547 2.98789 1.82522 4.74825 1.73294
threshold=5.5000000000000009 1.6865399289335883 0.88300000000000012 4.1847930369036623 2.5171000000000006 0.72139272043000624 -0.40930758913144827 8.3247157278219408 9.2524500000000014 2153.3688313833341 16.250000000000004 243.63977011495896 0.0039776471938517506 1.2127375140706889
decision_type=2 2 2 2 2 2 2 2 2 2 2 2 2 2
left_child=3 2 4 11 7 6 -6 13 9 -4 -11 -1 -13 -2
right_child=1 -3 8 -5 5 -7 -8 -9 -10 10 -12 12 -14 -15
leaf_value=-0.062648489162184531 -0.065918523126122577 -0.062674405629107338 0.014868867563831793 0.072080836807982385 0.10673303287300795 0.11371812483987787 -0.064810581453638674 0.066308149470688874 0.047942007985035895 0.092422287070395626 0.11743732074365872 -0.062815055939757433 -0.0010603755504939537 -0.026499405449524328
leaf_weight=53.274297565221786 12.209566980600359 19.81396809220314 3.4019805341958991 10.708480581641195 4.7609966844320288 32.039408341050148 9.0322344750165922 7.2203067839145652 11.727248862385748 13.311027050018309 115.65982300043106 9.4147963821887952 4.6500592529773703 3.6131934821605673
leaf_count=331 68 123 13 26 10 48 52 21 36 26 166 58 24 18
internal_value=0.045575 0.074438 0.0871941 -0.0405137 0.0456535 0.0778099 -0.00559903 -0.0183057 0.107049 0.112286 0.114856 -0.0584189 -0.042398 -0.056917
internal_weight=310.837 232.79 212.976 78.0476 68.8757 45.8326 13.7932 23.0431 144.1 132.373 128.971 67.3392 14.0649 15.8228
internal_count=1020 581 458 439 217 110 62 107 241 205 192 413 82 86
is_linear=0
shrinkage=0.05


Tree=6
num_leaves=15
num_cat=0
split_feature=36 22 4 16 7 2 10 7 22 34 23 26 15 14
split_gain=276.654 144.976 63.8339 58.2601 58.1136 28.1842 23.2154 45.5894 16.2301 19.7899 5.11318 5.02522 2.80382 1.97957
threshold=5.5000000000000009 1.6865399289335883 13.040000000000001 13.750000000000002 4.1847930369036623 -6.374649999999999 10.41666666666667 4.334563734000251 1.5211018103133591 1210.9141985500003 0.38670430506918291 1.086848341184391 1.676606157119366 0.10240808485438392
decision_type=2 2 2 2 2 2 2 2 2 2 2 2 2 2
left_child=4 2 11 10 13 -5 7 -7 9 -8 -4 -2 -11 -1
right_child=1 -3 3 5 -6 6 8 -9 -10 12 -12 -13 -14 -15
leaf_value=-0.059581449228002459 -0.063695229085627122 -0.061905048702505822 -0.066390627383444187 -0.064560600056585649 0.067080554504754059 -0.065351364780976154 -0.066609769650379957 0.11367352245360691 0.046828766565804383 0.10919151664777625 0.0094915741594491353 0.0091083654817492518 0.087599550343583438 -0.020066562601818216
leaf_weight=61.660082772374153 6.8470015674829465 19.075902685523033 5.3905439674854261 2.7683687061071387 10.925446316599844 6.3350072354078284 1.6583496332168568 8.1069002002477628 12.809029892086981 147.18989996612072 3.7744085788726807 3.6251313388347626 16.74558424949646 3.3412309139966956
leaf_count=395 41 123 30 16 26 36 9 13 38 211 17 15 32 18
internal_value=0.043329 0.0702052 0.0819131 0.0880705 -0.0396166 0.0938433 0.0961172 0.0351435 0.101053 0.105247 -0.03514 -0.0384929 0.106986 -0.0575503
internal_weight=310.253 234.326 215.25 204.778 75.9268 195.613 192.845 14.4419 178.403 165.594 9.16495 10.4721 163.935 65.0013
internal_count=1020 581 458 402 439 355 339 49 290 252 47 56 243 413
is_linear=0
shrinkage=0.05


Tree=7
num_leaves=15
num_cat=0
split_feature=36 22 4 7 16 12 10 10 2 22 8 34 14 0
split_gain=249.162 129.968 56.4811 53.7884 42.5548 24.7847 22.897 38.3167 21.9843 13.166 29.8722 11.8259 2.08241 2.09158
threshold=5.5000000000000009 1.6865399289335883 14.120000000000003 4.1847930369036623 20.416666666666671 0.30497566684487359 8.7500000000000018 7.0833333333333348 -5.1963999999999997 1.4084793909590378 0.49095074295729163 1791.8190602333336 0.10603208626787747 19.415000000000003
decision_type=2 2 2 2 2 2 2 2 2 2 2 2 2 2
left_child=3 2 5 12 11 -2 7 -6 -8 -10 -11 -4 13 -1
right_child=1 -3 4 -5 6 -7 8 -9 9 10 -12 -13 -14 -15
leaf_value=-0.02143823758271059 -0.062879463593430787 -0.061190971972700153 -0.064246361526673665 0.062655580957784049 -0.064612687493088655 0.078876428263797094 -0.028780324846731122 0.11537962746850466 0.10240443013930958 -0.0030740687596364155 0.10417553052445937 0.042930794584491692 -0.017037600859250164 -0.061161614323503879
leaf_weight=3.5219844281673423 9.8484890758991224 18.351922154426575 5.5507437139749509 11.107234954833983 6.1308309286832792 4.4889203608036032 3.5749000012874594 5.7111814022064209 148.21762938797474 10.224998995661737 17.786368116736412 4.7989342361688614 3.1403126865625373 56.050973519682884
leaf_count=20 61 123 33 26 36 10 18 8 213 39 26 14 17 376
internal_value=0.0413592 0.0665607 0.0773981 -0.0387595 0.0842046 -0.0184969 0.0895378 0.0221942 0.0939731 0.0964632 0.0650262 -0.0145505 -0.0567213 -0.0588131
internal_weight=308.505 234.685 216.333 73.8205 201.996 14.3374 191.646 11.842 179.804 176.229 28.0114 10.3497 62.7133 59.573
internal_count=1020 581 458 439 387 71 340 44 296 278 65 47 413 396
is_linear=0
shrinkage=0.05


Tree=8
num_leaves=15
num_cat=0
split_feature=36 22 4 7 3 34 7 12 10 29 21 22 21 14
split_gain=225.608 117.26 50.3193 49.8953 28.6646 38.4167 28.9518 22.7217 21.0628 16.1965 18.5202 8.17525 16.5636 2.05468
threshold=5.5000000000000009 1.6865399289335883 14.120000000000003 4.1847930369036623 6.4250000000000007 1210.9141985500003 7.9596865163828676 0.30497566684487359 11.250000000000002 0.19417800177013905 1.1685436147300547 1.4084793909590378 2.7595605658077749 0.10603208626787747
decision_type=2 2 2 2 2 2 2 2 2 2 2 2 2 2
left_child=3 2 7 13 5 -4 -6 -2 9 10 -7 -10 -13 -1
right_child=1 -3 4 -5 6 8 -8 -9 11 -11 -12 12 -14 -15
leaf_value=-0.058083312469860426 -0.062098026787791673 -0.060527220192366504 -0.062973526396232687 0.058703381406606685 -0.067870282673699794 0.070875086323606937 0.081186637945644291 0.073705908809359927 0.098126448010206493 0.098453935384668165 -0.064341450216853266 0.018773246056459244 0.1012744126793346 -0.016351182250775972
leaf_weight=57.362956389784813 9.4830585867166501 17.643453985452652 4.2968552857637397 11.258165761828421 6.3859082311391813 4.5559104382991809 6.6502815634012222 4.561634197831153 143.43045438826084 6.1280256956815711 5.7015062123537064 10.366421192884447 14.726186782121657 3.1093418747186652
leaf_count=396 61 123 27 26 35 10 12 10 204 10 34 34 21 17
internal_value=0.0396299 0.0634167 0.0735274 -0.0379445 0.0798828 0.0848238 0.00816961 -0.0179897 0.0882583 0.0341392 -0.00428399 0.0935202 0.067191 -0.0559375
internal_weight=305.66 233.93 216.286 71.7305 202.242 189.205 13.0362 14.0447 184.909 16.3854 10.2574 168.523 25.0926 60.4723
internal_count=1020 581 458 439 387 340 47 71 313 54 44 259 55 413
is_linear=0
shrinkage=0.05


Tree=9
num_leaves=15
num_cat=0
split_feature=16 22 34 0 22 18 10 3 34 4 6 22 6 3
split_gain=174.705 115.599 60.8795 59.3068 49.3938 17.0574 13.228 29.3289 14.6593 16.1655 28.047 9.64974 22.0242 4.59987
threshold=35.416666666666679 1.6865399289335883 1051.208519441667 17.845000000000002 -0.7821511657079 1.2127375140706889 8.7500000000000018 5.1050000000000013 3244.883848533334 37.585000000000001 8.9360702343824503 1.4084793909590378 39.631043573056097 5.205000000000001
decision_type=2 2 2 2 2 2 2 2 2 2 2 2 2 2
left_child=3 2 -2 -1 13 -5 7 -6 11 10 -10 -8 -13 -4
right_child=1 -3 4 5 6 -7 8 -9 9 -11 -12 12 -14 -15
leaf_value=0.099959693604453059 -0.048557260361751925 -0.060115445125552482 -0.069773002347089511 -0.058125918843276704 0.090896762095646205 0.062527974581347442 0.093365900068284338 -0.062949402932415757 -0.047857184386534961 0.098556314255896782 0.09414169123027695 -0.0060351527902081786 0.093236002928008044 0.0030407029451553214
leaf_weight=7.2657328248023978 10.605585560202597 19.059966847300529 5.3572552204132062 54.473621696233749 7.919153228402136 3.0958258211612693 137.46165482699871 5.088361456990242 8.1718977540731448 8.8763028085231763 6.0532883554697028 8.4568538814783114 16.465513989329338 3.6445903182029724
leaf_count=10 70 138 30 379 14 8 197 32 48 13 9 32 24 16
internal_value=0.0380851 0.0579692 0.0682887 -0.034649 0.074261 -0.0516377 0.0794561 0.0307143 0.0828742 0.0456074 0.012568 0.088176 0.0595505 -0.0402928
internal_weight=301.996 237.16 218.1 64.8352 207.495 57.5694 198.493 13.0075 185.486 23.1015 14.2252 162.384 24.9224 9.00185
internal_count=1020 623 485 397 415 387 369 46 323 70 57 253 56 46
is_linear=0
shrinkage=0.05


Tree=10
num_leaves=15
num_cat=0
split_feature=36 22 27 16 4 12 10 10 2 2 22 12 0 34
split_gain=186.721 96.8612 43.1296 40.2942 37.2072 17.1158 16.3421 29.737 21.345 13.5838 9.16861 19.1854 5.19134 3.24608
threshold=5.5000000000000009 1.6865399289335883 -0.57135918815723485 20.416666666666671 13.040000000000001 0.3580951159341294 8.7500000000000018 7.0833333333333348 -6.374649999999999 -1.0000000180025095e-35 1.4084793909590378 0.51450917488929326 26.900000000000002 1293.9899095166668
decision_type=2 2 2 2 2 2 2 2 2 2 2 2 2 2
left_child=2 3 -1 9 12 -4 7 -6 -8 -2 13 -12 -5 -10
right_child=1 -3 5 4 6 -7 8 -9 10 -11 11 -13 -14 -15
leaf_value=0.084056251664351433 0.045498414289181742 -0.059351767208949038 -0.05538750197391399 -0.063013307902597335 -0.063040919570317433 0.072023724786620683 -0.062818757595880445 0.098216432573275253 0.049366052991146055 -0.064130212141508949 0.0036421470892763169 0.088107908546224675 0.018210611771574122 0.088904623327729179
leaf_weight=6.699126496911048 4.5843710601329803 16.288376227021217 58.117626994848251 5.0545057207345945 5.626611188054083 2.7610777914524069 2.5611283481121054 5.8119733929634094 5.3834180533885947 7.365252882242201 10.703790664672853 18.075679868459702 3.2207199782133102 145.29468104243279
leaf_count=12 15 123 421 34 36 6 16 8 15 46 39 27 14 208
internal_value=0.0367086 0.0581797 -0.0363584 0.0671388 0.0724232 -0.0496089 0.0768643 0.0188943 0.0805073 -0.0220721 0.0825528 0.056693 -0.0314009 0.087492
internal_weight=297.548 229.971 67.5778 213.682 201.733 60.8787 193.457 11.4386 182.019 11.9496 179.458 28.7795 8.27523 150.678
internal_count=1020 581 439 458 397 427 349 44 305 61 289 66 48 223
is_linear=0
shrinkage=0.05


Tree=11
num_leaves=15
num_cat=0
split_feature=36 22 7 4 16 2 10 16 22 28 14 28 34 14
split_gain=170.819 88.4696 40.3133 38.1168 34.44 18.2916 13.457 18.8123 7.1386 18.2999 5.01928 4.58719 3.51593 2.22443
threshold=5.5000000000000009 1.6865399289335883 4.1847930369036623 13.040000000000001 13.750000000000002 -6.374649999999999 11.250000000000002 88.750000000000014 1.4084793909590378 1.5155234459696674 0.20141881240147688 0.31976575543354391 1368.3164764416667 0.10603208626787747
decision_type=2 2 2 2 2 2 2 2 2 2 2 2 2 2
left_child=2 3 13 10 11 -6 7 -7 12 -10 -2 -5 -8 -1
right_child=1 -3 -4 4 5 6 8 -9 9 -11 -12 -13 -14 -15
leaf_value=-0.056131387866494943 -0.061163007492716463 -0.05881342308683904 0.049420691482028295 -0.06236100412725093 -0.062044667568234707 -0.029761548258390998 0.04400405811853135 0.075579233086264963 -0.00048781093018715493 0.08629787623745995 0.016037166923944988 0.013232695117249772 0.085039106935442685 -0.010925794935936015
leaf_weight=51.191636234521866 6.0905237793922407 15.6322034150362 11.484443902969359 4.8309176564216596 2.4658417552709571 7.066338054835799 5.4193477630615225 10.58992103487253 9.4449770599603671 17.020264372229576 3.2178331017494202 3.4329780489206314 141.91034379601479 2.8740751743316642
leaf_count=396 42 123 26 32 16 39 15 19 35 25 14 15 206 17
internal_value=0.0354468 0.0559681 -0.0356565 0.0644522 0.0690068 0.0732668 0.0750096 0.03342 0.0792348 0.0553256 -0.0344755 -0.030958 0.0835297 -0.0537283
internal_weight=292.672 227.121 65.5502 211.489 202.181 193.917 191.451 17.6563 173.795 26.4652 9.30836 8.2639 147.33 54.0657
internal_count=1020 581 439 458 402 355 339 58 281 60 56 47 221 413
is_linear=0
shrinkage=0.05


Tree=12
num_leaves=15
num_cat=0
split_feature=36 22 27 4 3 34 7 10 29 18 9 22 13 26
split_gain=156.579 81.0017 37.6549 34.7295 20.3669 39.4663 22.328 15.1986 14.4661 14.3064 17.5439 6.0194 10.9435 4.78677
threshold=5.5000000000000009 1.6865399289335883 -0.57135918815723485 13.040000000000001 6.4250000000000007 1210.9141985500003 7.9596865163828676 11.250000000000002 0.08256487749982229 4.0265230634786766 0.0077347393468244008 1.4084793909590378 2.8435549479804325 1.1046096153801395
decision_type=2 2 2 2 2 2 2 2 2 2 2 2 2 2
left_child=2 3 -1 13 5 -5 -6 9 -4 10 -7 -9 -13 -2
right_child=1 -3 8 4 6 7 -8 11 -10 -11 -12 12 -14 -15
leaf_value=0.076459485021195234 -0.060122844188032966 -0.058310522440340309 -0.054106977302973196 -0.06109074273711728 -0.066201654915497718 0.070621889564799145 0.067650355603519438 0.0829948341290003 0.060128515580758261 0.090529450266121983 -0.063586863203850111 0.013669894112960577 0.081567167166322049 0.015995511945539758
leaf_weight=6.7762026041746131 5.9207158312201482 14.994800649583338 53.912989132106304 5.5320618152618399 5.8932752758264524 4.1381345987319929 6.6101877391338348 140.46057215332985 2.9215176329016677 5.7498836517333975 5.9165549278259277 9.3860548138618487 16.138665363192558 3.1718835085630417
leaf_count=12 43 123 420 39 35 8 12 206 7 8 38 32 24 13
internal_value=0.0342753 0.0539417 -0.0349516 0.0619985 0.0663471 0.0704712 0.00456169 0.0744748 -0.0482348 0.0276225 -0.00835155 0.0789359 0.0565997 -0.0335695
internal_weight=287.523 223.913 63.6107 208.918 199.825 187.322 12.5035 181.79 56.8345 15.8046 10.0547 165.985 25.5247 9.0926
internal_count=1020 581 439 458 402 355 47 316 427 54 46 262 56 56
is_linear=0
shrinkage=0.05


Tree=13
num_leaves=15
num_cat=0
split_feature=36 22 7 16 4 2 10 10 2 22 12 0 34 14
split_gain=144.047 74.4649 35.0548 31.6929 28.2291 13.9214 12.6926 24.0188 16.1393 7.58931 16.5146 5.00016 2.50417 2.2935
threshold=5.5000000000000009 1.6865399289335883 4.1847930369036623 20.416666666666671 13.040000000000001 -0.21639999999999998 8.7500000000000018 7.0833333333333348 -6.374649999999999 1.4302192086291492 0.51450917488929326 26.900000000000002 1368.3164764416667 0.10603208626787747
decision_type=2 2 2 2 2 2 2 2 2 2 2 2 2 2
left_child=2 3 13 5 11 -2 7 -6 -8 12 -11 -5 -10 -1
right_child=1 -3 -4 4 6 -7 8 -9 9 10 -12 -13 -14 -15
leaf_value=-0.054973124916423949 0.051483112666659316 -0.057840239991053748 0.044246484082837836 -0.061827986288783589 -0.061824882672839969 -0.063488471565837382 -0.060605869385746018 0.087023901421320493 0.046693140692886034 -0.0030062832567747107 0.078185002628824024 0.019922267124571416 0.079372379287822231 -0.0080666334226907038
leaf_weight=47.359843239188194 4.1548465192317963 14.376525536179541 11.545775204896925 4.6279422268271437 5.1801029667258245 7.1879910230636579 2.2736875265836707 5.6840447187423706 6.1185358315706244 9.7232281267642993 17.599738538265228 3.1392017751932144 139.91664499044418 2.7577298283576956
leaf_count=396 13 123 26 34 36 48 16 8 16 37 27 14 209 17
internal_value=0.0332407 0.0521724 -0.0342976 0.0598648 0.0646083 -0.0213747 0.068498 0.0160517 0.0717422 0.073478 0.049292 -0.0287875 0.0780032 -0.0523921
internal_weight=281.646 219.982 61.6633 205.606 194.263 11.3428 186.496 10.8641 175.632 173.358 27.323 7.76714 146.035 50.1176
internal_count=1020 581 439 458 397 61 349 44 305 289 64 48 225 413
is_linear=0
shrinkage=0.05


Tree=14
num_leaves=15
num_cat=0
split_feature=36 22 27 4 16 12 22 10 10 2 22 12 2 24
split_gain=132.687 68.5663 33.069 29.7434 25.6674 16.8808 14.1772 11.4855 22.1971 14.7952 7.22948 13.8822 4.84037 2.61634
threshold=5.5000000000000009 1.6865399289335883 -0.57135918815723485 13.040000000000001 20.416666666666671 0.41088670078089101 1.0812763746019478 8.7500000000000018 7.0833333333333348 -6.374649999999999 1.4084793909590378 0.51450917488929326 -3.2040999999999995 243.63977011495896
decision_type=2 2 2 2 2 2 2 2 2 2 2 2 2 2
left_child=2 3 -1 12 6 13 -5 8 -6 -9 -11 -12 -2 -4
right_child=1 -3 5 4 7 -7 -8 9 -10 10 11 -13 -14 -15
leaf_value=0.070217468241553921 -0.059329512765796191 -0.057400031910065534 -0.058931900639931825 0.061756888943766033 -0.061148355822539503 0.081878631260638879 -0.061787810169009486 -0.059986803386329127 0.08394021520397095 0.075529295661469986 0.002892562215309698 0.075351538817637814 0.018745765055427147 -0.030880571412579591
leaf_weight=6.794993355870246 5.7196956053376198 13.777591884136198 40.110699221491814 3.6816772967576963 4.980596296489237 2.4267816394567481 6.2882349193096161 2.1845513731241217 5.6003014445304871 142.56547766923904 10.676895901560785 17.354623228311539 3.0403626784682256 10.485388226807116
leaf_count=12 44 123 340 8 36 4 45 16 8 223 39 27 12 83
internal_value=0.0322641 0.0505239 -0.0336315 0.0578815 0.0619647 -0.04694 -0.0161654 0.0662128 0.0156447 0.0693095 0.0709652 0.0477527 -0.0322318 -0.0531186
internal_weight=275.688 215.87 59.8179 202.092 193.332 53.0229 9.96991 183.362 10.5809 172.782 170.597 28.0315 8.76006 50.5961
internal_count=1020 581 439 458 402 427 53 349 44 305 289 66 56 423
is_linear=0
shrinkage=0.05


Tree=15
num_leaves=15
num_cat=0
split_feature=36 22 27 4 3 12 12 7 22 21 34 8 10 11
split_gain=122.441 63.2608 30.6476 27.523 19.0045 15.9262 15.6856 15.3827 13.1472 32.497 13.84 12.798 3.78721 2.41408
threshold=5.5000000000000009 1.6865399289335883 -0.57135918815723485 14.120000000000003 6.6400000000000015 0.30497566684487359 0.41088670078089101 7.9596865163828676 1.4188413183227109 2.7328131704813727 1210.9141985500003 0.24481371889754647 12.083333333333334 0.63264614988215562
decision_type=2 2 2 2 2 2 2 2 2 2 2 2 2 2
left_child=2 3 -1 5 8 -2 13 -6 10 11 -5 -10 -12 -4
right_child=1 -3 6 4 7 -7 -8 -9 9 -11 12 -13 -14 -15
leaf_value=0.066823006184574624 -0.059305671048202183 -0.056987594611449068 -0.0085006048353258677 -0.062996141274081915 -0.065261642985917218 0.058466864335072477 0.07776719557594361 0.056915777716278516 0.048696699262796433 0.072024145074338783 0.039264811503524039 -0.065618661498839007 0.075252446853902172 -0.055283138181591654
leaf_weight=6.783388376235961 7.8366622999310476 13.198094636201857 2.9342954605817786 1.8888515084981907 5.2333480864763242 4.5298126339912415 2.427279293537139 5.0741564929485321 3.508937641978263 22.382792204618454 7.7392165064811698 8.1003891080617887 132.00131043791771 45.780552141368389
leaf_count=12 61 123 23 13 34 10 4 10 14 39 21 51 205 400
internal_value=0.0313682 0.0490084 -0.0330388 0.0560633 0.0608674 -0.0161658 -0.0462842 -0.0051164 0.0647401 0.0368155 0.0714422 -0.0310667 0.0732594 -0.0524652
internal_weight=269.419 211.494 57.9255 198.295 185.929 12.3665 51.1421 10.3075 175.621 33.9921 141.629 11.6093 139.741 48.7148
internal_count=1020 581 439 458 387 71 427 44 343 104 239 65 226 423
is_linear=0
shrinkage=0.05


Tree=16
num_leaves=15
num_cat=0
split_feature=36 4 19 31 7 6 2 16 34 18 4 23 0 16
split_gain=113.172 48.1675 43.2059 31.9746 28.3924 13.2347 11.5588 14.8324 8.00097 7.34316 22.5936 2.62474 2.86063 2.31916
threshold=5.5000000000000009 31.490000000000006 0.90993794372948644 1.0000000180025095e-35 4.1847930369036623 8.9360702343824503 9.2524500000000014 88.750000000000014 2153.3688313833341 0.53064727752210528 28.365000000000006 -1.4546357709599116 19.685000000000006 76.250000000000014
decision_type=2 2 2 2 2 2 2 2 2 2 2 2 2 2
left_child=4 2 3 9 11 13 8 -8 -3 10 -2 -1 -13 -5
right_child=1 6 -4 5 -6 -7 7 -9 -10 -11 -12 12 -14 -15
leaf_value=-0.0019824043659559198 -0.061340077509186325 -0.0017988749811140483 -0.059851688265281103 -0.061935157384000211 0.037717083748629469 0.039861039887067046 -0.033501696912177692 0.079041970576087778 0.072179393107233675 0.071667163675443776 0.10221569625439178 -0.003117548073802651 -0.056913273054452429 -0.0091670649294503092
leaf_weight=2.623302534222602 4.2982159554958326 3.7709636241197577 15.298462264239786 9.4227712899446505 11.463963344693182 6.139714151620864 6.3884966149926168 5.4040490388870239 118.73894715309143 30.586416810750961 4.1504051089286804 2.6367800384759894 39.349604934453964 2.6728781983256331
leaf_count=22 34 15 129 71 26 23 36 8 192 50 6 20 371 17
internal_value=0.0305384 0.0476164 0.0147945 0.0347345 -0.0324671 -0.0199265 0.0653513 0.0180725 0.0699023 0.0602696 0.0190071 -0.0505033 -0.0535349 -0.0502745
internal_weight=262.945 206.871 72.5689 57.2704 56.0737 18.2354 134.302 11.7925 122.51 39.035 8.44862 44.6097 41.9864 12.0956
internal_count=1020 581 330 201 439 111 251 44 207 90 40 413 391 88
is_linear=0
shrinkage=0.05


Tree=17
num_leaves=15
num_cat=0
split_feature=36 22 7 16 4 26 2 10 10 2 22 8 14 34
split_gain=104.726 54.8145 26.609 23.8809 17.8349 16.443 11.7534 10.1642 18.835 9.70711 6.88718 14.2358 2.75211 2.87001
threshold=5.5000000000000009 1.6865399289335883 4.1847930369036623 20.416666666666671 14.120000000000003 1.4274996720455497 -0.21639999999999998 8.7500000000000018 7.0833333333333348 -5.1963999999999997 1.4084793909590378 0.49095074295729163 0.1111870662406144 514.51069394166677
decision_type=2 2 2 2 2 2 2 2 2 2 2 2 2 2
left_child=2 3 12 6 5 -5 -2 8 -6 -9 -11 -12 13 -1
right_child=1 -3 -4 4 7 -7 -8 9 -10 10 11 -13 -14 -15
leaf_value=-0.0029166773688195247 0.046388389900725385 -0.05633406890656191 0.035841084464607563 -0.059603868900822449 -0.060782668631145481 0.071322106671325769 -0.062462027284141346 -0.027071816177745029 0.0768362143164385 0.070470713026610302 -0.0047260949223866802 0.071211573865328351 0.0027294029982138516 -0.056492145512677998
leaf_weight=2.6762160807847968 4.0363951101899147 12.218762144446371 11.460859432816504 6.0402321070432645 4.6955991014838201 3.9771198034286499 6.4313414990901929 2.8669865056872359 5.2842520475387573 130.38015735149384 9.9493195265531558 16.254958733916283 2.3469046503305426 37.904041230678558
leaf_count=23 13 123 26 49 36 8 48 18 8 213 39 26 16 374
internal_value=0.0297455 0.0463172 -0.0318436 0.0529215 0.0572037 -0.00762324 -0.0204889 0.0610365 0.0120854 0.0641003 0.0657696 0.0423793 -0.0499143 -0.0529589
internal_weight=256.523 202.135 54.388 189.916 179.449 10.0174 10.4677 169.431 9.97985 159.451 156.584 26.2043 42.9272 40.5803
internal_count=1020 581 439 458 397 57 61 340 44 296 278 65 413 397
is_linear=0
shrinkage=0.05


Tree=18
num_leaves=15
num_cat=0
split_feature=36 4 34 27 12 6 23 34 7 16 16 0 16 11
split_gain=97.0874 41.6529 31.776 25.8715 13.5337 12.8891 19.0874 12.5527 15.8422 7.00169 12.9216 21.3369 6.38628 3.87157
threshold=5.5000000000000009 31.490000000000006 1658.989257991667 -0.57135918815723485 0.41088670078089101 8.9360702343824503 -1.4223489280824613 1368.3164764416667 3.1534748483111463 78.750000000000014 72.083333333333357 29.610000000000003 27.083333333333339 0.62295967376714556
decision_type=2 2 2 2 2 2 2 2 2 2 2 2 2 2
left_child=3 2 7 -1 13 6 -4 8 -2 10 12 -12 -3 -5
right_child=1 9 5 4 -6 -7 -8 -9 -10 -11 11 -13 -14 -15
leaf_value=0.060480434792783838 -0.059872648096319696 0.024741922234115494 0.045410087235849883 0.018847087874959034 0.07081772698983245 0.035222338805199017 -0.0544646899833401 0.071581045195193857 0.071247558691197019 0.071515124612310452 0.071333961769001128 -0.074986586123031426 0.071039089836865632 -0.054147008452746503
leaf_weight=6.7110844254493704 4.8692674711346644 9.7721859067678434 6.0619915872812298 1.8992350623011578 2.4069796353578559 8.977875888347624 22.688578143715858 22.04589432477951 4.3720540851354599 77.074020624160767 4.8768577575683576 5.0938827022910118 31.327505588531494 41.733726896345615
leaf_count=12 41 31 22 15 4 34 190 36 7 126 8 35 51 408
internal_value=0.0290156 0.0451356 0.0138201 -0.0312338 -0.0446027 -0.0170754 -0.0334063 0.0510761 0.00216011 0.0620014 0.0476435 -0.00341873 0.0600311 -0.0509698
internal_weight=249.911 197.16 69.0157 52.751 46.0399 37.7284 28.7506 31.2872 9.24132 128.144 51.0704 9.97074 41.0997 43.633
internal_count=1020 581 330 439 427 246 212 84 48 251 125 43 82 423
is_linear=0
shrinkage=0.05


Tree=19
num_leaves=15
num_cat=0
split_feature=16 22 0 22 18 18 13 22 18 12 34 9 24 23
split_gain=79.7448 53.1543 31.6047 28.0084 23.2425 11.1517 8.1746 5.9707 17.2146 19.1009 5.8799 11.5834 4.9756 3.69682
threshold=35.416666666666679 1.6865399289335883 17.845000000000002 -0.731432612538928 0.23195048040051394 1.2127375140706889 0.24980155823028852 1.4302192086291492 3.8983792163725579 -0.017217555349084295 3244.883848533334 0.0047910868259758007 8.5929883945819991 -1.7613852511579762
decision_type=2 2 2 2 2 2 2 2 2 2 2 2 2 2
left_child=2 3 -1 6 -5 13 -2 10 9 -9 -6 -12 -13 -4
right_child=1 -3 5 4 7 -7 -8 8 -10 -11 11 12 -14 -15
leaf_value=0.074114994865755915 0.0319051627340304 -0.056100752956769001 0.012898095694239844 -0.035932357215936982 0.06607755976420393 0.043946552895236302 -0.068764244568787283 0.080089806904747526 0.067645414880789942 -0.051902831107921356 0.066660077743147264 0.028017948460675974 -0.060300017868943546 -0.056922997633201966
leaf_weight=6.3504255414009085 2.9960179328918439 12.788718804717062 2.0010787323117247 6.923779033124446 118.27684124559164 3.1992750167846671 6.1683665364980698 4.1042889207601574 19.147123485803604 8.2512024119496328 10.620187714695932 3.0272698700428 3.370013028383255 36.038193598389626
leaf_count=10 9 138 14 66 211 8 44 9 32 52 20 10 32 365
internal_value=0.0283295 0.0424474 -0.0297198 0.0493386 0.0538328 -0.0457095 -0.0358534 0.057559 0.0379545 -0.00805707 0.0621238 0.0346437 -0.0185069 -0.05325
internal_weight=243.263 195.674 47.589 182.885 173.721 41.2385 9.16438 166.797 31.5026 12.3555 135.294 17.0175 6.39728 38.0393
internal_count=1020 623 397 485 432 387 53 366 93 61 273 62 42 379
is_linear=0
shrinkage=0.05


Tree=20
num_leaves=15
num_cat=0
split_feature=36 22 27 22 12 4 15 31 34 3 24 14 19 6
split_gain=83.2876 44.8939 22.5337 19.5917 12.0613 9.09885 28.0977 5.6507 7.94678 5.56192 3.05002 8.86808 2.98141 2.86884
threshold=5.5000000000000009 1.6865399289335883 -0.57135918815723485 -0.731432612538928 0.41088670078089101 31.490000000000006 0.19215633279856029 1.0000000180025095e-35 3987.9649468500006 5.9750000000000005 243.63977011495896 0.026093978391129102 0.2617660136870314 40.550122560469823
decision_type=2 2 2 2 2 2 2 2 2 2 2 2 2 2
left_child=2 3 -1 12 10 6 -5 -8 -9 13 -4 -12 -2 -7
right_child=1 -3 4 5 -6 9 7 8 -10 -11 11 -13 -14 -15
leaf_value=0.055953838358180776 -0.058955616081901807 -0.055525733874948496 -0.057022594296826407 -0.050694268485658445 0.066243784912304329 0.066543640678271232 0.060496109173152873 -0.031810687150059309 0.062265428066995837 0.028020830626655537 -0.056780060486278185 0.053038720969377465 0.0091361177589950257 0.041327595956807045
leaf_weight=6.5897989869117728 4.3296180292963973 10.90848934650421 31.659598298370838 8.1149310916662198 2.3702102303504935 94.225172802805901 33.028259269893169 4.438743591308592 4.5415292978286743 12.298109903931616 6.0902001932263357 2.6330837532877922 2.55698212236166 12.813469357788561
leaf_count=12 37 123 340 49 4 169 78 33 8 35 62 21 14 35
internal_value=0.0276807 0.0429089 -0.0301102 0.0489979 -0.0433757 0.0523575 0.0344805 0.050934 0.0157658 0.0598662 -0.0498097 -0.0236318 -0.0336733 0.0635251
internal_weight=236.598 187.255 49.3429 176.347 42.7531 169.46 50.1235 42.0085 8.98027 119.337 40.3829 8.72328 6.8866 107.039
internal_count=1020 581 439 458 427 407 168 119 41 239 423 83 51 204
is_linear=0
shrinkage=0.05


Tree=21
num_leaves=15
num_cat=0
split_feature=16 22 1 22 18 20 10 10 34 2 10 10 22 20
split_gain=70.246 46.0995 28.0228 25.8438 19.6077 9.43966 5.99745 13.0866 4.81173 6.13804 5.94943 7.05927 5.89284 9.96254
threshold=35.416666666666679 1.6865399289335883 49.915000000000013 -0.7821511657079 0.23195048040051394 -0.36428843668071015 8.7500000000000018 7.0833333333333348 3244.883848533334 -3.8831999999999995 52.083333333333343 18.750000000000004 1.4084793909590378 1.2285083313758458
decision_type=2 2 2 2 2 2 2 2 2 2 2 2 2 2
left_child=2 3 5 -2 -5 -1 7 -6 9 -8 11 -10 -11 -14
right_child=1 -3 -4 4 6 -7 8 -9 10 12 -12 -13 13 -15
leaf_value=-0.0022171513186531066 -0.043951759781503834 -0.055482474237254067 -0.053329202275556077 -0.034087626101707368 -0.040004677012191639 0.087294368596849137 -0.080873398240808608 0.071675862385878517 0.050233154114004565 0.06610004675814185 0.058748253651128436 -0.040528954733381223 -0.0014555445888961842 0.067253488995767302
leaf_weight=6.9178256094455719 7.4775569364428511 11.714895509183405 32.654212214052677 6.496915064752101 5.050005339086054 5.1291836574673635 0.76305973529815574 5.4581787586212158 4.0968203097581881 108.23284323513508 10.612951159477232 4.4906449690461159 9.3224715739488619 12.153689458966253
leaf_count=35 48 138 352 66 37 10 5 9 10 194 22 38 35 21
internal_value=0.0269924 0.0405266 -0.0292836 0.0469849 0.0510645 0.0358936 0.0545183 0.0180046 0.0570818 0.060521 0.0337122 0.00277091 0.0613528 0.037428
internal_weight=230.571 185.87 44.7012 174.155 166.678 12.047 160.181 10.5082 149.672 130.472 19.2004 8.58747 129.709 21.4762
internal_count=1020 623 397 485 437 45 371 46 325 255 70 48 250 56
is_linear=0
shrinkage=0.05


Tree=22
num_leaves=15
num_cat=0
split_feature=16 22 1 22 18 24 10 10 22 22 8 34 9 26
split_gain=65.281 42.9084 26.3205 22.8039 18.3117 8.70453 6.87571 15.978 6.65629 4.19952 13.6252 5.33359 8.99185 3.79446
threshold=35.416666666666679 1.6865399289335883 49.915000000000013 -0.731432612538928 0.23195048040051394 64.728497600301992 8.7500000000000018 7.0833333333333348 -0.88344702553846866 1.4302192086291492 0.49095074295729163 3244.883848533334 0.0047910868259758007 1.1533723991679741
decision_type=2 2 2 2 2 2 2 2 2 2 2 2 2 2
left_child=2 3 5 8 -5 -1 7 -6 -2 11 -11 -8 -13 -14
right_child=1 -3 -4 4 6 -7 9 -9 -10 10 -12 12 13 -15
leaf_value=-0.0062418100471746535 -0.068953846848491193 -0.055195228702136535 -0.052820479066715775 -0.03327540837104595 -0.060147123959404629 0.079158242773622531 0.06391319841951458 0.070193874089509084 0.020595769093889479 -0.017709632088244116 0.063999477867827809 0.061281368424463127 -0.057489901423094195 0.023693600472681584
leaf_weight=6.2777245715260488 5.2004977092146873 11.200078547000883 31.353270538151264 6.3270851820707312 4.2268530204892141 5.6866529583930969 106.4626879543066 5.2987863421440125 3.4529296010732633 7.6843711733818081 15.182094782590864 10.083672031760214 2.8885397315025321 2.8687759786844254
leaf_count=34 39 138 352 66 36 11 199 9 14 35 27 20 32 8
internal_value=0.0263885 0.0395921 -0.0287443 0.0458489 0.0500982 0.0343487 0.0535082 0.0123571 -0.0332214 0.0562084 0.0365408 0.0598855 0.0328168 -0.0170375
internal_weight=224.194 180.876 43.3176 169.676 161.023 11.9644 154.696 9.52564 8.65343 145.17 22.8665 122.304 15.841 5.75732
internal_count=1020 623 397 485 432 45 366 45 53 321 62 259 60 40
is_linear=0
shrinkage=0.05


Tree=23
num_leaves=15
num_cat=0
split_feature=36 22 7 16 4 34 6 4 16 29 9 29 34 12
split_gain=66.613 36.0911 18.6921 18.0675 12.4185 15.1538 10.978 12.3489 10.9241 7.16215 4.70459 6.51918 2.90953 3.37762
threshold=5.5000000000000009 1.6865399289335883 6.3521225764012597 20.416666666666671 31.565000000000001 1658.989257991667 8.9360702343824503 28.365000000000006 99.583333333333357 -0.0087318354504806479 0.013256820148797751 0.19825309632822177 514.51069394166677 -0.12708701886186027
decision_type=2 2 2 2 2 2 2 2 2 2 2 2 2 2
left_child=2 3 8 9 5 -5 7 -7 12 -2 -6 -12 -1 -14
right_child=1 -3 -4 4 10 6 -8 -9 -10 -11 11 -13 13 -15
leaf_value=0.0078395548070642265 0.025540737808904923 -0.054684319803395012 0.05905336988661241 0.057174921730586109 0.063209756395898459 -0.050478380986040572 0.059030060136632173 0.031585050960312062 0.065802277768182191 -0.060910980746495286 -0.0057763520450838726 0.068384716598870174 -0.0031219681174147109 -0.055689270156683846
leaf_weight=2.2703116089105597 4.4517368450760841 9.5288249999284726 5.3594525903463355 24.338605128228664 92.239810094237328 11.261258050799375 6.3142882883548728 7.731734186410903 2.2779560685157767 5.1872795745730382 6.1820731908082944 5.6915415525436401 3.3847836926579431 31.436125136911873
leaf_count=23 17 123 10 52 176 87 12 30 4 44 30 10 16 386
internal_value=0.0258373 0.0399051 -0.0285507 0.0454212 0.049584 0.0290064 0.00191605 -0.0170717 -0.0404766 -0.0209836 0.0593964 0.0297723 -0.0470037 -0.0505794
internal_weight=217.656 172.927 44.7286 163.398 153.759 49.6459 25.3073 18.993 39.3692 9.63902 104.113 11.8736 37.0912 34.8209
internal_count=1020 581 439 458 397 181 129 117 429 61 216 40 425 402
is_linear=0
shrinkage=0.05


Tree=24
num_leaves=15
num_cat=0
split_feature=16 22 1 22 18 29 22 20 10 10 22 18 31 4
split_gain=56.8226 37.32 23.7107 17.8356 15.278 10.4232 8.62215 7.39666 6.70801 14.578 4.22097 8.98377 2.63795 8.1473
threshold=35.416666666666679 1.6865399289335883 49.915000000000013 -0.62591955518896869 0.23517571414351077 0.0075792087015442182 -0.88344702553846866 -0.4083810669561409 8.7500000000000018 7.0833333333333348 1.4302192086291492 3.5518042228614819 1.0000000180025095e-35 37.585000000000001
decision_type=2 2 2 2 2 2 2 2 2 2 2 2 2 2
left_child=2 3 7 6 5 -5 -2 -1 9 -6 12 -12 -10 -14
right_child=1 -3 -4 4 8 -7 -8 -9 10 -11 11 -13 13 -15
leaf_value=-0.0026755023170760279 -0.068051201705649642 -0.054668465742260045 -0.052070688777328115 -0.055371028114306012 -0.059771337075063095 0.077601387405020816 0.025110655426270792 0.077719955894873224 0.062093193374489875 0.067643763717881153 -0.0045599711491980336 0.060679064306199751 -0.0044334282292540573 0.064228318695631781
leaf_weight=6.5500142946839333 4.92373988032341 10.229914456605909 28.984802454710007 5.6574946865439406 4.089673884212969 1.9928560853004453 5.0113756656646711 5.0797322914004308 92.206149280071259 4.9767192006111145 8.7954590171575564 13.191210001707075 6.3970210626721409 13.308974012732504
leaf_count=33 39 138 352 68 36 9 18 12 182 9 37 25 37 25
internal_value=0.0252857 0.0379273 -0.0278715 0.0438273 0.0481075 -0.0207328 -0.0210594 0.0324403 0.0517913 0.0101693 0.0546095 0.0345811 0.0585444 0.0419391
internal_weight=211.395 170.781 40.6145 160.551 150.616 7.65035 9.93512 11.6297 142.965 9.06639 133.899 21.9867 111.912 19.706
internal_count=1020 623 397 485 428 77 57 45 351 45 306 62 244 62
is_linear=0
shrinkage=0.05


Tree=25
num_leaves=15
num_cat=0
split_feature=36 10 5 15 2 27 34 12 3 24 19 15 34 10
split_gain=57.8358 27.3291 21.2488 29.9815 19.3457 16.3976 11.8535 9.50532 4.94644 3.3979 6.70428 2.61715 1.8317 0.977051
threshold=5.5000000000000009 7.0833333333333348 0.77900000000000014 0.43590829509499524 -1.1043999999999998 -0.57135918815723485 1658.989257991667 0.41088670078089101 5.9750000000000005 243.63977011495896 0.93727135704298981 0.072273394068569113 2223.3538088333339 37.916666666666679
decision_type=2 2 2 2 2 2 2 2 2 2 2 2 2 2
left_child=5 -2 3 -3 6 -1 -5 9 11 -7 -11 -4 -13 -6
right_child=1 2 8 4 13 7 -8 -9 -10 10 -12 12 -14 -15
leaf_value=0.047648955708156603 -0.057023778247788141 -0.059082448707360471 0.035408364371453775 0.056926892130838118 0.044185860750411476 -0.055921029888844231 -0.057786738697960763 0.059090267650690344 0.023195706297225529 0.041118829272437735 -0.05539099006636751 0.045603480258051318 0.064626324193134341 0.065449214117415389
leaf_weight=6.166560471057891 7.2007165253162375 10.688260383903978 11.041377693414686 3.2954604327678663 7.6531443968415287 25.913586653769016 7.1115953624248505 2.239342287182807 11.156665734946726 2.9453847780823699 4.6253571510314941 15.38132470846176 71.379832655191422 18.370668202638626
leaf_count=12 81 113 38 6 20 340 70 4 35 26 57 35 145 38
internal_value=0.0247659 0.0382122 0.0426059 0.0145517 0.0361548 -0.0276449 -0.0214619 -0.0406421 0.0547379 -0.0473119 -0.017844 0.0583361 0.0612539 0.059196
internal_weight=205.169 163.279 156.078 47.1191 36.4309 41.8902 10.4071 35.7237 108.959 33.4843 7.57074 97.8025 86.7612 26.0238
internal_count=1020 581 500 247 134 439 76 427 253 423 83 218 180 58
is_linear=0
shrinkage=0.05


Tree=26
num_leaves=15
num_cat=0
split_feature=36 10 4 19 2 7 1 7 16 11 1 19 12 10
split_gain=53.8787 25.5053 19.6871 21.7172 17.4182 15.4928 9.41884 9.31527 6.59724 4.93259 2.498 6.40841 7.01587 2.22646
threshold=5.5000000000000009 7.0833333333333348 31.490000000000006 0.90993794372948644 2.5171000000000006 6.3521225764012597 49.570000000000007 8.3247157278219408 22.083333333333339 0.60820943440260378 52.925000000000004 0.52782918707288673 0.21895302168353753 70.416666666666686
decision_type=2 2 2 2 2 2 2 2 2 2 2 2 2 2
left_child=5 -2 3 4 7 6 -1 13 -4 -8 -6 -12 -13 -3
right_child=1 2 8 -5 10 -7 9 -9 -10 -11 11 12 -14 -15
leaf_value=0.022104740553898765 -0.056670101096436082 -0.061629436370694859 0.0102668104304532 -0.059370593616493307 0.079459140216452478 0.054182534264142393 0.037842614124432052 0.035924513646567867 0.058285857713030131 -0.054518496908448989 0.062985455634083892 -0.044750596365276382 0.054381404269229307 -0.0040135119240641429
leaf_weight=5.3613696098327628 6.8911994323134413 6.5086399503052217 7.7519238442182532 7.9668018296360961 6.7012383043766048 5.1106771677732459 1.5227363482117677 5.564905233681201 92.546341814100742 28.523065507411957 15.227230727672579 3.5155819952487937 3.6253806427121162 2.2586259841918945
leaf_count=15 81 63 28 90 11 10 13 21 200 401 32 34 8 13
internal_value=0.0242588 0.037408 0.0416826 0.0165108 0.0304396 -0.0271976 -0.038944 -0.0146714 0.0545745 -0.0498376 0.0526807 0.0446582 0.00557753 -0.0467864
internal_weight=199.076 158.558 151.667 51.3684 43.4016 40.5178 35.4072 14.3322 100.298 30.0458 29.0694 22.3682 7.14096 8.76727
internal_count=1020 581 500 272 182 439 429 97 228 414 85 74 42 76
is_linear=0
shrinkage=0.05


Tree=27
num_leaves=15
num_cat=0
split_feature=36 22 16 7 4 4 23 31 6 16 29 9 23 11
split_gain=50.2395 27.7483 15.0327 14.4277 10.1276 9.74129 14.4523 10.3254 9.67611 9.01624 6.24519 4.57103 3.55088 4.39998
threshold=5.5000000000000009 1.6865399289335883 20.416666666666671 6.3521225764012597 31.490000000000006 17.575000000000006 -1.2297754287945426 1.0000000180025095e-35 8.9360702343824503 99.583333333333357 -0.0087318354504806479 0.013256820148797751 -1.6323738582425869 0.62295967376714556
decision_type=2 2 2 2 2 2 2 2 2 2 2 2 2 2
left_child=3 2 10 9 5 7 -7 -4 -9 12 -2 -6 -1 -14
right_child=1 -3 4 -5 11 6 -8 8 -10 -11 -12 -13 13 -15
leaf_value=0.0083709751604897648 0.02266505389298281 -0.053853895351136473 0.060232591976381526 0.052280180125322567 0.059125586838118666 0.060870327972544484 -0.053009391551886033 -0.039536936137831678 0.06065256192744542 0.060381427326489212 -0.060409588134933238 0.024545713590735159 0.027692898921236098 -0.055096377520041567
leaf_weight=2.8332918062806121 4.3332460895180702 8.0257884301245195 21.430045336484909 5.0337831676006308 82.196149349212646 4.3424637317657471 7.77290031313896 6.2547437101602572 3.920359343290329 2.1641506999731055 4.7335999310016614 10.814004018902777 1.7044686004519487 27.467153467237949
leaf_count=15 17 123 46 10 179 9 60 56 7 4 44 40 15 395
internal_value=0.023781 0.0366585 0.041641 -0.0267475 0.0457754 0.0259275 -0.0121919 0.04054 -0.000934985 -0.0383899 -0.0207064 0.0551051 -0.0450688 -0.0502591
internal_weight=193.026 153.823 145.798 39.2028 136.731 43.7205 12.1154 31.6051 10.1751 34.1691 9.06685 93.0102 32.0049 29.1716
internal_count=1020 581 458 439 397 178 69 109 63 429 61 219 425 410
is_linear=0
shrinkage=0.05


Tree=28
num_leaves=15
num_cat=0
split_feature=36 22 7 4 15 22 1 2 11 31 6 15 11 34
split_gain=46.8674 25.9339 13.4482 12.1 16.8236 15.7138 8.58111 6.65443 4.55185 3.53758 6.31405 2.55508 1.96369 5.45464
threshold=5.5000000000000009 1.6865399289335883 6.3521225764012597 31.490000000000006 0.14762063962033314 -0.731432612538928 49.570000000000007 9.2524500000000014 0.60820943440260378 1.0000000180025095e-35 8.9360702343824503 0.86722850545744457 0.70615550830135998 2778.3159205833335
decision_type=2 2 2 2 2 2 2 2 2 2 2 2 2 2
left_child=2 3 6 4 -2 -6 -1 12 -8 11 -11 -7 13 -5
right_child=1 -3 -4 7 5 9 8 -9 -10 10 -12 -13 -14 -15
leaf_value=0.020375135811707221 -0.062666548657931073 -0.05365260103987135 0.050471663440290429 0.0077628339443101173 -0.05702208828745358 0.024272722521431696 0.032869796252176252 0.0088305666962516707 -0.054077878407140005 -0.02988417231128614 0.059003855848209275 0.059206312966666175 0.059556186292242665 0.059366758000088587
leaf_weight=5.3046660572290412 5.467816248536109 7.6622845642268649 4.9554592818021765 7.5824224203825024 4.5206182189285746 7.0044871792197254 1.5975941419601465 8.5631255358457548 26.044506311416626 4.1755377873778325 3.8306960016489029 20.711706563830376 63.877677589654922 15.773663267493246
leaf_count=15 42 123 10 24 49 38 13 36 401 35 7 46 146 35
internal_value=0.0233252 0.0359403 -0.0263237 0.0407916 0.0196256 0.0308066 -0.0378743 0.0508912 -0.0490527 0.0419211 0.0126456 0.0503778 0.05502 0.0426138
internal_weight=187.072 149.17 37.9022 141.508 45.7109 40.243 32.9468 95.7969 27.6421 35.7224 8.00623 27.7162 87.2338 23.3561
internal_count=1020 581 439 458 217 175 429 241 414 126 42 84 205 59
is_linear=0
shrinkage=0.05


Tree=29
num_leaves=15
num_cat=0
split_feature=36 22 27 3 34 4 29 10 1 34 1 15 22 0
split_gain=43.6699 24.2169 12.5431 12.3936 15.1217 11.4717 7.91829 7.66152 7.37444 4.99953 7.23135 4.40796 3.98051 9.18936
threshold=5.5000000000000009 1.6865399289335883 -0.57135918815723485 6.6750000000000007 1210.9141985500003 13.345000000000001 0.10174235230874938 11.250000000000002 52.20000000000001 2891.7934759750001 59.315000000000005 1.4936923716078379 1.4084793909590378 30.330000000000002
decision_type=2 2 2 2 2 2 2 2 2 2 2 2 2 2
left_child=2 3 -1 4 -2 8 -4 9 -6 10 -7 -5 -9 -14
right_child=1 -3 6 11 5 7 -8 12 -10 -11 -12 -13 13 -15
leaf_value=0.041509225412679394 -0.057913877318893116 -0.053462484173929972 -0.045477497306049705 -0.06516718486834093 -0.056185838811640791 0.041080797300254518 0.054240370422695729 0.05823793051037688 0.051260029380852251 0.053314132147373156 -0.062261135672723525 0.01340010872762859 -0.01198403523066525 0.060425229055083331
leaf_weight=5.8107519447803488 3.5801866650581351 7.3138540200889102 28.730528216809038 3.4208243489265433 4.3332431279122821 3.0581191256642324 2.1390062570571891 90.330873608589172 2.5289448201656342 4.1706291437149048 3.7916412129998207 3.733786441385746 7.0807458236813572 11.494688004255293
leaf_count=12 40 123 423 24 51 10 4 210 6 12 32 18 31 24
internal_value=0.0228509 0.0351927 -0.0258824 0.0399076 0.0434239 0.0462854 -0.0385679 0.049883 -0.0165885 0.010155 -0.0161235 -0.0241652 0.0539032 0.0328236
internal_weight=181.518 144.838 36.6803 137.524 130.369 126.789 30.8695 119.927 6.86219 11.0204 6.84976 7.15461 108.906 18.5754
internal_count=1020 581 439 458 416 376 427 319 57 54 42 42 265 55
is_linear=0
shrinkage=0.05


Tree=30
num_leaves=15
num_cat=0
split_feature=36 22 16 7 16 2 2 6 2 15 34 34 23 0
split_gain=40.7939 22.6763 13.6167 11.9897 7.78382 7.49793 7.38218 6.65073 5.34628 3.63325 5.79376 3.57117 3.23762 3.83057
threshold=5.5000000000000009 1.6865399289335883 20.416666666666671 6.3521225764012597 99.583333333333357 -3.4273499999999997 -0.21639999999999998 1.682039190330834 9.2524500000000014 0.090019893760967959 2916.6209868750002 3719.4541356833333 -1.6323738582425869 19.845000000000002
decision_type=2 2 2 2 2 2 2 2 2 2 2 2 2 2
left_child=3 2 6 4 12 7 -2 -4 9 10 -7 -11 -1 -14
right_child=1 -3 5 -5 -6 8 -8 -9 -10 11 -12 -13 13 -15
leaf_value=0.0077750540917491413 0.032554716838003477 -0.05328285923237485 0.039344684668443979 0.04810829843337968 0.056565034046494482 -0.012182271526941563 -0.061001234748997768 -0.062179321597364612 0.0076576223449882413 0.055544740906087554 0.053818011535370691 0.0212030355661815 0.017962080935568024 -0.054688626759303173
leaf_weight=2.7618029676377835 3.6483786925673485 6.9800139702856532 3.3845710903406134 4.7945866286754599 2.0766807645559302 5.9184752441942674 4.9958212412893754 3.0821302384138107 8.3402383923530561 87.981521017849445 7.588561624288559 8.2828665971755964 1.963318277150395 23.914133969694376
leaf_count=15 13 123 13 10 4 32 48 40 36 222 19 35 22 388
internal_value=0.022442 0.0345666 0.0391693 -0.0254281 -0.0369067 0.0433801 -0.0215149 -0.00904323 0.0462503 0.0491825 0.0248982 0.0525899 -0.0436845 -0.0491766
internal_weight=175.713 140.203 133.223 35.5105 30.7159 124.578 8.6442 6.4667 118.112 109.771 13.507 96.2644 28.6393 25.8775
internal_count=1020 581 458 439 429 397 61 53 344 308 51 257 425 410
is_linear=0
shrinkage=0.05


Tree=31
num_leaves=15
num_cat=0
split_feature=36 10 4 15 22 7 12 3 31 34 23 34 7 4
split_gain=37.9348 20.0357 15.03 22.0581 15.0846 11.1786 6.81657 5.11235 3.5839 3.20639 3.74953 2.63243 6.87878 0.202592
threshold=5.5000000000000009 7.0833333333333348 28.365000000000006 0.43590829509499524 -0.731432612538928 6.3521225764012597 0.41088670078089101 5.9750000000000005 1.0000000180025095e-35 514.51069394166677 -1.6323738582425869 2763.2241173250004 6.6367354287911393 38.055000000000007
decision_type=2 2 2 2 2 2 2 2 2 2 2 2 2 2
left_child=5 -2 3 -3 -5 6 9 11 -6 -1 -11 12 -4 -13
right_child=1 2 7 4 8 -7 -8 -9 -10 10 -12 13 -14 -15
leaf_value=0.019419012741905772 -0.056103282913026679 -0.057943941419824244 -0.0032960800022145149 -0.05658491016180868 0.057318461540075943 0.046493991658854844 0.051322419205115821 0.015220299952133757 0.015977707229771109 0.0073743727247960319 -0.054256107149978673 0.060266091952164903 0.057068361421937643 0.053334458168844315
leaf_weight=1.917461022734648 5.9307915866374961 8.7576267942786199 6.8269635401666191 4.1459836736321476 19.163066841661934 4.7150519490241996 2.0608725547790518 9.9753778874874097 7.2168471850454798 2.7661566883325639 22.887631878256794 45.370867669582367 15.287654325366018 13.731562361121176
leaf_count=23 81 113 34 49 48 10 4 35 37 15 387 112 38 34
internal_value=0.0219509 0.0337767 0.0378622 0.0120064 0.0320746 -0.0250143 -0.0363926 0.0490003 0.0460087 -0.0429491 -0.0476107 0.0531493 0.0384334 0.0586556
internal_weight=170.754 136.407 130.476 39.2835 30.5259 34.3472 29.6321 91.1924 26.3799 27.5712 25.6538 81.217 22.1146 59.1024
internal_count=1020 581 500 247 134 439 429 253 85 425 402 218 72 146
is_linear=0
shrinkage=0.05


Tree=32
num_leaves=15
num_cat=0
split_feature=16 22 22 0 34 14 2 13 0 4 15 21 7 10
split_gain=33.799 22.1956 16.5732 16.2059 11.1445 6.84654 6.75067 6.05414 4.26944 3.41525 11.7251 5.41769 4.2787 4.52055
threshold=35.416666666666679 1.6865399289335883 -0.7821511657079 17.845000000000002 1051.208519441667 0.092039068887325756 9.5173500000000022 0.17995118773955143 19.845000000000002 31.565000000000001 0.2060649786897806 0.67062367279236013 4.6021885679212762 17.916666666666668
decision_type=2 2 2 2 2 2 2 2 2 2 2 2 2 2
left_child=3 2 -2 -1 8 -5 9 -7 -4 10 11 -6 -12 -14
right_child=1 -3 4 5 6 7 -8 -9 -10 -11 12 -13 13 -15
leaf_value=0.062470686451327355 -0.044641828035279621 -0.053136264714075704 0.042406770701328762 -0.054251569302651584 0.024904141813341239 0.060437045027610194 -0.0066158001682191138 -0.037676599674829857 -0.058171046639687446 0.053860517412428477 0.063976619992213712 -0.060722989362774274 0.055666505556406287 -0.0042257580163236582
leaf_weight=4.502175539731982 5.8866866342723361 7.1699190139770499 1.4644598737359036 20.345677874982361 3.4408482909202567 2.7855982705950728 6.1193851903080931 3.6097987070679665 3.7749564461410046 70.99236698448658 18.70465532690287 3.9886408038437366 6.4230920970439893 6.1837487146258354
leaf_count=10 48 138 15 344 11 15 31 28 53 205 47 35 13 27
internal_value=0.0215447 0.0324528 0.0372856 -0.0252913 0.0412684 -0.0400671 0.0444942 0.00505807 -0.0300587 0.0473444 0.0354036 -0.0210662 0.0488025 0.0262889
internal_weight=165.392 134.149 126.979 31.2433 121.092 26.7411 115.853 6.3954 5.23942 109.733 38.741 7.42949 31.3115 12.6068
internal_count=1020 623 485 397 437 387 369 43 68 338 133 46 87 40
is_linear=0
shrinkage=0.05


Tree=33
num_leaves=15
num_cat=0
split_feature=36 22 15 34 34 2 8 2 2 22 15 22 20 34
split_gain=33.3994 17.6719 12.2343 11.4619 11.3682 9.76317 8.80241 7.57909 6.17242 4.96028 10.4818 3.23399 8.34223 1.80003
threshold=5.5000000000000009 1.6090165835960863 1.5600678379838187 1210.9141985500003 3707.9694606416674 3.3129000000000004 0.3550237426492609 2.7128500000000004 -6.374649999999999 -0.7821511657079 0.092061853530120211 1.4084793909590378 1.2193229596333892 2778.3159205833335
decision_type=2 2 2 2 2 2 2 2 2 2 2 2 2 2
left_child=5 3 -3 -2 8 7 -6 9 -5 -1 -11 13 -13 -10
right_child=1 2 -4 4 6 -7 -8 -9 11 10 -12 12 -14 -15
leaf_value=-0.080227878817432874 -0.056878380479591477 -0.05829982240768581 0.040998258973637784 -0.055333039665935758 -0.061125920252908778 -0.05304774500322762 0.033277442155228813 0.069394857670950147 0.043042617374309478 -0.053397553709584461 0.043994391816331836 -0.015735628594294736 0.054503233937737872 0.058213236917380534
leaf_weight=2.3785954862833032 3.0396535694599143 8.4522502906620485 4.9004307091236106 1.4660101383924473 4.5094430744647962 15.437142621725796 5.4578384980559349 3.3433792777359477 32.212765835225582 5.1037810035049915 6.022825263440609 6.638489872217181 11.63893176615238 49.752333417534828
leaf_count=11 39 145 14 18 44 298 27 24 95 89 17 37 29 133
internal_value=0.0211251 0.0325825 -0.0218575 0.0389192 0.0415267 -0.0243229 -0.00943296 0.0019957 0.0465206 -0.0146898 -0.000679352 0.0480102 0.028992 0.0522511
internal_weight=160.354 128.068 13.3527 114.715 111.676 32.2857 9.96728 16.8486 101.709 13.5052 11.1266 100.243 18.2774 81.9651
internal_count=1020 581 159 422 383 439 71 141 312 117 106 294 66 228
is_linear=0
shrinkage=0.05


Tree=34
num_leaves=15
num_cat=0
split_feature=36 22 16 15 7 4 15 31 8 12 22 4 24 14
split_gain=31.1881 16.4764 11.7684 11.5319 9.46979 7.63318 10.7009 12.0373 7.10878 5.34478 4.125 3.89671 3.83822 12.094
threshold=5.5000000000000009 1.6090165835960863 20.416666666666671 1.5600678379838187 8.8652374346183827 31.565000000000001 0.19215633279856029 1.0000000180025095e-35 0.3550237426492609 0.41088670078089101 1.0812763746019478 37.810000000000009 243.63977011495896 0.026474965631021204
decision_type=2 2 2 2 2 2 2 2 2 2 2 2 2 2
left_child=4 2 10 -3 9 6 -4 -8 -9 11 -2 12 -1 -14
right_child=1 3 5 -5 -6 -7 7 8 -10 -11 -12 -13 13 -15
leaf_value=-0.053164047800872187 0.013923034203750887 -0.058151385411883284 -0.03864513473232626 0.039611405416781278 0.066057469819078812 0.052337097650609003 0.056394188147647129 -0.059384653544360899 0.032120411603719111 0.047854510279608874 -0.059124355907601213 0.048170766019383277 -0.053704284300525332 0.10176533676920133
leaf_weight=19.429583154618754 4.0084798932075492 8.0600328445434553 5.7618574537336817 4.8204724341630927 2.6749532818794242 68.433842375874519 20.782062694430351 4.3039825595915335 4.1875570043921471 1.9377610087394703 3.732010193169117 1.246247749775647 4.1952342465519896 1.7823329046368597
leaf_count=341 16 145 39 14 5 196 56 50 22 4 43 6 71 12
internal_value=0.0207256 0.0319708 0.0381713 -0.0215641 -0.0239049 0.04262 0.0236399 0.0358993 -0.0142594 -0.0323217 -0.0212961 -0.0381507 -0.0423848 -0.00734786
internal_weight=155.356 124.09 111.21 12.8805 31.2661 103.469 35.0355 29.2736 8.49154 28.5912 7.74049 26.6534 25.4072 5.97757
internal_count=1020 581 422 159 439 363 167 128 72 434 59 430 424 83
is_linear=0
shrinkage=0.05


Tree=35
num_leaves=15
num_cat=0
split_feature=36 10 4 19 20 7 10 16 26 0 4 1 1 16
split_gain=29.1365 16.8274 11.7963 16.3589 11.6048 8.85577 6.48775 5.70534 5.72726 5.03976 3.66644 4.50387 2.43828 2.42896
threshold=5.5000000000000009 7.0833333333333348 28.365000000000006 0.72699883454667125 -0.51635901348461333 8.8652374346183827 18.750000000000004 76.250000000000014 2.8050425324445354 19.315000000000001 37.810000000000009 49.915000000000013 54.800000000000004 27.083333333333339
decision_type=2 2 2 2 2 2 2 2 2 2 2 2 2 2
left_child=5 -2 3 4 6 9 -3 8 13 -1 11 -11 -6 -4
right_child=1 2 7 -5 12 -7 -8 -9 -10 10 -12 -13 -14 -15
leaf_value=0.043111101578342921 -0.056067402103023328 0.039011012036869602 0.019026422462812553 -0.056810027206437012 0.017138970137303349 0.065031111466698863 -0.062953592795937111 0.0559516789054329 -0.0035090979054353891 -0.0003037775806822676 0.046468386784343098 -0.053136639489698073 0.057004979427028528 0.056302886708784985
leaf_weight=2.0788178853690686 5.2600568719208232 2.3834261223673847 6.5943090096116128 7.0780241377651683 5.0908403545618084 2.5836274623870841 4.5157851986587048 51.202797081321478 9.5508456453680974 5.1009855419397416 1.227787997573613 19.281537909060717 15.553635496646164 12.956353753805159
leaf_count=17 81 11 23 109 27 5 54 157 38 17 6 394 46 35
internal_value=0.0203408 0.0313836 0.0353862 0.0109896 0.0284124 -0.0235002 -0.0277285 0.0459043 0.0282264 -0.0317609 -0.0378384 -0.0420837 0.0471742 0.0437298
internal_weight=150.459 120.186 114.926 34.6217 27.5437 30.2728 6.89921 80.3043 29.1015 27.6891 25.6103 24.3825 20.6445 19.5507
internal_count=1020 581 500 247 138 439 65 253 96 434 417 411 73 58
is_linear=0
shrinkage=0.05


Tree=36
num_leaves=15
num_cat=0
split_feature=36 22 16 15 7 4 15 31 8 12 15 29 4 23
split_gain=27.1867 14.3416 10.753 10.7334 8.28282 6.97973 9.55602 10.8622 6.46961 4.85357 5.5047 4.27943 3.84631 3.87987
threshold=5.5000000000000009 1.6090165835960863 20.416666666666671 1.5600678379838187 8.8652374346183827 31.565000000000001 0.19215633279856029 1.0000000180025095e-35 0.3550237426492609 0.41088670078089101 0.0033989134030530002 -0.0087318354504806479 37.810000000000009 -1.6323738582425869
decision_type=2 2 2 2 2 2 2 2 2 2 2 2 2 2
left_child=4 2 11 -3 9 6 -4 -8 -9 10 -1 -2 13 -12
right_child=1 3 5 -5 -6 -7 7 8 -10 -11 12 -13 -14 -15
leaf_value=0.073454206455511331 0.015988279802497989 -0.058055655817853637 -0.037373335179729704 0.03822892707040474 0.06408480185447199 0.050904984964264766 0.054966744863340314 -0.058802505203289515 0.030437443389351518 0.046082153785703371 0.0089552499311130965 -0.059505212735014336 0.044806120832713459 -0.054384175323656331
leaf_weight=1.0782593302428818 3.8464855849742889 7.4357850290834886 5.531480509787797 4.7391946315765381 2.4929870665073386 63.774537570774555 19.405757814645767 4.0358943864703196 4.0882470458745956 1.8888117223978032 2.7522655427456035 3.666563779115676 1.2101295702159394 19.891462098807089
leaf_count=9 17 145 39 14 5 196 56 50 22 4 15 42 6 400
internal_value=0.0199495 0.0307774 0.0367691 -0.0205762 -0.0230916 0.0412398 0.022596 0.0346455 -0.013895 -0.0311946 -0.037049 -0.0208545 -0.042044 -0.0466855
internal_weight=145.838 116.524 104.349 12.175 29.3139 96.8359 33.0614 27.5299 8.12414 26.8209 24.9321 7.51305 23.8539 22.6437
internal_count=1020 581 422 159 439 363 167 128 72 434 430 59 421 415
is_linear=0
shrinkage=0.05


Tree=37
num_leaves=15
num_cat=0
split_feature=36 10 4 15 2 2 10 22 10 27 16 32 11 15
split_gain=25.3982 15.2247 10.4041 15.6754 11.9398 8.39355 7.23663 6.6427 10.1535 6.27824 5.71532 5.69981 2.94838 2.01124
threshold=5.5000000000000009 7.0833333333333348 28.365000000000006 0.43590829509499524 -1.1043999999999998 3.3129000000000004 20.416666666666671 -0.7821511657079 70.416666666666686 -0.2569801371459996 76.250000000000014 1.0000000180025095e-35 0.72448904603949116 0.072273394068569113
decision_type=2 2 2 2 2 2 2 2 2 2 2 2 2 2
left_child=5 -2 3 -3 6 7 -5 -1 -9 -10 11 12 -4 -12
right_child=1 2 10 4 -6 -7 -8 8 9 -11 13 -13 -14 -15
leaf_value=-0.077190755010149964 -0.055909209716567057 -0.056499264179695363 0.015289469583434752 0.040892384977588375 0.050742917361103861 -0.052512659841315423 -0.060640700909172542 0.060057726563379432 0.063596778703567808 -0.053588665814130944 0.025509048751060172 -0.013812112143709946 0.053735210881326205 0.058419150631922462
leaf_weight=2.2529710084199914 4.9085336104035369 6.8874378092586985 8.0649469718337112 2.7459101974964168 17.947478391230106 12.897580865770577 4.8627782016992569 6.5196228995919228 1.4662355482578266 5.1839332543313512 5.2125717252492896 6.7172859497368327 13.066111572086809 42.443693123757839
leaf_count=11 81 113 27 12 58 298 64 24 3 103 27 33 36 130
internal_value=0.0195887 0.0302124 0.0341285 0.0104482 0.0284907 -0.0227467 -0.0239983 0.00214572 0.0157179 -0.0277515 0.0443037 0.0263082 0.0390619 0.0548195
internal_weight=141.177 112.857 107.948 32.4436 25.5562 28.3203 7.60869 15.4228 13.1698 6.65017 75.5046 27.8483 21.1311 47.6563
internal_count=1020 581 500 247 134 439 76 141 130 106 253 96 63 157
is_linear=0
shrinkage=0.05


Tree=38
num_leaves=15
num_cat=0
split_feature=36 10 16 4 15 21 0 10 10 27 29 16 26 29
split_gain=23.7371 14.2684 9.91383 8.48246 14.9703 7.76129 7.65583 9.57727 5.35018 4.08593 4.00863 3.38559 5.96255 3.06828
threshold=5.5000000000000009 7.0833333333333348 20.416666666666671 31.490000000000006 0.14762063962033314 0.26208007416762652 21.135000000000002 70.416666666666686 18.750000000000004 -0.57135918815723485 -0.0087318354504806479 76.250000000000014 3.2719528371464586 0.046364145091698832
decision_type=2 2 2 2 2 2 2 2 2 2 2 2 2 2
left_child=6 -2 10 4 -4 8 7 -1 -6 -8 -3 12 -5 -10
right_child=1 2 3 11 5 -7 9 -9 13 -11 -12 -13 -14 -15
leaf_value=0.063966058533610953 -0.055641009590594072 0.014387054403527758 -0.057467987210966735 0.052923603943696843 0.051126429977149314 0.048344470742936733 0.012596731454193126 -0.03991507957003182 -0.062602978525883479 -0.05127257121429038 -0.058685166067132637 0.057083515855957945 -0.00055547680247433325 0.022313657196391716
leaf_weight=4.7625175118446368 4.6910793520510188 3.783594585955143 5.5570059493184081 13.891732260584833 2.4115198925137546 20.546583540737629 2.9903487414121654 4.1540057845413685 3.7925629615783691 15.398658804595469 3.7243093810975543 41.058631807565689 8.3416958153247815 1.4784689359366892
leaf_count=28 81 17 90 41 9 71 8 79 53 324 47 132 31 9
internal_value=0.0192483 0.0296678 0.0334942 0.0377753 0.0175463 0.0323131 -0.0224507 0.0155702 -0.010562 -0.0408864 -0.0218606 0.0485738 0.0328589 -0.0387848
internal_weight=136.583 109.277 104.586 97.0782 33.7861 28.2291 27.3055 8.91652 7.68255 18.389 7.5079 63.2921 22.2334 5.27103
internal_count=1020 581 500 436 232 142 439 107 71 332 64 204 72 62
is_linear=0
shrinkage=0.05


Tree=39
num_leaves=15
num_cat=0
split_feature=36 10 16 22 15 2 4 13 2 7 2 12 2 22
split_gain=22.1958 13.3861 9.29913 8.94531 8.40753 7.84089 6.94496 6.05522 5.64561 6.63397 5.29927 5.23979 2.61296 1.96462
threshold=5.5000000000000009 7.0833333333333348 20.416666666666671 1.6090165835960863 1.5600678379838187 3.3129000000000004 14.160000000000002 0.3383352461419154 2.7128500000000004 8.8652374346183827 -0.21639999999999998 0.41088670078089101 -3.7156999999999996 1.3328198141243701
decision_type=2 2 2 2 2 2 2 2 2 2 2 2 2 2
left_child=5 -2 10 6 -5 8 7 -4 9 11 -3 -1 -8 -14
right_child=1 2 3 4 -6 -7 12 -9 -10 -11 -12 -13 13 -15
leaf_value=-0.052043921985998047 -0.055384851335165491 0.025828339463672041 -0.058154353799896141 -0.061532169343530299 0.036202824932507947 -0.052297106744751069 0.00054487283251561521 0.032638398330155818 0.059520040409943437 0.062057226537856697 -0.059529876272650606 0.04356816732607028 0.05454755802518562 0.037612874068342989
leaf_weight=7.3517262786626834 4.4824100174009791 3.2973459213972092 3.0342556089162818 4.2382745109498483 4.5764263123273849 11.819958034902809 2.9581862539052954 4.6517520993947983 3.3413384035229674 2.2727231383323661 4.0536720715463153 1.7798586487770078 47.659316711127758 26.732779242098331
leaf_count=108 81 13 38 87 14 298 22 24 24 5 51 4 161 90
internal_value=0.0188987 0.0291685 0.0329136 0.0371554 -0.01079 -0.021957 0.0421253 -0.00320445 0.00236327 -0.014383 -0.0212419 -0.0334079 0.0466295 0.0484621
internal_weight=132.25 105.684 101.202 93.851 8.8147 26.5656 85.0363 7.68601 14.7456 11.4043 7.35102 9.13158 77.3503 74.3921
internal_count=1020 581 500 436 101 439 335 62 141 117 64 112 273 251
is_linear=0
shrinkage=0.05


Tree=40
num_leaves=15
num_cat=0
split_feature=16 22 22 0 2 6 14 13 4 15 14 13 19 32
split_gain=20.0445 13.804 11.6869 11.0676 8.01713 10.3304 5.77327 4.63909 2.77123 7.15428 4.478 4.1147 1.793 1.48701
threshold=35.416666666666679 1.6865399289335883 -0.7821511657079 17.845000000000002 9.6740000000000013 0.54534744732898155 0.092039068887325756 0.19405777732856541 31.565000000000001 0.19215633279856029 0.31346332556506112 0.082391164030965067 0.18821708483727859 1.0000000180025095e-35
decision_type=2 2 2 2 2 2 2 2 2 2 2 2 2 2
left_child=3 2 12 -1 5 -4 -5 -8 9 11 -11 -7 -2 -10
right_child=1 -3 4 6 -6 8 7 -9 13 10 -12 -13 -14 -15
leaf_value=0.058981543102981808 -0.06894663801622751 -0.0522202556869788 -0.052917095528325298 -0.053250985045676193 -0.027936485561576609 0.021803687815524744 0.052583145581943116 -0.03734168872192109 0.037998093218489327 0.053854787725154764 0.0056334782779330888 -0.060174495206577076 -0.0077779866873644923 0.055493820712064795
leaf_weight=3.544642478227618 2.8298232294619075 5.0947170332074156 2.929672021418809 14.762632373720409 4.6468720734119406 3.1823320537805548 2.7580403313040724 2.9880182594060898 18.467311296612024 20.120714541524652 6.3287813887000075 2.9492082521319389 2.0775549933314323 35.473089754581451
leaf_count=10 26 138 63 344 29 14 18 25 82 68 24 32 22 125
internal_value=0.0185376 0.0280429 0.0321732 -0.0226001 0.0360962 0.0394226 -0.0367003 0.00582117 0.0425493 0.0310355 0.0423165 -0.017627 -0.0430507 0.0495039
internal_weight=128.153 104.1 99.0054 24.0533 94.098 89.4511 20.5087 5.74606 86.5214 32.581 26.4495 6.13154 4.90738 53.9404
internal_count=1020 623 485 397 437 408 387 43 345 138 92 46 48 207
is_linear=0
shrinkage=0.05


Tree=41
num_leaves=15
num_cat=0
split_feature=36 2 4 34 2 22 9 26 29 13 34 10 34 2
split_gain=19.2645 12.2215 14.0746 7.88832 7.42103 5.55448 8.17811 5.48418 7.96434 6.36602 5.16269 6.97148 2.85446 6.04996
threshold=5.5000000000000009 10.042650000000002 31.490000000000006 1658.989257991667 3.3129000000000004 -0.7821511657079 0.0034343898095825004 1.1598847195637394 -0.033404856594407881 0.36914032695926247 1293.9899095166668 22.083333333333339 2215.8039001000002 6.2646500000000005
decision_type=2 2 2 2 2 2 2 2 2 2 2 2 2 2
left_child=4 2 3 10 5 -1 -7 -5 -9 -10 11 -2 13 -4
right_child=1 -3 12 7 -6 6 -8 8 9 -11 -12 -13 -14 -15
leaf_value=-0.072867361532538907 0.060225550508114449 -0.064942108131321327 -0.019714266679831699 -0.056745310223819151 -0.052110892036444971 -0.040788802005952529 0.045917079307272221 0.058489449621819234 -0.046602411113499165 0.031380906723359352 0.055659723705900443 -0.063652669425995359 0.0523385689978378 0.049435861653912491
leaf_weight=2.06504911184311 2.0462105572223654 3.409818382933735 4.7052762806415549 5.3037325572222498 10.869875837117432 4.1593824438750744 7.8561734706163406 4.4832233414053944 7.6572370287030918 3.9758165013045073 9.8229948282241804 2.5524365566670895 45.566788323223591 9.6503857448697072
leaf_count=11 5 33 22 87 298 92 38 16 111 31 37 42 167 30
internal_value=0.0181965 0.0280766 0.0313886 0.00660372 -0.0210752 0.00288351 0.0159024 -0.0126434 0.00187018 -0.0199501 0.0351909 -0.00853191 0.0462133 0.0267709
internal_weight=124.124 99.1739 95.7641 35.8417 24.9505 14.0806 12.0156 21.42 16.1163 11.6331 14.4216 4.59865 59.9225 14.3557
internal_count=1020 581 548 329 439 141 130 245 158 142 84 47 219 52
is_linear=0
shrinkage=0.05


Tree=42
num_leaves=15
num_cat=0
split_feature=36 10 4 15 2 2 10 2 7 3 12 34 7 22
split_gain=18.0424 11.6247 8.17043 12.1202 9.64435 7.11303 5.84878 4.72669 5.65895 4.6873 4.5219 2.73048 5.92977 1.38066
threshold=5.5000000000000009 7.0833333333333348 28.365000000000006 0.43590829509499524 -1.1043999999999998 3.3129000000000004 20.416666666666671 2.7128500000000004 8.8652374346183827 5.8400000000000007 0.41088670078089101 2763.2241173250004 6.6367354287911393 0.75491109420182456
decision_type=2 2 2 2 2 2 2 2 2 2 2 2 2 2
left_child=5 -2 3 -3 6 7 -5 8 10 11 -1 12 -4 -6
right_child=1 2 9 4 13 -7 -8 -9 -10 -11 -12 -13 -14 -15
leaf_value=-0.050330019789075565 -0.055172967960373888 -0.056167359611127336 -0.010818339614376836 0.037029864654965113 0.05911678757820274 -0.052004796259353281 -0.059980661923761849 0.054153265445849155 0.060358272785158741 0.0070607443241611561 0.041568902891255151 0.053825808580049164 0.051386474994098902 0.027942195738099748
leaf_weight=6.7313059791922587 4.0578885264694682 5.7293352130800512 5.8813381753861931 2.4502784088254037 9.5556010007858223 10.360307848080991 4.2461466994136572 3.3826666288077822 2.0633582770824423 8.7334484383463842 1.6708236932754514 38.491466142237186 10.990417595952747 5.6525306440889826
leaf_count=108 81 113 34 12 35 298 64 24 5 38 4 144 37 23
internal_value=0.0178958 0.0276425 0.031306 0.00857953 0.0255147 -0.0206702 -0.0244837 0.00277226 -0.0138352 0.041104 -0.0320553 0.0464743 0.0297025 0.0475299
internal_weight=119.997 95.7885 91.7306 27.6339 21.9046 24.2085 6.69643 13.8482 10.4655 64.0967 8.40213 55.3632 16.8718 15.2081
internal_count=1020 581 500 247 134 439 76 141 117 253 112 215 71 58
is_linear=0
shrinkage=0.05


Tree=43
num_leaves=15
num_cat=0
split_feature=36 2 4 15 16 2 24 16 2 7 12 1 6 0
split_gain=16.8713 11.2767 12.2279 11.5075 7.25649 6.81246 6.71632 5.17128 4.23556 5.29471 4.20633 2.89456 1.73054 1.37123
threshold=5.5000000000000009 10.042650000000002 31.490000000000006 0.14762063962033314 36.250000000000007 3.3129000000000004 2.4614791421842654 22.083333333333339 2.7128500000000004 8.8652374346183827 0.41088670078089101 42.740000000000002 40.550122560469823 24.825000000000003
decision_type=2 2 2 2 2 2 2 2 2 2 2 2 2 2
left_child=5 2 3 -2 -5 8 -6 -4 9 10 -1 -8 -9 -13
right_child=1 -3 7 4 6 -7 11 12 -10 -11 -12 13 -14 -15
leaf_value=-0.049305367042802264 -0.055867790925890518 -0.064483933176933655 0.00057602110660516384 -0.053704899637460557 -0.032217037788671264 -0.051904191613467959 -0.024544734660562655 0.053513317772572483 0.050700993390118847 0.059751995062595778 0.040304431568413228 0.033003550290558167 0.025094991712389454 0.05974973937062783
leaf_weight=6.5327254924923199 6.0397846214473239 3.2388257049024096 5.9078381396830073 2.953135613352063 3.7631882242858437 9.8736490868031961 1.5862159747630382 43.872044652700424 3.4310568682849398 1.9821358323097218 1.6379279047250745 10.07033176533878 6.1021441444754592 9.1428953893482667
leaf_count=108 123 33 28 58 39 298 26 170 24 5 4 53 21 30
internal_value=0.0175805 0.0271684 0.0304874 0.0066291 0.0203473 -0.0202993 0.0292505 0.0448136 0.00267317 -0.0135575 -0.0313418 0.0403717 0.0500433 0.0457311
internal_weight=116.134 92.6764 89.4376 33.5556 27.5158 23.4575 24.5626 55.882 13.5838 10.1528 8.17065 20.7994 49.9742 19.2132
internal_count=1020 581 548 329 206 439 148 219 141 117 112 109 191 83
is_linear=0
shrinkage=0.05


Tree=44
num_leaves=15
num_cat=0
split_feature=22 28 22 34 2 11 15 29 3 3 24 33 4 14
split_gain=15.9528 16.4757 13.4485 9.23957 6.89084 5.74476 3.75862 7.44755 3.99447 1.69405 3.94722 1.92263 1.69145 1.13869
threshold=1.6865399289335883 0.19656218209416373 -0.88344702553846866 1051.208519441667 9.6740000000000013 0.57975909191541419 0.082183930023505561 0.013743831209369832 6.495000000000001 4.455000000000001 3.2023570081726329 1.0000000180025095e-35 15.775000000000002 0.034232151485176859
decision_type=2 2 2 2 2 2 2 2 2 2 2 2 2 2
left_child=1 5 -3 -4 6 -1 7 13 9 10 -8 -12 -11 -5
right_child=-2 2 3 4 -6 -7 8 -9 -10 12 11 -13 -14 -15
leaf_value=0.073577275123812222 -0.052014863638349187 -0.061688986461606005 -0.057384488368042955 -0.034011394445149917 -0.026950776904167209 -0.05282296306069633 -0.0015427495534259871 0.036922206047481955 0.00058289448968998066 0.026490778731527873 0.055493677521513879 0.018697737415501708 0.055252512539373078 -0.099376873217294992
leaf_weight=1.0027022063732136 7.7383142188191405 3.9432889726012936 2.7645266968756905 1.7293606940656885 4.2140050195157519 8.683998065069316 5.6581618562340763 7.1062816083431244 5.2945417165756217 5.8908852413296691 13.935879692435266 4.7635346353054038 38.647795904427767 1.0838395096361635
leaf_count=3 231 49 54 39 29 242 25 47 32 32 57 20 150 10
internal_value=0.0172613 0.0223806 0.0287124 0.032626 0.0354433 -0.0397389 0.0385693 0.00966311 0.0424341 0.0456503 0.0350483 0.0461202 0.0514484 -0.0591947
internal_weight=112.457 104.719 95.0321 91.0888 88.3243 9.6867 84.1103 9.91948 74.1908 68.8963 24.3576 18.6994 44.5387 2.8132
internal_count=1020 789 544 495 441 245 412 96 316 284 102 77 182 49
is_linear=0
shrinkage=0.05


Tree=45
num_leaves=15
num_cat=0
split_feature=16 10 1 4 4 7 18 20 11 16 7 0 14 13
split_gain=14.7864 10.7429 9.36198 8.39216 10.066 6.81333 7.81173 5.11968 5.05363 4.05101 5.24364 5.4537 2.54227 1.145
threshold=35.416666666666679 7.0833333333333348 49.915000000000013 28.365000000000006 17.575000000000006 4.6021885679212762 1.1553931540879672 -0.36428843668071015 0.56417932794257386 76.250000000000014 10.712105667684297 28.975000000000005 0.59787313006740439 0.14457167282386613
decision_type=2 2 2 2 2 2 2 2 2 2 2 2 2 2
left_child=2 13 7 4 5 -3 -7 -1 -6 10 11 -5 -4 -2
right_child=1 3 12 9 8 6 -8 -9 -10 -11 -12 -13 -14 -15
leaf_value=-0.013754429048176987 -0.0022854309994169405 0.057991478379874298 -0.053356479985583842 0.026640288878852149 0.067863370105490844 0.027883528917616085 -0.062276931802612449 0.068089166294677123 -0.04991774078203709 0.051881816230018085 0.046852113330317649 -0.057083019282859693 0.041578163078419016 -0.058538847130321973
leaf_weight=4.3884361274540424 1.183751294389366 9.8697367459535652 11.973797284066674 4.808766398578884 1.0319708287715892 8.2016704156994802 3.3977217935025683 3.3844184353947666 7.7523129172623158 35.157193455845118 10.077058136463164 3.2662322595715523 0.74933245778083879 3.8356143068522215
leaf_count=35 15 40 350 38 3 28 42 10 176 157 37 18 2 69
internal_value=0.0169185 0.0257736 -0.0213526 0.0300412 0.0090075 0.0274558 0.00147351 0.0218815 -0.0360809 0.0419779 0.0227959 -0.0072247 -0.0477653 -0.0452722
internal_weight=109.078 88.582 20.496 83.5627 30.2534 21.4691 11.5994 7.77285 8.78428 53.3093 18.1521 8.075 12.7231 5.01937
internal_count=1020 623 397 539 289 110 70 45 179 250 93 56 352 84
is_linear=0
shrinkage=0.05


Tree=46
num_leaves=15
num_cat=0
split_feature=22 18 22 0 2 18 22 1 24 24 6 15 15 0
split_gain=14.2028 14.5235 11.989 6.17629 5.708 4.06804 8.00369 13.5152 5.40222 3.40245 2.05782 0.97713 0.786035 0.583797
threshold=1.6865399289335883 0.21721101201533841 -0.88344702553846866 17.950000000000006 9.6740000000000013 2.4426624937780161 0.74760509910858131 53.045000000000009 4.04796511627874 3.7959079656325643 40.550122560469823 0.082183930023505561 1.2174557942151758 27.500000000000004
decision_type=2 2 2 2 2 2 2 2 2 2 2 2 2 2
left_child=1 3 -3 -1 5 6 8 -8 -4 -9 -7 -10 -13 -11
right_child=-2 2 4 -5 -6 10 7 9 11 13 -12 12 -14 -15
leaf_value=0.081031274611062284 -0.051835651904188478 -0.060847743507834021 -0.0021855153786178023 -0.053358345339423768 -0.026212300677883833 0.055302090256016713 0.051092671961808792 0.020297933366061584 0.025451143251929487 -0.061443082356042011 0.021768126358777583 0.056671578922435052 0.033809658681834165 -0.03036719792018441
leaf_weight=0.95671194791793723 7.0738457813858977 3.6752322837710372 6.3660299032926551 8.0369613561779243 4.0985979400575152 24.209261089563373 6.9761030003428486 1.9200291633605946 3.8928159717470434 6.0900440812110883 5.6407940909266463 20.122203931212429 4.6236281022429457 2.0101578924804926
leaf_count=7 231 49 37 238 29 103 21 9 34 104 21 83 26 28
internal_value=0.0166007 0.0215096 0.0275879 -0.0390625 0.0313694 0.0342527 0.0258074 -0.00234366 0.039476 -0.0395461 0.0489651 0.0487368 0.0523999 -0.0537312
internal_weight=105.692 98.6186 89.6249 8.99367 85.9497 81.8511 52.001 16.9963 35.0047 10.0202 29.8501 28.6386 24.7458 8.1002
internal_count=1020 789 544 245 495 466 342 162 180 141 124 143 109 132
is_linear=0
shrinkage=0.05


Tree=47
num_leaves=15
num_cat=0
split_feature=16 10 0 32 7 2 15 29 4 8 29 21 29 27
split_gain=13.0391 9.44984 7.9687 7.52024 11.6978 9.35173 6.82061 4.99826 4.95115 7.7375 4.03058 2.42886 2.35445 2.27824
threshold=35.416666666666679 7.0833333333333348 17.845000000000002 1.0000000180025095e-35 8.4476663417498656 4.693550000000001 2.0405464917297356 0.079849419708053829 28.365000000000006 0.3550237426492609 -0.015310113364070814 2.4503292522436579 0.08256487749982229 0.15605251623690045
decision_type=2 2 2 2 2 2 2 2 2 2 2 2 2 2
left_child=2 -2 -1 4 5 8 -5 -7 9 12 -4 -12 -3 -10
right_child=1 3 10 6 -6 7 -8 -9 13 -11 11 -13 -14 -15
leaf_value=0.056795929940047299 -0.043948727876898637 -0.057909683849566733 0.0097736428493886973 0.049981233832357225 0.04836747397344892 -0.051701936231338841 -0.018784868336262452 -0.21494573168568745 0.0041782314645521287 0.028752606505413392 -0.053760304179214957 0.040071746489493798 0.017909037939355828 0.063483697174555334
leaf_weight=2.8187953978776958 4.7041623145341864 7.1735666524618917 3.9489112403243842 37.962921880185604 13.956545878201721 1.24515976384282 3.9843624383211127 0.75215377658605564 3.0033698230981818 5.623058730736374 11.681913480162613 0.73293805122375566 1.1944363266229627 3.5142194963991642
leaf_count=10 84 139 36 182 59 44 19 8 35 38 346 5 5 10
internal_value=0.0163072 0.0248831 -0.0208503 0.0290126 0.0124042 -0.00989761 0.0434495 -0.113177 0.000160627 -0.016607 -0.0342255 -0.0482207 -0.0470874 0.0361552
internal_weight=102.297 83.114 19.1826 78.4098 36.4625 22.506 41.9473 1.99731 20.5087 13.9911 16.3638 12.4149 8.368 6.51759
internal_count=1020 623 397 539 338 279 201 52 227 182 387 351 144 45
is_linear=0
shrinkage=0.05


Tree=48
num_leaves=15
num_cat=0
split_feature=22 18 22 0 2 3 15 12 4 3 22 3 2 18
split_gain=12.6789 12.6619 11.0449 5.65039 5.22625 4.20224 3.7536 5.82584 4.47922 3.60185 11.0691 3.30459 2.12598 1.85048
threshold=1.6865399289335883 0.21721101201533841 -0.88344702553846866 17.950000000000006 9.6740000000000013 6.6750000000000007 0.090019893760967959 0.076218182751208063 13.605000000000002 4.4250000000000007 1.2951662232550898 4.205000000000001 -1.2910999999999997 0.24100823715197187
decision_type=2 2 2 2 2 2 2 2 2 2 2 2 2 2
left_child=1 3 -3 -1 5 6 7 13 12 10 -10 -12 -8 -4
right_child=-2 2 4 -5 -6 -7 8 -9 9 -11 11 -13 -14 -15
leaf_value=0.074371943145170469 -0.051681753314079142 -0.060286831833825431 -0.0044557146156529301 -0.053172353704971489 -0.025534766675939326 -0.017893715308563794 -0.035850319934220422 0.035269414137704291 0.044010078011777032 0.053096325326962623 -0.10267821491599086 -0.0028820443745039221 0.027204679037694624 -0.078955086739412483
leaf_weight=0.98477720096707155 6.4691147841513148 3.5115777123719445 1.4916997440159305 7.3450045417994261 3.9855469092726699 3.8260182403028002 2.6039916574954987 6.3039949219673872 15.887020116671922 38.802814077585936 1.7812245190143579 1.5525632128119466 2.7469413317739955 1.889111842960119
leaf_count=7 231 49 32 238 29 28 24 40 82 167 34 9 20 30
internal_value=0.0159953 0.0207176 0.0265231 -0.0380936 0.0302926 0.0331865 0.0358615 0.00687021 0.0402919 0.0443286 0.0266285 -0.0562026 -0.00348057 -0.0460841
internal_weight=99.1814 92.7123 84.3825 8.32978 80.8709 76.8854 73.0594 9.68481 63.3746 58.0236 19.2208 3.33379 5.35093 3.38081
internal_count=1020 789 544 245 495 466 438 102 336 292 125 43 44 62
is_linear=0
shrinkage=0.05


Tree=49
num_leaves=15
num_cat=0
split_feature=16 2 5 19 14 1 2 11 26 11 34 7 32 7
split_gain=11.5893 8.79152 11.6439 8.81632 10.3888 7.83043 5.30693 4.62467 3.29792 2.69314 1.97205 3.14745 1.8046 8.0728
threshold=35.416666666666679 10.042650000000002 0.88550000000000006 0.90993794372948644 0.39744240386545188 49.915000000000013 -3.8831999999999995 0.56417932794257386 1.1533723991679741 0.77065999778163652 3758.1568323000001 7.9596865163828676 1.0000000180025095e-35 6.3521225764012597
decision_type=2 2 2 2 2 2 2 2 2 2 2 2 2 2
left_child=5 2 3 4 6 8 -2 -5 -1 -7 -8 -12 13 -4
right_child=1 -3 12 7 -6 9 10 -9 -10 -11 11 -13 -14 -15
leaf_value=-0.019412235127073015 -0.039253299600345341 -0.062512958509784528 -0.039424396063492496 0.057472585689141903 -0.0585690726114831 -0.053261214884115032 0.048573158993189029 -0.053920832286704835 0.049480426594903995 0.056980172932305374 -0.032134477733736545 0.052816282277803599 0.053154790426851221 0.051225654237915232
leaf_weight=3.0191901624202755 2.3183514066040578 2.8296057358384124 3.1590195205062619 1.0720531195402125 3.631313979625701 10.248924355953928 16.212294686585668 7.1198203377425671 4.0909118764102459 0.58565724454820234 2.162438675761222 2.1992532461881638 26.427832990884781 11.035985037684439
leaf_count=28 28 32 38 3 29 349 75 201 17 3 33 9 131 44
internal_value=0.0156914 0.0240103 0.02726 0.00599649 0.0199997 -0.0205458 0.0324627 -0.039343 0.0202263 -0.0473022 0.0405439 0.0106994 0.0454313 0.031052
internal_weight=96.1127 78.168 75.3384 34.7155 26.5237 17.9447 22.8923 8.19187 7.1101 10.8346 20.574 4.36169 40.6228 14.195
internal_count=1020 623 591 378 174 397 145 204 45 352 117 42 213 82
is_linear=0
shrinkage=0.05


Tree=50
num_leaves=15
num_cat=0
split_feature=22 18 22 0 2 3 34 34 15 12 4 3 32 15
split_gain=11.2417 11.3093 9.94672 5.66967 4.5728 3.78864 3.69492 4.48635 3.57396 5.1791 2.38988 2.12753 4.81908 1.93909
threshold=1.6865399289335883 0.21721101201533841 -0.88344702553846866 17.605000000000004 9.6740000000000013 6.6750000000000007 1102.2405785916669 1051.208519441667 0.082183930023505561 0.076218182751208063 13.645000000000001 4.4250000000000007 1.0000000180025095e-35 0.066885126082957255
decision_type=2 2 2 2 2 2 2 2 2 2 2 2 2 2
left_child=1 3 -3 -1 5 6 7 -4 9 13 -10 12 -12 -8
right_child=-2 2 4 -5 -6 -7 8 -9 10 -11 11 -13 -14 -15
leaf_value=0.078870546260503244 -0.051521466535421251 -0.059440971967823081 -0.056672664681545776 -0.053136218828788856 -0.024045034079784811 -0.017152871961463378 -0.078108614953259381 0.061376624849580598 0.0071169178937693176 0.036555401984601103 -0.0053672617765972465 0.051780910728354668 0.051459606788916361 0.0025528959294629319
leaf_weight=0.92258919030427833 5.8729237839579573 3.2953181471675626 2.2835627142339936 6.8729296997189522 3.8166703656315795 3.7021293528378001 1.7960783131420597 1.2428833544254305 4.506006307899951 5.4506138172000647 6.0309747084975216 36.078953642398119 9.7817097753286362 1.2733024675399063
leaf_count=5 231 49 54 240 29 28 39 3 29 36 32 169 55 21
internal_value=0.0154334 0.0199504 0.0256023 -0.0375134 0.0292915 0.0321131 0.0347779 -0.0150666 0.0374856 0.00730174 0.0420454 0.0450784 0.0297858 -0.044647
internal_weight=92.9266 87.0537 79.2582 7.79552 75.9629 72.1462 68.4441 3.52645 64.9176 8.51999 56.3976 51.8916 15.8127 3.06938
internal_count=1020 789 544 245 495 466 438 57 381 96 285 256 87 60
is_linear=0
shrinkage=0.05


Tree=51
num_leaves=15
num_cat=0
split_feature=22 18 22 0 2 3 34 34 27 16 34 33 7 4
split_gain=10.5775 10.5655 9.30691 5.25223 4.26744 3.56311 3.42958 4.23622 2.55719 4.5888 5.62437 2.0853 3.44376 1.64706
threshold=1.6865399289335883 0.21721101201533841 -0.88344702553846866 17.605000000000004 9.6740000000000013 6.6750000000000007 1102.2405785916669 1051.208519441667 -0.05617162279907597 50.833333333333343 3398.9900051666668 1.0000000180025095e-35 7.0530334388520952 31.565000000000001
decision_type=2 2 2 2 2 2 2 2 2 2 2 2 2 2
left_child=1 3 -3 -1 5 6 7 -4 9 10 -8 13 -13 -10
right_child=-2 2 4 -5 -6 -7 8 -9 11 -11 -12 12 -14 -15
leaf_value=0.073051370898144535 -0.051445941244111698 -0.059003407051180262 -0.056401878970672836 -0.052998683984816358 -0.022941747837358768 -0.016326253156334791 -0.071792175782374235 0.060716358245047911 0.031229340523814198 0.039975767430969235 0.039173391816018338 -0.010386270105523511 0.046877718633831833 0.05353361784590728
leaf_weight=0.94564960524439712 5.5944922864437094 3.1572618428617707 2.1823578905314198 6.5542711820453405 3.8006284348666659 3.6952751018106929 2.5954349283128888 1.194797068834305 11.716520998626953 7.7156772240996361 2.0390586033463478 4.6239524632692319 6.074735052883625 28.195050582289696
leaf_count=5 231 49 54 240 29 28 61 3 79 32 15 24 26 144
internal_value=0.0151363 0.019545 0.0250634 -0.0371053 0.0286583 0.0314586 0.0341204 -0.0149668 0.0367534 0.0163548 -0.0229702 0.0417312 0.0221283 0.0469859
internal_weight=90.0852 84.4907 76.9908 7.49992 73.8335 70.0329 66.3376 3.37715 62.9604 12.3502 4.63449 50.6103 10.6987 39.9116
internal_count=1020 789 544 245 495 466 438 57 381 108 76 273 50 223
is_linear=0
shrinkage=0.05


Tree=52
num_leaves=15
num_cat=0
split_feature=16 10 1 32 7 3 17 20 5 8 3 1 12 6
split_gain=9.4485 7.60237 6.79614 6.17979 9.20109 5.27065 4.4211 4.23757 3.5727 5.16639 3.6011 2.93696 4.42138 2.22199
threshold=35.416666666666679 7.0833333333333348 49.915000000000013 1.0000000180025095e-35 8.4476663417498656 5.9750000000000005 19.500000000000004 -0.36428843668071015 0.77900000000000014 0.3550237426492609 4.0750000000000011 55.195000000000007 0.080290728657887417 28.156880181444691
decision_type=2 2 2 2 2 2 2 2 2 2 2 2 2 2
left_child=2 -2 7 4 6 -5 -3 -1 9 -8 -11 -10 -13 -4
right_child=1 3 13 5 -6 -7 8 -9 11 10 -12 12 -14 -15
leaf_value=-0.016601100608707425 -0.042789115544980744 -0.093516586639417879 -0.053007689140184611 0.048714875353220347 0.046131179331863323 -0.010260052745088257 -0.046781589849894653 0.063538196234061997 0.062609118213446599 -0.032883097957921985 0.047460354093571404 -0.083926178567716239 0.042432368453637015 0.04939043263508551
leaf_weight=3.7200550734996796 4.1724823601543894 1.4497636537998939 8.9058172963559592 30.461278196424246 11.790286011993883 4.3266238048672667 7.0068963505327719 2.9637390598654774 3.1157807856798163 2.2594472002238035 3.6439855303615332 1.1416801624000075 1.7587765827774999 0.56329209357500154
leaf_count=35 84 20 350 176 59 25 145 10 9 38 21 32 14 2
internal_value=0.0148528 0.0226926 -0.0196684 0.0267733 0.0109761 0.0413801 -0.00936552 0.0189344 -0.0029196 -0.0177491 0.0167101 0.0289032 -0.00730499 -0.0469163
internal_weight=87.2799 71.127 16.1529 66.9545 32.1666 34.7879 20.3763 6.68379 18.9266 12.9103 5.90343 6.01624 2.90046 9.46911
internal_count=1020 623 397 539 338 201 279 45 259 204 59 55 46 352
is_linear=0
shrinkage=0.05


Tree=53
num_leaves=15
num_cat=0
split_feature=22 28 22 0 2 28 19 14 7 24 34 1 8 29
split_gain=9.48555 9.35852 8.42482 4.76888 4.00283 3.2097 6.49137 6.61353 3.55175 3.19254 2.82003 2.66768 1.5969 1.59312
threshold=1.6865399289335883 0.19656218209416373 -0.88344702553846866 17.605000000000004 9.6740000000000013 1.2358767413205385 0.90993794372948644 0.39744240386545188 3.6977338741148622 2.3361077470736924 1210.9141985500003 49.570000000000007 0.91571369624807508 0.0035866797382879752
decision_type=2 2 2 2 2 2 2 2 2 2 2 2 2 2
left_child=1 3 -3 -1 5 6 7 9 -8 -4 11 -11 -7 -12
right_child=-2 2 4 -5 -6 12 8 -9 -10 10 13 -13 -14 -15
leaf_value=0.067125415827218357 -0.051325881877014215 -0.05831720077886348 -0.014640550561754107 -0.052894897255544818 -0.022812191675530332 0.05155060177330606 -0.05529628108164053 -0.036513392296971162 0.04763277262766525 0.037614401637888734 0.056254772437692148 -0.052326900348102647 0.015888418861836531 0.032481772727403012
leaf_weight=0.95929912850260635 5.1297020679339758 2.9697317834943524 2.8597228154540053 6.0309695992618799 3.7155552953481665 19.070717759430412 3.7368462048470965 3.4616708047687998 1.0804498326033352 1.8239968270063429 15.721906036138536 1.5044213756918905 3.757581800222396 12.772498009726403
leaf_count=5 231 49 18 240 29 101 86 23 6 5 74 51 23 79
internal_value=0.014572 0.0188259 0.0241548 -0.0364241 0.0276785 0.0305301 0.0224796 0.0293866 -0.0322108 0.035964 0.0405116 -0.00303843 0.0456805 0.0455986
internal_weight=84.5951 79.4654 72.4751 6.99027 69.5054 65.7898 42.9615 38.1442 4.8173 34.6825 31.8228 3.32842 22.8283 28.4944
internal_count=1020 789 544 245 495 466 342 250 92 227 209 56 124 153
is_linear=0
shrinkage=0.05


Tree=54
num_leaves=15
num_cat=0
split_feature=15 3 4 4 29 15 13 0 16 26 16 33 21 1
split_gain=8.49082 7.73913 8.18117 5.61676 5.56039 4.19468 4.34204 4.04008 2.3191 1.2416 1.95586 0.892537 0.883666 0.743774
threshold=0.090019893760967959 7.0900000000000007 14.120000000000003 37.07500000000001 0.10174235230874938 2.1583882272039907 3.8401351978619718 19.845000000000002 97.083333333333357 1.003217113644558 53.750000000000007 1.0000000180025095e-35 -1.0000000180025095e-35 53.25500000000001
decision_type=2 2 2 2 2 2 2 2 2 2 2 2 2 2
left_child=3 2 4 7 11 6 8 -1 9 10 -4 -2 -9 -11
right_child=1 -3 5 -5 -6 -7 -8 12 -10 13 -12 -13 -14 -15
leaf_value=0.016504006920369487 -0.053683977450384029 -0.058904936430137458 -0.0092321268211352087 0.034011466655883019 0.0390708873770651 -0.018269594824050328 -0.025329214866112695 0.018942317766265572 0.0029838117953832695 0.060567055620468213 0.042844317044300972 -0.016907688901441533 -0.052921316730715401 0.044321476975422359
leaf_weight=3.0395378442481187 4.357968860305844 2.7971246223896733 2.5057096965610963 4.0237026140093795 3.2844758704304695 3.5551211312413207 2.5640223473310462 0.44858869910240251 3.5974414572119704 10.087694451212881 6.4290504120290279 2.6548415943980217 9.2170796003192628 23.362109859474003
leaf_count=40 109 43 28 27 12 20 24 3 35 42 45 13 393 186
internal_value=0.0143063 0.0224601 0.0261075 -0.0174707 -0.0146168 0.0341562 0.0379955 -0.033775 0.0415266 0.0447979 0.0282397 -0.0397616 -0.0495861 0.0492208
internal_weight=81.9245 65.1956 62.3984 16.7289 10.2973 52.1011 48.546 12.7052 45.982 42.3846 8.93476 7.01281 9.66567 33.4498
internal_count=1020 557 514 463 134 380 360 436 336 301 73 122 396 228
is_linear=0
shrinkage=0.05


Tree=55
num_leaves=15
num_cat=0
split_feature=22 18 22 2 0 18 19 14 26 4 6 18 19 4
split_gain=8.68278 8.16961 7.58412 7.83435 4.34408 3.34457 5.77374 6.09913 3.6598 3.10538 2.59345 2.38642 3.63655 3.99248
threshold=1.6865399289335883 0.21721101201533841 -0.88344702553846866 10.042650000000002 17.605000000000004 2.4426624937780161 0.90993794372948644 0.39744240386545188 0.32589922846031505 37.810000000000009 40.550122560469823 0.37030048932625309 0.68780267349536084 28.365000000000006
decision_type=2 2 2 2 2 2 2 2 2 2 2 2 2 2
left_child=1 4 -3 5 -1 6 7 9 -8 11 -7 -4 -13 -14
right_child=-2 2 3 -5 -6 10 8 -9 -10 -11 -12 12 13 -15
leaf_value=0.061620789299845602 -0.051237519779434339 -0.057980277580743846 0.057267668230357532 -0.061594485190837316 -0.052658608852414746 0.05376001913296146 0.056861945536761854 -0.0357005581303389 -0.054809077392740803 -0.015183324758228154 0.010855255885975253 0.040458383828213595 -0.056572578709509228 0.041146301562648785
leaf_weight=0.97921386733651061 4.7955661648884407 2.7574742846190921 11.570800427347423 2.4215230271220198 5.5154390735551715 18.225357010960582 0.92284414172172446 3.3914191164076319 3.5796848461031914 2.8440595343708983 4.3658756762742987 14.084162451326849 2.3150473358109585 1.9057070761919019
leaf_count=5 231 49 64 25 240 107 3 23 89 13 21 82 60 8
internal_value=0.0139853 0.0181624 0.0232522 0.0266654 -0.0354284 0.0300468 0.0214685 0.0281254 -0.0319208 0.034741 0.0454684 0.0394936 0.0282584 -0.0124517
internal_weight=79.6742 74.8786 68.384 65.6265 6.49465 63.205 40.6137 36.1112 4.50253 32.7198 22.5912 29.8757 18.3049 4.22075
internal_count=1020 789 544 495 245 470 342 250 92 227 128 214 150 68
is_linear=0
shrinkage=0.05


Tree=56
num_leaves=15
num_cat=0
split_feature=22 18 2 22 0 3 4 8 15 29 3 22 3 4
split_gain=8.19125 7.65653 6.77848 7.68471 4.0608 3.27223 2.94313 3.55479 3.4176 5.07552 2.95488 9.12483 2.65632 1.44074
threshold=1.6865399289335883 0.21721101201533841 10.042650000000002 -0.88344702553846866 17.605000000000004 6.7550000000000008 13.605000000000002 0.3550237426492609 0.090019893760967959 0.013743831209369832 4.4250000000000007 1.2951662232550898 4.2250000000000005 37.340000000000011
decision_type=2 2 2 2 2 2 2 2 2 2 2 2 2 2
left_child=1 4 3 -3 -1 6 7 -5 9 -8 11 -10 -13 -11
right_child=-2 2 -4 5 -6 -7 8 -9 10 13 -12 12 -14 -15
leaf_value=0.057708039837331727 -0.051176320299134326 -0.05761088200371365 -0.060962467799816678 -0.05801400990842398 -0.05254091164842864 -0.023457478256631276 -0.060775338564305725 0.028828331569386884 0.041303665386029448 -0.00045750062836755819 0.049440631811412811 -0.10203082653301013 -0.0042770160271053013 0.051382604630130529
leaf_weight=0.99295623227953811 4.5670011285692445 2.6393840843811622 2.3266980834305278 1.9215468112379301 5.2579043237492442 2.7814886420965186 2.1411417825147501 3.046932265162468 11.990655798465012 2.2881497535854578 30.945472087711096 1.5681723626330488 1.2480177432298658 3.2353975921869278
leaf_count=5 231 49 25 27 240 26 51 17 82 33 173 35 8 18
internal_value=0.0137684 0.017866 0.0228655 0.0259223 -0.0350277 0.0295268 0.032051 -0.00475773 0.0354747 0.00457523 0.0406511 0.0222815 -0.0587104 0.0299077
internal_weight=76.9509 72.3839 66.1331 63.8064 6.25086 61.167 58.3855 4.96848 53.417 7.66469 45.7523 14.8068 2.81619 5.52355
internal_count=1020 789 544 519 245 470 444 44 400 102 298 125 43 51
is_linear=0
shrinkage=0.05


Tree=57
num_leaves=15
num_cat=0
split_feature=22 18 22 0 15 10 34 32 7 18 1 12 4 13
split_gain=7.72264 7.16664 6.68172 3.80335 3.29826 3.64738 3.38469 3.19002 3.7503 5.94036 4.83852 4.53623 4.25303 1.63191
threshold=1.6865399289335883 0.21721101201533841 -0.88344702553846866 17.605000000000004 2.1583882272039907 7.0833333333333348 1102.2405785916669 1.0000000180025095e-35 7.9596865163828676 0.38033207103843386 55.660000000000004 0.080290728657887417 13.345000000000001 0.060828596004673004
decision_type=2 2 2 2 2 2 2 2 2 2 2 2 2 2
left_child=1 3 -3 -1 5 -4 13 8 9 10 -8 -12 -11 -7
right_child=-2 2 4 -5 -6 6 7 -9 -10 12 11 -13 -14 -15
leaf_value=0.054141631568265763 -0.051118189236807089 -0.05725783475227491 -0.033077498219217683 -0.052428019065486192 -0.021174389776431643 0.031913879118447348 0.062917706001956952 0.046113845151483576 0.04378276076654717 0.012369604099157079 -0.080381599275130791 0.043416547258577624 -0.063492246995141458 -0.055972693314678558
leaf_weight=1.00511885434389 4.3490814985707393 2.5257492093369356 2.3035531397908917 5.0119715435430408 3.5344119928777209 0.78722909465432112 5.4087218344211596 26.33882449567318 11.191890105605124 3.5863288640975943 1.4357147207483651 1.5269210767000911 3.8105885535478592 1.6051991172134874
leaf_count=5 231 49 37 240 21 8 20 182 56 25 51 14 33 48
internal_value=0.0135333 0.0175459 0.0224468 -0.0346262 0.0257186 0.0285764 0.0311266 0.0337381 0.0216476 0.00593671 0.0347844 -0.0165769 -0.0267113 -0.0270536
internal_weight=74.4213 70.0722 64.0551 6.01709 61.5294 57.995 55.6914 53.299 26.9602 15.7683 8.37136 2.96264 7.39692 2.39243
internal_count=1020 789 544 245 495 474 437 381 199 143 85 65 58 56
is_linear=0
shrinkage=0.05


Tree=58
num_leaves=15
num_cat=0
split_feature=16 2 4 15 7 1 7 20 11 6 6 1 11 16
split_gain=6.67797 6.15718 7.95233 6.00292 6.81037 5.32273 5.00375 3.99688 2.95303 2.36437 2.15684 1.99308 1.85582 1.23692
threshold=35.416666666666679 10.042650000000002 31.565000000000001 0.19215633279856029 4.6021885679212762 49.915000000000013 8.3247157278219408 -0.13102822718171941 0.56417932794257386 8.9360702343824503 40.550122560469823 52.560000000000009 0.77065999778163652 49.583333333333336
decision_type=2 2 2 2 2 2 2 2 2 2 2 2 2 2
left_child=5 2 3 8 -5 7 9 -1 -2 -6 13 -10 -7 -4
right_child=1 -3 10 4 6 12 -8 -9 11 -11 -12 -13 -14 -15
leaf_value=-0.019344717733551162 0.046671670190442105 -0.059781283781324107 0.019718893212120076 0.052139526764361101 -0.052002151235507624 -0.05297085281985528 0.039182036965381105 0.06470161320355948 0.023861418898223286 0.012550703934397986 0.0081311491609912436 -0.054436655075952384 0.052270881849888678 0.05174114601848763
leaf_weight=3.242953646928072 1.0349509865045572 2.2949142204597583 3.5017569698393407 8.711705691181125 4.8182895965874177 7.0171670503914356 3.7031227964907885 2.5089765563607198 0.93977230228483666 2.0103076733648777 4.0846058651804915 6.0136351371183991 0.44548378605395544 21.72302134335041
leaf_count=36 3 32 46 58 59 349 24 9 6 20 21 208 3 146
internal_value=0.0132904 0.0205044 0.0237631 0.00430947 0.0194347 -0.0188291 -0.00761839 0.0173161 -0.0321261 -0.0329981 0.0418377 -0.0438545 -0.0466884 0.0472957
internal_weight=72.0507 58.8361 56.5412 27.2318 19.2434 13.2146 10.5317 5.75193 7.98836 6.8286 29.3094 6.95341 7.46265 25.2248
internal_count=1020 623 591 378 161 397 103 45 217 79 213 214 352 192
is_linear=0
shrinkage=0.05


Tree=59
num_leaves=15
num_cat=0
split_feature=22 18 22 11 15 34 3 15 29 12 4 10 29 11
split_gain=6.90034 6.32999 6.04737 3.11381 2.94624 4.68646 2.21387 2.53571 4.49666 2.69896 2.59858 1.07023 0.982876 0.691884
threshold=1.6865399289335883 0.21721101201533841 -0.88344702553846866 0.57975909191541419 2.1583882272039907 1051.208519441667 6.6750000000000007 0.082183930023505561 0.013743831209369832 0.99289589246328747 13.605000000000002 52.083333333333343 0.0081117457046054556 0.75002742535143418
decision_type=2 2 2 2 2 2 2 2 2 2 2 2 2 2
left_child=1 3 -3 -1 5 -4 7 8 12 10 -9 -10 -7 -12
right_child=-2 2 4 -5 -6 6 -8 9 11 -11 13 -13 -14 -15
leaf_value=0.044067337415272703 -0.051017136471140458 -0.056630172356670005 -0.055114910293016198 -0.0517767450798923 -0.020218557110546372 -0.031915560835309914 -0.012183480858647797 0.0033116524354477976 0.0038275216198966839 -0.0079614538789161103 0.040060303005155201 0.052333921719515668 -0.10560805769868405 0.054801779961217705
leaf_weight=1.0411425381898869 3.9626050181686869 2.3697550091892472 1.6565990364179004 4.5545609965920448 3.4100901894271365 1.1277970885857929 2.8987843915820113 4.1914446987211695 2.0853234864771366 3.0834347233176223 24.219283722341061 2.5009690187871456 0.75563187338411797 11.856074221432207
leaf_count=3 231 49 54 242 21 41 26 29 32 33 168 15 8 68
internal_value=0.0130606 0.0169224 0.021654 -0.0339439 0.0248644 0.0276918 0.0302938 0.0327654 0.00356616 0.0371232 0.0405755 0.0302787 -0.061481 0.0449051
internal_weight=69.7135 65.7509 60.1552 5.5957 57.7854 54.3753 52.7187 49.82 6.46972 43.3502 40.2668 4.58629 1.88343 36.0754
internal_count=1020 789 544 245 495 474 420 394 96 298 265 47 49 236
is_linear=0
shrinkage=0.05


Tree=60
num_leaves=15
num_cat=0
split_feature=22 18 22 0 2 18 19 7 24 6 7 7 1 19
split_gain=6.49145 5.89895 5.65496 3.4199 2.85826 2.70762 4.58243 5.05674 3.90728 2.68727 2.5821 2.5583 2.09579 6.94832
threshold=1.6865399289335883 0.21721101201533841 -0.88344702553846866 17.605000000000004 9.6740000000000013 2.4426624937780161 0.90993794372948644 4.6021885679212762 2.4614791421842654 40.550122560469823 3.6977338741148622 7.9596865163828676 53.785000000000004 0.57752416693104958
decision_type=2 2 2 2 2 2 2 2 2 2 2 2 2 2
left_child=1 3 -3 -1 5 6 7 12 -9 -7 -8 -10 -4 -14
right_child=-2 2 4 -5 -6 9 10 8 11 -11 -12 -13 13 -15
leaf_value=0.050671556366287097 -0.050966966085984257 -0.05631952837951363 0.052753393110406256 -0.052405094581891458 -0.022671585916371206 0.052905970408449403 -0.054131640990245783 -0.04892626258834696 -0.011441614939882938 0.0061462957758782466 0.045165609051517328 0.045007449922434259 0.055471567122559108 -0.042951037129818098
leaf_weight=0.9847601018846025 3.7729633161798111 2.2663000775501123 12.505901077762251 4.4008851358667016 3.0709348581731311 14.087153472006323 3.0166966477409001 3.1561717242002478 4.0208668876439315 3.9297549054026595 0.83616088517010201 4.0077290311455727 4.928133398294448 2.8189372410997748
leaf_count=5 231 49 79 240 29 103 86 25 30 21 6 17 36 63
internal_value=0.0127664 0.0165219 0.0211209 -0.0335576 0.0242339 0.026936 0.0188844 0.0251919 -0.00179237 0.042707 -0.0325818 0.0167367 0.0400941 0.0196584
internal_weight=67.8033 64.0304 58.6447 5.38565 56.3784 53.3075 35.2906 31.4377 11.1848 18.0169 3.85286 8.0286 20.253 7.74707
internal_count=1020 789 544 245 495 466 342 250 72 124 92 47 178 99
is_linear=0
shrinkage=0.05


Tree=61
num_leaves=15
num_cat=0
split_feature=22 18 22 0 15 13 18 14 15 9 22 29 4 34
split_gain=6.12503 5.52371 5.31084 3.21409 2.69411 2.77777 3.75086 4.08846 3.89703 3.12628 2.38771 6.0319 2.43627 0.891672
threshold=1.6865399289335883 0.21721101201533841 -0.88344702553846866 17.605000000000004 2.1583882272039907 3.8401351978619718 2.4426624937780161 0.39744240386545188 0.092061853530120211 0.004470133150007001 0.77332246433803131 -0.015092802445018027 13.605000000000002 2605.8701425166669
decision_type=2 2 2 2 2 2 2 2 2 2 2 2 2 2
left_child=1 3 -3 -1 5 6 7 8 9 -4 12 -12 -10 -13
right_child=-2 2 4 -5 -6 -7 -8 -9 10 -11 11 13 -14 -15
leaf_value=0.047782666353167282 -0.050919298415974479 -0.056022935597729029 0.024384406372440302 -0.05230036806354408 -0.019855441219896602 -0.026982135444329258 0.049712241547425429 -0.034769331553822592 0.0015338233574397726 -0.056824005578117093 0.05502311171848745 -0.051556180974313838 0.051587456129152387 -0.0054226669352911185
leaf_weight=0.99189166724681754 3.5922287479042998 2.166896002367138 2.3660302795469788 4.1944228243082762 3.3206145949661723 2.3085682056844226 15.258795253932474 3.1115535721182814 2.9096147119998994 2.3745081536471844 3.9649887410923839 2.3284563310444337 14.780386956408618 1.9037560652941463
leaf_count=5 231 49 18 240 21 24 111 22 22 72 18 57 108 22
internal_value=0.0125565 0.0162354 0.020746 -0.0331593 0.0237912 0.026616 0.0291413 0.019838 0.0253857 -0.0162924 0.0330179 0.0107105 0.0433547 -0.0308042
internal_weight=65.5727 61.9805 56.7942 5.18631 54.6273 51.3067 48.9981 33.7393 30.6277 4.74054 25.8872 8.1972 17.69 4.23221
internal_count=1020 789 544 245 495 474 450 339 317 90 227 97 130 79
is_linear=0
shrinkage=0.05


Tree=62
num_leaves=15
num_cat=0
split_feature=22 28 2 22 0 28 19 14 4 6 26 28 16 34
split_gain=5.77623 5.16623 5.29624 5.39615 3.02469 2.75344 4.02668 4.64893 2.96612 2.72934 2.36446 2.06463 3.19057 1.22596
threshold=1.6865399289335883 0.19656218209416373 10.042650000000002 -0.88344702553846866 17.605000000000004 1.2358767413205385 0.90993794372948644 0.39744240386545188 37.810000000000009 40.550122560469823 0.46512206461797961 0.31503004895856385 37.083333333333336 1724.1219523000002
decision_type=2 2 2 2 2 2 2 2 2 2 2 2 2 2
left_child=1 4 3 -3 -1 6 7 8 11 -7 -8 -5 -13 -14
right_child=-2 2 -4 5 -6 9 10 -9 -10 -11 -12 12 13 -15
leaf_value=0.045098864154780087 -0.05087400494250837 -0.055739791877365052 -0.059090057047347634 0.055539461383124503 -0.052199753908188241 0.052825296862074794 0.044319071711007289 -0.033330654703365568 -0.019701690912617496 0.0052966583833434647 -0.053774802577550289 -0.038820791533145688 0.047139330949761228 0.016615263475991369
leaf_weight=0.9982035830616941 3.4199991356581441 2.071421247906982 2.021399274468421 8.9037376753985971 3.9973551100119948 13.886142142117025 0.78863456659018938 3.1470465324819079 2.6070580631494513 3.86025396734476 2.7791445655748248 1.7251077415421594 7.3363070860505086 5.9634276088327169
leaf_count=5 231 49 25 64 240 107 6 23 13 21 86 62 48 40
internal_value=0.012332 0.0159296 0.0203446 0.0233703 -0.0327577 0.0265837 0.0180959 0.0241284 0.0309428 0.0424867 -0.0320918 0.0364606 0.0251545 0.0334527
internal_weight=63.5052 60.0852 55.0897 53.0683 4.99556 50.9969 33.2505 29.6827 26.5356 17.7464 3.56778 23.9286 15.0248 13.2997
internal_count=1020 789 544 519 245 470 342 250 227 128 92 214 150 88
is_linear=0
shrinkage=0.05


Tree=63
num_leaves=15
num_cat=0
split_feature=8 28 19 7 7 22 4 22 15 22 12 19 4 8
split_gain=7.27808 8.16686 6.9896 5.94949 3.51745 3.89301 3.23272 3.16045 2.95492 2.83692 4.03811 1.60541 1.1075 1.21691
threshold=0.93903363705683962 1.4558370504392755 0.90993794372948644 4.6021885679212762 8.1616833666471713 1.4576519812029076 37.810000000000009 0.89355744487384114 0.0020060465506926005 0.86555235498746319 -0.12708701886186027 0.81150595395235481 13.345000000000001 0.3550237426492609
decision_type=2 2 2 2 2 2 2 2 2 2 2 2 2 2
left_child=1 2 3 9 7 -6 8 12 -4 11 -11 -1 13 -5
right_child=-2 -3 6 4 5 -7 -8 -9 -10 10 -12 -13 -14 -15
leaf_value=0.052831763535230059 -0.11083902355600211 0.048531813515892752 0.03779488333286863 -0.056165678204240677 0.036663657910931902 -0.03454880521567931 0.049161206852597665 0.016208166176036373 -0.051883031416077731 0.052007741807364241 -0.03682425936787994 0.0064669505819499526 -0.072898895107342668 0.012240790469645445
leaf_weight=11.862779431045057 1.1803462486714114 13.657139484770594 1.0361981149762858 1.6001328332349678 6.2607828583568317 2.7675260454416275 1.0964339952915896 2.4970761388540268 8.0921183591708523 2.2858568942174315 2.9053498022258273 2.2157491724938145 2.8981771059334278 1.0950614670291541
leaf_count=95 24 113 6 32 47 19 6 26 485 14 82 25 33 13
internal_value=0.0121205 0.0145286 0.00456601 0.0148293 -0.00662084 0.0148343 -0.0319596 -0.0305631 -0.0417033 0.033885 0.00229136 0.0455346 -0.0514434 -0.028372
internal_weight=61.4507 60.2704 46.6132 36.3885 17.1188 9.02831 10.2248 8.09045 9.12832 19.2697 5.19121 14.0785 5.59337 2.69519
internal_count=1020 996 883 386 170 66 497 104 491 216 96 120 78 45
is_linear=0
shrinkage=0.05


Tree=64
num_leaves=15
num_cat=0
split_feature=22 18 22 0 15 34 13 18 19 14 7 29 19 7
split_gain=5.22223 4.56767 4.54678 2.80227 2.34321 3.87352 2.62739 2.56064 4.32708 4.26408 2.13025 1.26811 2.1442 0.646801
threshold=1.6865399289335883 0.21721101201533841 -0.88344702553846866 17.605000000000004 2.1583882272039907 1051.208519441667 3.8401351978619718 2.4426624937780161 0.90993794372948644 0.30591230444540046 3.6977338741148622 0.0035866797382879752 0.81370627170518317 4.1847930369036623
decision_type=2 2 2 2 2 2 2 2 2 2 2 2 2 2
left_child=1 3 -3 -1 5 -4 7 8 9 11 -10 -7 13 -13
right_child=-2 2 4 -5 -6 6 -8 -9 10 -11 -12 12 -14 -15
leaf_value=0.042809241500842303 -0.050810544326892741 -0.055278120344773821 -0.054747536539646847 -0.052144997374094886 -0.01934574271303089 0.051909440642047146 -0.024852725692373866 0.048885378559848064 -0.053433036444321992 -0.0073128228209353918 0.043236998927753463 0.049896646117755343 -0.017899581688888319 0.017085217454266541
leaf_weight=0.98587743937969108 3.1425431240349999 1.9460095018148411 1.4588397303596128 3.6673357402905822 3.1159703433513632 10.943466179072866 2.2322463672608128 13.424466073513029 2.5344075998291369 6.0975065398961297 0.73520047962665547 4.8959252983331663 2.082725714892149 2.1666474863886833
leaf_count=5 231 49 54 240 21 77 24 111 86 33 6 47 19 17
internal_value=0.0119173 0.0154194 0.0196953 -0.032027 0.0226317 0.0254402 0.0280333 0.0307865 0.0225379 0.0293095 -0.0316959 0.0404254 0.0266834 0.0398308
internal_weight=59.4292 56.2866 51.6334 4.65321 49.6874 46.5714 45.1126 42.8803 29.4559 26.1863 3.26961 20.0888 9.1453 7.06257
internal_count=1020 789 544 245 495 474 420 396 285 193 92 160 83 64
is_linear=0
shrinkage=0.05


Tree=65
num_leaves=15
num_cat=0
split_feature=16 2 4 15 14 1 24 24 11 6 1 11 1 16
split_gain=4.52314 4.62461 5.56774 4.04874 6.08483 3.89667 2.54943 2.53322 2.19333 2.17235 1.62859 1.46172 1.36731 1.23148
threshold=35.416666666666679 10.042650000000002 31.565000000000001 0.19215633279856029 0.39744240386545188 49.915000000000013 64.728497600301992 2.3361077470736924 0.56417932794257386 40.550122560469823 52.560000000000009 0.77122562189236843 45.135000000000005 49.583333333333336
decision_type=2 2 2 2 2 2 2 2 2 2 2 2 2 2
left_child=5 2 3 8 7 6 -1 -5 -2 13 -10 -7 -9 -4
right_child=1 -3 9 4 -6 11 -8 12 10 -11 -12 -13 -14 -15
leaf_value=-0.018593707803195969 0.038864622734542109 -0.057962947726956829 0.014459466207454381 -0.014801563155456665 -0.050842397470266247 -0.052759171156422036 0.054598559121416972 0.01035445951191458 0.021829413044085234 0.0035793972060762305 -0.05379505785038851 0.057215023552940537 0.051881729520948411 0.050594947332923745
leaf_weight=2.5973480530083162 0.98678950965404766 1.9096913700923313 2.7491411417722764 2.429162726737558 2.7196017568930975 5.2849605148658156 2.1953359395265579 2.6227393010631195 0.84167143516242493 3.6895375102758399 4.617732226382941 0.32047098875045765 8.1156433587893826 16.561716824769974
leaf_count=34 3 32 46 36 28 351 11 34 6 21 208 1 63 146
internal_value=0.0116856 0.0182566 0.0214673 0.00368496 0.0172457 -0.0181693 0.0149327 0.0313084 -0.0297364 0.038734 -0.0421361 -0.0464718 0.0417391 0.0454506
internal_weight=57.6415 47.2434 45.3337 22.3333 15.8871 10.3981 4.79268 13.1675 6.44619 23.0004 5.4594 5.60543 10.7384 19.3109
internal_count=1020 623 591 378 161 397 45 133 217 213 214 352 97 192
is_linear=0
shrinkage=0.05


Tree=66
num_leaves=15
num_cat=0
split_feature=22 3 2 26 16 0 4 15 16 4 29 3 15 4
split_gain=4.65872 4.38104 4.1531 4.8052 3.87558 3.90924 3.57236 2.85051 2.9127 2.5157 2.3845 1.4778 1.29486 3.40923
threshold=1.6865399289335883 7.0900000000000007 10.042650000000002 1.003217113644558 50.833333333333343 13.960000000000003 14.160000000000002 0.045242121020550356 68.750000000000014 13.040000000000001 0.2330105328706672 3.8950000000000005 0.17360506033913189 31.565000000000001
decision_type=2 2 2 2 2 2 2 2 2 2 2 2 2 2
left_child=1 2 3 4 5 -1 -6 8 -5 -9 12 -7 13 -11
right_child=-2 -3 -4 7 6 11 -8 9 -10 10 -12 -13 -14 -15
leaf_value=0.052449291535247869 -0.050735922584286788 -0.057304640097064846 -0.057831061564846964 0.034053914129971961 -0.033224447198095669 -0.1649526062186778 0.040865075608146284 -0.011645294582056206 -0.056847974389185499 -0.027116427111397085 -0.010253679556286496 -0.049498824215615522 0.048325910043817429 0.051349461767583482
leaf_weight=0.99369819462299158 2.8565556374378493 2.0253484500572076 1.758190570399164 1.7057559024542563 2.3677942836657166 0.29654087033122767 5.2001393102109432 2.7191151035949579 1.823070873506367 2.2152862623333993 2.3061284869909278 4.2420219527557492 21.677803810685873 3.6904429607093334
leaf_count=8 231 38 25 19 29 7 40 35 68 37 18 242 182 41
internal_value=0.0114636 0.0148147 0.017679 0.0203753 -0.00556756 -0.0373756 0.0176845 0.0297798 -0.012908 0.0343993 0.0385881 -0.0570423 0.0426715 0.0219163
internal_weight=55.8779 53.0213 50.996 49.2378 13.1002 5.53226 7.56793 36.1376 3.52883 32.6088 29.8897 4.53856 27.5835 5.90573
internal_count=1020 789 751 726 326 257 69 400 87 313 278 249 260 78
is_linear=0
shrinkage=0.05


Tree=67
num_leaves=15
num_cat=0
split_feature=8 28 19 9 3 4 12 4 11 14 8 16 19 34
split_gain=6.53451 6.88913 5.50171 4.18876 4.25571 4.32194 3.51119 2.63543 2.59969 1.46135 1.35851 0.78727 0.920179 0.417542
threshold=0.93903363705683962 1.4558370504392755 0.90993794372948644 0.010967105638956452 7.0900000000000007 14.120000000000003 0.41088670078089101 37.810000000000009 0.56417932794257386 0.36619805481879714 0.71882655090152892 13.750000000000002 0.85190016866962048 2199.9784859750002
decision_type=2 2 2 2 2 2 2 2 2 2 2 2 2 2
left_child=1 2 3 4 5 6 10 8 -4 11 -1 -7 -13 -3
right_child=-2 13 7 -5 -6 9 -8 -9 -10 -11 -12 12 -14 -15
leaf_value=-0.054015616999954053 -0.10960541101582158 0.025469803578910145 0.035149570973224957 -0.057702608396330284 -0.057349494634410136 0.014444581351803269 0.036097019139411025 0.047861991610059468 -0.05161629214960476 0.0069420534690814995 0.0013165555388216872 0.051268391189939699 0.020093198192475025 0.051558898596938268
leaf_weight=3.2003088952042225 1.0954864639788855 1.8134215027093876 0.98862339556217005 1.9360904274508346 1.7595452358946193 2.4558051535859766 2.709746366366744 0.94340515695512284 6.8103644670918584 3.9510941803455344 1.6977851744741199 11.805603904649614 2.96055600978434 9.9401856781914812
leaf_count=96 24 14 3 27 36 38 10 6 488 30 11 116 22 99
internal_value=0.0112672 0.0137669 0.0041383 0.013616 0.0181371 0.0227521 -0.0095714 -0.0310696 -0.0406176 0.0343665 -0.0348363 0.0406582 0.0450179 0.0475337
internal_weight=54.068 52.9725 41.2189 32.4765 30.5404 28.7809 7.60784 8.74239 7.79899 21.1731 4.89809 17.222 14.7662 11.7536
internal_count=1020 996 883 386 359 323 117 497 491 206 107 176 138 113
is_linear=0
shrinkage=0.05


Tree=68
num_leaves=15
num_cat=0
split_feature=8 18 19 9 22 16 24 0 26 5 14 15 0 14
split_gain=6.04121 6.53723 5.16177 3.92951 3.86804 2.11783 3.22178 1.85841 2.03993 1.65682 4.106 1.88816 1.56015 1.27752
threshold=0.93903363705683962 3.2880796698327051 0.90993794372948644 0.010967105638956452 -0.88344702553846866 35.416666666666679 64.728497600301992 17.485000000000003 0.28908887857010385 0.77900000000000014 0.39744240386545188 0.90844018425251338 17.845000000000002 0.66287376918614027
decision_type=2 2 2 2 2 2 2 2 2 2 2 2 2 2
left_child=1 2 3 4 -1 6 12 -4 -9 10 11 -7 -6 -10
right_child=-2 -3 7 -5 5 9 -8 8 13 -11 -12 -13 -14 -15
leaf_value=-0.054838477013839475 -0.10630610750155796 0.047186359553326326 0.031678375877899068 -0.057290643815515997 0.05331257590467893 -0.013623133548050365 0.044014463553766536 0.050032275892205991 -0.051969701849104349 0.044926730717062595 -0.046967775027343152 0.040755743665873624 -0.043884444407860712 0.056188926614068727
leaf_weight=1.7294828989543081 1.0735816219821561 11.261105526238678 1.0420750072225908 1.8545736037194718 0.47103121876716914 1.9788987925276185 2.2077815402299166 0.58342896960675705 6.4776395247317851 9.6508776620030385 2.0701455175876609 8.2568980511277896 3.3429386829957366 0.28502655029296864
leaf_count=49 24 113 10 27 3 30 26 4 482 83 19 67 82 1
internal_value=0.011078 0.0135388 0.0040544 0.0133196 0.0177275 0.0222132 -0.00405477 -0.0308082 -0.0396721 0.0294173 0.017254 0.0302426 -0.0318805 -0.0474111
internal_weight=52.2855 51.2119 39.9508 31.5626 29.7081 27.9786 6.02175 8.38817 7.3461 21.9568 12.3059 10.2358 3.81397 6.76267
internal_count=1020 996 883 386 359 310 111 497 487 199 116 97 85 483
is_linear=0
shrinkage=0.05


Tree=69
num_leaves=15
num_cat=0
split_feature=26 18 19 7 34 7 6 24 4 11 19 0 4 11
split_gain=5.57903 6.39466 4.88001 4.40304 3.85944 2.90672 2.70948 2.42982 2.34557 2.44226 1.89675 2.0265 1.11712 1.29068
threshold=9.4270539831290581 3.2880796698327051 0.90993794372948644 4.6021885679212762 1051.208519441667 8.1616833666471713 8.9360702343824503 0.98633174841900206 37.810000000000009 0.56417932794257386 0.81150595395235481 18.715000000000003 13.345000000000001 0.75838892017302861
decision_type=2 2 2 2 2 2 2 2 2 2 2 2 2 2
left_child=1 2 3 4 -1 6 12 -7 9 -4 -6 -12 13 -5
right_child=-2 -3 8 5 10 7 -8 -9 -10 -11 11 -13 -14 -15
leaf_value=-0.051751293429560835 -0.10300511894225753 0.0475075893395486 0.033667059563193054 0.016892418283855192 0.052323876820898819 -0.02539107850042481 0.017094062539537151 0.034599228772401978 0.046676743959077366 -0.051486705040649207 -0.024498687815228036 0.039424429144229979 -0.072158084568087602 -0.056811950222508859
leaf_weight=1.2823035540059233 1.0526370760053385 10.71682210639119 0.97311624884605219 1.0447353972122058 9.2714958712458593 2.5105255097150803 2.1951858764514327 5.1513984575867653 0.87472837977111328 6.2503607864491642 2.0243963347747913 3.1992600308731198 2.6116130091249943 1.3767049154266713
leaf_count=72 24 106 3 18 96 22 24 44 6 494 19 30 35 27
internal_value=0.0108989 0.0133219 0.00387131 0.0129874 0.0313925 -0.00651437 -0.0292588 0.0149427 -0.0306511 -0.0400152 0.0387478 0.0146514 -0.0494758 -0.025012
internal_weight=50.5353 49.4826 38.7658 30.6676 15.7775 14.8902 7.22824 7.66192 8.09821 7.22348 14.4952 5.22366 5.03305 2.42144
internal_count=1020 996 890 387 217 170 104 66 503 497 145 49 80 45
is_linear=0
shrinkage=0.05


Tree=70
num_leaves=15
num_cat=0
split_feature=8 18 22 29 7 7 14 15 2 15 0 6 4 7
split_gain=5.15508 5.89985 3.18664 4.25924 4.21716 3.60932 3.53404 3.22628 2.2079 2.68012 2.04904 1.5093 1.2965 1.73475
threshold=0.93903363705683962 3.2880796698327051 0.75928918810139778 -0.015310113364070814 4.6021885679212762 8.1616833666471713 0.51036734221435631 0.082183930023505561 -0.21639999999999998 0.014042992076041301 17.235000000000003 1.682039190330834 25.275000000000002 7.9596865163828676
decision_type=2 2 2 2 2 2 2 2 2 2 2 2 2 2
left_child=1 2 4 12 7 11 10 8 -1 -10 -5 -6 13 -4
right_child=-2 -3 3 6 5 -7 -8 -9 9 -11 -12 -13 -14 -15
leaf_value=0.052101105429455688 -0.099585383574656669 0.046561842940089894 -0.041672317073274484 0.030493393741511471 -0.003715535246360565 0.030911753237234069 0.030644062434605088 0.053334994991281373 0.053392862166737866 -0.081815458634112451 -0.043717236755271123 -0.062509911597175602 0.049034305876309192 0.049863700844096005
leaf_weight=0.95328427106142077 1.0371166607365001 10.326398000121115 1.1952459029853337 1.023115655407312 1.8347196001559485 3.1627762299031019 2.3325463682413092 8.4296326115727407 0.51800218224525707 1.2532379822805522 10.237907295580952 2.6948088672943413 3.0280762054026127 0.91294776089489449
leaf_count=9 24 113 38 10 17 29 15 91 3 67 521 58 19 6
internal_value=0.0107012 0.013089 0.00389023 -0.0107156 0.0184057 -0.0100753 -0.025372 0.0380472 -0.00925279 -0.0422736 -0.0369749 -0.0386948 0.0280737 -0.00203288
internal_weight=48.9398 47.9027 37.5763 18.7298 18.8465 7.6923 13.5936 11.1542 2.72452 1.77124 11.261 4.52953 5.13627 2.10819
internal_count=1020 996 883 609 274 104 546 170 79 70 531 75 63 44
is_linear=0
shrinkage=0.05


Tree=71
num_leaves=15
num_cat=0
split_feature=26 28 19 3 22 15 34 34 14 26 11 26 14 29
split_gain=4.76594 5.77013 4.28089 3.57127 3.17545 2.31818 1.70736 2.22182 1.88129 2.61669 1.69175 1.81408 1.1202 1.03247
threshold=9.4270539831290581 1.4558370504392755 0.90993794372948644 7.0900000000000007 -0.88344702553846866 2.1583882272039907 1102.2405785916669 1051.208519441667 0.28891102461163654 1.2274879635930185 0.56417932794257386 0.28908887857010385 0.66287376918614027 0.0035866797382879752
decision_type=2 2 2 2 2 2 2 2 2 2 2 2 2 2
left_child=1 2 3 4 -1 6 7 -6 13 -10 -4 -12 -13 -8
right_child=-2 -3 10 -5 5 -7 8 -9 9 -11 11 12 -14 -15
leaf_value=-0.054411371648267787 -0.096203525538022958 0.046892764313355532 0.032137290381662215 -0.056295401534485826 -0.05313282482957267 -0.033129156655058375 0.050184269773056803 0.055626893004580083 -0.030236878187854289 0.034638522548024298 0.049145872961157938 -0.051392750850065352 0.055415431560389999 0.02407408749697796
leaf_weight=1.4746985007077515 1.023251449689268 9.8275905475020391 0.95834572613239188 1.7732985075563181 1.4333448428660696 1.8343774061650027 8.6970316544175166 0.69838200509548176 2.7500801738351575 3.5745536340400577 0.53610195964574803 5.7598102800548077 0.25641465187072743 6.7051049144938579
leaf_count=42 24 106 3 41 74 16 80 3 19 28 4 495 1 84
internal_value=0.0105308 0.0128908 0.00372358 0.0124526 0.0169399 0.0210353 0.0251997 -0.0175017 0.0293894 0.00642937 -0.0299117 -0.0389871 -0.0468405 0.0388176
internal_weight=47.3024 46.2791 36.4515 28.9409 27.1676 25.6929 23.8585 2.13173 21.7268 6.32463 7.51067 6.55233 6.01622 15.4021
internal_count=1020 996 890 387 346 304 288 77 211 47 503 500 496 164
is_linear=0
shrinkage=0.05


Tree=72
num_leaves=15
num_cat=0
split_feature=26 18 19 9 22 4 0 34 6 29 1 16 15 20
split_gain=4.40364 5.48287 4.01338 3.27007 3.20335 2.04116 2.23371 1.80968 3.00028 2.05464 1.89415 4.55793 2.07303 0.4593
threshold=9.4270539831290581 3.2880796698327051 0.90993794372948644 0.010967105638956452 -0.88344702553846866 37.810000000000009 17.485000000000003 3758.1568323000001 8.9360702343824503 -0.073128903795954617 51.330000000000005 35.416666666666679 0.19215633279856029 1.2285083313758458
decision_type=2 2 2 2 2 2 2 2 2 2 2 2 2 2
left_child=1 2 3 4 -1 6 -4 9 -9 -6 -11 -12 -13 -3
right_child=-2 13 5 -5 7 -7 -8 8 -10 10 11 12 -14 -15
leaf_value=-0.054038556127620652 -0.093271982997213052 0.023683532040172154 0.029426818119471163 -0.056199451930473314 -0.020687541521483142 0.045620576608149291 -0.05180741297830626 -0.054718652749052236 0.029393299708332071 0.049094663890770225 -0.054504388788077854 -0.00095252352617605221 0.051563916818613144 0.051907359795562415
leaf_weight=1.522257917560643 1.0031565846875299 1.7770588584244231 1.0034754965454329 1.6480034571140993 2.055599085986624 0.80020824633538712 5.4002470746636391 1.9490090170875181 2.3248240575194359 8.6706002317368966 1.8158310055732716 2.9048881148919445 5.3215186521410942 7.6329543516039848
leaf_count=49 24 21 10 27 10 6 487 41 17 81 78 27 57 85
internal_value=0.0103342 0.0126528 0.00363919 0.0121444 0.0163843 -0.0296696 -0.0390779 0.0206652 -0.00896453 0.0267625 0.0319749 0.0171934 0.0330194 0.0465774
internal_weight=45.8296 44.8265 35.4165 28.2125 26.5645 7.20393 6.40372 25.0423 4.27383 20.7684 18.7128 10.0422 8.22641 9.41001
internal_count=1020 996 890 387 360 503 497 311 58 253 243 162 84 106
is_linear=0
shrinkage=0.05


Tree=73
num_leaves=15
num_cat=0
split_feature=8 18 19 7 7 22 6 4 11 22 29 19 4 29
split_gain=4.07559 5.04986 3.74008 3.60034 2.38911 2.57761 2.05792 1.91498 2.15319 1.87735 2.6272 1.56746 1.12385 1.40121
threshold=0.93903363705683962 3.2880796698327051 0.90993794372948644 4.6021885679212762 8.1616833666471713 1.4576519812029076 8.9360702343824503 37.810000000000009 0.56417932794257386 0.86555235498746319 -0.03223374693872149 0.81150595395235481 13.345000000000001 -0.054046318054820477
decision_type=2 2 2 2 2 2 2 2 2 2 2 2 2 2
left_child=1 2 3 9 6 -6 12 8 -4 11 -11 -1 13 -5
right_child=-2 -3 7 4 5 -7 -8 -9 -10 10 -12 -13 -14 -15
leaf_value=0.051739005818976197 -0.090502781769951329 0.045632537308128704 0.030917617975330536 0.026040194152904803 0.033965450664608814 -0.032507889539902191 0.01381247174770679 0.04481592637922388 -0.051293920289007672 0.047647809364992959 -0.033707175897268363 0.00018496020830189273 -0.070493621326065264 -0.054542821655983065
leaf_weight=7.8403008095920104 0.98281455878168245 9.0706332027912122 0.9413885623216619 0.92627386562526259 4.8988384697586298 2.0765159837901592 2.0550127914175391 0.77450529299676407 5.1729560103267431 1.7480612639337776 2.2954379725269964 1.8158677602186797 2.3536553811281919 1.2917887982912342
leaf_count=95 24 113 3 8 47 19 24 6 488 14 82 25 35 37
internal_value=0.0101791 0.0124664 0.00366756 0.0119744 -0.00624774 0.0141768 -0.0277468 -0.0292539 -0.0386363 0.0300667 0.00146372 0.0420441 -0.0464279 -0.020891
internal_weight=44.2441 43.2612 34.1906 27.3018 13.6021 6.97535 6.62673 6.88885 6.11434 13.6997 4.0435 9.65617 4.57172 2.21806
internal_count=1020 996 883 386 170 66 104 497 491 216 96 120 80 45
is_linear=0
shrinkage=0.05


Tree=74
num_leaves=15
num_cat=0
split_feature=26 28 19 7 2 24 2 21 7 11 9 24 7 22
split_gain=3.77785 4.93875 3.53021 3.34898 2.36338 2.41522 2.33321 4.36864 1.80616 2.05573 1.73399 1.2761 1.78856 1.07504
threshold=9.4270539831290581 1.4558370504392755 0.90993794372948644 4.6021885679212762 -3.8831999999999995 2.4614791421842654 -0.21639999999999998 0.44393926593203997 6.3521225764012597 0.56417932794257386 0.0060773337509225514 3.8331652933755755 8.8652374346183827 0.86555235498746319
decision_type=2 2 2 2 2 2 2 2 2 2 2 2 2 2
left_child=1 2 3 6 -5 10 -1 -8 9 -4 -6 -7 -13 -9
right_child=-2 -3 8 4 5 11 7 13 -10 -11 -12 12 -14 -15
leaf_value=0.053343713745145432 -0.087575015561028924 0.045936521071830411 0.029405435750406852 -0.062828097457013315 -0.067320852473518641 0.051330767940490844 -0.093471003423850119 0.046957183165081927 0.043988011309454109 -0.051227438030736511 -0.0038908769293961227 -0.025501433625687183 0.03660396689114883 0.0065682697090845912
leaf_weight=5.7632189355790615 0.96973835304379363 8.6367099136114103 0.94033659994602103 1.612342208623885 1.6353647951036672 2.2746907621622086 0.88221508543938565 3.0237649399787188 0.75025038607418526 4.9595930329523981 3.1582133192569017 2.3142488445155323 2.322856143116951 3.6199557646177709
leaf_count=66 24 106 3 49 15 12 13 49 6 494 39 36 19 89
internal_value=0.0099904 0.0122488 0.00350025 0.0116444 -0.00607552 0.00174179 0.0294025 0.0110688 -0.0290841 -0.0383761 -0.0255305 0.0206561 0.00560891 0.0249505
internal_weight=42.8635 41.8938 33.2571 26.6069 13.3177 11.7054 13.2892 7.52594 6.65018 5.89993 4.79358 6.9118 4.6371 6.64372
internal_count=1020 996 890 387 170 121 217 151 503 497 54 67 55 138
is_linear=0
shrinkage=0.05


Tree=75
num_leaves=15
num_cat=0
split_feature=26 18 19 3 22 24 15 15 11 26 5 3 22 1
split_gain=3.49953 4.68771 3.30857 2.93127 2.55052 2.21316 2.42753 1.71451 1.41944 1.48311 1.0997 1.85227 1.06509 2.41017
threshold=9.4270539831290581 3.2880796698327051 0.90993794372948644 7.0900000000000007 -0.88344702553846866 2.4614791421842654 0.072273394068569113 2.0055483555418352 0.56417932794257386 0.28908887857010385 0.77900000000000014 3.8650000000000007 0.78294383422624969 51.330000000000005
decision_type=2 2 2 2 2 2 2 2 2 2 2 2 2 2
left_child=1 2 3 4 -1 7 -7 -6 -4 -10 11 -8 -13 -14
right_child=-2 -3 8 -5 5 6 10 -9 9 -11 -12 12 13 -15
leaf_value=-0.053639104536398474 -0.085160435693483916 0.045605768816496819 0.027970292658684278 -0.055745217787500738 0.012595804433140803 -0.037635608586958559 -0.037924603572410301 -0.047018250134954989 0.046996129881387544 -0.046533243441619819 0.047602106880412949 0.045141343817333493 0.061137304734565578 -0.024090242689060813
leaf_weight=1.2618254791013956 0.94792801607400079 8.2735844291746599 0.93918521702289481 1.5307715972885478 3.2624121224507716 1.318518685176971 1.1467546275816882 1.9135190770030019 0.46322468854486931 4.9870148943737149 7.1769954040646544 4.8067851644009334 1.3527391552925112 2.144670024048537
leaf_count=42 24 106 3 41 38 24 39 16 4 496 78 59 5 45
internal_value=0.00980662 0.0120251 0.00342466 0.01137 0.0155833 0.0193609 0.0276683 -0.00944325 -0.0288012 -0.038584 0.0328466 0.0216414 0.0298671 0.00887434
internal_weight=41.5259 40.578 32.3044 25.915 24.3842 23.1224 17.9465 5.17593 6.38942 5.45024 16.6279 9.45095 8.30419 3.49741
internal_count=1020 996 890 387 346 304 250 54 503 500 226 148 109 50
is_linear=0
shrinkage=0.05


Tree=76
num_leaves=15
num_cat=0
split_feature=26 18 19 9 22 3 0 34 34 24 2 26 10 29
split_gain=3.24331 4.451 3.08752 2.76573 2.58188 1.86628 1.49021 1.48452 1.85368 1.63743 3.0786 1.41541 1.03713 1.97276
threshold=9.4270539831290581 3.2880796698327051 0.90993794372948644 0.010967105638956452 -0.88344702553846866 6.8250000000000011 17.485000000000003 1102.2405785916669 1051.208519441667 4.04796511627874 0.64890000000000014 0.28908887857010385 52.916666666666679 0.0035866797382879752
decision_type=2 2 2 2 2 2 2 2 2 2 2 2 2 2
left_child=1 2 3 4 -1 7 -4 8 -6 10 -9 -8 13 -11
right_child=-2 -3 6 -5 5 -7 11 9 -10 12 -12 -13 -14 -15
leaf_value=-0.053342025842997645 -0.082900699123259786 0.0452689087530454 0.029574395564637725 -0.05541841819429677 -0.052919212707206988 -0.03200911739836091 0.04637671223470613 -0.027059628741696803 0.054526780308122538 0.04719548999803632 0.042684133687633345 -0.046718703279081279 0.051601972377878197 -0.010385803236804752
leaf_weight=1.2989375698380232 0.92564622545614739 7.9271759241819373 0.94087989861145516 1.4722088696435083 1.2838362432085073 1.6514620715752233 0.4463710281997918 3.2742288596928146 0.58402170240879048 3.5329598691314441 3.061990762129426 4.7852621097117662 6.5490669365972281 2.5691761486232281
leaf_count=49 24 106 10 27 74 34 4 24 3 35 33 489 82 26
internal_value=0.00961095 0.0117856 0.00334604 0.0110875 0.0152004 0.0191562 -0.028357 0.0232078 -0.0193242 0.0273918 0.00664418 -0.0387757 0.0377831 0.0229521
internal_weight=40.3032 39.3776 31.4504 25.2779 23.8057 22.5067 6.17251 20.8553 1.86786 18.9874 6.33622 5.23163 12.6512 6.10214
internal_count=1020 996 890 387 360 311 503 277 77 200 57 493 143 61
is_linear=0
shrinkage=0.05


Tree=77
num_leaves=15
num_cat=0
split_feature=8 29 19 4 3 16 1 21 22 0 4 15 15 8
split_gain=3.01114 4.04629 2.93387 3.34047 3.50759 1.79583 1.68632 1.91109 1.65836 1.5752 1.4857 1.4773 1.70975 1.22404
threshold=0.93903363705683962 0.093907266007434029 0.90993794372948644 14.120000000000003 5.9750000000000005 67.916666666666671 51.625000000000007 0.50409246222499915 1.3973100356673942 17.485000000000003 37.810000000000009 2.0055483555418352 1.2427313538387736 0.71882655090152892
decision_type=2 2 2 2 2 2 2 2 2 2 2 2 2 2
left_child=1 2 3 13 6 -3 -5 -8 -9 -4 -11 12 -6 -1
right_child=-2 5 9 4 11 -7 7 8 -10 10 -12 -13 -14 -15
leaf_value=-0.053100352300071534 -0.080794407056328413 0.0067017958778302633 0.028051142684022586 0.049051648373499179 -0.053370470716935563 0.050502057567046947 -0.046565811108601952 0.044043855068117053 -0.016504056228542879 -0.051743016184761674 0.045732472425873534 -0.066701865555624268 0.025558203553787885 0.0046551167108418732
leaf_weight=2.5016700518317587 0.90312756597995658 3.3703711582347733 0.94233549572527309 6.7963509466499108 1.0487471539527171 7.6562687060795724 1.1028012260794637 3.7353347530588508 1.6219471674412487 4.2577149290591478 0.430433103814721 1.2297129128128288 1.9843575400300322 1.4485787060111759
leaf_count=103 24 30 10 76 32 108 10 66 28 476 4 13 29 11
internal_value=0.00944105 0.0115785 0.00118836 0.00961333 0.0189785 0.0371142 0.0316653 0.013374 0.0257126 -0.0309367 -0.0427935 -0.0204746 -0.00173272 -0.0319211
internal_weight=39.0298 38.1266 27.1 21.4695 17.5193 11.0266 13.2564 6.46008 5.35728 5.63048 4.68815 4.26282 3.0331 3.95025
internal_count=1020 996 858 368 254 138 180 104 94 490 480 74 61 114
is_linear=0
shrinkage=0.05


Tree=78
num_leaves=15
num_cat=0
split_feature=26 18 19 7 2 21 34 2 24 7 4 0 24 7
split_gain=2.80311 3.99274 2.69159 2.669 2.14453 3.77315 2.35142 2.07611 1.90977 1.58504 1.54585 1.88079 1.17844 1.45632
threshold=9.4270539831290581 3.2880796698327051 0.90993794372948644 4.6021885679212762 -0.21639999999999998 0.44393926593203997 1293.9899095166668 -3.8831999999999995 2.4614791421842654 8.3247157278219408 37.810000000000009 17.485000000000003 3.8331652933755755 8.8652374346183827
decision_type=2 2 2 2 2 2 2 2 2 2 2 2 2 2
left_child=1 2 3 4 -1 -6 -7 -5 9 -9 11 -4 -10 -14
right_child=-2 -3 10 7 5 6 -8 8 12 -11 -12 -13 13 -15
leaf_value=0.052858021319193538 -0.078633164305355399 0.044574375623583552 0.026607073819713774 -0.062733154107719416 -0.091447282173541672 -0.051097799949550972 0.036635833069939887 -0.063925329980526094 0.050054694620816576 -0.0015031280932700658 0.04259504404362139 -0.051649627835554504 -0.023935814191763469 0.034508796533869714
leaf_weight=4.9165536239743233 0.8858112427406003 7.2718781456351271 0.94376815855502982 1.4106308063492168 0.81486328784376905 0.90058229025453318 5.0256915385834873 1.5612970944493989 2.0960335033014417 2.9168515047058463 0.69247697666287411 4.1174216121435165 2.2081456510350108 2.0604651011526585
leaf_count=66 24 106 10 49 13 72 66 23 12 31 6 487 36 19
internal_value=0.00926371 0.0113716 0.00323249 0.0106205 0.0277469 0.00943247 0.0233034 -0.00567331 0.00175009 -0.0232665 -0.0274705 -0.037057 0.0193517 0.00427549
internal_weight=37.8225 36.9367 29.6648 23.9111 11.6577 6.74114 5.92627 12.2534 10.8428 4.47815 5.75367 5.06119 6.36464 4.26861
internal_count=1020 996 890 387 217 151 138 170 121 54 503 497 67 55
is_linear=0
shrinkage=0.05


Tree=79
num_leaves=15
num_cat=0
split_feature=26 28 19 3 24 34 4 0 14 4 0 14 6 19
split_gain=2.60658 3.78412 2.52052 2.49067 1.87113 1.81225 1.58275 2.48632 1.52297 1.45124 1.79774 1.28094 1.07894 0.915813
threshold=9.4270539831290581 1.4558370504392755 0.90993794372948644 7.0900000000000007 2.4614791421842654 1102.2405785916669 13.040000000000001 27.500000000000004 0.57106603659276567 37.810000000000009 17.485000000000003 0.32471569536542794 4.8173420753610641 0.85190016866962048
decision_type=2 2 2 2 2 2 2 2 2 2 2 2 2 2
left_child=1 2 3 4 8 -6 7 -7 12 10 -4 13 -1 -8
right_child=-2 -3 9 -5 5 6 11 -9 -10 -11 -12 -13 -14 -15
leaf_value=0.0056847951128429202 -0.076829822074586926 0.044215926730440176 0.025237870919108098 -0.055307055005508601 -0.032564219158343538 -0.078032201964560524 0.050208897547227786 0.030043500973805527 0.029569005040624305 0.041697610386357997 -0.051580234658920948 -0.0010607825790143379 -0.050585283432649897 0.018037840020637366
leaf_weight=1.3629230670631032 0.86188136134296556 6.9718984253704539 0.94518383219838042 1.3587399437092234 1.3665971066802765 0.85994381457567159 7.8472476303577405 1.3961079949513076 1.5603648200631139 0.67252478562295426 3.9217491713352501 2.1523370929062358 2.2719647083431482 3.0805829288437963
leaf_count=12 24 106 10 41 76 31 113 18 15 6 487 19 37 25
internal_value=0.00909356 0.011164 0.00316176 0.0103812 0.0144571 0.0226084 0.0275248 -0.0111519 -0.0117495 -0.0271484 -0.0366618 0.0341957 -0.0294865 0.0411398
internal_weight=36.63 35.7682 28.7963 23.2568 21.8981 16.7028 15.3362 2.25605 5.19525 5.53946 4.86693 13.0802 3.63489 10.9278
internal_count=1020 996 890 387 346 282 206 49 64 503 497 157 49 138
is_linear=0
shrinkage=0.05


Tree=80
num_leaves=15
num_cat=0
split_feature=22 3 26 4 2 2 6 34 34 34 26 4 10 0
split_gain=2.44973 2.36842 2.2524 2.45574 2.16934 1.98379 1.66709 1.58834 1.73061 2.09949 3.39115 1.9853 1.91553 1.51847
threshold=1.6865399289335883 7.0900000000000007 1.003217113644558 38.055000000000007 -3.8831999999999995 3.5389000000000004 1.682039190330834 1051.208519441667 2191.0581406416673 2894.4609021250003 4.099145532803683 13.040000000000001 21.250000000000004 17.605000000000004
decision_type=2 2 2 2 2 2 2 2 2 2 2 2 2 2
left_child=1 2 3 4 -1 6 -6 13 -9 10 12 -11 -10 -4
right_child=-2 -3 7 -5 5 -7 -8 8 9 11 -12 -13 -14 -15
leaf_value=-0.066099041217866195 -0.050540811998422946 -0.055166180278895527 0.03328880277169332 -0.083948277305644026 0.043668396723495574 -0.05083340702302383 -0.014886251230104132 0.052813868606571848 -0.022124990819890618 -0.007614332097685016 -0.071644906443794884 0.048947197017383703 0.033219539922874193 -0.052967614678689726
leaf_weight=1.0187085121870039 1.651790945092215 1.2701586768962432 0.8428366482257873 0.93933847546577443 3.6828360441140813 1.0442877900786696 1.814440867397934 4.7898886483162668 2.3394128438085335 2.0144437048584205 1.3496862645260987 6.7493303348310292 4.7134085427969694 1.292911733034998
leaf_count=29 231 38 5 9 82 173 33 59 39 22 29 106 59 106
internal_value=0.00891699 0.0118174 0.0144279 -0.00770187 0.00177149 0.0123409 0.0243417 0.0222352 0.0262393 0.0188242 0.000966334 0.0359459 0.0148618 -0.018928
internal_weight=35.5135 33.8617 32.5915 8.49961 7.56027 6.54156 5.49728 24.0919 21.9562 17.1663 8.40251 8.76377 7.05282 2.13575
internal_count=1020 789 751 326 317 288 115 425 314 255 127 128 98 111
is_linear=0
shrinkage=0.05


Tree=81
num_leaves=15
num_cat=0
split_feature=16 34 16 26 15 2 1 7 13 4 6 4 4 4
split_gain=2.2904 3.89191 3.67334 2.98687 2.74052 1.84374 6.19333 1.75198 1.9222 1.97378 1.58822 1.53368 2.94127 1.29983
threshold=76.250000000000014 2778.3159205833335 69.583333333333357 1.0909286503738209 1.0024451877660148 4.5738500000000011 75.935000000000016 8.3247157278219408 0.08107451017127322 13.345000000000001 31.597034126131742 38.055000000000007 37.07500000000001 28.365000000000006
decision_type=2 2 2 2 2 2 2 2 2 2 2 2 2 2
left_child=2 7 3 11 5 -5 10 8 13 -10 -7 12 -1 -2
right_child=1 -3 -4 4 -6 6 -8 -9 9 -11 -12 -13 -14 -15
leaf_value=-0.041722838735079322 -0.017176503747143645 0.050971767696201258 -0.060822409319729299 0.013598983001164831 0.041507652474832679 -0.047225081093545701 -0.22405582648774308 0.047945155954437421 0.031743663057826686 -0.059844524622731723 0.051801870379698904 -0.079013235766071152 0.05180582615350289 0.052510657055478166
leaf_weight=2.6760963345877893 1.3114630552008733 6.9220021073706448 2.3557180110365143 4.3096868717111629 6.4173031086102128 0.87902659364044688 0.38726887339726079 1.4624696150422094 0.76568141579628024 2.5384454510640353 0.75067166984081268 1.1075053736567495 1.2255508750677107 1.3662394778802989
leaf_count=295 29 131 86 103 86 84 22 15 3 120 8 12 14 12
internal_value=0.00873619 0.0239835 -0.00215691 0.00562761 0.0184855 -0.00486646 -0.0443219 -0.00111124 -0.0131048 -0.0386203 -0.00161128 -0.0270847 -0.0123444 0.0183799
internal_weight=34.4751 14.3663 20.1088 17.7531 12.744 6.32665 2.01697 7.4443 5.98183 3.30413 1.6297 5.00915 3.90165 2.6777
internal_count=1020 310 710 624 303 217 114 179 164 123 92 321 309 41
is_linear=0
shrinkage=0.05


Tree=82
num_leaves=15
num_cat=0
split_feature=22 6 29 4 19 24 15 16 11 4 22 29 13 16
split_gain=2.19083 2.24444 2.77338 1.99917 1.90326 2.14536 2.13369 1.62535 1.20497 1.24109 0.970343 2.46856 0.896119 0.800655
threshold=1.6865399289335883 44.574807899537632 0.093907266007434029 13.040000000000001 0.90993794372948644 2.4614791421842654 0.066885126082957255 67.916666666666671 0.56417932794257386 37.810000000000009 0.78294383422624969 -0.0087318354504806479 0.33047604144080284 72.083333333333357
decision_type=2 2 2 2 2 2 2 2 2 2 2 2 2 2
left_child=1 2 3 -1 5 13 -7 -4 -6 -10 12 -12 -8 -5
right_child=-2 -3 7 4 8 6 10 -9 9 -11 11 -13 -14 -15
leaf_value=-0.052322190500971234 -0.050502036655914663 -0.073354753412990206 0.0064559058315742397 0.0086376638567680353 0.027909115209118165 -0.046423786844790003 0.051183389384232864 0.050958672176538766 -0.051292267459544565 0.052046867786411689 0.040868565971253032 -0.032745298836371978 0.0052291688935972788 -0.037944313919561261
leaf_weight=1.4843832247424966 1.4988206375855941 0.76329891150817175 3.0584082063287479 1.6076109297573631 0.85342918336391393 0.97182524250820179 5.6762396870180947 6.2330660186707973 2.5810626898892228 0.32739845663309086 3.0664901258423924 1.8116644159890709 1.30469031073153 2.1644482030533254
leaf_count=69 231 17 26 16 3 21 103 98 309 3 28 52 10 34
internal_value=0.00857667 0.0113521 0.0134284 0.00369792 0.00778119 0.0150571 0.0248022 0.03631 -0.0243309 -0.0396596 0.0306391 0.0135296 0.0425948 -0.0180916
internal_weight=33.4028 31.904 31.1407 21.8492 20.3649 16.603 12.8309 9.29147 3.76189 2.90846 11.8591 4.87815 6.98093 3.77206
internal_count=1020 789 772 648 579 264 214 124 315 312 193 80 113 50
is_linear=0
shrinkage=0.05


Tree=83
num_leaves=15
num_cat=0
split_feature=3 26 29 19 4 1 21 22 11 16 27 34 2 21
split_gain=2.11163 2.13663 2.98739 2.37527 2.9309 2.14203 2.43726 3.79698 1.30701 1.22634 1.10356 0.932587 0.738705 1.80363
threshold=7.0900000000000007 9.4270539831290581 0.093907266007434029 0.90993794372948644 14.120000000000003 52.560000000000009 0.50409246222499915 1.3973100356673942 0.56417932794257386 67.916666666666671 -0.55160455720437551 1791.8190602333336 -3.4273499999999997 -1.7119116948634947
decision_type=2 2 2 2 2 2 2 2 2 2 2 2 2 2
left_child=1 2 3 4 12 11 -7 -8 -5 -4 -10 -6 -1 -14
right_child=-2 -3 9 8 5 6 7 -9 10 -11 -12 -13 13 -15
leaf_value=-0.062596688335573955 -0.054465806741211147 -0.07085307201737448 0.010656879081909978 0.026582806968156011 0.0038498591049582033 -0.07447141374651961 0.045617392082151507 -0.046179126963978273 0.043723536885993453 0.050493164048558747 -0.050986761562901398 0.047648980591532893 0.066283479666602876 -0.038915901953123298
leaf_weight=1.1550792760681363 1.2824270492419589 0.777296198066323 2.8566867387853545 0.8512658029794683 1.5082050571218113 0.94397336244583119 3.1919722836464643 1.7408525301143525 0.33899311162531987 5.9681059853173792 3.3177319623064192 6.2588384300470352 0.53889954090118442 1.6702010007575285
leaf_count=47 49 24 28 3 15 8 67 44 4 101 482 81 1 66
internal_value=0.00841134 0.0110026 0.0130997 0.00305178 0.0116046 0.0219112 -0.000864523 0.0132213 -0.0292169 0.0375977 -0.0422067 0.0391441 -0.030195 -0.013253
internal_weight=32.4005 31.1181 30.3408 21.516 17.008 13.6438 5.8768 4.93282 4.50799 8.82479 3.65673 7.76704 3.36418 2.2091
internal_count=1020 971 947 818 329 215 119 111 489 129 486 96 114 67
is_linear=0
shrinkage=0.05


Tree=84
num_leaves=15
num_cat=0
split_feature=3 26 29 19 4 12 11 11 27 8 24 22 3 3
split_gain=1.99314 1.99604 2.79047 2.22991 2.73786 2.12211 1.53275 1.24182 1.04818 1.03882 1.02058 0.678733 1.85386 0.309801
threshold=7.0900000000000007 9.4270539831290581 0.093907266007434029 0.90993794372948644 14.120000000000003 0.24454735876300751 0.61191036369833229 0.56417932794257386 -0.55160455720437551 0.71882655090152892 3.8331652933755755 0.56576864871570487 4.495000000000001 5.6150000000000011
decision_type=2 2 2 2 2 2 2 2 2 2 2 2 2 2
left_child=1 2 3 4 9 6 -6 -5 -9 -1 -4 -8 -13 -14
right_child=-2 -3 10 7 5 -7 11 8 -10 -11 -12 12 13 -15
leaf_value=-0.052572187776123581 -0.054261312427358946 -0.069596442471037717 0.049468035540311789 0.025317858253336517 -0.031863024263153412 -0.037030185020734428 0.047091138078210845 0.043001793985108484 -0.050940423926463155 0.0051812302515347082 0.013094656473106354 -0.024800950216158166 0.050460106169117391 0.022977184145750451
leaf_weight=1.9644514557440005 1.2243637319188554 0.75239675119519134 5.6001208177767676 0.84916247427463432 0.96949011459946532 1.3854736946523178 5.0774736348539573 0.3277368992567159 3.1587226635310706 1.2898688241839407 2.9414175706915557 1.5472196172922847 2.4921483471989632 1.7422803463414309
leaf_count=103 49 24 94 3 10 18 98 4 482 11 35 37 22 30
internal_value=0.00827398 0.0108179 0.0128796 0.0030002 0.0113994 0.0215167 0.0283742 -0.0289034 -0.0421096 -0.0296813 0.0369423 0.0337521 0.0220377 0.0391521
internal_weight=31.3223 30.098 29.3456 20.804 16.4684 13.2141 11.8286 4.33562 3.48646 3.25432 8.54154 10.8591 5.78165 4.23443
internal_count=1020 971 947 818 329 215 197 489 486 114 129 187 89 52
is_linear=0
shrinkage=0.05


Tree=85
num_leaves=15
num_cat=0
split_feature=22 3 26 4 9 16 34 34 34 11 23 7 11 19
split_gain=1.89027 1.89966 1.79261 2.00792 1.32588 1.69016 1.30012 1.53447 1.76963 2.01827 1.0995 3.5157 1.08327 0.750588
threshold=1.6865399289335883 7.0900000000000007 1.003217113644558 38.055000000000007 0.0042300197126214009 84.583333333333357 1051.208519441667 2191.0581406416673 2778.3159205833335 0.76264499662144158 -0.84863512186438439 9.4702197996557995 0.57975909191541419 0.64992102604710644
decision_type=2 2 2 2 2 2 2 2 2 2 2 2 2 2
left_child=1 2 3 4 -1 -6 12 -8 10 13 -9 -12 -4 -10
right_child=-2 -3 6 -5 5 -7 7 8 9 -11 11 -13 -14 -15
leaf_value=0.030139489988435887 -0.050459738727932149 -0.054324814544177508 0.024111346777915495 -0.080026049282383618 -0.055294948663864411 0.010868942886192282 0.052056340540064444 0.031874463535449295 0.010095240725270502 -0.012433606943122916 -0.05664767223172576 0.051146865999729924 -0.051354027910971434 0.049314913280560271
leaf_weight=2.4923819587566056 1.3179082723800082 1.0793986041098822 0.84712454676628368 0.85411604493856419 1.6399313195142897 2.3460209108889103 4.0564808994531658 1.2814170159399507 1.5217147869989256 2.2373314332216978 2.373396684415638 1.1102571226656435 1.0840759838465599 6.1512681758031249
leaf_count=89 231 38 3 9 207 21 59 9 15 28 46 18 108 139
internal_value=0.00810858 0.0107634 0.0132729 -0.00796645 0.00153403 -0.0163527 0.0208099 0.0248369 0.0173131 0.0293526 -0.00772638 -0.022293 -0.018251 0.0415368
internal_weight=30.3928 29.0749 27.9955 7.33245 6.47833 3.98595 20.6631 18.7319 14.6754 9.91031 4.76507 3.48365 1.9312 7.67298
internal_count=1020 789 751 326 317 228 425 314 255 182 73 64 111 154
is_linear=0
shrinkage=0.05


Tree=86
num_leaves=15
num_cat=0
split_feature=16 2 34 1 26 7 34 34 7 13 0 16 0 5
split_gain=1.80841 3.21113 3.20776 2.96626 3.00304 2.03279 1.7694 1.84221 1.48071 1.50985 1.43222 1.13785 1.72915 1.13339
threshold=76.250000000000014 7.2569000000000008 2778.3159205833335 79.955000000000027 1.1533723991679741 6.6367354287911393 3739.2409058833337 1380.4142786333334 8.3247157278219408 0.08107451017127322 17.605000000000004 49.583333333333336 13.960000000000003 0.77900000000000014
decision_type=2 2 2 2 2 2 2 2 2 2 2 2 2 2
left_child=1 3 8 4 11 6 7 10 9 13 -6 12 -1 -2
right_child=2 -3 -4 -5 5 -7 -8 -9 -10 -11 -12 -13 -14 -15
leaf_value=0.051045251008933784 -0.017933515958141473 -0.080143488486056097 0.050638156575098625 -0.086276485978306908 0.034300526470920169 0.046373971047639143 -0.053058028997438771 0.044436469876699636 0.047229167517863109 -0.03676745907688974 -0.052999438341958964 0.013895820263070563 -0.055553391808612629 0.051772415268820919
leaf_weight=0.43989140540362237 1.156652516452594 1.2334026237949718 5.5757217328064144 0.86954626953229386 0.76134138554334452 5.0105302035808563 1.1377780972979961 2.5865259764250368 1.2791332341730592 2.913678992073983 1.2269242715556172 1.3199550178833304 2.8141524479724467 1.1761101400479672
leaf_count=8 29 40 131 9 5 51 44 81 15 123 145 43 284 12
internal_value=0.0079447 -0.00237907 0.0227889 0.00355381 0.00866011 0.023129 0.00274061 0.0166181 -0.00100665 -0.012767 -0.0195708 -0.0252601 -0.0411431 0.0172102
internal_weight=29.5013 17.4 12.1013 16.1666 15.2971 10.7231 5.71257 4.57479 6.52557 5.24644 1.98827 4.574 3.25404 2.33276
internal_count=1020 710 310 670 661 326 275 231 179 164 150 335 292 41
is_linear=0
shrinkage=0.05


Tree=87
num_leaves=15
num_cat=0
split_feature=22 3 8 29 16 19 12 2 9 13 16 34 0 22
split_gain=1.72126 1.72098 1.7397 1.97197 1.33479 1.46678 1.59082 1.65718 1.67183 1.58829 1.18798 0.987366 1.7355 0.979913
threshold=1.6865399289335883 7.0900000000000007 0.93903363705683962 0.093907266007434029 98.750000000000014 0.93628314780590605 0.3282227232814115 -3.7156999999999996 0.0031019985689803506 0.60609701872395527 67.916666666666671 1102.2405785916669 17.605000000000004 0.70354747546272445
decision_type=2 2 2 2 2 2 2 2 2 2 2 2 2 2
left_child=1 2 3 4 5 6 7 9 -9 -1 -5 12 -10 -7
right_child=-2 -3 -4 10 -6 13 -8 8 11 -11 -12 -13 -14 -15
leaf_value=0.021863745538169235 -0.05041655530554548 -0.053939828379992054 -0.066179042286347939 0.0087049625202548914 -0.049736706332042163 0.051705049003466577 -0.044442326671175147 -0.053260409615392967 0.057005166055481893 -0.076083611349673591 0.050320046990982893 0.034567777555015389 -0.053785321368182183 -0.051078353234862477
leaf_weight=0.80715556303040503 1.214842703193425 1.0009401659481216 0.6782696838490655 2.5949364164844146 1.0170555924996723 0.27631792426109214 1.0756810852326442 0.64933162182570114 0.59139033406972774 0.84948264434933662 5.0570293143391609 10.381885375594718 0.87864804826676846 1.4422186580486593
leaf_count=28 231 38 18 23 22 3 14 21 2 13 98 192 80 237
internal_value=0.00781786 0.0104092 0.0128583 0.0149507 0.00589871 0.0092366 0.0141765 0.0186302 0.0248574 -0.0283612 0.0362075 0.0291373 -0.00921477 -0.0345521
internal_weight=28.5152 27.3003 26.2994 25.6211 17.9692 16.9521 15.2336 14.1579 12.5013 1.65664 7.65197 11.8519 1.47004 1.71854
internal_count=1020 789 751 733 612 590 350 336 295 41 121 274 82 240
is_linear=0
shrinkage=0.05


Tree=88
num_leaves=15
num_cat=0
split_feature=22 3 26 4 2 11 4 34 34 34 11 1 29 0
split_gain=1.6257 1.61998 1.51853 1.79458 1.66042 1.44621 1.38824 1.07629 1.42372 1.5528 1.73948 1.48712 2.36645 1.2383
threshold=1.6865399289335883 7.0900000000000007 1.003217113644558 38.055000000000007 -3.8831999999999995 0.72696485230400132 37.07500000000001 1051.208519441667 2191.0581406416673 2778.3159205833335 0.76264499662144158 53.045000000000009 0.21549668538449021 17.605000000000004
decision_type=2 2 2 2 2 2 2 2 2 2 2 2 2 2
left_child=1 2 3 4 -1 -6 -7 13 -9 11 -11 -10 -13 -4
right_child=-2 -3 7 -5 5 6 -8 8 9 10 -12 12 -14 -15
leaf_value=-0.064779632325191489 -0.050396331014957621 -0.053754457319345798 0.031929539631347842 -0.07722160530942368 0.038178659315364835 -0.035021185224904008 0.051520351638208298 0.05141205291958402 0.038821670765497467 0.040191426878276273 -0.011913581836633429 -0.077234708492911058 0.010429006417153662 -0.053156942409930533
leaf_weight=0.81001439061947156 1.1560461851768185 0.95532424026168783 0.73792158439755695 0.81570933200418938 2.6373081908095726 1.9587756071705373 0.60699954628944386 3.6532412618398693 1.2134050391614426 6.8951227804645878 2.0864607654511929 1.324690768029541 1.8379388675093649 1.0168435978703199
leaf_count=29 231 38 5 9 44 236 8 59 10 154 28 40 23 106
internal_value=0.00764628 0.0101736 0.0125598 -0.00762941 0.00181115 0.012178 -0.0145476 0.0199066 0.0237525 0.0161877 0.0280872 -0.00823527 -0.0262896 -0.017376
internal_weight=27.7058 26.5498 25.5944 6.82881 6.0131 5.20308 2.56578 18.7656 17.0109 13.3576 8.98158 4.37603 3.16263 1.75477
internal_count=1020 789 751 326 317 288 244 425 314 255 182 73 63 111
is_linear=0
shrinkage=0.05


Tree=89
num_leaves=15
num_cat=0
split_feature=22 8 21 2 18 14 15 2 11 22 22 29 4 19
split_gain=1.53641 1.53554 1.92278 3.48843 2.06105 1.36189 2.00352 1.44526 1.34774 1.18158 0.938334 1.66123 0.940505 0.753019
threshold=1.6865399289335883 0.93903363705683962 2.7595605658077749 7.2569000000000008 2.4426624937780161 0.39744240386545188 0.092061853530120211 -0.21639999999999998 0.56417932794257386 -0.7821511657079 0.77332246433803131 -0.015092802445018027 13.605000000000002 0.99294953155876375
decision_type=2 2 2 2 2 2 2 2 2 2 2 2 2 2
left_child=1 2 3 4 5 6 7 -1 -9 -8 12 -12 -11 -10
right_child=-2 -3 -4 -5 -6 -7 9 8 13 10 11 -13 -14 -15
leaf_value=0.051103060283315065 -0.050377084287320351 -0.065344063826423701 0.047692738279687251 -0.084320763324990181 0.051273022397117396 -0.030186675334934823 -0.036780337231794795 0.023428986698242792 -0.059617891996317576 0.0054981893508966109 0.038912688090906873 -0.025072981823489295 0.047188230136853165 0.043840544434982399
leaf_weight=0.58989112079144845 1.1000746805220831 0.65963967191055317 3.2705058343708506 1.0066889449954022 2.7539176866412154 2.4058006806299082 0.8377128099091341 0.78176961839199854 2.316661878023297 1.8464180640876273 1.9578454811125992 2.10504604363814 5.0603864537551999 0.19032865134067822
leaf_count=11 231 18 78 14 50 30 48 3 305 21 19 81 104 7
internal_value=0.00749101 0.00996009 0.0119373 0.00658604 0.0109761 0.0048422 0.0102146 -0.0209632 -0.0338895 0.0204564 0.0248273 0.00576074 0.0360431 -0.0517634
internal_weight=26.8827 25.7826 25.123 21.8525 20.8458 18.0919 15.6861 3.87865 3.28876 11.8074 10.9697 4.06289 6.9068 2.50699
internal_count=1020 789 771 693 679 629 599 326 315 273 225 100 125 312
is_linear=0
shrinkage=0.05


Tree=90
num_leaves=15
num_cat=0
split_feature=3 22 8 21 2 6 34 19 29 2 21 1 2 3
split_gain=1.48455 1.46686 1.53269 1.86798 3.26349 1.98345 1.77592 1.41265 1.55254 1.2591 2.56611 1.13919 0.880151 0.661678
threshold=7.0900000000000007 1.6865399289335883 0.93903363705683962 2.7595605658077749 7.2569000000000008 8.9360702343824503 3758.1568323000001 0.90993794372948644 -0.073128903795954617 -0.21639999999999998 0.44393926593203997 64.735000000000014 3.0413000000000001 4.495000000000001
decision_type=2 2 2 2 2 2 2 2 2 2 2 2 2 2
left_child=1 2 3 4 5 6 7 8 -1 -10 -11 -9 -13 -12
right_child=-2 -3 -4 -5 -6 -7 -8 11 9 10 13 12 -14 -15
leaf_value=-0.02377575155866743 -0.05331182252356248 -0.050334250891940838 -0.064455514428128732 0.050889853614987247 -0.087188364041854302 0.041884121530360079 -0.0546142976691723 -0.04749835132623046 0.045777286021766971 -0.077798031346311206 0.0035471803144074563 0.056066887570858204 -0.033951571311188339 0.043554660025354006
leaf_weight=1.9010785566642869 0.9708313352894028 0.97771915979683299 0.63589846575632591 3.0243876781314603 0.84892973676323791 4.5472234915941945 1.1826014195103187 1.7349993130192154 4.2509122993797055 0.73142715916039591 2.0413802817929536 0.63212204352021195 0.47602675925008953 2.0932120624929667
leaf_count=23 49 220 18 73 13 59 46 241 81 7 77 4 70 39
internal_value=0.00735462 0.00970318 0.0121388 0.0142146 0.00878794 0.0129468 0.00420008 0.00921799 0.0173264 0.0258971 0.00852991 -0.0222044 0.0173977 0.0238017
internal_weight=26.0487 25.0779 24.1002 23.4643 20.4399 19.591 15.0438 13.8612 11.018 9.11693 4.86602 2.84315 1.10815 4.13459
internal_count=1020 971 751 733 660 647 588 542 227 204 123 315 74 116
is_linear=0
shrinkage=0.05


Tree=91
num_leaves=15
num_cat=0
split_feature=16 34 2 1 6 18 22 6 1 29 5 24 14 2
split_gain=1.50397 2.64987 2.61411 2.5475 3.58869 1.91282 1.55823 2.06026 1.10425 1.20735 1.157 1.08879 0.992328 0.331552
threshold=76.250000000000014 2778.3159205833335 7.2569000000000008 79.955000000000027 8.9360702343824503 0.66116941185214906 0.77051272218227718 0.77697853472903711 53.785000000000004 -0.073128903795954617 0.9880000000000001 243.63977011495896 0.026474965631021204 10.452500000000002
decision_type=2 2 2 2 2 2 2 2 2 2 2 2 2 2
left_child=2 8 3 4 5 6 7 -1 9 -2 -10 -8 -13 -4
right_child=1 -3 13 -5 -6 -7 11 -9 10 -11 -12 12 -14 -15
leaf_value=-0.066262931190019372 -0.023248125053441412 0.050357473790871903 -0.10898450020359945 -0.084326532095757911 0.044946240336879918 -0.054225954901339413 -0.048337332375577947 0.043702179210119013 -0.05515373533724266 0.033996844018357099 0.050869047948242076 -0.051544122993413412 0.031873485050577063 -0.052686507200838895
leaf_weight=0.50307242688722764 1.4376168418675659 4.5640547554939985 0.48951636487617978 0.79010181850753802 4.3985548568889508 1.9397871827241031 1.7929505179636183 2.7782382953446358 1.3521284845191983 2.5635480221826565 0.31780159845948208 0.5048690631520002 1.2132896757684646 0.56149677955545485
leaf_count=38 11 131 16 9 60 80 316 92 120 41 7 62 13 24
internal_value=0.00722698 0.0219983 -0.00287109 0.00286961 0.00811636 -0.0104354 0.00207029 0.0268429 -0.000824889 0.0134288 -0.0349767 -0.021081 0.0073618 -0.0789077
internal_weight=25.207 10.2351 14.9719 13.9209 13.1308 8.73221 6.79242 3.28131 5.67109 4.00116 1.66993 3.51111 1.71816 1.05101
internal_count=1020 310 710 670 661 601 521 130 179 52 127 391 75 40
is_linear=0
shrinkage=0.05


Tree=92
num_leaves=15
num_cat=0
split_feature=3 7 32 2 1 15 3 20 4 15 29 4 1 0
split_gain=1.37197 1.32863 1.61062 2.54655 2.93421 2.06785 1.79807 1.39894 1.30897 1.2653 1.15884 1.32878 1.58028 1.68771
threshold=7.0900000000000007 10.576042407350418 1.0000000180025095e-35 4.5166500000000012 75.935000000000016 2.0860240784604445 3.8650000000000007 1.645208507460344 51.07500000000001 0.045242121020550356 0.10174235230874938 13.040000000000001 52.560000000000009 17.485000000000003
decision_type=2 2 2 2 2 2 2 2 2 2 2 2 2 2
left_child=1 2 3 6 8 9 7 -1 -5 -4 11 -8 -13 -14
right_child=-2 -3 5 4 -6 -7 10 -9 -10 -11 -12 12 13 -15
leaf_value=-0.056947504873069765 -0.053123678398658052 0.040073422409689134 -0.055152217441773732 -0.050299367328249293 -0.12462137020660807 -0.065915597512194876 -0.051830897724894742 0.040437727771576198 0.051715793078026207 0.037491046148651577 0.057961100504272382 0.035168625093600053 0.043308751236943124 -0.039864339447279816
leaf_weight=1.7326817912981014 0.91011038422584434 3.0765143996104589 0.39193696971051295 0.73343816120177441 0.89196058223024 0.58787232264876355 0.85717301210388352 0.46847451198846091 0.55041766166687012 6.1785997280385345 1.2959163933992384 3.8501841658726335 0.88561400398612056 1.9592400183901189
leaf_count=88 49 57 19 190 28 7 44 22 8 259 5 40 7 197
internal_value=0.00710887 0.00944554 0.00482282 -0.00551754 -0.0549603 0.0239265 0.00421869 -0.0362209 -0.00656319 0.0319648 0.0142789 0.00678327 0.0142877 -0.0139722
internal_weight=24.3701 23.46 20.3835 13.2251 2.17582 7.15841 11.0493 2.20116 1.28386 6.57054 8.84813 7.55221 6.69504 2.84485
internal_count=1020 971 914 629 226 285 403 110 198 278 293 288 244 204
is_linear=0
shrinkage=0.05


Tree=93
num_leaves=15
num_cat=0
split_feature=16 34 2 1 6 18 22 6 24 1 29 4 14 34
split_gain=1.34431 2.45158 2.39199 2.12489 3.26463 1.74599 1.41403 1.857 0.991633 0.990774 1.0585 1.05139 0.915052 0.311803
threshold=76.250000000000014 2778.3159205833335 7.2569000000000008 79.955000000000027 8.9360702343824503 0.66116941185214906 0.77051272218227718 0.77697853472903711 243.63977011495896 53.785000000000004 -0.073128903795954617 51.07500000000001 0.026474965631021204 2871.6280039416674
decision_type=2 2 2 2 2 2 2 2 2 2 2 2 2 2
left_child=2 9 3 4 5 6 7 -1 -8 10 -2 -11 -10 -4
right_child=1 -3 13 -5 -6 -7 8 -9 12 11 -12 -13 -14 -15
leaf_value=-0.062629508943089662 -0.021803069238733146 0.050025769275208735 -0.10838023113426926 -0.079687778773787299 0.044183401644724035 -0.05402330454045004 -0.048099165949406886 0.042979558744810714 -0.051489569524226703 -0.054734891253850962 0.032564761989243893 0.050793512335394156 0.030365989111729625 -0.052357616531162304
leaf_weight=0.49556908477097605 1.4135004281997683 4.2010253518819809 0.44549971423111745 0.73600830184295851 4.1042962237261245 1.7947228940902276 1.6677843253128233 2.6004318655468524 0.48163949232548464 1.2497229764703659 2.4417774649336916 0.29098524898290623 1.1727462741546331 0.56128325534518808
leaf_count=38 11 131 9 9 60 80 316 92 62 120 41 7 13 31
internal_value=0.00695854 0.0213851 -0.00288873 0.0028388 0.00777013 -0.010427 0.00176395 0.026075 -0.020892 -0.000912907 0.0126313 -0.0348043 0.00653547 -0.0771475
internal_weight=23.657 9.59701 14.06 13.0532 12.3172 8.21289 6.41817 3.096 3.32217 5.39599 3.85528 1.54071 1.65439 1.00678
internal_count=1020 310 710 670 661 601 521 130 391 179 52 127 75 40
is_linear=0
shrinkage=0.05


Tree=94
num_leaves=15
num_cat=0
split_feature=3 7 16 2 1 34 6 18 9 26 1 34 0 19
split_gain=1.27028 1.19217 1.46264 2.33569 2.47031 2.28069 1.88647 1.88527 1.57073 1.40235 1.22795 1.1165 1.05539 0.998225
threshold=7.0900000000000007 10.576042407350418 76.250000000000014 4.5738500000000011 75.935000000000016 2778.3159205833335 8.9360702343824503 0.68291242314743739 0.0031019985689803506 4.0124890157496607 53.785000000000004 1293.9899095166668 17.605000000000004 0.89485700252221678
decision_type=2 2 2 2 2 2 2 2 2 2 2 2 2 2
left_child=1 2 3 6 9 10 7 8 -1 -5 -4 12 -10 -13
right_child=-2 -3 5 4 -6 -7 -8 -9 11 -11 -12 13 -14 -15
leaf_value=-0.078533626545365345 -0.052979180835572452 0.039270073051164721 0.013176229284748237 -0.051258691200012585 -0.11764408687351087 0.049765885008486485 0.054817299561054224 -0.053971353074190334 0.03046431827070345 0.049135201017379351 -0.043270694465037646 0.048685524396150488 -0.053212259461657863 -0.0181556028270594
leaf_weight=0.4761949323583482 0.85437807627022166 2.8603966208174816 3.4570087231695634 0.88358444883488052 0.8849714450770988 3.6835285020060837 1.5353572741150854 1.6020774040371177 0.64881404861807801 0.57368396548554301 1.3357555577531455 2.4751922227442269 0.89891643915325403 0.72136358404532064
leaf_count=42 49 57 33 157 38 122 10 64 5 14 123 57 107 142
internal_value=0.00683914 0.00915832 0.00466679 -0.00762352 -0.0517517 0.0201816 0.00474306 -0.00652571 0.00803455 -0.0117366 -0.00255567 0.0167236 -0.0181347 0.0336016
internal_weight=22.8912 22.0368 19.1764 10.7002 2.34224 8.47629 8.35792 6.82256 5.22048 1.45727 4.79276 4.74429 1.54773 3.19656
internal_count=1020 971 914 636 209 278 427 417 353 171 156 311 112 199
is_linear=0
shrinkage=0.05


Tree=95
num_leaves=15
num_cat=0
split_feature=3 22 26 14 16 12 34 1 12 22 34 15 1 9
split_gain=1.20038 1.13577 1.13973 1.30091 1.73877 0.846862 1.09089 3.92947 1.6896 1.8425 1.06239 0.743338 0.719956 0.446827
threshold=7.0900000000000007 1.6865399289335883 1.003217113644558 0.34930946940850566 20.416666666666671 -0.046687668903600342 2894.4609021250003 75.935000000000016 0.46905592893643538 0.92412990868569411 3758.1568323000001 0.072273394068569113 53.045000000000009 0.0042300197126214009
decision_type=2 2 2 2 2 2 2 2 2 2 2 2 2 2
left_child=1 2 3 4 -1 -4 7 8 9 11 -8 -7 -11 -6
right_child=-2 -3 5 -5 13 6 10 -9 -10 12 -12 -13 -14 -15
leaf_value=-0.052019347519667553 -0.052840110565261625 -0.050287085436300318 0.042138566573692367 -0.046870816070330827 0.046350688409515763 -0.0054657649518829038 0.048753102657011341 -0.12200775597233982 0.048122756190364616 0.014871286059897824 -0.0035778684672102485 0.050844012634752446 -0.053070577879390193 0.0084918900337192706
leaf_weight=0.96384334540926886 0.8147946004755785 0.77842018555384029 3.026202073087922 1.5487783029675481 1.3579167136922481 1.0726760430261406 3.032674471847713 0.59950310084968794 2.153288196772337 0.5019033215940002 1.4258442614227531 1.2919943146407602 1.7475225301459429 1.8292883820831773
leaf_count=189 49 220 55 24 36 38 96 18 37 3 19 41 118 77
internal_value=0.0067214 0.00899663 0.0112421 -0.00776454 0.00682622 0.0185366 0.0124967 0.000682409 0.0115512 -0.0055159 0.0320175 0.0253004 -0.037911 0.0246217
internal_weight=22.1446 21.3299 20.5514 5.69983 4.15105 14.8516 11.8254 7.36689 6.76738 4.6141 4.45852 2.36467 2.24943 3.18721
internal_count=1020 971 751 326 302 425 370 255 237 200 115 79 121 113
is_linear=0
shrinkage=0.05


Tree=96
num_leaves=15
num_cat=0
split_feature=21 2 7 2 3 19 26 7 2 2 3 7 1 9
split_gain=1.15657 1.61598 1.75764 1.80601 1.31807 1.27912 1.21592 1.54176 0.89494 0.983425 0.878846 1.82622 0.816863 0.636495
threshold=2.89942946170255 7.177550000000001 8.1616833666471713 4.5738500000000011 6.0250000000000012 0.89485700252221678 1.3244695828614168 5.0709819310338657 2.9879000000000002 3.0413000000000001 3.8650000000000007 1.0208784763691028 53.550000000000004 0.0060102887201429513
decision_type=2 2 2 2 2 2 2 2 2 2 2 2 2 2
left_child=1 2 3 4 5 6 7 10 -7 -10 11 -1 -11 -4
right_child=-2 -3 13 -5 -6 8 -8 -9 9 12 -12 -13 -14 -15
leaf_value=0.050408327733202321 0.041330254813337554 -0.05507625116648393 0.010959916107285861 -0.060979682891657186 -0.046434827768839421 -0.054062989069301508 0.03736353249290409 -0.05355572576299894 0.059041050406852452 0.052755952514002107 0.037535036642778685 -0.066816999300556484 -0.042887512978238548 0.050753508899636202
leaf_weight=0.5969832967966886 2.1557867215014985 1.1382452895632003 1.6788837066851545 1.1939274402102444 1.2054755422286678 1.1590938230510794 4.2375357283744961 1.0345001337118445 0.53592214267700899 0.28732512891292561 1.9792416323907671 0.74918011808767915 1.0009640948846934 2.5029903929680586
leaf_count=26 89 45 41 201 51 130 91 42 5 2 41 19 193 44
internal_value=0.00659589 0.00271616 0.00633811 -0.00216901 0.00332251 0.0085019 0.0182905 -0.000247147 -0.0197075 0.00212182 0.0163366 -0.0148311 -0.0215563 0.0347777
internal_weight=21.4561 19.3003 18.162 13.9801 12.7862 11.5807 8.59744 4.35991 2.98331 1.82421 3.32541 1.34616 1.28829 4.18187
internal_count=1020 931 886 801 600 549 219 128 330 200 86 45 195 85
is_linear=0
shrinkage=0.05


Tree=97
num_leaves=15
num_cat=0
split_feature=16 34 2 1 6 4 9 22 10 2 12 1 35 10
split_gain=1.0895 2.11539 1.99668 1.61831 2.74318 1.44895 1.12839 1.35897 0.955154 1.24508 0.843121 1.2304 0.864247 0.684385
threshold=76.250000000000014 2778.3159205833335 7.2569000000000008 79.955000000000027 8.9360702343824503 15.215000000000002 0.0031019985689803506 0.56576864871570487 52.916666666666679 2.7128500000000004 -0.57186951138303954 53.045000000000009 11.000000000000002 29.583333333333339
decision_type=2 2 2 2 2 2 2 2 2 2 2 2 2 2
left_child=2 10 3 4 5 -1 -7 -8 -9 -10 -2 13 -13 -12
right_child=1 -3 -4 -5 -6 6 7 8 9 -11 11 12 -14 -15
leaf_value=-0.052647585996553441 -0.066328894609902794 0.049704971760054145 -0.073739929409033039 -0.074528653094647235 0.043191675938101581 -0.075301021456056091 0.043252130245554271 -0.050560620658511114 -0.053227456449841684 0.028909624493103227 0.048202628058360036 0.050717731724085557 -0.049583040760609362 0.00066410976012739556
leaf_weight=1.5864905667258407 0.44757492467761029 3.5473815933801234 0.92365761613473374 0.64043693616986352 3.5604755119420588 0.44128162506967772 1.7891872492618857 1.0379515356617051 0.62924904609099064 1.7294769901782272 1.47811863478273 0.26094409078359571 1.2136669417377561 1.5520581470336763
leaf_count=122 5 131 40 9 60 42 62 250 49 76 20 7 123 24
internal_value=0.00645803 0.0202327 -0.00303127 0.00269043 0.0072805 -0.0104444 0.00145419 0.00798553 -0.010591 0.00699751 -0.000878372 0.00562449 -0.031834 0.0238534
internal_weight=20.838 8.49974 12.3382 11.4145 10.7741 7.21364 5.62715 5.18586 3.39668 2.35873 4.95236 4.50479 1.47461 3.03018
internal_count=1020 310 710 670 661 601 479 437 375 125 179 174 130 44
is_linear=0
shrinkage=0.05


Tree=98
num_leaves=15
num_cat=0
split_feature=21 6 28 15 24 34 12 10 29 34 6 16 0 8
split_gain=1.04299 1.21545 0.997337 0.833976 1.17269 1.07353 0.981916 1.20663 0.976504 0.753682 1.17404 0.766244 0.69599 0.513393
threshold=2.89942946170255 40.550122560469823 1.4558370504392755 0.092061853530120211 2.4614791421842654 1051.208519441667 0.033821369065470057 52.083333333333343 0.08256487749982229 3758.1568323000001 8.9360702343824503 97.083333333333357 19.760000000000002 0.37295291341509074
decision_type=2 2 2 2 2 2 2 2 2 2 2 2 2 2
left_child=1 2 3 6 8 -6 -1 -8 -5 11 -11 -7 -9 -14
right_child=-2 -3 -4 4 5 9 7 12 -10 10 -12 -13 13 -15
leaf_value=-0.054745847692062116 0.040743053878899739 -0.059971026232014939 0.05062483146668656 -0.036749364025815148 -0.051693670794726643 0.036192617389266012 -0.052540741767360212 0.051146981320130118 0.024131787888955356 -0.05250371081405078 0.023575604934483237 -0.010598531771606147 0.034285204462666544 -0.056393460603792356
leaf_weight=1.2584333594422923 1.987264445517211 0.74455535272136231 1.1329289022833098 2.1869170903228219 0.53880553308408607 5.7952449193689954 0.74545091262552921 0.96739071840420343 0.94249355792999256 0.8068560175597671 1.3649186864495275 1.0305276373401282 0.27984539768658578 0.35297097626607865
leaf_count=245 89 14 39 56 69 179 148 21 18 54 16 30 20 22
internal_value=0.00635423 0.00258841 0.00526493 0.00210636 0.00814497 0.0168603 -0.019115 7.98469e-07 -0.0184136 0.0209656 -0.00468932 0.0291283 0.0244771 -0.0162933
internal_weight=20.1346 18.1473 17.4028 16.2699 12.6658 9.53635 3.60409 2.34566 3.12941 8.99755 2.17177 6.82577 1.60021 0.632816
internal_count=1020 931 917 878 422 348 456 211 74 279 70 209 63 42
is_linear=0
shrinkage=0.05


Tree=99
num_leaves=15
num_cat=0
split_feature=3 7 32 15 1 16 6 15 1 14 10 7 11 7
split_gain=1.05649 0.984057 1.13637 1.52254 1.4269 1.36961 1.33362 1.29486 1.16465 1.20146 0.766458 0.726905 0.69679 0.751385
threshold=7.0900000000000007 10.576042407350418 1.0000000180025095e-35 2.0860240784604445 75.825000000000003 36.250000000000007 8.9360702343824503 1.0711780752968774 52.20000000000001 0.39484955562696838 10.41666666666667 4.334563734000251 0.56417932794257386 6.3521225764012597
decision_type=2 2 2 2 2 2 2 2 2 2 2 2 2 2
left_child=1 2 4 5 6 -4 7 8 -1 12 11 -7 -10 -14
right_child=-2 -3 3 -5 -6 10 -8 -9 9 -11 -12 -13 13 -15
leaf_value=0.026151214028165799 -0.052739671841693397 0.038479713544772622 -0.05130614548598144 -0.063621768135978071 -0.057612493745339714 -0.053367115025038117 0.040551305109615465 -0.048672095345930255 0.017719358147708128 0.05438668475393138 0.047653292461026689 0.050710534329113079 -0.048187829867358561 0.051276000414464673
leaf_weight=2.8576386785134762 0.73194630409125139 2.388473658822476 0.46207848843186994 0.46733741834759701 1.1588848750106979 0.39889363129623223 1.7551636155694712 1.5467010990250853 0.66171970218420106 0.51566308736801136 3.8791638158727437 0.28953898325562477 2.2978608803823595 0.20698009803891171
leaf_count=31 49 57 73 7 34 41 40 70 3 4 156 8 444 3
internal_value=0.00619974 0.00848399 0.0041413 0.022705 -0.00513498 0.0307261 0.00104436 -0.00753049 0.00219964 -0.0163883 0.0390249 -0.00959444 -0.0279137 -0.0399689
internal_weight=19.618 18.8861 16.4976 5.49701 11.0006 5.02967 9.84173 8.08656 6.53986 3.68222 4.5676 0.688433 3.16656 2.50484
internal_count=1020 971 914 285 629 278 595 555 485 454 205 49 450 447
is_linear=0
shrinkage=0.05


Tree=100
num_leaves=15
num_cat=0
split_feature=3 3 1 6 2 13 1 22 7 2 1 0 0 7
split_gain=0.998219 0.955716 4.14587 1.40136 1.17203 1.26311 0.782866 0.953563 1.00604 0.943899 1.01877 1.27972 0.75207 0.684402
threshold=7.0900000000000007 4.6700000000000008 75.935000000000016 9.4096719842804983 10.042650000000002 0.85439738166721668 27.120000000000001 0.56576864871570487 5.0709819310338657 2.7128500000000004 52.925000000000004 17.950000000000006 18.145000000000007 8.3247157278219408
decision_type=2 2 2 2 2 2 2 2 2 2 2 2 2 2
left_child=1 2 3 6 5 13 -1 8 12 -9 -11 -12 -8 -3
right_child=-2 4 -4 -5 -6 -7 7 9 -10 10 11 -13 -14 -15
leaf_value=-0.080888721365634145 -0.052611727998681725 -0.0026478999692193701 -0.11449210424013551 0.047055498131405873 -0.051832112523669788 0.051491280545703094 -0.012494827475478937 -0.05386507621204082 -0.029406089626912352 0.047858813797916851 0.058773218089737303 -0.038598483845481188 0.046218830250977054 0.046043279386828027
leaf_weight=0.29951376840472388 0.69789934146683563 3.0740269834641358 0.75186578196007836 1.8109210105612881 0.50264415750280012 3.0424999892711639 0.711852967739106 1.1504677444463594 0.83696160395629693 0.79517697868868742 0.42409633728675578 1.6512818014016373 2.3325737984851003 0.94310210365802039
leaf_count=2 49 201 28 40 32 95 11 106 34 8 3 332 63 16
internal_value=0.00607921 0.00831419 -0.00125585 0.00724707 0.0219369 0.0271892 -0.00154232 0.00146504 0.0191433 -0.0155993 -0.000263099 -0.0187009 0.0324903 0.00878334
internal_weight=19.0249 18.327 10.7647 10.0128 7.56227 7.05963 8.20193 7.90241 3.88139 4.02102 2.87056 2.07538 3.04443 4.01713
internal_count=1020 971 627 599 344 312 559 557 108 449 343 335 74 217
is_linear=0
shrinkage=0.05


Tree=101
num_leaves=15
num_cat=0
split_feature=1 16 2 34 7 2 26 1 14 26 4 9 9 18
split_gain=0.890958 1.19021 1.69709 1.391 1.38679 1.20811 1.41843 1.03663 0.877425 0.830679 0.776583 0.468474 0.877111 0.519683
threshold=27.120000000000001 76.250000000000014 7.2569000000000008 2778.3159205833335 7.9596865163828676 4.5738500000000011 1.3442124878185673 53.785000000000004 0.022082073798808954 1.1533723991679741 51.07500000000001 0.0038215107576693003 0.0031019985689803506 0.64297128454564889
decision_type=2 2 2 2 2 2 2 2 2 2 2 2 2 2
left_child=-1 2 4 7 5 6 11 -3 -8 -6 -9 12 -2 -14
right_child=1 3 -4 -5 9 -7 8 10 -10 -11 -12 -13 13 -15
leaf_value=-0.075712748445406458 -0.072608506008312909 0.020430578680786262 -0.069988817708240128 0.049445401450303739 -0.015233860533473424 -0.058704174900084283 -0.031473276735418075 -0.053991676915978559 0.033285955274532188 0.046936749954684651 0.050594745767583486 -0.050299940044239856 0.042835791272455986 -0.025518834844190028
leaf_weight=0.32800638489425438 0.39863399742171202 2.9763611895032218 0.8677670154138476 2.9750748812220991 0.70892538479529355 1.0423939132597295 0.6449797096429396 0.96927713672630467 2.7669214431662112 2.2191067226231098 0.21727882884442806 1.2209465909982098 0.6500151439104227 0.4859349112957716
leaf_count=5 42 47 40 131 30 171 97 120 64 46 7 173 35 12
internal_value=0.00595808 0.00743455 -0.00287882 0.0233361 0.00286557 -0.00891939 -0.000504966 0.00467678 0.021044 0.0318842 -0.0348401 -0.0271869 -0.00879769 0.0135952
internal_weight=18.4716 18.1436 11.0056 7.13799 10.1379 7.20983 6.16743 4.16292 3.4119 2.92803 1.18656 2.75553 1.53458 1.13595
internal_count=1020 1015 710 305 670 594 423 174 161 76 127 262 89 47
is_linear=0
shrinkage=0.05


Tree=102
num_leaves=15
num_cat=0
split_feature=3 3 1 6 12 26 15 22 23 0 9 3 15 34
split_gain=0.929237 0.867034 3.70916 1.28945 1.05438 1.10512 0.798627 0.932616 0.928063 1.01823 0.86446 0.742495 0.728513 0.498454
threshold=7.0900000000000007 4.6700000000000008 75.935000000000016 9.4096719842804983 0.46905592893643538 2.6169012331844201 1.1990537203137868 0.73795892341207547 -1.9974415589060011 17.485000000000003 0.0031748195143821503 6.2550000000000008 0.10796889746257471 3026.7198984583338
decision_type=2 2 2 2 2 2 2 2 2 2 2 2 2 2
left_child=1 2 3 6 5 11 7 10 -9 -10 -1 12 -3 -14
right_child=-2 4 -4 -5 -6 -7 -8 8 9 -11 -12 -13 13 -15
leaf_value=-0.032550954101066884 -0.052439171861665704 -0.033375427581169841 -0.11081434849555474 0.046687116613214355 0.047767663602068022 -0.051485229278046718 -0.05003507675053695 0.025623934113722369 0.023895923041934802 -0.052955211625678657 0.031183203342670947 -0.022568946307665223 0.050946581730423962 8.7194106707400761e-05
leaf_weight=0.63950827217195572 0.65910964994691212 0.4030323257902636 0.71862070146016854 1.6837457853835074 2.479116782778874 0.68057530862279225 0.76630299165844906 0.94186480413191276 0.57806382491253128 1.6942771954927591 3.1658232724294066 0.8938419313635676 2.014364914502949 0.63318193890154351
leaf_count=26 49 62 28 40 107 59 34 13 10 385 91 24 55 37
internal_value=0.00582901 0.00804995 -0.0012991 0.00701171 0.0214577 0.00735486 -0.0015684 0.00372257 -0.0161076 -0.033405 0.0204723 0.0175072 0.0292498 0.0387832
internal_weight=17.9514 17.2923 10.1882 9.46959 7.10411 4.625 7.78584 7.01954 3.21421 2.27234 3.80533 3.94442 3.05058 2.64755
internal_count=1020 971 627 599 344 237 559 525 408 395 117 178 154 92
is_linear=0
shrinkage=0.05


Tree=103
num_leaves=15
num_cat=0
split_feature=3 22 15 12 3 13 15 5 15 3 28 0 5 34
split_gain=0.878204 0.821771 0.93732 0.984222 0.669585 1.36302 1.02255 0.858315 0.961206 1.09427 0.703786 0.639614 0.712986 0.604303
threshold=7.0900000000000007 -0.88344702553846866 0.090019893760967959 0.033821369065470057 4.6700000000000008 3.1108763793480385 2.0860240784604445 0.77900000000000014 0.27273971335597674 3.8650000000000007 0.764963639440284 19.415000000000003 0.88750000000000007 3828.7109292666673
decision_type=2 2 2 2 2 2 2 2 2 2 2 2 2 2
left_child=1 -1 3 -3 5 7 13 8 -4 -10 -11 -5 -13 -6
right_child=-2 2 4 11 6 -7 -8 -9 9 10 -12 12 -14 -15
leaf_value=-0.051967020858209381 -0.052324680140798843 -0.053181248305269074 -0.056238305946672097 0.03746121164354755 0.046986121163686174 -0.062223671049082808 -0.019574877393018546 0.035961922328314279 -0.042891843088717095 0.047905748780963903 -0.0071503847283518347 -0.053538808118563687 0.020139217645146826 0.006649837878358625
leaf_weight=0.55456526204944268 0.62830176879651745 1.0739242348354339 0.67384278046665569 0.90545384061988476 3.8179945084266365 0.6723751202225684 0.94192711077630509 2.4281363869085908 0.75866223056800697 1.4541259924881162 0.96610419079661358 0.66498581389896549 0.64864231715910137 1.2269384320825336
leaf_count=42 49 242 80 19 160 6 20 80 31 42 10 107 89 43
internal_value=0.00571233 0.00788444 0.00992912 -0.0138878 0.0159901 0.00543625 0.0282475 0.0126793 -0.00199422 0.00950411 0.0259285 0.00512825 -0.0171581 0.0371763
internal_weight=17.416 16.7877 16.2331 3.29301 12.9401 6.95325 5.98686 6.28087 3.85274 3.17889 2.42023 2.21908 1.31363 5.04493
internal_count=1020 971 929 457 472 249 223 243 163 83 52 215 196 203
is_linear=0
shrinkage=0.05


Tree=104
num_leaves=15
num_cat=0
split_feature=3 7 32 2 15 3 3 3 16 7 21 12 4 19
split_gain=0.8293 0.804417 0.855606 1.39227 1.29468 1.27944 1.4403 1.25013 1.11259 0.961176 0.868899 0.777162 0.934262 0.648744
threshold=7.0900000000000007 10.576042407350418 1.0000000180025095e-35 4.5166500000000012 2.0860240784604445 4.6450000000000005 4.6550000000000011 3.8650000000000007 36.250000000000007 9.1156219107287999 1.0755836457314629 0.41088670078089101 13.040000000000001 0.89897402330736331
decision_type=2 2 2 2 2 2 2 2 2 2 2 2 2 2
left_child=1 2 3 7 8 9 -7 10 -4 -5 -1 12 -9 -14
right_child=-2 -3 4 5 -6 6 -8 11 -10 -11 -12 -13 13 -15
leaf_value=-0.056897824707644276 -0.052215364404525622 0.037438349925430978 -0.051130929299923078 -0.052675923056197074 -0.063442208630798982 -0.22081285051067423 -0.056199303218587106 -0.051489629687765097 0.037949757159263145 0.052096081344026338 0.023921097013644491 0.055459095101915691 0.026850306056697151 -0.011082153823965735
leaf_weight=1.2235572199570066 0.59887880273163219 1.9953488381579507 0.38624953513499249 0.51303887733956688 0.40961355343461026 0.1785047547891736 0.5198970619821921 0.62059716507792462 3.7888262080959976 0.38181721791625023 0.45670510444324453 0.94138124585151661 3.2233223295770586 1.7332983529195187
leaf_count=66 49 57 73 157 7 3 59 44 205 7 44 5 52 192
internal_value=0.00557495 0.00768887 0.00355996 -0.00478631 0.0213862 -0.0475551 -0.0982729 0.00352482 0.0297086 -0.0079718 -0.0349308 0.0134373 0.00634442 0.0135856
internal_weight=16.971 16.3722 14.3768 9.79212 4.58469 1.59326 0.698402 8.19886 4.17508 0.894856 1.68026 6.5186 5.57722 4.95662
internal_count=1020 971 914 629 285 226 62 403 278 164 110 293 288 244
is_linear=0
shrinkage=0.05


Tree=105
num_leaves=15
num_cat=0
split_feature=3 7 21 2 6 34 4 12 2 2 7 15 0 2
split_gain=0.78307 0.768541 0.904069 1.87534 1.20745 1.00859 0.915665 0.832109 0.994932 1.15983 0.776717 0.699597 0.844983 0.758794
threshold=7.0900000000000007 12.138433002035152 2.89942946170255 4.5738500000000011 8.9360702343824503 3758.1568323000001 55.155000000000008 -0.57186951138303954 -0.21639999999999998 2.7128500000000004 4.6021885679212762 0.19215633279856029 17.950000000000006 2.7427500000000005
decision_type=2 2 2 2 2 2 2 2 2 2 2 2 2 2
left_child=1 2 3 4 5 7 -5 -1 10 -10 -9 12 -11 -14
right_child=-2 -3 -4 6 -6 -7 -8 8 9 11 -12 -13 13 -15
leaf_value=-0.062052699000431311 -0.052111009284722579 0.046793127648558752 0.042079112846405607 -0.058404209810855492 0.047969313540012749 -0.053085530654721581 0.046191673319882394 0.051280473578358826 -0.037765433401820279 0.057213843207219131 0.0041933633335076324 0.037210871029263778 0.055000009300254817 -0.042339378837485286
leaf_weight=0.42631509201600692 0.57078317459672767 1.1540196537971503 1.4399740463122714 1.6794333327561606 1.6248237227555353 0.78066549345385361 0.23902103048749257 1.9294668268412301 1.7390541459899447 0.3860618069302294 1.6037162556312976 1.5492458350490776 0.24033471941947926 1.1992101372452451
leaf_count=10 49 31 81 241 36 48 4 66 138 3 24 77 1 211
internal_value=0.00543551 0.00748954 0.00443257 0.000386249 0.00803387 0.00144897 -0.0453726 0.00614105 0.00950311 -0.00459427 0.0299076 0.0124988 -0.00847243 -0.0260884
internal_weight=16.5621 15.9913 14.8373 13.3973 11.4789 9.85407 1.91845 9.0734 8.64709 5.11391 3.53318 3.37485 1.82561 1.43954
internal_count=1020 971 940 859 614 578 245 530 520 430 90 292 215 212
is_linear=0
shrinkage=0.05


Tree=106
num_leaves=15
num_cat=0
split_feature=3 22 1 34 0 19 34 34 10 3 1 35 19 21
split_gain=0.740657 0.721263 0.811849 0.730946 0.86796 0.746119 0.973569 0.693919 0.738043 0.677507 3.47256 0.864185 0.720644 0.691739
threshold=7.0900000000000007 1.6865399289335883 27.120000000000001 1051.208519441667 17.605000000000004 0.095024961266992572 1551.5975615500001 1791.8190602333336 7.0833333333333348 4.6700000000000008 75.935000000000016 12.500000000000002 0.61651409749724184 -0.17218318897733889
decision_type=2 2 2 2 2 2 2 2 2 2 2 2 2 2
left_child=1 2 -1 4 -4 -5 -7 -8 -9 10 11 -10 -11 -13
right_child=-2 -3 3 5 -6 6 7 8 9 12 -12 13 -14 -15
leaf_value=-0.075572716015804453 -0.052011405815511419 -0.050220718353894994 0.029848207283691683 -0.03888521978569618 -0.052680749535796781 0.051333776071801632 -0.053314644748651302 -0.053446023420214997 0.047888813243386147 -0.021378578539644436 -0.10178569663355108 0.04011403544081299 0.03895264864371014 -0.010532848142063697
leaf_weight=0.27613974735140701 0.54395927733276117 0.52566530165495429 0.49292397685348877 0.6223697739187618 0.90077208448201418 1.7925809351727355 0.39703791402280231 0.39026360306888719 1.7441428496967981 0.56743496330454934 0.6692942976951598 0.95284791104494893 3.8756672021700069 2.3052413137629695
leaf_count=2 49 220 5 23 119 50 9 34 49 23 5 42 158 232
internal_value=0.00533566 0.0073466 0.0093658 0.0109602 -0.0234918 0.0145659 0.0171864 0.0115716 0.014024 0.0166273 0.00517359 0.0194847 0.0312477 0.00427914
internal_weight=16.0563 15.5124 14.9867 14.7106 1.3937 13.3169 12.6945 10.9019 10.5049 10.1146 5.67153 5.00223 4.4431 3.25809
internal_count=1020 971 751 749 124 625 602 552 543 509 328 323 181 274
is_linear=0
shrinkage=0.05


Tree=107
num_leaves=15
num_cat=0
split_feature=21 2 7 0 2 15 19 3 7 26 2 0 9 10
split_gain=0.705861 0.974322 1.10672 1.09503 0.98371 0.879961 0.944729 0.750897 1.4237 0.741647 0.672559 0.799279 0.497156 0.422646
threshold=2.89942946170255 7.177550000000001 8.1616833666471713 32.015000000000008 4.5738500000000011 1.2313466686082928 0.89485700252221678 3.8650000000000007 1.0208784763691028 1.1598847195637394 2.9879000000000002 19.105000000000004 0.0060102887201429513 65.416666666666671
decision_type=2 2 2 2 2 2 2 2 2 2 2 2 2 2
left_child=1 2 4 -3 5 6 7 8 -1 -7 -8 -12 13 -4
right_child=-2 3 12 -5 -6 9 10 -9 -10 -11 11 -13 -14 -15
leaf_value=0.050445830361306565 0.039599706047025174 -0.097160464534628413 -0.02093478930330438 0.0088633486450329663 -0.055132416328619198 -0.052705085299703386 -0.053425858154894229 0.030852246152543762 -0.047878656585597569 0.024198434617639625 0.055878795474525858 -0.024517150340922039 0.050186938604815372 0.03769814962996855
leaf_weight=0.60009353701024515 1.3626524428837008 0.50758010032586831 0.61379035422578565 0.46814940235344693 0.80912802583770904 1.1513021446298806 0.85365530697163228 4.1737006092444062 0.95255505805835128 0.43081966135650862 0.47101279022172071 0.89961685135494918 1.6954432036727665 0.61561353784054518
leaf_count=33 89 18 24 27 201 62 131 122 35 16 3 198 44 17
internal_value=0.00522049 0.00193125 0.00547784 -0.0462908 -0.00220211 0.00229054 0.00906714 0.019809 -0.00987657 -0.0317639 -0.0185874 0.00311068 0.0326332 0.00842516
internal_weight=15.6051 14.2425 13.2667 0.97573 10.3419 9.53276 7.95063 5.72635 1.55265 1.58212 2.22428 1.37063 2.92485 1.2294
internal_count=1020 931 886 45 801 600 522 190 68 78 332 201 85 41
is_linear=0
shrinkage=0.05


Tree=108
num_leaves=15
num_cat=0
split_feature=3 22 15 12 10 3 1 15 12 24 16 2 2 15
split_gain=0.692875 0.68118 0.730719 0.838428 0.613674 0.559585 2.98385 0.849514 0.781433 0.735517 0.829968 0.95331 0.826073 0.631127
threshold=7.0900000000000007 -0.88344702553846866 0.090019893760967959 0.033821369065470057 52.083333333333343 4.6700000000000008 75.935000000000016 2.0860240784604445 0.38266004363894734 3.0701944260720748 98.750000000000014 -3.4273499999999997 2.8071500000000005 0.93970142273829749
decision_type=2 2 2 2 2 2 2 2 2 2 2 2 2 2
left_child=1 -1 3 -3 -5 6 8 -7 9 -4 11 -11 -13 -14
right_child=-2 2 5 4 -6 7 -8 -9 -10 10 -12 12 13 -15
leaf_value=-0.051604065206166616 -0.051878860672634169 -0.052078094151553816 -0.047819634368454281 -0.032418772128611904 0.02578364346286921 0.036073452058613946 -0.096066226226889151 -0.019024713872610045 0.047866216407293133 -0.076313464069894518 -0.05521562695232083 0.047598926813342955 -0.04226336230512371 0.050331262961543881
leaf_weight=0.47809293493628402 0.51548878871835846 0.94062801805557628 0.56057062931358626 0.699955221149139 1.2830972216324878 4.2809854233637452 0.65640154946595419 0.83623068779706944 1.4740639943629501 0.22591532766818723 0.38593988469801832 2.0259860218502621 0.55576370225753624 0.27513270918279886
leaf_count=42 49 242 12 153 62 203 11 20 37 1 23 56 94 15
internal_value=0.00509725 0.00709813 0.00907446 -0.0132008 0.00524002 0.0148496 0.0046978 0.0270696 0.0167162 0.0053204 0.0139082 0.0225619 0.0303807 -0.0116027
internal_weight=15.1943 14.6788 14.2007 2.92368 1.98305 11.277 6.15977 5.11722 5.50337 4.02931 3.46874 3.0828 2.85688 0.830896
internal_count=1020 971 929 457 215 472 249 223 238 201 189 166 165 109
is_linear=0
shrinkage=0.05


Tree=109
num_leaves=15
num_cat=0
split_feature=3 7 16 34 16 2 26 4 1 9 14 34 15 0
split_gain=0.655133 0.673438 0.722651 1.3068 0.950432 0.769083 0.987002 0.746816 0.685324 0.579209 0.820734 0.456267 0.442149 0.751409
threshold=7.0900000000000007 12.138433002035152 76.250000000000014 2778.3159205833335 68.750000000000014 7.2569000000000008 1.1598847195637394 12.455000000000002 53.785000000000004 0.0040131265045585006 0.18615329958255664 2240.8743162583337 0.830880474488357 21.135000000000002
decision_type=2 2 2 2 2 2 2 2 2 2 2 2 2 2
left_child=1 2 4 8 5 6 9 -8 -4 10 -1 -10 13 -9
right_child=-2 -3 3 -5 -6 -7 7 12 11 -11 -12 -13 -14 -15
leaf_value=0.02863673984380399 -0.051789856907471635 0.046391019346071705 0.011985782775608092 0.048383212045302437 -0.051860819436535692 -0.066833044310379147 -0.05213239173705634 0.04004578588190371 0.03939241428230017 -0.049665840304356626 -0.055362736898084422 -0.053889670745714525 0.046636291520197229 -0.021339310086297983
leaf_weight=0.88031262566801005 0.49116954754572439 1.0055677285417903 2.596755458042026 2.1321213897317648 0.9879403217928483 0.39618787891231466 0.32606944558210704 1.0640024521853781 0.15791366004850704 0.99571661220397789 0.43424101546406746 0.77166290278546512 1.5844519669190047 0.93803847202798341
leaf_count=80 49 31 35 128 105 10 37 23 14 237 6 112 60 93
internal_value=0.00498695 0.00694106 0.00395061 0.0174816 -0.00611447 0.00071353 0.00501401 0.0203156 -0.00120236 -0.0209 0.000888904 -0.0380432 0.0269022 0.0112843
internal_weight=14.7622 14.271 13.2654 5.65845 7.60696 6.61902 6.22283 3.91256 3.52633 2.31027 1.31455 0.929577 3.58649 2.00204
internal_count=1020 971 940 289 651 546 536 213 161 323 86 126 176 116
is_linear=0
shrinkage=0.05


Tree=110
num_leaves=15
num_cat=0
split_feature=22 22 3 34 11 11 6 36 18 34 18 6 15 13
split_gain=0.626737 0.664665 0.63041 0.620963 0.62005 0.500953 0.453346 0.899589 0.749396 0.446339 0.596098 0.802009 0.533885 0.423423
threshold=1.6865399289335883 -0.88344702553846866 7.0900000000000007 1051.208519441667 0.61191036369833229 0.57975909191541419 40.550122560469823 9.0000000000000018 0.2392953112133063 1658.989257991667 0.37680522145089984 8.9360702343824503 0.66169171578490471 0.082391164030965067
decision_type=2 2 2 2 2 2 2 2 2 2 2 2 2 2
left_child=1 -1 3 5 -5 -3 7 8 -6 -10 13 12 -12 -11
right_child=-2 2 -4 4 6 -7 -8 -9 9 10 11 -13 -14 -15
leaf_value=-0.051446055255367412 -0.050212570083525893 0.013347547984561404 -0.051882691753254828 -0.031118082047473523 -0.050466078791963957 -0.051243380485130101 -0.013097361365737057 0.050467138391399893 0.037877652930584906 0.051642347561085822 4.2870518903288117e-05 0.021090818187524306 -0.052904571810554607 -0.003776084152560056
leaf_weight=0.47206720849499006 0.49828479182906527 0.53226527571677873 0.41311724786646742 0.70368457864969869 0.43838804186088776 0.68847725098021328 1.1045697205699969 2.0181889897212386 1.8794887606054542 1.1501845773309467 1.0499394414946439 2.0325975390151143 0.87110558245331038 0.49215397972147901
leaf_count=49 231 3 31 16 210 120 35 104 49 43 16 39 30 44
internal_value=0.00488048 0.00686312 0.00892125 0.0108593 0.0143883 -0.0230806 0.0172898 0.0206692 0.0130702 0.0167962 0.00971563 -0.000802124 -0.0239664 0.0350353
internal_weight=14.3445 13.8462 13.3742 12.961 11.7403 1.22074 11.0366 9.93205 7.91386 7.47547 5.59598 3.95364 1.92105 1.64234
internal_count=1020 789 740 709 586 123 570 535 431 221 172 85 46 87
is_linear=0
shrinkage=0.05


Tree=111
num_leaves=15
num_cat=0
split_feature=21 2 0 7 2 19 19 3 3 7 2 0 8 13
split_gain=0.608098 0.806223 1.01324 0.963774 0.842144 0.839769 0.626388 0.629062 0.704791 1.16745 0.603942 0.681688 0.564279 0.724937
threshold=2.89942946170255 7.177550000000001 30.455000000000002 8.3247157278219408 4.5738500000000011 0.1694593303624656 0.89485700252221678 6.0650000000000004 3.8650000000000007 1.0208784763691028 2.9879000000000002 19.105000000000004 0.16011085148405071 0.10529768731775696
decision_type=2 2 2 2 2 2 2 2 2 2 2 2 2 2
left_child=1 3 -3 4 5 -1 7 8 9 -7 -8 -12 13 -10
right_child=-2 2 -4 -5 -6 6 10 -9 12 -11 11 -13 -14 -15
leaf_value=-0.057806222387526154 0.038911724280661454 -0.10424892557686921 0.0010063798357758268 0.033357690150292128 -0.054178388075778107 0.050377139765597503 -0.053373841321323591 -0.034207034776957863 0.041238118671283776 -0.044414020533077997 0.054862504384958377 -0.023270723471341258 0.040765913096154814 -0.041074240930901562
leaf_weight=0.54653131228405349 1.1925580300739973 0.39289517595898438 0.54694051359547302 2.4068078012205669 0.71701336425030682 0.50190363917499581 0.75527867022901762 0.60741278226487327 0.51644152379594721 0.92061928671319038 0.42310002911835887 0.82057284389156848 3.0610662389080971 0.55490616802126169
leaf_count=27 89 13 32 83 201 33 131 48 26 37 3 198 77 22
internal_value=0.00476632 0.00157794 -0.0429952 0.00511856 -0.00209282 0.00219597 0.00621409 0.0141034 0.019386 -0.0109692 -0.0181071 0.00331036 0.0298353 -0.00139569
internal_weight=13.964 12.7715 0.939836 11.8317 9.42485 8.70783 8.1613 6.16235 5.55494 1.42252 1.99895 1.24367 4.13241 1.07135
internal_count=1020 931 45 886 803 602 575 243 195 70 332 201 125 48
is_linear=0
shrinkage=0.05


Tree=112
num_leaves=15
num_cat=0
split_feature=1 22 3 34 22 11 34 2 3 1 6 6 34 35
split_gain=0.622762 0.602466 0.590071 0.591676 0.604778 0.591891 0.835074 0.609361 0.676816 2.47918 0.886916 0.942467 0.671756 0.718277
threshold=27.120000000000001 1.6865399289335883 7.0900000000000007 1051.208519441667 -0.88344702553846866 0.61191036369833229 1551.5975615500001 10.042650000000002 4.6700000000000008 75.935000000000016 8.9360702343824503 2.3156107138008215 1791.8190602333336 12.500000000000002
decision_type=2 2 2 2 2 2 2 2 2 2 2 2 2 2
left_child=-1 2 3 -2 -5 -6 -7 8 9 12 11 -10 -8 -14
right_child=1 -3 -4 4 5 6 7 -9 10 -11 -12 -13 13 -15
leaf_value=-0.070014350206214521 -0.023606940047837546 -0.050194287006527755 -0.051851655731939277 -0.051285765531793648 -0.029401982727901423 0.052209030632859567 -0.052711220029344842 -0.051231461278253933 0.043555658444023836 -0.089453559776827757 0.051343853435355406 -0.041111515431812323 0.051722665114635559 0.0067159412684589335
leaf_weight=0.27362772636115629 1.1786896950798063 0.45752812444698143 0.39655500929802734 0.34782302251551023 0.68251536041498262 1.5727622997947026 0.31843030825256935 0.35830663936212737 0.63179230538662545 0.62825920805335034 2.2103145830333233 0.68509406130760908 1.3819142244756224 2.4727836234960705
leaf_count=5 124 231 35 40 16 49 8 25 43 5 96 42 36 265
internal_value=0.00465396 0.00618753 0.00819264 0.0101023 0.0136216 0.0156848 0.0186842 0.0126145 0.0153612 0.00314461 0.0319911 -0.000491406 0.0170851 0.0228509
internal_weight=13.5964 13.3228 12.8652 12.4687 11.29 10.9422 10.2597 8.68689 8.32859 4.80139 3.5272 1.31689 4.17313 3.8547
internal_count=1020 1015 784 749 625 585 569 520 495 314 181 85 309 301
is_linear=0
shrinkage=0.05


Tree=113
num_leaves=15
num_cat=0
split_feature=3 7 21 2 6 34 4 12 22 12 0 9 29 0
split_gain=0.550853 0.570404 0.641852 1.20744 0.927725 0.760741 0.710109 0.619069 0.749239 0.765119 0.576084 0.562496 0.597798 0.438047
threshold=7.0900000000000007 12.138433002035152 2.89942946170255 4.5738500000000011 8.9360702343824503 3758.1568323000001 55.155000000000008 -0.57186951138303954 0.75928918810139778 -0.10898543028498668 17.485000000000003 0.0031393041634960503 -0.073128903795954617 27.935000000000006
decision_type=2 2 2 2 2 2 2 2 2 2 2 2 2 2
left_child=1 2 3 4 5 7 -5 -1 11 -10 -11 -9 -13 -12
right_child=-2 -3 -4 6 -6 -7 -8 8 9 10 13 12 -14 -15
leaf_value=-0.05967161372271293 -0.051606221755401797 0.045511920225396414 0.040480152081824594 -0.052886020164769482 0.046919809688097218 -0.052360971516307142 0.046775007623434971 -0.028598054142972385 0.037668824013153218 0.024464552733358558 -0.051902809452771773 -0.0094526627427122117 0.038925235986810275 0.010528299967858895
leaf_weight=0.35120616666972182 0.42238400672795329 0.87000462785363275 1.07173390663229 1.3976909276971117 1.2504380710888652 0.62497045763302583 0.20494524016976345 0.49205353227443893 0.60952546773477978 0.45198227767833055 1.3589529946330001 0.81859442126005921 2.9034180199960247 0.35420182452071447
leaf_count=10 49 31 81 241 36 48 4 31 15 10 248 10 155 51
internal_value=0.00457127 0.00643091 0.00357124 -8.53117e-05 0.00688082 0.000594957 -0.0401414 0.00510397 0.00835916 -0.0118165 -0.0257475 0.0216434 0.0282853 -0.0389949
internal_weight=13.1821 12.7597 11.8897 10.818 9.21534 7.96491 1.60264 7.33993 6.98873 2.77466 2.16514 4.21407 3.72201 1.71315
internal_count=1020 971 940 859 614 578 245 530 520 324 309 196 165 299
is_linear=0
shrinkage=0.05


Tree=114
num_leaves=15
num_cat=0
split_feature=1 16 34 1 16 26 1 21 15 0 14 4 16 0
split_gain=0.572685 0.675401 0.924399 0.762485 0.737125 0.657622 0.968978 0.631841 0.577884 0.625084 0.620591 0.478527 0.477646 0.630282
threshold=27.120000000000001 76.250000000000014 2778.3159205833335 53.785000000000004 69.583333333333357 1.1598847195637394 75.300000000000026 -0.11521191332945808 0.830880474488357 18.145000000000007 0.12324521537140501 51.07500000000001 49.583333333333336 13.960000000000003
decision_type=2 2 2 2 2 2 2 2 2 2 2 2 2 2
left_child=-1 4 3 -3 5 12 7 -7 9 -9 -11 -5 13 -2
right_child=1 2 -4 11 -6 6 -8 8 -10 10 -12 -13 -14 -15
leaf_value=-0.068776146321372814 0.050469537523380514 0.01900783968037522 0.048145611122907057 -0.053741565176060796 -0.051596131393196798 -0.052011635436974527 -0.039482348015928537 0.047971032432061855 0.046263327161884513 -0.052170825538983716 0.024517931664660361 0.050380626676393307 0.016931669201905281 -0.044828795784919051
leaf_weight=0.26139362063258964 0.19621219951659297 2.1585582331754272 1.8712447904981671 0.70061579742468882 0.71449961385224003 0.26403011940419707 0.74800139374565322 0.57805117149837348 1.9829181325621901 0.56960034440271534 0.49138311017304659 0.13097536936402321 0.63884723820956413 1.4990253403666427
leaf_count=5 8 47 131 120 86 11 29 10 83 132 24 7 40 287
internal_value=0.00447289 0.00599926 0.0205843 0.00333627 -0.00322986 0.00172957 0.012631 0.0226621 0.0281056 0.0061383 -0.0166532 -0.0373423 -0.0199136 -0.0337987
internal_weight=12.8054 12.544 4.86139 2.99015 7.68257 6.96807 4.63398 3.88598 3.62195 1.63903 1.06098 0.831591 2.33408 1.69524
internal_count=1020 1015 305 174 710 624 289 260 249 166 156 127 335 295
is_linear=0
shrinkage=0.05


Tree=115
num_leaves=15
num_cat=0
split_feature=1 16 34 1 16 9 0 18 20 1 18 7 34 34
split_gain=0.53523 0.627628 0.88716 0.711396 0.700553 0.623347 0.739976 0.931984 0.892629 0.995569 0.4539 0.408685 0.46081 0.511548
threshold=27.120000000000001 76.250000000000014 2778.3159205833335 53.785000000000004 69.583333333333357 0.0031019985689803506 17.485000000000003 0.29247334632708238 -0.49593202537175846 75.300000000000026 5.1096460902050671 7.9596865163828676 3758.1568323000001 1368.3164764416667
decision_type=2 2 2 2 2 2 2 2 2 2 2 2 2 2
left_child=-1 4 3 -3 5 -2 -7 -8 -9 11 -5 12 13 -10
right_child=1 2 -4 10 -6 6 7 8 9 -11 -12 -13 -14 -15
leaf_value=-0.067642566775686599 -0.06164672169990966 0.018185615659355212 0.047876171556980082 -0.053571631887786145 -0.051517734385577156 0.048439690655828538 -0.051694719412411598 -0.052357132796755218 -0.041810566393643112 -0.037209651657064115 0.050361975999728248 0.043917941771839816 -0.033073842624252919 0.039667145378487041
leaf_weight=0.25270594004541713 0.36732923239469339 2.143734678276815 1.7897524130530653 0.66850706870900456 0.68066122219897796 0.86148533807136107 0.78906846418976773 0.55921669583767553 0.23552546004066366 0.75238776448531997 0.12463260162621737 1.6807981939055023 0.46783721633255471 1.0580060684005728
leaf_count=5 44 47 131 120 86 21 271 46 62 28 7 53 43 56
internal_value=0.00438075 0.00587519 0.0201275 0.00321732 -0.00316436 0.00169594 0.00532905 -0.00137134 0.00698174 0.0148928 -0.0372397 0.0262813 0.00945143 0.0248317
internal_weight=12.4316 12.1789 4.72663 2.93687 7.45232 6.77165 6.40433 5.54284 4.75377 4.19455 0.79314 3.44217 1.76137 1.29353
internal_count=1020 1015 305 174 710 624 580 559 288 242 127 214 161 118
is_linear=0
shrinkage=0.05


Tree=116
num_leaves=15
num_cat=0
split_feature=3 7 21 2 6 34 4 12 2 2 7 15 0 2
split_gain=0.505533 0.498817 0.545458 1.08627 0.855151 0.666523 0.607512 0.591355 0.653906 0.788048 0.584412 0.440476 0.55394 0.566937
threshold=7.0900000000000007 12.138433002035152 2.89942946170255 4.5738500000000011 8.9360702343824503 3758.1568323000001 55.155000000000008 -0.57186951138303954 -0.21639999999999998 2.7128500000000004 4.6021885679212762 0.19215633279856029 17.950000000000006 2.7427500000000005
decision_type=2 2 2 2 2 2 2 2 2 2 2 2 2 2
left_child=1 2 3 4 5 7 -5 -1 10 -10 -9 12 -11 -14
right_child=-2 -3 -4 6 -6 -7 -8 8 9 11 -12 -13 13 -15
leaf_value=-0.059697608378818851 -0.051477628962769972 0.045052556546758521 0.039715235847148395 -0.051565026187260533 0.046905226760222553 -0.052099751123079435 0.046048112583885199 0.050905717323148303 -0.03604885744230505 0.054478277815199538 0.0033908724196093816 0.035556962220910329 0.05397207796878243 -0.039215376830239151
leaf_weight=0.33664327906444214 0.39302762772422362 0.77058999985456544 0.94549342617392618 1.2968625129724376 1.1528217431623486 0.55505599587922905 0.18173309718258668 1.3244485836476045 1.3234821713995226 0.29290991602465544 1.2654692647047339 1.0889621659880502 0.1982670873403547 0.92320451070554554
leaf_count=10 49 31 81 241 36 48 4 66 138 3 24 77 1 211
internal_value=0.00429638 0.00617703 0.00342497 -2.70102e-05 0.00688264 0.000569539 -0.0395675 0.00489839 0.00828731 -0.00484358 0.0276893 0.0116542 -0.00674903 -0.0227406
internal_weight=12.049 11.6559 10.8854 9.93986 8.46126 7.30844 1.4786 6.75339 6.41674 3.82683 2.58992 2.50334 1.41438 1.12147
internal_count=1020 971 940 859 614 578 245 530 520 430 90 292 215 212
is_linear=0
shrinkage=0.05


Tree=117
num_leaves=15
num_cat=0
split_feature=1 16 34 2 9 1 6 18 1 15 2 34 2 34
split_gain=0.49859 0.562192 0.820061 0.802471 0.680644 0.663956 0.985258 0.872492 0.658988 0.412778 0.808381 0.495372 0.794001 0.314432
threshold=27.120000000000001 76.250000000000014 2778.3159205833335 7.2569000000000008 0.0031019985689803506 79.955000000000027 8.9360702343824503 0.66116941185214906 53.045000000000009 0.86722850545744457 3.0413000000000001 2113.301697216667 2.9879000000000002 2248.3938298916673
decision_type=2 2 2 2 2 2 2 2 2 2 2 2 2 2
left_child=-1 3 8 4 -2 6 7 9 -3 10 11 12 -6 -10
right_child=1 2 -4 -5 5 -7 -8 -9 13 -11 -12 -13 -14 -15
leaf_value=-0.066778518424977618 -0.059246652302609552 0.018613860018746251 0.047596049085028166 -0.053585015731862397 -0.051832634401851478 -0.060135531703747983 0.041016817632277519 -0.051973431077049596 0.035743474150867913 0.050247957258099163 -0.041263772573382908 0.044464330136559128 0.055938756571172144 -0.048433026297599602
leaf_weight=0.24221624946221787 0.41608586150686999 2.0010926231043418 1.6475175111554561 0.70838116080267344 0.44894248712808005 0.34721127297962073 1.8406515419483183 0.74838355026440684 0.13249679736327369 0.49282649345695961 0.79649866360705335 0.91982078971341252 0.27595677971839905 0.68185037566581741
leaf_count=5 46 44 131 40 77 9 60 76 18 37 329 35 1 112
internal_value=0.00421156 0.00571229 0.0195779 -0.00313455 0.00255047 0.00693064 0.0111468 -0.00378366 0.00318241 0.00850805 8.17145e-05 0.0201043 -0.0108059 -0.0347372
internal_weight=11.6999 11.4577 4.46296 6.99476 6.28638 5.87029 5.52308 3.68243 2.81544 2.93405 2.44122 1.64472 0.724899 0.814347
internal_count=1020 1015 305 710 670 624 615 555 174 479 442 113 78 130
is_linear=0
shrinkage=0.05


Tree=118
num_leaves=15
num_cat=0
split_feature=10 2 8 1 12 4 2 2 1 22 9 11 0 20
split_gain=0.483303 0.559682 0.584696 1.32768 0.63477 0.67812 0.972538 0.583387 0.80295 0.758952 0.50207 0.492099 0.469422 0.452745
threshold=7.0833333333333348 -3.7156999999999996 0.68576764533518653 74.295000000000016 0.59029079303355025 13.605000000000002 -0.21639999999999998 2.5171000000000006 52.925000000000004 0.77051272218227718 0.0062167372596931515 0.71853030741197388 17.605000000000004 0.50244336255515309
decision_type=2 2 2 2 2 2 2 2 2 2 2 2 2 2
left_child=-1 10 3 4 5 -3 -7 13 -9 -10 -2 -4 -11 -8
right_child=1 2 11 -5 -6 6 7 8 9 12 -12 -13 -14 -15
leaf_value=-0.03902945877035028 -0.062665563055962395 -0.051720151857008873 -0.0017601980361642774 -0.10536854161164599 0.043283776358293308 0.045203972833420494 -0.05694207176774068 0.045059267950225385 0.037417918464337639 0.025549375890557863 0.018743030614973063 0.049704530437499783 -0.037534350915972098 0.0099580619951913744
leaf_weight=0.61344410735182542 0.52179198415251349 0.54668292205314895 0.68533127446426112 0.27014555677305896 1.0613359184935687 1.2722586393356294 0.77285007969476527 0.95617884828243438 0.65747411292977664 0.36746269627474237 0.29730432224459946 1.441410141327651 1.4932819574605671 0.37589757225941867
leaf_count=92 33 47 27 26 35 68 53 26 75 9 23 98 367 41
internal_value=0.0041332 0.00660329 0.00988952 0.0035339 0.00745472 0.00155187 0.0064918 -0.00416153 0.00605144 -0.00876001 -0.033117 0.0331203 -0.0250765 -0.0350508
internal_weight=11.3329 10.7194 9.90031 7.77357 7.50342 6.44209 5.8954 4.62315 3.4744 2.51822 0.819096 2.12674 1.86074 1.14875
internal_count=1020 928 872 747 721 686 639 571 477 451 56 125 376 94
is_linear=0
shrinkage=0.05


Tree=119
num_leaves=15
num_cat=0
split_feature=3 10 3 1 6 12 26 3 2 22 25 8 14 1
split_gain=0.473411 0.450806 0.594848 1.54821 0.816584 0.597009 0.542659 0.506348 0.431237 0.617432 0.656535 0.654362 1.02418 0.417836
threshold=7.0900000000000007 7.0833333333333348 4.6700000000000008 75.935000000000016 9.4096719842804983 0.46905592893643538 2.6169012331844201 6.2550000000000008 -3.4900999999999995 0.6985015287614682 1.0000000180025095e-35 0.26494094075449098 0.098821521126460657 52.830000000000005
decision_type=2 2 2 2 2 2 2 2 2 2 2 2 2 2
left_child=1 -1 3 4 8 6 7 -4 -3 11 -11 12 -10 -12
right_child=-2 2 5 -5 -6 -7 -8 -9 9 10 13 -13 -14 -15
leaf_value=-0.037453017536633888 -0.051409203418623317 -0.062359262328390314 0.032410737579598316 -0.078803863322536361 0.050936692020576317 0.051477627946381666 -0.05096499632276006 -0.022512867065170292 0.039694439660764025 -0.049155564066123321 0.042716541844903533 0.047551022277651817 -0.053422932758102407 -0.016497335224731822
leaf_weight=0.56531663204077531 0.37175788020249534 0.27291222818894034 1.6666556342388514 0.58153119683265675 0.88650183845311392 1.2986347903497515 0.32089269248535846 0.56084595434367646 0.60619253816548846 0.90969304559985187 0.48938802548218518 1.1297777178697286 0.57577129674609751 0.76147333963308483
leaf_count=79 49 22 153 26 35 80 41 14 50 259 13 34 14 151
internal_value=0.00405229 0.00599272 0.00843406 -0.00113285 0.00688747 0.0238853 0.00982462 0.0185819 -0.00134182 0.00238163 -0.0168354 0.0203419 -0.00566592 0.00666955
internal_weight=10.9973 10.6256 10.0603 6.21324 5.63171 3.84703 2.54839 2.2275 4.74521 4.4723 2.16055 2.31174 1.18196 1.25086
internal_count=1020 971 892 604 578 288 208 167 543 521 423 98 64 164
is_linear=0
shrinkage=0.05


Tree=120
num_leaves=15
num_cat=0
split_feature=22 22 34 0 1 34 10 26 4 10 22 34 0 1
split_gain=0.429181 0.451681 0.36973 0.568973 0.472745 0.494256 0.470466 0.491035 0.587336 0.571768 0.489153 0.610048 0.516663 0.660553
threshold=-0.88344702553846866 1.6865399289335883 1051.208519441667 17.605000000000004 27.120000000000001 1240.410875641667 7.0833333333333348 1.003217113644558 38.055000000000007 58.750000000000007 1.4084793909590378 3758.1568323000001 32.095000000000006 53.045000000000009
decision_type=2 2 2 2 2 2 2 2 2 2 2 2 2 2
left_child=-1 2 3 -2 -4 -6 -7 8 9 -8 11 -9 13 -12
right_child=1 -3 4 -5 5 6 7 10 -10 -11 12 -13 -14 -15
leaf_value=-0.051029761288042146 0.028332392003891923 -0.050166051930621548 -0.065272028796926909 -0.051979649514882535 0.053955188393513147 -0.052164047509670422 -0.027734904213018198 0.043832195073579605 -0.057184061613985537 0.033500555366185139 0.029420697938674946 -0.0044612681078060904 0.03684881993851636 -0.036211438379565218
leaf_weight=0.3431075775879443 0.35176700353622159 0.34814576103235673 0.19924060115590592 0.5911185885197483 0.66810532473027606 0.30061912501696308 0.70011667953804158 2.505242036771961 0.49152222275733937 0.83685252151917666 0.58766216412186656 0.88490282604470838 0.73375137709081162 1.10276776808314
leaf_count=49 5 231 4 118 9 38 184 182 10 85 5 25 27 48
internal_value=0.00398265 0.00581486 0.00777289 -0.0220172 0.0108901 0.0126122 0.00922038 0.0115733 -0.00960807 0.00560672 0.018963 0.0312265 0.00181278 -0.013395
internal_weight=10.6449 10.3018 9.95367 0.942886 9.01078 8.81154 8.14344 7.84282 2.02849 1.53697 5.81433 3.39014 2.42418 1.69043
internal_count=1020 971 740 123 617 613 604 566 279 269 287 207 80 53
is_linear=0
shrinkage=0.05


Tree=121
num_leaves=15
num_cat=0
split_feature=3 7 9 22 22 1 14 15 2 15 1 3 0 16
split_gain=0.435443 0.420653 0.38125 0.385152 0.414193 0.403927 0.419587 0.704917 0.731483 0.628779 0.476857 0.459163 0.429017 0.324232
threshold=7.0900000000000007 10.576042407350418 0.0031019985689803506 -0.88344702553846866 1.6667623205311721 27.120000000000001 0.39744240386545188 0.17360506033913189 -0.21639999999999998 0.830880474488357 64.735000000000014 4.7150000000000007 27.935000000000006 41.250000000000007
decision_type=2 2 2 2 2 2 2 2 2 2 2 2 2 2
left_child=1 2 -1 -4 5 -5 7 8 -7 11 12 -8 -10 -9
right_child=-2 -3 3 4 -6 6 9 13 10 -11 -12 -13 -14 -15
leaf_value=-0.043920958040042583 -0.051300744245174945 0.035197198760353342 -0.051033337178171906 -0.06532746861192941 -0.050160141211479672 0.050300239926025926 -0.022987684909730875 0.0064971173115088675 -0.048901464366808471 -0.039633624727766235 0.019147476440144952 0.041645418277831893 0.027442026988831386 0.041948544429155604
leaf_weight=0.42623967007966612 0.34543376317014995 1.0848060175776471 0.30076182016636899 0.17957620322704304 0.30952594595146354 0.49995747907086796 0.4565528351813557 0.87958691245876286 1.0326278581051198 0.9167533901054411 0.59151633229339484 0.69020435959100723 0.22392820852110151 2.4177749799564481
leaf_count=58 49 57 41 1 208 41 9 78 219 20 78 44 14 103
internal_value=0.00389249 0.00579719 0.00222371 0.00453801 0.00657676 0.00880299 0.0105298 0.0175823 -0.00335513 -0.00876443 -0.0178705 0.0159134 -0.0352965 0.0324917
internal_weight=10.3552 10.0098 8.92501 8.49877 8.198 7.88848 7.7089 5.64539 2.34803 2.06351 1.84807 1.14676 1.25656 3.29736
internal_count=1020 971 914 856 815 607 606 533 352 73 311 53 233 181
is_linear=0
shrinkage=0.05


Tree=122
num_leaves=15
num_cat=0
split_feature=3 22 22 34 0 1 11 34 34 2 4 10 13 36
split_gain=0.411968 0.388181 0.405106 0.381342 0.536032 0.419581 0.438683 0.652485 0.420667 0.453694 0.488229 0.541989 0.506702 0.394608
threshold=7.0900000000000007 -0.88344702553846866 1.6865399289335883 1051.208519441667 17.605000000000004 27.120000000000001 0.61191036369833229 1551.5975615500001 1791.8190602333336 10.042650000000002 28.365000000000006 16.250000000000004 0.27029175952250639 6.5000000000000009
decision_type=2 2 2 2 2 2 2 2 2 2 2 2 2 2
left_child=1 -1 3 4 -3 -5 -7 -8 -9 10 12 -12 -10 -13
right_child=-2 2 -4 5 -6 6 7 8 9 -11 11 13 -14 -15
leaf_value=-0.050967791472230572 -0.051238101214845358 0.027768660974039346 -0.050148521453602969 -0.064358169261696768 -0.051870842689647895 -0.029371293891169742 0.051691943712266167 -0.051985027930081043 -0.032932827294374419 -0.050836058031363318 -0.006858561262508972 -0.003666182401928347 0.018990254819510985 0.044704046831463021
leaf_weight=0.29365046636667003 0.32897835667245168 0.34021309390663823 0.29620319706737142 0.17332519590854545 0.5575519988196902 0.53779487963765671 1.170209966599941 0.2538885325193404 0.85228527826257039 0.26083952607586969 0.93271434609778259 0.50533750181784887 1.0471606161445377 2.5460169282741845
leaf_count=42 49 5 220 1 118 16 49 9 33 25 44 222 18 169
internal_value=0.00379511 0.00564873 0.00740367 0.0092612 -0.021691 0.0126174 0.0142633 0.0173638 0.0110853 0.0136915 0.0165522 0.0264974 -0.00430774 0.0366934
internal_weight=10.0962 9.76719 9.47354 9.17734 0.897765 8.27957 8.10625 7.56845 6.39824 6.14435 5.88351 3.98407 1.89945 3.05135
internal_count=1020 971 929 709 123 586 585 569 520 511 486 435 51 391
is_linear=0
shrinkage=0.05


Tree=123
num_leaves=15
num_cat=0
split_feature=3 34 4 10 34 0 1 1 18 22 0 1 0 24
split_gain=0.390006 0.37836 0.536328 0.400303 0.423696 0.517707 0.442434 0.537683 0.608329 0.906849 0.719671 0.433666 0.477413 0.415618
threshold=7.0900000000000007 4063.2926288916665 13.040000000000001 7.0833333333333348 1051.208519441667 17.605000000000004 27.120000000000001 51.625000000000007 0.28040700439259486 1.4084793909590378 30.330000000000002 75.935000000000016 27.725000000000005 3.0701944260720748
decision_type=2 2 2 2 2 2 2 2 2 2 2 2 2 2
left_child=1 2 -1 -4 5 -5 -6 13 -9 -10 11 12 -11 -8
right_child=-2 -3 3 4 6 -7 7 8 9 10 -12 -13 -14 -15
leaf_value=-0.035866516852603135 -0.051178438582136256 0.05371253631010775 -0.036704802587806194 0.026642147743486402 -0.06228527030850331 -0.051741595770702559 0.0018234562552371881 -0.041933942621942596 0.03674026055616085 -0.054041798800934404 0.024240153161475181 -0.095783204138049 0.022605360392161239 0.049002148898530634
leaf_weight=0.79182721028336978 0.31328950874740336 0.39054643362760622 0.48875441489508187 0.33695403672754753 0.18442332185804833 0.562008602602873 0.64895720547065172 0.57548848056467239 1.9844146473333242 0.46938340849010252 0.79913742578355584 0.25198923860443756 0.35820076562231407 1.663191177183762
leaf_count=88 49 4 78 5 2 134 12 242 145 85 76 7 14 79
internal_value=0.00371128 0.00552042 0.00345549 0.00719652 0.00993543 -0.0223614 0.0141218 0.0162092 0.00602468 0.0131691 -0.0117284 -0.0383535 -0.0208668 0.0357604
internal_weight=9.81857 9.50528 9.11473 8.3229 7.83415 0.898963 6.93519 6.75076 4.43861 3.86313 1.87871 1.07957 0.827584 2.31215
internal_count=1020 971 967 879 801 139 662 660 569 327 182 106 99 91
is_linear=0
shrinkage=0.05


Tree=124
num_leaves=15
num_cat=0
split_feature=3 7 34 16 1 34 4 16 26 22 14 1 35 34
split_gain=0.369241 0.375958 0.400997 0.492704 1.05029 0.768995 0.640571 0.536809 0.682856 0.464669 0.483137 0.404938 0.236247 0.224038
threshold=7.0900000000000007 12.138433002035152 4063.2926288916665 76.250000000000014 75.300000000000026 2778.3159205833335 14.120000000000003 68.750000000000014 1.1598847195637394 0.75928918810139778 0.18615329958255664 53.785000000000004 12.500000000000002 1380.4142786333334
decision_type=2 2 2 2 2 2 2 2 2 2 2 2 2 2
left_child=1 2 3 4 6 11 -1 8 9 10 -8 -5 -13 -10
right_child=-2 -3 -4 5 -6 -7 7 -9 13 -11 -12 12 -14 -15
leaf_value=-0.05084693632110774 -0.051121615920704883 0.044464697295367041 0.053525985783414859 0.0095970812603123762 -0.071754870054334341 0.046919289883210494 0.035264069251295674 -0.050879893742268201 0.0030385516367188482 -0.051294926111023945 -0.048219420635771525 0.03370790992883789 -0.052663325497832106 0.043094629404248075
leaf_weight=0.55841972949564844 0.29833308787783686 0.57728200033307153 0.37276132963597852 1.8160154619254179 0.60307625602581527 1.2095632459968326 0.56138782517518915 0.36234440945554514 0.46695679629920039 0.51297469774726778 0.25069594569504261 0.094720294175203779 0.48229826102033257 1.3828523608972316
leaf_count=106 49 31 4 35 46 128 63 79 38 210 4 17 109 101
internal_value=0.00362815 0.00539369 0.00279341 0.000515322 -0.0101508 0.0144267 -0.00107973 0.00677702 0.0133573 -0.0140406 0.00949213 -0.0019967 -0.0384851 0.0329831
internal_weight=9.54968 9.25135 8.67407 8.30131 4.69871 3.6026 4.09563 3.53721 3.17487 1.32506 0.812084 2.39303 0.577019 1.84981
internal_count=1020 971 940 936 647 289 601 495 416 277 67 161 126 139
is_linear=0
shrinkage=0.05


end of trees

feature_importances:
dev_z_ema200=159
macd=123
event_proximity_min=123
h1_adx=110
minus_di=97
atr_pct=92
atr_14=89
rsi_14=85
pullback_depth=83
adx_14=78
bbw_pct=69
spread_atr=52
plus_di=50
donchian_q=50
di_ratio=48
mm=46
body_ratio=44
close_mom_atr=44
hurst=40
sentiment_risk_score=38
body_wick_ratio=32
bbw=30
er=28
dev_z_ema60=26
ema20_dist_atr=22
spread_atr_log=15
macd_slope3=14
di_net=14
dev_z_ema20=12
h1_trend_strength=10
session_eu=10
session_asia=8
macro_risk_score=4
session_us=3
spread_num=1
extreme_reversal=1

parameters:
[boosting: gbdt]
[objective: binary]
[metric: auc,binary_logloss]
[tree_learner: serial]
[device_type: cpu]
[data_sample_strategy: bagging]
[data: ]
[valid: ]
[num_iterations: 300]
[learning_rate: 0.05]
[num_leaves: 15]
[num_threads: 24]
[seed: 42]
[deterministic: 0]
[force_col_wise: 0]
[force_row_wise: 0]
[histogram_pool_size: -1]
[max_depth: -1]
[min_data_in_leaf: 20]
[min_sum_hessian_in_leaf: 0.001]
[bagging_fraction: 0.8]
[pos_bagging_fraction: 1]
[neg_bagging_fraction: 1]
[bagging_freq: 0]
[bagging_seed: 400]
[bagging_by_query: 0]
[feature_fraction: 0.8]
[feature_fraction_bynode: 1]
[feature_fraction_seed: 30056]
[extra_trees: 0]
[extra_seed: 12879]
[early_stopping_round: 0]
[early_stopping_min_delta: 0]
[first_metric_only: 0]
[max_delta_step: 0]
[lambda_l1: 0]
[lambda_l2: 0]
[linear_lambda: 0]
[min_gain_to_split: 0]
[drop_rate: 0.1]
[max_drop: 50]
[skip_drop: 0.5]
[xgboost_dart_mode: 0]
[uniform_drop: 0]
[drop_seed: 17869]
[top_rate: 0.2]
[other_rate: 0.1]
[min_data_per_group: 100]
[max_cat_threshold: 32]
[cat_l2: 10]
[cat_smooth: 10]
[max_cat_to_onehot: 4]
[top_k: 20]
[monotone_constraints: ]
[monotone_constraints_method: basic]
[monotone_penalty: 0]
[feature_contri: ]
[forcedsplits_filename: ]
[refit_decay_rate: 0.9]
[cegb_tradeoff: 1]
[cegb_penalty_split: 0]
[cegb_penalty_feature_lazy: ]
[cegb_penalty_feature_coupled: ]
[path_smooth: 0]
[interaction_constraints: ]
[verbosity: -1]
[saved_feature_importance_type: 0]
[use_quantized_grad: 0]
[num_grad_quant_bins: 4]
[quant_train_renew_leaf: 0]
[stochastic_rounding: 1]
[linear_tree: 0]
[max_bin: 255]
[max_bin_by_feature: ]
[min_data_in_bin: 3]
[bin_construct_sample_cnt: 200000]
[data_random_seed: 175]
[is_enable_sparse: 1]
[enable_bundle: 1]
[use_missing: 1]
[zero_as_missing: 0]
[feature_pre_filter: 1]
[pre_partition: 0]
[two_round: 0]
[header: 0]
[label_column: ]
[weight_column: ]
[group_column: ]
[ignore_column: ]
[categorical_feature: ]
[forcedbins_filename: ]
[precise_float_parser: 0]
[parser_config_file: ]
[objective_seed: 16083]
[num_class: 1]
[is_unbalance: 0]
[scale_pos_weight: 2.90805]
[sigmoid: 1]
[boost_from_average: 1]
[reg_sqrt: 0]
[alpha: 0.9]
[fair_c: 1]
[poisson_max_delta_step: 0.7]
[tweedie_variance_power: 1.5]
[lambdarank_truncation_level: 30]
[lambdarank_norm: 1]
[label_gain: ]
[lambdarank_position_bias_regularization: 0]
[eval_at: ]
[multi_error_top_k: 1]
[auc_mu_weights: ]
[num_machines: 1]
[local_listen_port: 12400]
[time_out: 120]
[machine_list_filename: ]
[machines: ]
[gpu_platform_id: -1]
[gpu_device_id: -1]
[gpu_device_id_list: ]
[gpu_use_dp: 0]
[num_gpu: 1]

end of parameters

pandas_categorical:[]
