signal_id,symbol,signal_dir,adx_14,rsi_14,macd,atr_14,h1_adx,h1_trend_strength,plus_di,minus_di,er,bbw,bbw_pct,hurst,mm,ema20_dist_atr,body_ratio,pullback_depth,atr_pct,spread_num,spread_atr,donchian_q,dev_z_ema20,dev_z_ema60,dev_z_ema200,macd_slope3,body_wick_ratio,extreme_reversal,di_ratio,di_net,spread_atr_log,close_mom_atr,trend_aligned,session_asia,session_eu,session_us,event_proximity_min,macro_risk_score,sentiment_risk_score,ds_fake_prob,ds_sl_coeff,ds_continuity
1514082,XAUUSD,BUY,43.98960508481701,63.94339775693175,0.5781731949234521,80.53676971710698,44.68519765650814,0.44685197656508135,1.4730219517945229,3.7867943877443513,0.4774642726273273,0.004864050447088717,50.83333333333333,0.6990303048183303,0.03378168370850414,0.08337684884146317,0.03422889377569513,0.07462429920036416,47.5,20.0,0.24833377437724274,0.9184221569450249,0.7355831755751933,1.4049736610606052,0.6579389781917137,0.8696963125704535,21.014373716632946,1.0,0.3889890530029259,-0.43989596721483787,0.22180968160721318,0.06096594160961129,1.0,1,0,0,3261.489859733333,13.0,3.0,0.0,0.0,0.0
1514088,XAUUSD,BUY,35.66296367221189,65.12893666497177,0.5360369252672061,82.38200045159934,44.04075237191555,0.44040752371915554,1.6302291901941228,3.437549132351962,0.4629001883239126,0.00506937593257781,46.666666666666664,0.7183917733507371,0.018454990182912683,0.08516836122030787,0.009871204286924725,0.060328712252140614,45.83333333333333,20.0,0.24277147787580491,0.9495593789341147,1.27272705462348,1.7461360531092824,0.7545680357433019,0.16910546431935325,28.21508379888306,1.0,0.4742415753741239,-0.3566295663501445,0.21734394838267587,0.04564103784065397,1.0,1,0,0,3258.989873983333,13.0,3.0,0.0,0.0,0.0
1514116,XAUUSD,BUY,35.66296367221188,59.81808109093296,0.04884472312730903,85.13381671591983,42.88666923471148,0.42886669234711483,1.3602211640868025,2.868202281334798,0.1922178988326992,0.004791773404764386,50.83333333333333,0.7410906659749572,-0.023477304636923157,0.0513868541770737,0.022406722016611837,0.08104887418620046,43.333333333333336,20.0,0.23492427300349197,0.9215274863617257,0.44269323999775917,1.1837753490589114,0.6451468708088013,-0.2127868240657456,22.902050113893292,0.0,0.47424154798881124,-0.3566295523810974,0.21100965079387216,-0.03735295940754796,1.0,1,0,0,3246.48993725,13.0,3.0,0.0,0.0,0.0
1514144,XAUUSD,BUY,24.453379801796743,63.325797554571324,0.0950349229137526,88.96938605133955,39.46562786621821,0.3946562786621821,1.3339070920100613,2.197441070251699,0.11593609176566752,0.00501227529996614,44.166666666666664,0.7701461190700212,0.014727537945160468,0.06434019382166509,0.007046332046336649,0.04113774594204641,20.0,20.0,0.22479642591283086,0.9633235417540923,1.0663575222776,1.5145611472342109,0.7633242235424483,0.007674362276538108,259.8750000002359,0.0,0.6070271931479282,-0.24453372877140278,0.20277464725847613,0.026413580044761714,1.0,1,0,0,3232.2813398333333,13.0,3.0,0.0,0.0,0.0
1514146,XAUUSD,BUY,24.453379801796743,63.325797554571324,0.0950349229137526,88.96938605133955,39.46562786621821,0.3946562786621821,1.3339070920100613,2.197441070251699,0.11593609176566752,0.00501227529996614,44.166666666666664,0.7701461190700212,0.014727537945160468,0.06434019382166509,0.007046332046336649,0.04113774594204641,20.0,20.0,0.22479642591283086,0.9633235417540923,1.0663575222776,1.5145611472342109,0.7633242235424483,0.007674362276538108,259.8750000002359,0.0,0.6070271931479282,-0.24453372877140278,0.20277464725847613,0.026413580044761714,1.0,1,0,0,3231.7635823833334,13.0,3.0,0.0,0.0,0.0
1514190,XAUUSD,BUY,3.0251696765646456,72.81682695105272,0.9267571422027174,94.4756717256432,30.275934384843737,0.3027593438484374,1.6344943324536871,1.5385056977039706,0.5540037243947991,0.006147620643279178,36.666666666666664,0.7461156545383866,0.10842772317326632,0.11224771814657139,0.0051244509516874225,0.01820574512551988,10.0,20.0,0.2116947107619397,0.9928160919540187,1.6402700746173051,2.047143957353763,0.9926730514882689,1.4743882740564693,152.70422535210366,0.0,1.062390131218126,0.03025168723155035,0.19201996710752725,0.10425964505025914,1.0,1,0,0,3211.489827316667,13.0,3.0,0.0,0.0,0.0
1514201,XAUUSD,BUY,4.407312605804949,64.79041235611534,0.6358311162536436,95.67883803095438,28.428175686340968,0.2842817568634097,1.498659019208081,1.636850735901259,0.3052543786488938,0.00580765623307783,39.166666666666664,0.7427094524649739,0.06281829566327246,0.06680528497717073,0.031890046712174644,0.05497558402932918,7.5,20.0,0.20903263889481521,0.9864310508046753,1.58745953358263,1.9725390080460283,0.9993200198738482,1.175160291745401,194.14285714271725,0.0,0.9155740781756949,-0.04407311200192611,0.18982056787273294,0.07023496666866057,1.0,1,0,0,3206.489936533333,13.0,3.0,0.0,0.0,0.0
1514212,XAUUSD,BUY,4.40731260580495,63.32521204095685,0.33189881925913056,96.57892102874334,26.712399752016967,0.2671239975201697,1.3786425920272802,1.5057675644571362,0.5426318383439992,0.00511678635567599,40.833333333333336,0.7395003289844928,-0.013248739105508328,0.05341557410542885,0.006372367934988095,0.06160764622985391,0.8333333333333334,20.0,0.2070845251423724,0.9585042600189386,1.012605003032815,1.5577973445378608,0.8891975392245974,0.5437154286152376,30.357746478879584,1.0,0.9155740294819558,-0.04407311077828401,0.1882079687789405,0.05508448368786805,1.0,1,0,0,3201.4903157500003,13.0,3.0,0.0,0.0,0.0
1514233,XAUUSD,BUY,10.365322491792663,62.12885494942329,-0.19060932596313762,98.91029415233481,24.902615218594452,0.2490261521859445,1.3296928308275402,1.6372232507432063,0.295615275813303,0.004626488808203729,52.5,0.7270734206641364,-0.02949336051089924,0.05110619250331925,0.029742348262152114,0.053583906967626424,0.8333333333333334,20.0,0.20220342251937276,0.9307352477122137,0.4022876739074776,1.116964871285316,0.7718827426325511,-1.0907675401823318,38.286219081273195,1.0,0.8121629216180591,-0.10365318998158628,0.18415605849906921,-0.02264678332216754,1.0,1,0,0,3191.490092833333,13.0,3.0,0.0,0.0,0.0
1514244,XAUUSD,BUY,4.867619221399066,66.23446184898233,-0.04715748813251874,100.36598742716804,23.47154407593764,0.2347154407593764,1.3591428632761835,1.4982288374053765,0.4227309893703903,0.004724130182347247,50.0,0.7273704095282314,0.0007970972401855921,0.07856182698908476,0.0308491910470307,0.01634019693364255,0.8333333333333334,20.0,0.19927069431278477,0.958188703060908,1.0047506595733104,1.3653802774495047,0.8588933049469833,-1.2554852437532456,32.62209302325079,1.0,0.9071657961571085,-0.04867617517869379,0.18171361729683494,0.007373015689579923,1.0,1,0,0,3186.4899528333335,13.0,3.0,0.0,0.0,0.0
1514255,XAUUSD,BUY,6.17625697484246,60.25670438630895,-0.1974485369816925,101.74555975379891,22.236166425859412,0.22236166425859413,1.2449488888515083,1.4088546127156643,0.24274013402826378,0.004694232316259894,50.0,0.7320551818299801,0.005013048814923614,0.04246062043045275,0.026069518716576565,0.04668508396330924,0.8333333333333334,20.0,0.1965687745823547,0.9870621647207366,1.5346088437118224,1.5967193439855398,0.9491030356765393,-0.7980756570166215,31.415760869562643,0.0,0.8836596721588704,-0.06176254647520695,0.1794581065157734,-0.029780169349233172,1.0,1,0,0,3181.4897033666666,13.0,3.0,0.0,0.0,0.0
1514266,XAUUSD,BUY,6.176256974842463,57.149022018848974,-0.4360932067463956,102.67444834281328,21.08903003650106,0.2108903003650106,1.1455654998268037,1.296386745714362,0.08272727272725265,0.004686053373506794,50.83333333333333,0.7338619380587388,-0.005258640847869866,0.022736408532415812,0.015076252723315668,0.06320949471606341,0.8333333333333334,20.0,0.19479043055798317,0.9625276112338275,0.8460810598617965,1.2591183621428654,0.85190373118993,-0.37904738183883824,37.35897435897579,0.0,0.8836596177446515,-0.06176254445614278,0.17797079808601537,-0.01197961147932057,1.0,1,0,0,3176.4902905333333,13.0,3.0,0.0,0.0,0.0
1514277,XAUUSD,BUY,18.8058612179232,63.469148447918165,-0.25967764891086365,104.2555591754695,20.925946549459784,0.20925946549459784,1.0476070167327054,1.5328920992058441,0.0771018984889454,0.0048498062203625935,45.0,0.735154768571527,0.07394869683190583,0.06729549371121997,0.04294527682076481,0.013236704219076426,0.8333333333333334,20.0,0.19183629303007796,0.9488008835594839,0.45796006422808694,1.063224612576921,0.7939344982434482,-0.7766691942341953,65.329479768768,1.0,0.6834181830914667,-0.18805853930242372,0.1754952211494077,0.04680805549934007,1.0,1,0,0,3171.4902782,13.0,3.0,0.0,0.0,0.0
1514288,XAUUSD,BUY,29.050454204984607,64.14169166344999,-0.13681495168204716,106.06801923436448,21.506268524854413,0.21506268524854413,0.9561553920654668,1.7391554273383756,0.07566938300351404,0.004649891128460361,51.66666666666667,0.7406230671585461,0.04593293822109781,0.06530519991309254,0.005014271387800275,0.006976655219371086,0.8333333333333334,20.0,0.18855824917224714,0.9891398441803722,1.3297020182029222,1.4486978779843311,0.9318954087017821,-0.8135168164429736,22.285447761195528,0.0,0.5497811335629986,-0.29050443426842354,0.17274101727951546,0.0787230690294166,1.0,1,0,0,3166.490176866667,13.0,3.0,0.0,0.0,0.0
1514298,XAUUSD,BUY,22.02421195411349,60.049136368086785,-0.234889151891565,107.82601786048133,21.543264484087207,0.21543264484087207,1.0151456691352636,1.5886001719144724,0.03332112779204284,0.0045214695335720895,54.166666666666664,0.7497889329885911,-0.009179114033454243,0.039662249467658,0.016452402816043318,0.044979867533232055,0.8333333333333334,20.0,0.18548398982774714,0.9943015555213324,1.3689847982684482,1.4284681570994715,0.9370347631146163,-0.2792424824737234,198.43076923060056,0.0,0.6390185825633505,-0.22024203495452455,0.17015112143655595,0.024762112641996483,1.0,1,0,0,3161.4898566666666,13.0,3.0,0.0,0.0,0.0
1514309,XAUUSD,BUY,22.216020150502988,57.07228024803551,-0.43194238580924793,109.20487372758974,21.591318460259764,0.21591318460259765,0.9307332481036501,1.4623899885949891,0.0377358490566031,0.0043555134347317715,55.833333333333336,0.7560280863565371,0.004121097661463172,0.02159585542979915,0.013293479115862586,0.059704295032322365,0.8333333333333334,20.0,0.18314200930161562,0.963193443120586,0.8691118337418354,1.2019297319890443,0.8655366004162438,0.08234173401605578,59.78139534882192,0.0,0.6364462413693236,-0.2221601086723227,0.168173619466901,-0.024357887237113546,1.0,1,0,0,3156.490102033333,13.0,3.0,0.0,0.0,0.0
1514320,XAUUSD,BUY,25.735331466997167,56.81798796722762,-0.58207839466455,110.44881131847619,21.887319389312434,0.21887319389312435,0.8545185988091273,1.446760369208844,0.0606669345118579,0.003694871427869652,70.0,0.7669507436994112,0.018567240533313042,0.018172210765544705,0.0006318117201068339,0.06029942668007465,0.8333333333333334,20.0,0.18107935939962755,0.950519845184795,0.497492041722041,1.0390280263440288,0.809772901253967,-0.6902281044745782,74.22485207102325,1.0,0.5906423941056829,-0.2573532028394607,0.16642873173969505,0.0028067300706978503,1.0,1,0,0,3151.4900377666663,13.0,3.0,0.0,0.0,0.0
1514342,XAUUSD,BUY,25.545356231837115,51.28895089069533,-0.9329623961181555,111.79856690215549,22.391232627823488,0.22391232627823487,0.7308751288253418,1.2324010130930674,0.09460083064144388,0.0028808116997219957,96.66666666666667,0.7618518807004304,-0.06172023101671052,0.00892330555264677,0.02611843806568175,0.0856003816969786,0.8333333333333334,20.0,0.17889316969066085,0.9503701465478192,0.5518811510995271,0.9947997178867303,0.7889876376157461,-1.446841853260301,12479.999999727515,1.0,0.5930492818581174,-0.25545343220247624,0.16457600650041673,-0.05617245528286523,0.0,0,1,0,3141.4901720666667,13.0,3.0,0.0,0.0,0.0
1514353,XAUUSD,BUY,25.545356231837115,54.22918344899004,-0.9637392113812315,111.95295498057295,22.61652717096732,0.2261652717096732,0.6777338468496167,1.1427942291692454,0.19737506309942432,0.0024483260659576636,98.33333333333333,0.7554951387848544,-0.026059004009079016,0.006484593427212889,0.015970515970521394,0.06940415285463296,0.8333333333333334,20.0,0.1786464680943042,0.9277081130080095,-0.31807244053334044,0.7364627703254031,0.6998602342081642,-1.522979371839616,37.287128712874576,1.0,0.5930492441259971,-0.25545342200006166,0.16436671916263187,-0.0457334958321409,1.0,0,1,0,3136.4896176666666,13.0,3.0,0.0,0.0,0.0
1514405,XAUUSD,SELL,17.609155996105418,50.09611566913443,0.46804943216939643,82.60046388211337,30.973153261084825,0.30973153261084824,0.8248600104698955,0.5778539253349162,0.05672969966627383,0.0035554464213717264,59.166666666666664,0.7295985329706434,0.09251276924376357,0.01599418261676558,0.02007711740459125,0.05956383013807104,77.5,20.0,0.24212939080516324,0.8160598277685425,-0.01015544981302615,-0.49019339929628963,0.1746810526202565,1.2914548956745155,23.221864951771014,0.0,1.4274517258666937,0.17609143442481343,0.21682715747723194,0.06234831813232513,1.0,0,1,0,2934.5566249833337,13.0,8.0,0.0,0.0,0.0
1514407,XAUUSD,SELL,4.256921372059799,46.01298730647101,0.585756234839359,82.31614503339098,29.064850983297323,0.29064850983297325,0.7685869896350253,0.8369327004551,0.04752275025276534,0.003510427393368968,61.66666666666667,0.7341250327623935,0.09150092970189919,0.006142744987013598,0.02289493767488266,0.08260833882880325,78.33333333333333,20.0,0.24296570243768262,0.8273908445384474,0.34264035578952046,-0.28924371662226483,0.22077312076225872,2.15779053745286,48.80794701989037,0.0,0.9183367681539053,-0.0425691872063251,0.21750021957965612,0.07009560515327674,0.0,0,1,0,2928.9901192999996,13.0,8.0,0.0,0.0,0.0
1514409,XAUUSD,SELL,4.256921372059814,37.95087253840794,0.3649346063387675,81.83999181672017,27.292856011066075,0.27292856011066075,0.7178402262816712,0.7816733397510546,0.1373626373626479,0.0035988337021801327,55.00000000000001,0.7385377332114386,-0.005742227560704381,0.05589146317012771,0.06001321877065414,0.13868525335898937,78.33333333333333,20.0,0.24437930107312078,0.8131893035201727,-0.13282852435281292,-0.5062359519557886,0.1619122751478363,2.2361517536237443,42.67777777779537,0.0,0.9183366905843255,-0.042569185331935114,0.21863685224270252,0.03653470551042889,0.0,0,1,0,2924.990623216667,13.0,8.0,0.0,0.0,0.0
1514411,XAUUSD,SELL,4.256921372059815,43.482312695733775,0.3836540474158623,81.13213525838297,25.647432108279915,0.25647432108279916,0.6723815369191185,0.732172288913052,0.01947209000432107,0.0035438699558818444,60.0,0.7434167419707162,0.0029582925019852376,0.024691631712537663,0.032809676073956524,0.11080689508995624,79.16666666666666,20.0,0.24651144625129906,0.77881855265146,-1.172171366242384,-1.0292735234758943,0.018713578882334155,1.174350823162939,15.66299559471371,0.0,0.9183366111556769,-0.04256918341262232,0.22034880665194928,0.023295331670751797,0.0,0,1,0,2919.8906816666663,13.0,8.0,0.0,0.0,0.0
1514413,XAUUSD,SELL,3.6969301219283435,43.30614561741288,0.3936660080188199,80.42912559706991,24.079539109254807,0.24079539109254808,0.6369163463193925,0.6858168689888752,0.04340124003545591,0.0034324668446497697,67.5,0.7456897957649836,-0.033164328599926525,0.023660234414613217,0.0014027212792741529,0.11301875946703555,80.0,20.0,0.24866613744124322,0.7966460190361078,-0.5213566148696703,-0.715007980508063,0.09405868495802809,0.46184910318133776,29.478813559326,0.0,0.9286960505395115,-0.03696927327013024,0.22207589152127058,0.0017406629620927735,0.0,0,1,0,2914.523790383333,13.0,8.0,0.0,0.0,0.0
1514415,XAUUSD,SELL,12.721271004091342,41.10043598147072,0.3246842404571746,79.7977594829935,23.268234244600272,0.23268234244600272,0.5961017012462679,0.7698707598655598,0.10558423275458685,0.0031760217577999615,80.0,0.7433234328420635,-0.06748413397224898,0.03552222144252068,0.017181170554553295,0.1292016225367539,80.0,20.0,0.250633603369057,0.7958906179181182,-0.5113614120995567,-0.7081584734729168,0.09105097186673218,0.17005471446429646,711.9000000038899,0.0,0.7742870076834137,-0.12721261691120508,0.2236503055878166,-0.048873552656961555,0.0,0,1,0,2908.9902426333333,13.0,8.0,0.0,0.0,0.0
1514417,XAUUSD,SELL,3.488600642060995,44.398194964797156,0.3724400709989153,79.49291951992252,21.855403272990323,0.21855403272990323,0.7695011864459039,0.7176214177284435,0.25634882606612114,0.0027436029864034307,93.33333333333333,0.7431061668194443,-0.027528755838457753,0.017124783624998103,0.017741294849730572,0.11296603589644112,80.0,20.0,0.2515947347359358,0.7865991841667928,-0.8232963297487661,-0.8291060867391751,0.05099263707573496,0.4240368252022257,57.203252032498064,0.0,1.0722925697913355,0.03488598296189656,0.2244185259772279,-0.05119952851875927,0.0,0,1,0,2904.9906508,13.0,8.0,0.0,0.0,0.0
1514419,XAUUSD,SELL,3.488600642061001,38.49884364885882,0.1894312640601319,78.76842526849951,20.543488799352513,0.20543488799352513,0.7211089648363317,0.6724917996197498,0.07166907166906443,0.002507082528482868,95.83333333333334,0.7425111057426492,-0.012945579442338389,0.054460232532676955,0.04873828406633153,0.13355605325535835,80.0,20.0,0.2539088464930662,0.7966460190361078,-0.457745069163493,-0.6413273667566548,0.09504977201416089,0.46957700903528443,55.365671641784736,0.0,1.072292469516508,0.034885981387629064,0.22626574937175167,-0.07071361374832678,0.0,0,1,0,2899.8907025500002,13.0,8.0,0.0,0.0,0.0
1514421,XAUUSD,SELL,3.4886006420610047,34.08342771931842,-0.10863282267788543,77.74710917789243,19.32528250240312,0.19325282502403118,0.6783973216873467,0.6326597753812261,0.27927927927929624,0.0026678023140655734,94.16666666666667,0.733716040605591,-0.08252152294305848,0.08553077979506853,0.04746393671474296,0.15318897546079424,80.83333333333333,20.0,0.25724429128597165,0.7711134612479215,-1.578723099285079,-1.0100048734088256,-0.017822153324353218,0.03181767370413586,19.517751479289387,0.0,1.0722923691271373,0.03488597981156313,0.2289222554240918,-0.052477835422337284,0.0,0,1,0,2894.5567206,13.0,8.0,0.0,0.0,0.0
1514423,XAUUSD,SELL,12.100012138748436,32.32217553486508,-0.3538105165429175,76.87088709375722,18.80919176214207,0.18809191762142072,0.6371208214751816,0.812528574337852,0.49951783992286575,0.0029794369177073275,80.83333333333333,0.7211077124983108,-0.09952979212039521,0.09415642524735757,0.020616982284672767,0.1724970336796995,80.83333333333333,20.0,0.2601765213871745,0.7479981870373195,-2.300122022745435,-1.316931811970186,-0.12095835412354425,-0.6011035904951129,20.068627450983982,0.0,0.7841201620191919,-0.121000037919,0.23125180748983837,-0.10133875508030399,0.0,0,1,0,2889.9739216333332,13.0,8.0,0.0,0.0,0.0
1514425,XAUUSD,SELL,17.456064345399504,33.25760256430743,-0.44432916649847964,75.89653801563173,18.712539803803317,0.18712539803803316,0.5992072254562179,0.8526431635622072,0.5883554647599645,0.0031368951595799684,78.33333333333333,0.7095925066927261,-0.08034863755321203,0.08222965618040654,0.005377194369763451,0.1702317436052097,81.66666666666667,20.0,0.2635166309678154,0.7378002719444025,-2.2419628025994136,-1.4213570480174387,-0.16706683623663682,-1.5125560647694252,47.50370370369031,0.0,0.7027635337968287,-0.1745605232208605,0.23389881037746355,-0.09684236188067695,0.0,0,1,0,2884.723615666667,13.0,8.0,0.0,0.0,0.0
1514427,XAUUSD,SELL,4.967375661431845,33.43245957621521,-0.4500216165892903,75.14035672880094,17.730742365062497,0.17730742365062496,0.8833096221636617,0.7997078232047778,0.5394144144144826,0.003200553928613351,73.33333333333333,0.6987611082848344,-0.0978673594712554,0.07442451599118845,0.0007655795437034466,0.1549100976724372,82.5,20.0,0.26616855270177464,0.740368635745582,-1.836342935309558,-1.320167874956665,-0.15628398606904326,-1.6397827423566689,184.97058823521593,0.0,1.1045390478797763,0.04967372709963503,0.2359954528549908,-0.08064907146864304,0.0,0,1,0,2878.990187316667,13.0,8.0,0.0,0.0,0.0
1514429,XAUUSD,SELL,10.570288080462182,42.561669456521756,-0.18934790615201713,74.02247410531515,17.219281344733904,0.17219281344733905,0.9319935920247978,0.7538003191687491,0.09945750452083313,0.003174602219639293,75.83333333333333,0.6898793227298617,-0.008509485492772466,0.027040313445355235,0.056984367120514884,0.11145263786052798,82.5,20.0,0.27018821299521933,0.7408218764163743,-1.6129473443802076,-1.2537515233995515,-0.15554338777476387,-1.2383555359674372,1305.2000000190158,0.0,1.2363915640961591,0.10570281810252198,0.23916508869891612,-0.05417273670554443,0.0,0,1,0,2874.9908336666663,13.0,8.0,0.0,0.0,0.0
1514431,XAUUSD,SELL,3.420477676773098,39.06259180503109,-0.12148434566128818,73.15729738350691,16.233652511308133,0.16233652511308133,0.8756573282031584,0.9376822020392005,0.37223587223586757,0.0032464711888466375,70.0,0.6765580358551233,0.0051946962788842815,0.050107442903725805,0.03311258278144528,0.14079251651416766,83.33333333333334,20.0,0.2733835272119954,0.7663544342045606,-0.5820568083326149,-0.8464048908386853,-0.03546064536371219,-0.20160684991103298,16.54867256637463,0.0,0.9338519942543996,-0.03420475790487748,0.24167755244989103,-0.03663339264639893,0.0,0,1,0,2869.9906698333334,13.0,8.0,0.0,0.0,0.0
1514433,XAUUSD,SELL,0.5027182200396879,45.78282756373917,0.13623182159692426,72.33749042754216,15.110014347646102,0.15110014347646103,0.8894710069883076,0.8805726748968098,0.16220472440946265,0.0032349029957332125,70.0,0.6652287938676331,0.06357256265080058,0.009952539884469633,0.04636835278859547,0.10271299095510844,83.33333333333334,20.0,0.27648180607030143,0.7508687112856962,-1.0424514243163185,-1.0728419553240274,-0.11110024312986591,0.2510569941492667,29.200000000010647,0.0,1.0101040178069602,0.005027179360252643,0.24410770461725603,0.044928293486423986,0.0,0,1,0,2864.85716865,13.0,8.0,0.0,0.0,0.0
1514435,XAUUSD,SELL,0.5027182200396888,45.44433001566172,0.3044796428548029,71.41481253986059,14.066636052817074,0.14066636052817075,0.8366084571338963,0.8282389658029317,0.11333333333333703,0.0032322912194054265,70.0,0.6712885041708292,0.05712261410573558,0.011401458475461392,0.0030292830696784048,0.10656052616188143,83.33333333333334,20.0,0.2800539452349173,0.7943917974211636,-0.20547271729789943,-0.7174080539507849,-0.004759997723708605,1.0322431220514356,20.56643356642928,0.0,1.0101039453256182,0.005027179180793343,0.24690222175824136,0.06189192189691773,0.0,0,1,0,2859.523694616667,13.0,8.0,0.0,0.0,0.0
1514437,XAUUSD,SELL,14.593219406713864,47.286435803853024,0.4690397725301878,70.66732592987054,14.104249149523989,0.1410424914952399,1.0428148028058524,0.777214005538728,0.1477663230240582,0.003175631181943038,75.0,0.6841061330457919,0.06803578441819812,0.00031025813951472074,0.012961443806398128,0.09650853361520711,85.0,20.0,0.28301622761059014,0.8041115311909272,-0.2325708270670226,-0.7276264042814008,-0.011932070216775635,1.119407694904077,329.1111111105778,0.0,1.3417327192274464,0.14593211388592767,0.24921373373012148,0.06891445142317715,0.0,0,1,0,2853.99035405,13.0,8.0,0.0,0.0,0.0
1514439,XAUUSD,SELL,14.593219406713873,40.9854507657445,0.3580260265592017,69.63751693487978,14.139175596466123,0.14139175596466122,0.9826477967357087,0.7323712974536227,0.1458094144661358,0.003252658590024542,65.0,0.7020306656560747,-0.027408782038927843,0.04367964141815074,0.05902222222223322,0.14589836696074024,85.0,20.0,0.28720150976524084,0.8075139888089525,-0.00637404184625205,-0.6211956982267335,0.019787571013253697,1.7311099700386412,76.15189873418053,0.0,1.3417326135249328,0.14593210897647735,0.25247048960184393,0.02110931096774886,0.0,0,1,0,2849.9572131166665,13.0,8.0,0.0,0.0,0.0
1514441,XAUUSD,SELL,14.593219406713873,51.762466588366955,0.6242942733583052,68.4684085823884,14.171607297198104,0.14171607297198105,0.9280390371049035,0.6916711724688592,0.292433537832285,0.0032382713587680886,67.5,0.7027942030857312,0.07793004259135644,0.028519865855053277,0.09780364182466668,0.07244216862484311,85.0,20.0,0.2921055186485588,0.7663599182004077,-0.8633903402180149,-1.0314081733223104,-0.11951990784595347,1.2086609492013192,15.942771084334193,0.0,1.341732505722118,0.14593210396947615,0.25627307280615175,0.04805135781768739,1.0,0,1,0,2844.9740939999997,13.0,8.0,0.0,0.0,0.0
1514443,XAUUSD,SELL,30.344092996798256,56.3963965668095,0.959130233118358,67.58852225507499,15.326784847169545,0.15326784847169544,1.217490769576088,0.6506272886868117,0.4700285442435933,0.0032048327108769588,70.83333333333334,0.7033364070594421,0.07805588326002057,0.06375518020084502,0.05022261798752772,0.03181013474278468,85.83333333333333,20.0,0.2959082301654889,0.8106680299931807,0.5567371523255209,-0.349676612226671,0.10258679808256024,1.6929596850044113,9.22456813819579,0.0,1.8712539721157784,0.30344076753672394,0.2592117853654393,0.12058260379243135,1.0,0,1,0,2839.706898433333,13.0,8.0,0.0,0.0,0.0
1514458,XAUUSD,SELL,9.79672669978496,40.487788535953364,-1.1694316492227972,55.460002422217386,15.233033203751518,0.15233033203751517,1.1798205361705443,0.9692791166752176,0.35030241935481093,0.004767461336169343,15.833333333333332,0.586705187575554,-0.26035185181350023,0.12140468850239328,0.16646229307174462,0.2993148084203736,91.66666666666666,20.0,0.36062025110889573,0.6874878570040781,-2.619391773276486,-2.6352257365629073,-0.8375036528887846,-2.013540630528281,4.875464684014859,0.0,1.2172131831379285,0.09796722141261056,0.30794066277285465,-0.24738549226069068,0.0,0,1,0,2788.98990485,13.0,8.0,0.0,0.0,0.0
1514460,XAUUSD,SELL,5.299530752568643,42.09147778155492,-1.0256662556674054,54.06714510634472,14.523497314381313,0.14523497314381312,1.1237707241435013,1.2495453387523165,0.2758709677419357,0.004900346710967597,10.833333333333334,0.622822163175906,-0.1171034398072486,0.0935952454435159,0.031979977753048804,0.28594074959185933,92.5,20.0,0.36991041344354286,0.7408198950845203,-1.3044949131081447,-1.7397276025780286,-0.5322831977956474,-1.8656860532386645,5.007366482504262,0.0,0.8993429769604196,-0.05299528519604984,0.31474534605485754,-0.2532036780021145,0.0,0,1,0,2784.9908991499997,13.0,8.0,0.0,0.0,0.0
1514462,XAUUSD,SELL,18.00052851551411,49.39555983685536,-0.5040191061211108,53.118777598748665,14.7718566858908,0.147718566858908,1.6995173426751036,1.1810076245527503,0.01549225387306022,0.004866129809507228,11.666666666666666,0.6264042125333378,0.0478089554127847,0.010382727259507616,0.13924981613141202,0.1843039400106713,93.33333333333333,20.0,0.3765146884794116,0.7518943073635121,-0.9538735138131673,-1.5211087490531197,-0.47977506883449106,-1.3225566358797518,30.26956521740123,0.0,1.439038892132319,0.18000522266471844,0.3195547164331022,-0.013178014096775981,1.0,0,1,0,2779.8573677333334,13.0,8.0,0.0,0.0,0.0
1514464,XAUUSD,SELL,35.07199031538187,53.881241287739655,0.1255337244827921,52.69886491312374,16.22186623085445,0.16221866230854448,2.2995774354057787,1.1053882129665547,0.024451726745633954,0.004923205182219559,10.833333333333334,0.6272137137930814,0.20571427137018833,0.07917296923767266,0.08573243014395006,0.10873099467029708,93.33333333333333,20.0,0.3795148156031601,0.8091759205143174,0.10468735235447642,-0.6663805516026262,-0.11380579752665163,-0.015524726370884843,6.18133802816864,0.0,2.0803327990096427,0.3507198001513698,0.32173185445309577,0.12523988914904974,1.0,0,1,0,2774.4904001,13.0,8.0,0.0,0.0,0.0
1514466,XAUUSD,SELL,44.2904726976519,58.08007390007802,0.8021949618384379,52.674660276472096,18.226766692768553,0.18226766692768553,2.659731803055088,1.0269035697852575,0.03353151010701113,0.005158783448836529,5.0,0.6243807627040083,0.3742265856724224,0.1448371368889676,0.08155080213902749,0.03303296102657329,93.33333333333333,20.0,0.3796892072018411,0.8555577376276511,0.7827683405832272,-0.03231055010141705,0.17056044219030472,0.9902467626127671,10.66419753086362,0.0,2.5900476843834492,0.4429046068386257,0.3218582616324648,0.28913333128419366,1.0,0,1,0,2769.9906647000003,13.0,8.0,0.0,0.0,0.0
1514468,XAUUSD,BUY,57.6453261838535,63.95385920780638,1.6510485830940067,53.445755971009824,21.042378084988908,0.21042378084988908,3.497947259703316,0.9397957985638767,0.15368596418158897,0.005951483047199699,3.3333333333333335,0.6055707981870447,0.3949879819943012,0.2490069805243499,0.1117063179454879,0.04902166603127548,90.83333333333333,20.0,0.37421119107845435,0.8973880597014855,1.3658101662557898,0.6562887016056852,0.4989754224407847,2.119118320253657,11.262295081968707,0.0,3.722025085687249,0.5764531319407188,0.3178798872859826,0.5182824996436729,1.0,0,1,0,2764.9908199333336,13.0,8.0,0.0,0.0,0.0
1514470,XAUUSD,BUY,62.205232198311876,65.44168772987081,2.23665029255495,54.482487687366266,23.982581950226262,0.23982581950226262,3.6739926931343105,0.85606178580197,0.3913857677902658,0.006775606081848657,0.8333333333333334,0.5900291176072691,0.40203070203926383,0.254550085610952,0.029723366686279076,0.07929153354356573,88.33333333333333,20.0,0.3670904330720883,0.9740825007419143,2.064844638289565,1.7939209767902005,1.1114768088794742,2.9019818794404735,7.95204513399139,0.0,4.291732749125953,0.6220521846664071,0.3126847099590379,0.44473005966682694,1.0,0,1,0,2759.773997433333,13.0,8.0,0.0,0.0,0.0
1514472,XAUUSD,BUY,62.20523219831188,64.11546020624618,2.4325545311241585,55.12945285255439,26.71277125366095,0.2671277125366095,3.3715286307675654,0.7855858902307948,0.47055912914399806,0.007362490518962322,0.8333333333333334,0.600905286022898,0.2913771072959902,0.21217758383916763,0.015108593012276314,0.09541179401992904,88.33333333333333,20.0,0.3627824867678387,0.9587825589161365,1.8896906627182264,2.026706783723098,1.3690589219009972,2.908848305753251,32.64356435644354,0.0,4.291732299373091,0.6220521723475557,0.30952855580328553,0.40178160409539126,1.0,0,1,0,2754.5736438333333,13.0,8.0,0.0,0.0,0.0
1514474,XAUUSD,BUY,63.51553810780588,66.41572765807499,2.6166407491511254,55.879491934514796,29.341540314671303,0.29341540314671305,3.225457377278091,0.7196813105835425,0.6753846153846191,0.008017543110883813,0.8333333333333334,0.6417747126616941,0.26922827301925933,0.23715783678794553,0.04540606429987,0.04133895853431489,87.5,20.0,0.35791306090323816,0.9498139490506694,1.466549280265713,1.7750373625450926,1.3910081893908994,2.3799918465199714,65.18749999999746,0.0,4.481779432181378,0.635155220081128,0.3059490071337068,0.34771253866750107,1.0,0,1,0,2749.9907587833336,13.0,8.0,0.0,0.0,0.0
1514476,XAUUSD,BUY,55.27983697133462,63.41796469199931,2.4605319143834397,56.734528224906626,31.194275790147255,0.3119427579014726,2.9499294178809907,0.8495715030602922,0.8338478809991565,0.008465362861544434,0.8333333333333334,0.6688988006693257,0.15919006139890665,0.17912408462390764,0.029624170965367833,0.07632036672332888,87.5,20.0,0.35251901488836107,0.9779601183093264,1.5254040294921516,2.1206369887292285,1.6562823519577476,1.741633815697978,21.02348993288245,0.0,3.472251523271865,0.5527982242210208,0.3019687907068519,0.23530644243797139,1.0,0,1,0,2744.990646133333,13.0,8.0,0.0,0.0,0.0
1514478,XAUUSD,BUY,55.279836971334625,57.28385016891769,1.9386939212509118,57.19920478027043,32.91467301737492,0.32914673017374924,2.7169672176153514,0.7824790345299496,0.5715524718126616,0.00861856758323697,0.8333333333333334,0.6855895486148256,-0.042608170823333215,0.09035913854896653,0.07036685641998472,0.1534986375025306,86.66666666666667,20.0,0.3496552107119249,0.9576486697965577,1.1077106777694035,1.7072201817771813,1.44258614546396,1.1387945988595236,32.756218905469154,1.0,3.4722511728334187,0.5527982117460074,0.2998491603576904,0.0811200088851723,1.0,0,1,0,2739.807306466667,13.0,8.0,0.0,0.0,0.0
1514480,XAUUSD,BUY,55.279836971334625,59.5200773863263,1.645159201896623,57.33354729596539,34.51218472837204,0.3451218472837204,2.516986539651203,0.7248851530861488,0.5861491203574443,0.008867433112472673,0.8333333333333334,0.7020227124350158,-0.03659373053653488,0.11880432949299376,0.040115098171968414,0.11197632630088203,85.83333333333333,20.0,0.3488359074793793,0.9141236306729288,0.5533094241707738,0.9829935626993308,1.0017777916192636,0.6177945304309077,13.211235955056711,1.0,3.472250820263734,0.5527981991951236,0.2992419297077931,-0.0013953436299321113,1.0,0,1,0,2734.5403584666665,13.0,8.0,0.0,0.0,0.0
1514482,XAUUSD,BUY,61.26008871225763,61.427490434101394,1.4878513534982782,57.54543677482502,36.422749298649585,0.36422749298649587,2.791584099991271,0.6706291758210703,0.5398944427196618,0.00910747674812379,0.8333333333333334,0.7167392988440895,0.01581558283702132,0.13963955200546183,0.034328358208965376,0.07559244040532667,85.83333333333333,20.0,0.3475514501394766,0.9372065727699522,0.7086514131469359,1.2852628941014446,1.216580936445619,0.24440763388436224,23.92827004219521,1.0,4.162628227358634,0.6126007101835313,0.29828920499379363,-0.0005213271752047895,1.0,0,1,0,2729.9906188166665,13.0,8.0,0.0,0.0,0.0
1514484,XAUUSD,BUY,64.97851510913193,57.84017525767761,1.1272218382579862,57.69933414805179,38.462446856541185,0.3846244685654118,2.9257060107429664,0.6210661356879019,0.3520208604954097,0.009258281616053474,0.8333333333333334,0.7272401864920269,-0.07895578200624144,0.08633157413360615,0.04288107202680751,0.12374492887005714,85.83333333333333,20.0,0.34662445061639063,0.9564869460838303,0.8138170509279661,1.5120121897423584,1.399737242149746,0.12539693753463504,28.13043478260008,1.0,4.710772543941513,0.6497849678867206,0.29760105426138767,-0.028076580499941512,1.0,0,1,0,2724.9906990166664,13.0,8.0,0.0,0.0,0.0
1514486,XAUUSD,BUY,64.97851510913193,60.00741470709891,0.9560710663344749,57.36581028033379,40.35645173172624,0.4035645173172624,2.732522015667559,0.5800572178890264,0.30489510489510024,0.009484561112273113,0.8333333333333334,0.7359471116121388,-0.0064491964766203135,0.11294616399299306,0.04092023382990917,0.08646265041427348,87.5,20.0,0.3486397194123905,0.9287638431607268,0.496210984730959,1.0852175615519202,1.1436071456098782,0.10268911798665951,22.320312499996284,0.0,4.710772007699286,0.6497849549345155,0.29909646921474625,-0.041662446469786375,1.0,0,1,0,2719.7905337833336,13.0,8.0,0.0,0.0,0.0
1514488,XAUUSD,BUY,70.31397916508251,62.29577403768541,0.9238765362358787,57.20396668888134,42.49627511982312,0.4249627511982312,3.0989277213275703,0.5401484561174195,0.16854872438308727,0.009796355392871896,0.8333333333333334,0.7434308761074243,0.11279055805185105,0.14027974585954822,0.04410163339383512,0.044926954348766104,90.0,20.0,0.3496261038814879,0.9505138182180978,0.6299599845592814,1.3331402591764685,1.3384807007737876,0.07919331876691668,23.437788018432244,0.0,5.737167160368139,0.7031395984315671,0.2998275940020232,0.03531223649203791,1.0,0,1,0,2714.53997965,13.0,8.0,0.0,0.0,0.0
1514490,XAUUSD,BUY,52.25415411175713,62.07171970997841,0.8169003859829997,57.30011192538983,43.19326647638983,0.4319326647638983,2.8727473876586327,0.9008736401787916,0.08488424875169125,0.009914971759878348,0.8333333333333334,0.748746128455687,0.06923667764763261,0.12449622509444695,0.0020495303159673867,0.04991264246960936,89.16666666666667,20.0,0.349039457829365,0.9743589743589771,0.7552749008891136,1.5785228842764836,1.5487076863381404,0.07025362612711399,21.674897119338624,0.0,3.1888425531531164,0.5225414026454251,0.2993928264860426,0.11047098840299277,1.0,0,1,0,2709.9906802666665,13.0,8.0,0.0,0.0,0.0
1514492,XAUUSD,BUY,50.11798509323756,61.69620020804086,0.6616931372176698,57.34938964500489,43.6878892347361,0.436878892347361,2.6652590404273284,0.8856266695986206,0.12153918348188486,0.009784569745049317,2.5,0.7525622401740817,0.029297055399807793,0.10907186701168967,0.003621314019659146,0.05370588979352989,87.5,20.0,0.3487395441137357,0.9707506647576134,0.6632474666419976,1.475894021256137,1.5156447517185343,0.13212583109321627,486.91666666711194,0.0,3.009457734800972,0.5011797097902069,0.29917048528118567,0.06538866452132544,1.0,0,1,0,2704.9905549500004,13.0,8.0,0.0,0.0,0.0
1514494,XAUUSD,BUY,50.54762650012774,59.92166510786344,0.43310588046035825,57.355861813218795,44.17787046797836,0.4417787046797836,2.503247353130423,0.822274823904097,0.07024793388431888,0.00917488353326542,5.0,0.7539164666936948,0.05594923827031614,0.08289840194026225,0.018628133704746273,0.07113483907342352,86.66666666666667,20.0,0.3487001915363183,0.9674453017651324,0.5891787991124305,1.3728910643049759,1.4765372831472738,0.10945287321403457,275.1428571428126,0.0,3.0442915629517278,0.505476113002257,0.29914130755617474,0.011855806512224041,1.0,0,1,0,2699.7736927833334,13.0,8.0,0.0,0.0,0.0
1514496,XAUUSD,BUY,51.33271052410797,62.380377599234535,0.367994176584999,56.89472882656028,44.68893047198762,0.4468893047198762,2.393501697705178,0.7697294232016039,0.1424164524421632,0.007761849895279811,10.0,0.7567233735139132,0.05517342399495556,0.10916525269631241,0.04420432220039324,0.03462535177917213,91.66666666666666,20.0,0.35152641400170204,0.9568755945460224,0.4774696212352916,1.1774521217777925,1.364674055518659,-0.00462758433161357,52.682242990622804,1.0,3.1095324097359787,0.5133269429617763,0.3012346307547759,0.09350602612446361,1.0,0,1,0,2694.523275716667,13.0,8.0,0.0,0.0,0.0
1514498,XAUUSD,BUY,51.33271052410797,62.321836374729976,0.271350511581157,56.197962481806,45.16348618999622,0.4516348618999622,2.2500932574508443,0.7236105104366601,0.4783765801729425,0.0065879672876403,12.5,0.7602723101596216,0.012813271896539217,0.09951015028633099,0.0010606703436417493,0.035588478864291506,92.5,20.0,0.35588478864291506,0.9788490444492136,0.7369722389261233,1.371096653749892,1.5456092535780979,-0.03138606247507001,21.62222222222206,0.0,3.1095321522636303,0.5133269326189988,0.3044542217809041,0.055340084633983655,1.0,0,1,0,2689.9905905833334,13.0,8.0,0.0,0.0,0.0
1514500,XAUUSD,BUY,54.78737729719448,64.633232240686,0.28511177985088443,55.496679447391294,45.85090698336752,0.45850906983367523,2.329429631823925,0.6804148044589887,0.46338124572206185,0.005148210957470926,19.166666666666668,0.7602890157013971,0.05044309957247984,0.12279849771853653,0.041828374299258196,0.018199287057483488,93.33333333333333,20.0,0.36038192193028823,0.9785269486794074,0.7815587977744879,1.2880032450396053,1.5251020604943306,-0.05003545336213502,941.800000013726,0.0,3.4235383960196186,0.547873590944733,0.3077654852727567,0.04793079561672571,1.0,0,1,0,2684.9905773,13.0,8.0,0.0,0.0,0.0
1514502,XAUUSD,BUY,62.100362271157344,69.708444755982,0.5568781437330168,55.38834520114903,47.0115823610668,0.470115823610668,2.707613097018773,0.6330495135798966,0.5509736540663728,0.004419722196642215,39.166666666666664,0.7542482334471694,0.14263391342758647,0.1916883138122433,0.09114486846980571,0.005055215117600891,94.16666666666667,20.0,0.36108679411467776,0.9892655967690486,1.2184006613967127,1.4353538348953667,1.6872839652242477,0.038704765683199055,22.90721649485035,0.0,4.2770885402291805,0.6210034368192793,0.30828349394652577,0.13937950252827022,1.0,0,1,0,2679.7737158,13.0,8.0,0.0,0.0,0.0
1514504,XAUUSD,BUY,65.17005100626274,70.87926635085451,0.7425451270564851,55.44203482963834,48.30861583572366,0.48308615835723656,2.7849069524297283,0.587262439615968,0.8285009253546889,0.004035629809911722,41.66666666666667,0.7487141997685614,0.18269557937408967,0.19415273054556292,0.02280014250088633,0.020201278748902603,93.33333333333333,20.0,0.36073712051615303,0.9971214146191041,2.2103982296559006,1.8727782016985057,2.1180095600650994,0.2574873742308196,9.971544715446903,0.0,4.7421766188116115,0.6517003168041515,0.3080265532983311,0.16629981255795115,1.0,0,1,0,2674.5067713666667,13.0,8.0,0.0,0.0,0.0
1514506,XAUUSD,BUY,70.64190157165949,69.85699479140908,0.7524167476527603,55.73331805609278,49.90385053114765,0.4990385053114765,3.153040603653723,0.5424651011155509,0.7458563535911484,0.003883614617993933,44.166666666666664,0.7439780475498602,0.13681879367032615,0.1674387220201626,0.008904569892468775,0.10944979076718564,90.83333333333333,20.0,0.3588517730071446,0.9886662618903067,2.4535888935410815,1.8618236981472278,2.1993695771651343,0.591524199217908,42.85937500000827,0.0,5.812419609575,0.7064188245603957,0.30664005858545307,0.17529909111399797,1.0,0,0,1,2669.990594766667,13.0,8.0,0.0,0.0,0.0
1514508,XAUUSD,BUY,70.64190157165947,74.56297723623874,1.0206514707647223,55.952366766371874,51.38513989118421,0.5138513989118421,2.9163612404618022,0.5017455827759865,0.789111747850984,0.004728721839653307,30.833333333333336,0.7354057820165878,0.22975780642427873,0.237571460604124,0.08911564625849941,0.013225535268070934,89.16666666666667,20.0,0.35744689913671834,0.9409772617319754,2.2098747542057464,1.68325195547925,2.1225444268632927,0.8726756653751354,111.30188679250762,0.0,5.812418740007368,0.7064188090469833,0.3056056554028427,0.2326979313379952,1.0,0,0,1,2664.9907087666666,13.0,8.0,0.0,0.0,0.0
1514510,XAUUSD,BUY,72.05796011350452,70.32742913374908,0.969843010033574,56.235769140202464,52.861769907064236,0.5286176990706424,2.8544428891631144,0.4635586578505475,0.6235049401976107,0.005206693614847203,18.333333333333332,0.7210801679848453,0.16231574742715288,0.18297202563052892,0.032042723631509853,0.059037158213724496,87.5,20.0,0.35564553140791266,0.9928398645379711,2.584717539720494,2.057830286536663,2.5632201057064785,1.20515232843815,10.22137404580203,0.0,6.157660272679276,0.7205793839623362,0.30427774782901496,0.19791673822848915,1.0,0,0,1,2659.940522483333,13.0,8.0,0.0,0.0,0.0
1514512,XAUUSD,BUY,72.05796011350449,70.41227368063288,0.8477909619077328,56.390357058759406,54.2329263503814,0.5423292635038139,2.6432879108224254,0.42926730147775666,0.643979057591651,0.00554016465286461,17.5,0.7021965343435136,0.07724138746702386,0.16653630796477709,0.0015410958904134603,0.05727929682436264,86.66666666666667,20.0,0.354670568571853,0.968079992308426,1.816813144893675,1.7353840411843224,2.3380634416775607,1.1265679643973436,30.208333333332188,0.0,6.157659211553482,0.7205793666138347,0.3035583019473183,0.16456714381733525,1.0,0,0,1,2654.75708205,13.0,8.0,0.0,0.0,0.0
1514514,XAUUSD,BUY,73.18877713109792,72.08377117912136,0.791488018308848,56.49604584027659,55.58691569186115,0.5558691569186115,2.569999505618693,0.397859668851131,0.7581863979849166,0.005998071101484488,15.0,0.6857227517959884,0.08537908054795998,0.17841939400982085,0.030412994643169544,0.026196523632550695,85.83333333333333,20.0,0.3540070761154368,0.9689452937217531,1.5580871606289686,1.633571473327531,2.298891610056478,1.0277808583900256,647.8888888878357,0.0,6.459546536831263,0.7318875247064466,0.30306840055872925,0.10814916175326014,1.0,0,0,1,2649.5568562999997,13.0,8.0,0.0,0.0,0.0
1514516,XAUUSD,BUY,67.20548206844617,70.73133946955465,0.6307622449195778,56.682042565971145,56.41681329018866,0.5641681329018866,2.3785972757334677,0.46652149227412715,0.6774193548387129,0.006254642973211805,13.333333333333334,0.6954019236926171,0.08334472873740258,0.1521182327272897,0.009306260575299128,0.03581381171361241,85.0,20.0,0.35284543560197895,0.9857705989808627,1.5444748481230155,1.6742779836189223,2.402994172414693,0.513490574810934,31.880681818177678,1.0,5.0985693404377415,0.6720545844712701,0.3022101043791319,0.075508923218819,1.0,0,0,1,2644.9906411499996,13.0,8.0,0.0,0.0,0.0
1514518,XAUUSD,BUY,44.704100094807934,56.74381419563425,0.018457331588556336,56.976182382687504,55.580190919090036,0.5558019091909003,2.1972950589665112,0.8396542154864958,0.2286744092911204,0.005881682251723969,18.333333333333332,0.7028466351676643,-0.1279046319306632,0.030367802648633223,0.11036184210526342,0.15339743090011562,82.5,20.0,0.3510238693366213,0.9804826458994265,1.2667209315737153,1.5214447757606928,2.305348604700408,0.26230224609652847,106.45454545451058,0.0,2.6169015786954883,0.44704085374744695,0.30086272672474074,-0.0347513630643338,1.0,0,0,1,2639.9906391833333,13.0,8.0,0.0,0.0,0.0
1514520,XAUUSD,BUY,44.70410009480792,55.562280716808054,-0.4593739813067552,56.93359792678126,54.803327288784175,0.5480332728878418,2.041871523058378,0.7802620885263316,0.13080168776373446,0.005601299899938464,20.0,0.7218052737276186,-0.10641293954241472,0.01684885761384235,0.011883646683206137,0.1652802623171904,82.5,20.0,0.3512864236284654,0.9159696183059256,0.27026980005904905,0.893806940270866,1.6900041310076173,-0.5480436958261141,8.061102831594614,1.0,2.6169013414626887,0.4470408425428071,0.30105704511471526,-0.14069021266318824,1.0,0,0,1,2634.873445433333,13.0,8.0,0.0,0.0,0.0
1514522,XAUUSD,SELL,44.70410009480793,49.587621166385034,-1.0138098883963051,56.280483789154026,54.081953917785874,0.5408195391778587,1.918026207192971,0.7329369734443564,0.24218051831994042,0.005439516803538901,21.666666666666668,0.7339801109195048,-0.1716660856269525,0.04245229049443413,0.0757480644486272,0.23116361346039838,86.66666666666667,20.0,0.355362972268093,0.9095279300067317,0.15732342918000128,0.7984859528558166,1.6081369877582776,-1.4624296886595227,83.14925373144854,1.0,2.616901124906151,0.4470408323147178,0.30406929467185245,-0.17217336006388395,0.0,0,0,1,2629.4900132999996,13.0,8.0,0.0,0.0,0.0
1514524,XAUUSD,BUY,44.70410009480792,51.99648852749316,-1.2555858015293975,55.10902066135725,53.41210721614459,0.5341210721614459,1.8188839145611564,0.6950516454809589,0.22683142100615405,0.005047451777581485,25.0,0.7438988241677945,-0.17856567703400134,0.013614116772640978,0.039117352056179326,0.20776997781106682,95.0,20.0,0.3629169918097295,0.8735051045211456,-0.40347889408914606,0.47494588938013294,1.2786872478253057,-2.4663942090403164,12.201657458563924,1.0,2.6169009302921715,0.4470408231229869,0.3096272497664734,-0.14915888363378693,0.0,0,0,1,2624.9908195000003,13.0,8.0,0.0,0.0,0.0
1514526,XAUUSD,SELL,44.704100094807934,52.68324601189632,-1.357332244254228,53.87551918554603,52.79010670747769,0.5279010670747769,1.7276331302565378,0.660181906255377,0.18763796909492575,0.004772357474618337,29.166666666666668,0.7481806842339299,-0.1648201465852354,0.005210381526400636,0.010306553911213687,0.20435997956849444,96.66666666666667,20.0,0.3712261209236883,0.8886728245017037,-0.136527721758581,0.5835281825140175,1.3946620083735606,-2.341986621060607,24.564102564095492,1.0,2.616900731428877,0.4470408137305575,0.31570531836173843,-0.17688924662013275,0.0,0,0,1,2619.99076635,13.0,8.0,0.0,0.0,0.0
1514528,XAUUSD,SELL,52.75532917983436,57.32995901439623,-1.192490413955106,53.062982100864176,52.78762259836031,0.5278762259836031,2.012436993228767,0.6224131347947,0.31862745098039785,0.004618431899779833,35.0,0.7494387543524417,0.015831974576819858,0.04824138956582723,0.07341176470587979,0.14887968386292197,98.33333333333333,20.0,0.37691059205800426,0.89295089936801,-0.054022692390828235,0.5961894278490933,1.4134969354327829,-2.012326552625492,96.02564102555995,1.0,3.2332764966730045,0.5275530915770537,0.31984228812362125,-0.1106232587690222,1.0,0,0,1,2614.7407048666664,13.0,8.0,0.0,0.0,0.0
1514530,XAUUSD,BUY,54.53147371497474,53.02073707530858,-1.2174767240584004,52.32562623651678,52.9121833924042,0.529121833924042,1.9919450439675586,0.586099410124166,0.33397220891229923,0.004430741154252509,36.666666666666664,0.7462835595102135,-0.01681278087659203,0.0029365633393418243,0.05568554047730628,0.19665316480854314,100.0,20.0,0.38222189467161094,0.9231891103548807,0.5090129955785473,0.8181846526427794,1.655436570825421,-1.1627695106966531,12.621794871795348,0.0,3.398641272995463,0.5453145256272017,0.323692273000871,-0.029622196837035944,1.0,0,0,1,2609.4904290333334,13.0,8.0,0.0,0.0,0.0
1514532,XAUUSD,BUY,33.5178804143944,55.19096640437813,-1.1135754598128873,51.803795791051265,51.52687603683207,0.5152687603683207,1.8682952990708597,0.9302741408757634,0.25348941918057455,0.004190526834009896,38.333333333333336,0.7432327535986313,0.08001493528693283,0.027658841761068732,0.03154153709462656,0.17102993834152755,100.0,20.0,0.3860720955790436,0.8999513855128836,0.031846693947430275,0.5985071705101952,1.430529998715009,-0.8445634283099708,16.957983193276778,0.0,2.008325512505947,0.33517868437607984,0.3264739164271706,0.010616982628409653,1.0,0,0,1,2604.9907909000003,13.0,8.0,0.0,0.0,0.0
1514534,XAUUSD,BUY,9.853330922975939,57.12982734002883,-0.9400948694618099,51.680667520261885,48.55019424298521,0.48550194242985206,1.7389788737076484,1.4270223009439236,0.27941176470589957,0.0038189811143574015,44.166666666666664,0.7416359320094916,0.07519497803539232,0.04784309685682658,0.025958466453677793,0.1462829402703909,100.0,20.0,0.38699190547720413,0.9113822764552857,0.3139645559311146,0.6873978930260629,1.5294134543189153,-0.5445607824964953,30.70422535211072,0.0,1.218605801711421,0.09853327810744683,0.32713730532230106,0.1054552942425346,1.0,0,0,1,2599.9905304999997,13.0,8.0,0.0,0.0,0.0
1514536,XAUUSD,BUY,9.853330922975935,57.28294445007974,-0.8065359749058709,51.55133412595746,45.786132577270266,0.45786132577270267,1.6188172662783473,1.3284165639154535,0.2548099483810297,0.0035655038561569416,53.333333333333336,0.7366756092978208,0.06881063472278044,0.045150279889877076,0.001804692199722192,0.14471012489749957,100.0,20.0,0.38796280133377714,0.9243848769753914,0.594441131264663,0.7638256518497573,1.61449044798975,-0.4489375181913985,37.52307692307148,0.0,1.2186057383244417,0.09853327579729981,0.327837061533678,0.07739857886608431,1.0,0,0,1,2594.7406237833334,13.0,8.0,0.0,0.0,0.0
1514538,XAUUSD,BUY,18.924890601321216,61.3422555148857,-0.5353218893372524,51.40695311696049,43.86747243613105,0.4386747243613105,1.8144828221487002,1.2369941444881594,0.23139065204850873,0.0033021449301680146,62.5,0.7307873245615137,0.06163146431773409,0.08901295984549876,0.05532000807590946,0.09201089956136543,100.0,20.0,0.3890524294349101,0.9253850770154031,0.5993130312493024,0.7475949133379949,1.5980538709703471,-0.22648899224287256,553.111111110214,0.0,1.4668471660812317,0.18924884399444353,0.3286218092332792,0.1221624628425568,1.0,0,0,1,2588.9903351333332,13.0,8.0,0.0,0.0,0.0
1514540,XAUUSD,BUY,22.49736408916666,62.953204176741764,-0.29101931271530823,51.23288503717762,42.34103612563359,0.4234103612563359,1.8216556373040096,1.1525400131069072,0.3277216610549736,0.0031781094736641614,69.16666666666667,0.7207459020019594,0.13061765714024504,0.10129451587210528,0.02287114559934419,0.06968180685920801,100.0,20.0,0.3903742681187447,0.9526905381076171,1.2720518406636248,0.9379860278978502,1.7966191345876594,0.005524649620449114,17.07664233576777,0.0,1.5805560206429172,0.22497356524984885,0.3295729685386526,0.08451602904770682,1.0,0,0,1,2584.9908251833335,13.0,8.0,0.0,0.0,0.0
1514544,XAUUSD,BUY,36.456334606177755,66.73840938205447,0.13934692597766896,51.11524271062763,40.97311002064609,0.4097311002064609,2.138978745960768,0.9960589232452911,0.6910148674854997,0.0035015491936761893,54.166666666666664,0.6873868012808872,0.13245742965731702,0.13099381712876595,0.033248582045762066,0.028367272130713002,99.16666666666667,20.0,0.39127271904436633,0.9737736249734524,1.5858268200664105,1.0521158743003827,1.9165882524480482,0.338738444114813,44.47706422017715,0.0,2.147439823692234,0.3645632297750633,0.3302189534253124,0.15846545121297548,1.0,0,0,1,2574.75708985,13.0,8.0,0.0,0.0,0.0
1514546,XAUUSD,BUY,36.456334606177755,58.18331271305545,0.009059222144633505,50.9355825170114,40.65048320532693,0.40650483205326926,1.9932002633071766,0.9281742101603805,0.3533190578158942,0.003520096111997159,52.5,0.6660543191725019,0.05984985446571289,0.05410179411380848,0.07489711934155124,0.10012646853103453,100.0,20.0,0.3926528177688049,0.9847159270580814,1.7549676491926431,1.1436667954841058,2.0190707563854877,0.4171999751791804,29.076470588238575,0.0,2.147439666011732,0.3645632212701,0.33121043025847113,0.06184281879859748,1.0,0,0,1,2569.4901409,13.0,8.0,0.0,0.0,0.0
1514548,XAUUSD,BUY,36.45633460617774,58.590518581548956,-0.08375862886632213,50.46518376579626,40.35090116253056,0.4035090116253056,1.868080859787995,0.8699098171262037,0.2368919772583985,0.0033986918334844964,57.49999999999999,0.6420656284088486,0.011494094868492958,0.054066904380726755,0.006087936865829321,0.09590770584453014,100.0,20.0,0.39631283406829443,0.9457215836526239,0.7184471685039419,0.8256955381455865,1.698500670301728,0.21598983058443633,12.351648351650587,1.0,2.1474395110516022,0.3645632129118671,0.333835072407187,0.06558977403829264,1.0,0,0,1,2564.9906416500003,13.0,8.0,0.0,0.0,0.0
1514552,XAUUSD,BUY,30.714622074216493,57.139762369957076,-0.31979918479954117,49.56742885928349,39.482576276848675,0.39482576276848674,1.685412277028934,0.8933539700585557,0.2877984084881094,0.003295340130126638,60.83333333333333,0.5696255700186095,-0.04131483703507428,0.041296829701757166,0.030751708428233836,0.1051093453886958,100.0,20.0,0.40349076924643024,0.9277373870896727,0.2507508587161485,0.661693276859439,1.5434871414444091,-0.37090074857780575,24.58139534884695,1.0,1.8866098398920446,0.30714610163633205,0.33896253984514746,-0.019165811539201764,1.0,0,0,1,2554.8073107166665,13.0,8.0,0.0,0.0,0.0
1514554,XAUUSD,BUY,43.38817478808119,62.57217532510802,-0.13386090536978834,49.396898226477546,39.76154759907957,0.3976154759907957,2.108345496480446,0.8324067651289228,0.3784722222222655,0.003327486317284883,60.0,0.579104399197776,-0.005263126192780903,0.10159937690588451,0.07418397626112713,0.0346175582150915,100.0,20.0,0.404883721813927,0.9401424632352937,0.5701145241272857,0.7491441402968939,1.6332240683024724,-0.3993183389627811,31.518518518531394,1.0,2.532827761588585,0.43388160033978773,0.33995453908610357,0.029354069831506027,1.0,0,0,1,2549.5734452166666,13.0,8.0,0.0,0.0,0.0
1514556,XAUUSD,BUY,47.1652201401886,62.52340816342082,-0.03700098872847235,48.97426263887204,40.290381352015935,0.40290381352015936,2.171540698377421,0.7796194960065861,0.3732558139535558,0.0033914813090635473,57.49999999999999,0.6320890599192528,0.06875618224825807,0.09234703565219224,0.0004599816007250884,0.03532467681558152,100.0,20.0,0.40837776665422465,0.9799578059071725,1.384271893547182,1.0078517458663003,1.8858459547161395,-0.21434523577260342,12.480000000000084,0.0,2.7853817459912906,0.4716520415826927,0.34243852193035107,-0.005717288733153946,1.0,0,0,1,2544.9904759,13.0,8.0,0.0,0.0,0.0
1514562,XAUUSD,BUY,19.777566392908128,63.346341738901984,-0.010217175777903709,48.28382835918433,36.74493065955252,0.3674493065955252,1.8685526415807947,1.251485104805459,0.15487035739315988,0.003305807459267715,63.33333333333333,0.733562474311736,0.08808561134560282,0.08603981455717866,0.03003810804752646,0.019675324684959732,100.0,20.0,0.4142173617887052,0.9730426629160784,0.8452792859991437,0.8635828363146797,1.790469188190893,0.08984621342262117,670.7142857170718,1.0,1.4930670299941187,0.19777560054023258,0.34657627686890624,0.11618796998172504,1.0,0,0,1,2529.4901335666664,13.0,8.0,0.0,0.0,0.0
1514564,XAUUSD,BUY,27.945449094660656,65.63155591992853,0.08602364409319341,47.907840619242556,36.11639626206025,0.36116396262060246,2.079694437890347,1.1712135898765204,0.13548387096778483,0.003229701890394864,70.83333333333334,0.7363887739554766,0.04486979436043407,0.10470728775732882,0.03184565318458427,0.026509230714302362,100.0,20.0,0.4174682002253895,0.9888654477262093,1.1529967664103267,0.9511902676431664,1.8828049456808948,-0.004334944652691422,32.29104477611554,0.0,1.7756732676200753,0.27945440498465296,0.34887232266470186,0.11793476656368393,1.0,0,0,1,2524.9906360166665,13.0,8.0,0.0,0.0,0.0
1514566,XAUUSD,BUY,56.80846880327313,79.38395561929724,0.9978783986895943,48.50013771786807,37.59440144357545,0.3759440144357545,3.900191731823265,1.0742739479817212,0.8025715470759509,0.004854065136932264,25.0,0.6885869783821428,0.31914080229713954,0.3512014583371946,0.24608540925266853,0.02041231317236143,98.33333333333333,20.0,0.41236996307809953,0.9854073308054748,1.4248294929467682,1.0314452150684725,1.9719706288650447,0.5910936486747868,30.40145985399591,0.0,3.6305340072862125,0.568084573832612,0.34526911826290685,0.3290712305363242,1.0,0,0,1,2519.990570866667,13.0,8.0,0.0,0.0,0.0
1514568,XAUUSD,BUY,40.74354236650432,80.46300342613529,1.6025041944148715,49.38369930944892,37.81934008092751,0.3781934008092751,3.5568096701947725,1.4975034590465457,0.8142076502732791,0.00620976944082138,14.166666666666666,0.6623986774738255,0.35745034830874567,0.3444968084428423,0.028914079185152316,0.006277375011073265,95.0,20.0,0.4049919361989405,0.9898721227621505,3.218150099213346,2.032459865944756,3.009187251176105,3.7655642515713574,3.0636297903109266,0.0,2.3751579828078624,0.4074353430536262,0.3400315634090542,0.3594303433765597,1.0,0,0,1,2514.7237106000002,13.0,8.0,0.0,0.0,0.0
1514570,XAUUSD,BUY,42.99235839582397,76.33067539303309,1.7577696227657453,50.206292215916896,38.1888413891344,0.38188841389134404,3.4307444970235297,1.3677559760251377,0.8156249999999572,0.006826165911037356,11.666666666666666,0.6755913698784868,0.3205815908291764,0.27594531091432056,0.028407224958956607,0.06552963492806674,91.66666666666666,20.0,0.39835644333160697,0.996863617968439,2.5117907364957928,2.0286495094725834,3.065389167945137,3.7273764863980277,33.585227272722925,0.0,2.5082997616971956,0.4299234943628553,0.335297577930899,0.3324284519602181,1.0,0,0,1,2508.9900713,13.0,8.0,0.0,0.0,0.0
1514572,XAUUSD,BUY,42.99235839582398,69.77065823788142,1.5432960756118481,50.73084277192285,38.53194974675509,0.3853194974675509,3.1527516697024036,1.256926868468316,0.6131171702284498,0.007053616326539486,11.666666666666666,0.6915742692028841,0.2399539194000739,0.19554144411454652,0.05039096437879456,0.12181938367916552,90.0,20.0,0.3942374876348213,0.9671394326807746,1.8602380849300602,1.8117118274274588,2.864451237855815,3.1999429876200156,34.202312138719016,0.0,2.508299599995604,0.42992348646281403,0.33234766198498084,0.27064403526131414,1.0,0,0,1,2504.9906476833335,13.0,8.0,0.0,0.0,0.0
1514574,XAUUSD,BUY,36.73888488610824,69.8382738436414,1.2937031603551405,51.2593540024998,38.40387368528031,0.3840387368528031,2.897370469910817,1.340444504701676,0.5571488823281323,0.0072208809555298365,11.666666666666666,0.7036403974000565,0.2130002532025857,0.17632987288000782,0.0010321692757524611,0.11919775656366274,85.83333333333333,20.0,0.39017268924272136,0.93827407111466,1.288720944395585,1.548649550630486,2.5876027179336702,1.6868705274883877,18.844827586209448,1.0,2.161498143526278,0.3673887621681134,0.32942797629110737,0.24288249905359052,1.0,0,0,1,2499.9906103166663,13.0,8.0,0.0,0.0,0.0
1514576,XAUUSD,BUY,36.208320796837334,71.52372628169152,1.1375327127054593,51.755114430892725,38.24704847896295,0.38247048478962953,2.6646440411137235,1.247956929994636,0.5883510428964726,0.007382375730705182,10.833333333333334,0.716428628613569,-0.019894109259966538,0.18807669852077546,0.029725085910660677,0.08482253489869454,82.5,20.0,0.3864352387183973,0.9389732321214489,1.1467544285550393,1.5384016135347691,2.539211987478741,0.7055350774317666,967.8333333415592,1.0,2.135203420779719,0.3620831154255564,0.32673587652151415,0.24693211754105096,1.0,0,0,1,2494.7403722166664,13.0,8.0,0.0,0.0,0.0
1514578,XAUUSD,BUY,41.045668307901465,72.87154046826127,1.0263664044856178,52.49689197154327,38.446949895315704,0.384469498953157,2.7332454075016996,1.1424431411675848,0.6494845360824699,0.007651877862190811,10.833333333333334,0.728395353999684,-0.02627294329388037,0.19223332137879726,0.02317347924043292,0.056574777828946286,80.0,20.0,0.38097493487502654,0.9561526168597654,1.2076676684666616,1.6959470460761166,2.6102290120896736,0.28688355772896634,32.64161849710105,1.0,2.3924543082765575,0.410456577173555,0.3227897242805642,0.007429011230069254,1.0,0,0,1,2488.989953516667,13.0,8.0,0.0,0.0,0.0
1514580,XAUUSD,BUY,24.27242063927899,74.61215426453855,0.9781666991785327,53.5556854021473,37.43448351988451,0.3743448351988451,2.4878371809969613,1.5160072250250558,0.6724937566892588,0.00798077887075801,10.0,0.7404393561351806,0.041636019674438,0.2027541493868015,0.02852049910873561,0.01979248313304006,75.0,20.0,0.373443077981747,0.9703355972832578,1.2076742888986685,1.8076468851966412,2.6515751820995486,0.24842013139604777,42.15277777776274,0.0,1.6410446460182257,0.24272414577001813,0.3173207826523568,0.00989624156651154,1.0,0,0,1,2484.9906584,13.0,8.0,0.0,0.0,0.0
1514582,XAUUSD,BUY,21.483280354577605,74.66714177368308,0.8516678310763854,54.580279301993954,36.29511186521973,0.3629511186521973,2.2667681340418544,1.465050972959137,0.6566940912490631,0.008235012679289246,9.166666666666666,0.7528535821473424,0.09473346630126075,0.18099517504552623,0.0010309278350606463,0.018321635814045157,71.66666666666667,20.0,0.3664327162809031,0.9894127047542909,1.2456103468100475,1.9604899628757875,2.718627209598665,0.31533458026790195,34.06249999999852,0.0,1.547227112676008,0.21483274597794122,0.3122034871795393,0.041956546014179405,1.0,0,0,1,2479.9905671833335,13.0,8.0,0.0,0.0,0.0
1514584,XAUUSD,BUY,9.528904738396664,75.44049216179118,0.7286459689386913,55.75525935185158,34.383239927589514,0.34383239927589515,2.060498623797184,1.7019760009944427,0.6490825688073264,0.008499169654360353,8.333333333333332,0.7640192663593522,0.10592310559296167,0.1734507110100126,0.011262846684501964,0.003407750268032779,65.0,20.0,0.3587105545288046,0.9900119856172593,1.097974838449898,1.92769270585605,2.656904680948304,0.2728161904124269,968.9999999914378,0.0,1.2106500984403796,0.0952890220578099,0.30653612832631144,0.10743381108137308,1.0,0,0,1,2474.7236961500003,13.0,8.0,0.0,0.0,0.0
1514586,XAUUSD,BUY,23.47511753991001,78.81162253072418,0.8110646389957408,57.309169398147844,33.60408832846955,0.3360408832846955,2.480888533489263,1.5375543445867714,0.4357713583282087,0.008723493735134553,7.5,0.7716826039576292,0.1410045707682177,0.21456302042415898,0.0503160882466736,0.021462534057234396,50.83333333333333,20.0,0.3489842936136913,0.9981022772672742,1.041227391480017,1.9392461583592318,2.6516487219397638,0.20859993019774276,87.78749999998062,0.0,1.6135279567162633,0.23475111698067183,0.299351934173177,0.17170027245793867,1.0,0,0,1,2468.9901425,13.0,8.0,0.0,0.0,0.0
1514588,XAUUSD,BUY,4.500287933599317,81.58876087476689,1.0211857644446427,59.639943012565894,31.525245443121676,0.31525245443121674,2.2136525845703927,2.4222830359082246,0.5037837837837681,0.009077545548179293,6.666666666666667,0.7742830838399188,0.17793391990907348,0.24722336962919808,0.04469646430954429,0.014922884815849137,44.166666666666664,20.0,0.33534572619873365,0.988294632660834,1.2894881844724908,2.1724852326379174,2.848987772525693,0.2530472620346973,18.87435897436065,0.0,0.9138699474359511,-0.04500286962859572,0.28919022926040944,0.20321951007643077,1.0,0,0,1,2464.9907183166665,13.0,8.0,0.0,0.0,0.0
1514590,XAUUSD,BUY,2.193686201005022,72.71104957025132,0.821926157319254,61.399232797382645,29.430134068684776,0.29430134068684777,2.282819917764068,2.184814047946854,0.37314906219154287,0.008842299418153659,8.333333333333332,0.7786233212800391,0.08669629720473873,0.16628357754169132,0.04082117004864818,0.110913437998051,42.5,20.0,0.32573696915725253,0.9918153393415456,1.485379012097339,2.3370608711981227,3.0376191610824645,0.457773928039365,21.373134328355906,0.0,1.0448572843313728,0.0219368570998769,0.2819685079521016,0.11791678283492187,1.0,0,0,1,2459.990376983333,13.0,8.0,0.0,0.0,0.0
1514592,XAUUSD,BUY,2.1936862010050286,73.2899892310962,0.6362992415865047,59.61357331185529,27.484673506707654,0.2748467350670765,2.1832564885574817,2.0895250691274594,0.6157690172126602,0.008548885772902033,10.833333333333334,0.7808104637904753,0.0989473756132562,0.16466687527769566,0.017582417582426752,0.10349991884772744,44.166666666666664,20.0,0.3354940643362276,0.9387589928057521,1.055564799575603,1.9259114475132444,2.7423855895750444,0.42279069435677175,23.497093023258792,0.0,1.0448572625222914,0.021936856875957523,0.28930130903252615,0.10014497820436821,1.0,0,0,1,2454.7736156,13.0,8.0,0.0,0.0,0.0
1514594,XAUUSD,BUY,7.86957704651962,73.51688763672935,0.44197058215752705,57.474032361008476,26.083595188122796,0.260835951881228,2.356309315111459,2.0125023176536936,0.6193619361936215,0.008354682664313143,13.333333333333334,0.7812144057935503,0.09275732029741206,0.15830854233310537,0.007754551584641742,0.10317703067626277,46.666666666666664,20.0,0.3479832400548321,0.9445143884892083,1.0494025096314938,1.8674347625597407,2.725497148150596,0.2516471826912551,55.874999999970335,0.0,1.170834996614364,0.07869575245211644,0.29860957921907777,0.10700484631685453,1.0,0,0,1,2449.4902300166664,13.0,8.0,0.0,0.0,0.0
1514596,XAUUSD,BUY,18.239288307870034,78.34561370517305,0.6093846214601424,55.38231576379363,25.523287553819028,0.2552328755381903,2.804590162801766,1.939332441839101,0.689825190497537,0.008357687886515804,13.333333333333334,0.7772221747469129,0.13073434077044166,0.24421064781747945,0.20822986874780752,0.016431237795851976,69.16666666666667,20.0,0.36112610540339785,0.9466726618705014,0.9950041387990524,1.7792464348565995,2.684963102163379,-0.06050310354281394,127.95652173886464,1.0,1.4461619143442028,0.18239284463101474,0.30831237580857984,0.2020500559732103,1.0,0,0,1,2444.9906604,13.0,8.0,0.0,0.0,0.0
1514598,XAUUSD,BUY,7.908111679247921,74.54249504490137,0.5230307624728461,53.6914360663798,24.265060705635378,0.24265060705635377,2.686277128468089,2.2925462179230123,0.5555555555555285,0.007952550150783333,17.5,0.772881813927933,0.0325950922120826,0.20229711327116434,0.04761904761905445,0.04991485041836007,74.16666666666667,20.0,0.3724988837190646,0.9917743830787322,1.4780118937366833,2.0858982510421447,2.992702091571342,0.1256020131164483,3.8023850085173194,0.0,1.1717434247229095,0.07908110090898718,0.31663308108177496,0.10709342906923107,1.0,0,0,1,2439.990643466667,13.0,8.0,0.0,0.0,0.0
1514600,XAUUSD,BUY,11.685382072878877,65.21232987781767,0.11247618773518475,52.49133349020977,23.36651223186706,0.2336651223186706,2.551429340026337,3.226616016251656,0.2587185725871821,0.0070739638198816235,22.5,0.7687096219855508,0.020005419940525945,0.11551188274897806,0.11249661154783686,0.13030722493029984,80.0,20.0,0.381015277573968,0.9753268274719178,1.247011951585113,1.8755404016033181,2.82708843620281,0.17800658395389649,19.999999999996987,0.0,0.7907444010787246,-0.11685380050502911,0.32281893705529635,-0.04591234094766038,1.0,0,0,1,2434.7572914333336,13.0,8.0,0.0,0.0,0.0
1514602,XAUUSD,BUY,27.089099960351405,65.45855926742638,-0.20049415406701776,51.805523955194744,23.632411355330227,0.23632411355330227,2.400548016349663,4.184333023506536,0.2634971796937873,0.006041314476196267,28.333333333333332,0.7629099822494394,0.012162011631862934,0.10973648893298854,0.004429937048274934,0.1277856007348822,80.83333333333333,20.0,0.38605921672170485,0.9355385920271406,0.7823637612406492,1.5066521253415102,2.508673281079964,-0.012922824704968295,7.889156626506663,0.0,0.5736989453671691,-0.27089095846519173,0.32646462476246363,0.024514760261836684,1.0,0,0,1,2429.4905082833334,13.0,8.0,0.0,0.0,0.0
1514604,XAUUSD,BUY,29.304930628424003,60.163807796846434,-0.6115739521147043,51.14655795839512,24.03759130340835,0.2403759130340835,2.2577994988452965,4.129631814018167,0.12015065913372422,0.00471191861574547,43.333333333333336,0.7559353910165119,-0.041990762742787784,0.055633003892158625,0.05965241897604434,0.17909318565388124,86.66666666666667,20.0,0.3910331564495286,0.9355780459322706,0.8586844109201903,1.459458200628769,2.471274837127542,-0.5908860775138803,224.73684210465498,1.0,0.5467312956205514,-0.2930492604051932,0.33004674906953696,-0.03734366644092713,1.0,0,0,1,2424.9908258833334,13.0,8.0,0.0,0.0,0.0
1514606,XAUUSD,BUY,23.046889905601766,64.23588219859033,-0.6872319636335602,50.662518104224034,23.96682691785074,0.2396682691785074,2.4210949693574264,3.8712952053540928,0.0998073217726425,0.0046878093826066254,44.166666666666664,0.7456870218045641,-0.0920165662876679,0.11010609861274355,0.07459995492450774,0.11527259635981714,90.0,20.0,0.3947691656158023,0.9100726487335578,0.5509207460741788,1.2375845628960978,2.2682767989652945,-1.4872210865870883,15.763779527559267,1.0,0.6253964669531088,-0.23046886242941694,0.33272892890437084,0.02309399618852587,1.0,0,0,1,2419.9907163333332,13.0,8.0,0.0,0.0,0.0
1514608,XAUUSD,BUY,34.5584759667014,65.04715160431293,-0.714323918116448,50.775195382493735,24.723373278482928,0.24723373278482927,2.243170632981223,4.61232567801493,0.03134657836644677,0.004728688796082186,43.333333333333336,0.7355609966091609,-0.048383911141250145,0.11187201524767722,0.013208269525260389,0.10123053119304187,88.33333333333333,20.0,0.3938931174826281,0.9426664048694275,1.085471061104951,1.4224467299724537,2.419464820671285,-1.7014581059581901,12.404833836856353,0.0,0.486342531562974,-0.3455847092571394,0.33210063614385826,-0.0783847303790523,1.0,0,0,1,2414.7406264666665,13.0,8.0,0.0,0.0,0.0
1514610,XAUUSD,BUY,34.558475966701394,61.955299421923804,-0.8438589391382605,50.21625285517274,25.425880613355677,0.2542588061335568,2.1061288057288756,4.330545268845593,0.06401551891365945,0.0046044127432217355,46.666666666666664,0.7342783096088996,0.005377024261185024,0.0765794041883595,0.03306169965075853,0.1308341348955082,90.83333333333333,20.0,0.3982774273835491,0.9495385823679531,1.0956699315754053,1.4136845285308344,2.410853634539211,-1.6255424830635077,74.71014492757982,0.0,0.486342524701927,-0.3455847059770645,0.3352410700348127,-0.07746495962610682,1.0,0,0,1,2408.99022215,13.0,8.0,0.0,0.0,0.0
1514612,XAUUSD,BUY,28.708018867023586,64.99979886271116,-0.7825533422133875,49.740091936946065,25.66031906004624,0.25660319060046244,2.248695735205211,4.059715672273735,0.13877733154839655,0.004282968419399123,50.0,0.7336238918987241,0.049846007216805724,0.11415059583396268,0.0562571756601575,0.08323265677209592,92.5,20.0,0.4020901293337649,0.9354997054781015,0.761702678414195,1.265368682182182,2.280999557447689,-1.2294287336414138,29.24647887323776,0.0,0.5539045989497042,-0.28708014316271824,0.33796407280416035,0.054282167460054605,1.0,0,0,1,2404.9908152333333,13.0,8.0,0.0,0.0,0.0
1514614,XAUUSD,BUY,28.64494451823945,64.83883315306164,-0.7626068460322788,49.13508537002138,25.87350659277433,0.2587350659277433,2.1166927765569667,3.816153220873519,0.12589928057554384,0.0038272502064852056,53.333333333333336,0.729609123985094,0.10051578814338948,0.10326183582896374,0.0012115338017974647,0.08568215498753706,95.0,25.0,0.5088013954129235,0.9590423426988491,1.2088517383832604,1.3857195253399326,2.376046711986041,-0.9894416971310567,16.775510204082657,0.0,0.5546664663024167,-0.2864493969004406,0.4113155577461269,0.04904845451780286,1.0,0,0,1,2399.9741425166667,13.0,8.0,0.0,0.0,0.0
1514616,XAUUSD,BUY,28.644944518239445,63.1545666980762,-0.8080960541731272,48.5197221293056,26.071466444593266,0.26071466444593266,1.9904283752812553,3.5885130517632216,0.2194265652428302,0.0033845082806926614,69.16666666666667,0.728810905731638,0.01916917611403913,0.08155917950431942,0.017275419545898583,0.10119596288937208,97.5,25.0,0.515254393530423,0.9552793711493518,1.2086714165314585,1.3359058654747282,2.3241306838628075,-0.8655609455012867,824.3999999970059,0.0,0.5546664570822163,-0.2864493938376371,0.4155833413866627,0.08759324690017191,1.0,0,0,1,2394.7072722333332,13.0,8.0,0.0,0.0,0.0
1514618,XAUUSD,BUY,28.53536473680846,62.234341597507196,-0.8693128311950264,47.405456262926634,26.247459179751495,0.2624745917975149,1.896218451175382,3.41051387647716,0.1631116687578595,0.002956979909175039,90.0,0.7305425192421726,-0.002953143781623633,0.06846443745912233,0.011239368165273376,0.11137958404441876,100.0,25.0,0.5273654547557053,0.9474753958065915,1.0658633135734124,1.2443202271744003,2.239972490857057,-0.6696968988600781,56.885714285729954,0.0,0.5559918428310895,-0.2853535935960878,0.42354432619117516,0.011812986186517055,1.0,0,0,1,2388.9904215666666,13.0,8.0,0.0,0.0,0.0
1514620,XAUUSD,BUY,40.21646122664535,59.79965973452097,-0.972849340957187,46.77649510128898,27.245245040243915,0.27245245040243915,1.7844498129539912,4.185253050300786,0.047095761381430276,0.00261846633535233,99.16666666666667,0.7336741915891375,0.0070552386969765955,0.04420837545408669,0.024611398963749767,0.13340033250650157,100.0,25.0,0.5344564603625271,0.9435173299101345,1.0004656921084722,1.1818509711151366,2.179097641259783,-0.7554962917557851,87.97297297278071,1.0,0.4263659485200776,-0.4021645448988551,0.4281762208481474,-0.023516084255958972,1.0,0,0,1,2384.9908502999997,13.0,8.0,0.0,0.0,0.0
1514622,XAUUSD,BUY,40.21646122664536,60.510209110299925,-1.007835964538133,46.17245973691117,28.171760482129734,0.2817176048212973,1.6786661036327337,3.937147674125469,0.06109822119102013,0.002190056029872775,100.0,0.7396585226762457,-0.0365715005995559,0.048555376297696,0.010699373695218348,0.12626574441169117,100.0,25.0,0.5414483036521988,0.9332477535301599,0.7197934671648439,1.080623806848351,2.086738483487446,-0.8418990723589006,39.63157894733673,1.0,0.4263659421003714,-0.4021645406535838,0.43272243139001343,0.01602686978812005,1.0,0,0,1,2379.9405705666663,13.0,8.0,0.0,0.0,0.0
1514624,XAUUSD,BUY,53.7885267419121,59.89841767823257,-1.0359308570503476,46.250141184274675,30.001529500685617,0.3000152950068562,1.5561432960936274,5.178735236787912,0.29311969839766594,0.0017323827986741472,100.0,0.7540430945870069,-0.03974604188597851,0.03955354925516336,0.00465509944985725,0.13081041149464032,99.16666666666667,25.0,0.5405388904737041,0.9376337184424487,0.9329352551123986,1.0705434846145745,2.0700639608135503,-0.7897206528183932,92.46341463397148,1.0,0.3004870734754428,-0.5378851875535102,0.43213228409373544,-0.041297171232187846,1.0,0,0,1,2374.5738109166664,13.0,8.0,0.0,0.0,0.0
1514631,XAUUSD,BUY,41.48511797427261,65.0664302748714,6.001958871190551,30.474516328197556,34.337630821173,0.34337630821173,11.396595692404873,4.713361108107827,0.6830343090966365,0.022074542210098108,2.5,0.7867715529502356,0.9155225460603653,0.7903634095061771,0.021355848025817314,0.024938869966477633,94.16666666666667,25.0,0.8203575646865287,0.9592426187419728,1.0754220330219169,1.3322385498655136,2.1161807960769146,1.6512719315950923,289.8750000002643,0.0,2.417933405286364,0.4148511539914991,0.5990329459056347,1.611510400070206,1.0,0,0,1,2294.5235144499998,13.0,8.0,0.0,0.0,0.0
1514636,XAUUSD,BUY,26.04258195873921,65.40014476095541,5.550997616564949,32.94224576277338,34.24865593706997,0.3424865593706997,8.5945175462927,5.042964981804299,0.8169805087545435,0.022670928143883023,0.8333333333333334,0.786731938683243,0.07306803725099455,0.5778528466095407,0.0317596566523509,0.0021249310233646076,90.83333333333333,20.0,0.6071231495273811,0.9671587505348673,0.798836623556455,1.220303137621559,2.025905318570899,0.8901949779077363,50.82926829264384,0.0,1.7042584814775428,0.26042580049106695,0.47444571700363436,0.11504983683543761,1.0,0,0,1,2279.8738687833334,13.0,8.0,0.0,0.0,0.0
1514638,XAUUSD,BUY,26.72014173835216,65.55722462245217,5.0534417890419885,33.82779963686101,33.71090492287584,0.3371090492287584,7.885727250499705,4.560166736553926,0.8488799732530796,0.022937907711753174,0.8333333333333334,0.7868827584907062,0.07498856606212251,0.5171565612992088,0.006616674018530678,0.009164060427465807,89.16666666666667,20.0,0.5912297049970308,0.9832049636285771,0.769888444894142,1.2500433874279124,2.0618957156211404,0.6798599392940429,30.48648648649602,0.0,1.729262541657924,0.2672013959144816,0.46450711668216244,0.08011162502709875,1.0,0,0,1,2274.523493716667,13.0,8.0,0.0,0.0,0.0
1514642,XAUUSD,BUY,32.11192297311735,67.61515384298266,4.132876292387994,35.865398666477006,33.30519045407145,0.3330519045407145,7.217020674470372,3.7085952912270153,0.971621387783333,0.02298324323072747,0.8333333333333334,0.7865218529073841,0.13071297340025823,0.48970960609078323,0.04420333534259089,0.021190340223644927,86.66666666666667,20.0,0.5576405322016894,0.9916428646990377,0.6869977906209743,1.2481797429181127,2.071294396477171,0.373840250139169,29.766233766233974,0.0,1.946024885896267,0.3211192003397688,0.4431721969520276,0.15056294369447137,1.0,0,0,1,2264.990792833333,13.0,8.0,0.0,0.0,0.0
1514644,XAUUSD,BUY,12.632553597737827,68.70521476091301,3.740260648392259,37.57715590458579,31.828573535761908,0.31828573535761906,6.3962439921653145,4.9614741592125124,0.8563922942205809,0.022540027525180042,4.166666666666666,0.7862094031682988,0.19705156143245994,0.4700791337335258,0.03275948520809024,0.0013305956450304578,85.83333333333333,20.0,0.5322382580199282,0.9921406411582284,0.699681679063606,1.3107652791807562,2.137481655899328,0.28697436909268936,21.622727272719576,0.0,1.2891819039522368,0.1263255248549395,0.4267295801270144,0.177501459049648,1.0,0,0,1,2259.8570693,13.0,8.0,0.0,0.0,0.0
1514646,XAUUSD,BUY,14.315880598150423,68.78027500430395,3.265886585063919,39.190930482829664,30.577666897361087,0.3057766689736109,5.893463670271645,4.417376152567455,0.8387413962634142,0.02247209496615747,5.0,0.7858715722137535,0.15511379577764928,0.4107977909500985,0.0023267409007714434,0.025771268698065734,84.16666666666667,20.0,0.5103221524368349,0.9994895354772918,0.7169923385233223,1.3586972367919103,2.187214084940751,0.24169260023973152,29.52551020408103,0.0,1.3341545144829356,0.1431587920972044,0.4123229740564736,0.1944327400784313,1.0,0,0,1,2254.590137333333,13.0,8.0,0.0,0.0,0.0
1514648,XAUUSD,BUY,9.96193747927872,67.45343490416323,2.6862160010644818,40.91157830548474,29.10511479606949,0.2910511479606949,5.242341007862483,4.292487366456316,0.670609645131886,0.022377960078204563,6.666666666666667,0.7857031658612936,0.11764200574453801,0.3341485147743315,0.01627686472820234,0.07406216346325713,82.5,20.0,0.4888591647738688,0.9898021001615487,0.6550547630266027,1.3128158956892604,2.1462770262073367,0.19337357163713878,428.7857142875017,0.0,1.2212825196752535,0.09961936434484202,0.3980101654635146,0.12539237576450002,1.0,0,0,1,2249.990751416667,13.0,8.0,0.0,0.0,0.0
1514650,XAUUSD,BUY,10.315644938255078,64.50264566477173,1.988869438138023,42.19217985509299,27.763009806225604,0.277630098062256,4.753998405219481,3.8649031257108746,0.35121951219516706,0.021834394812157286,15.0,0.7857514048235852,0.02654572944730198,0.24640124598466884,0.037049626104680086,0.12822281329336951,80.83333333333333,20.0,0.4740214909181995,0.9697211951633793,0.5582614080152629,1.2126658263781298,2.052833663054766,0.12446907747109046,60.436893203845074,0.0,1.2300430361503663,0.1031564374139215,0.38799437365963624,0.06280784754667436,1.0,0,0,1,2244.840425783333,12.0,5.0,0.0,0.0,0.0
1514652,XAUUSD,BUY,10.315644938255081,65.17249129252028,1.445709102686724,43.02702415115779,26.516769458513423,0.26516769458513423,4.328774890585375,3.5192051361972987,0.3615999999999885,0.02098311504467657,17.5,0.7858225775444871,-0.0044156099567331155,0.23732361594716728,0.015961395694129007,0.10505025827771104,80.0,20.0,0.4648241516712429,0.9460456766729847,0.43487992817907034,1.0609780833623508,1.9066966452721652,0.02978860113029524,25.99082568808112,1.0,1.2300430048871367,0.10315643623822121,0.38173520227558216,0.04671482724296499,1.0,0,0,1,2239.9572858,12.0,5.0,0.0,0.0,0.0
1514654,XAUUSD,BUY,6.977013453120015,61.97437667405803,0.82334236533982,43.90009385464652,25.121072600985325,0.2512107260098533,3.9396367496954876,3.4257525475518773,0.220946915351522,0.019406757134862493,20.833333333333336,0.7860693192075119,-0.10001913224907148,0.1638734430621686,0.04072398190045249,0.1544415832560467,79.16666666666666,20.0,0.4555798916107132,0.9549217113792718,0.444222870901941,1.0672679605572666,1.9114503363178845,-0.037573361773704225,61.651162790721656,1.0,1.150005887758868,0.06977012505849989,0.37540437215832595,-0.055808536722328946,1.0,0,0,1,2234.590137933333,12.0,5.0,0.0,0.0,0.0
1514658,XAUUSD,BUY,10.254489356231767,62.051224360884056,-0.06258575407411104,46.115693170588095,22.605327456241408,0.22605327456241409,3.2337282524608417,3.9727118898135863,0.11595330739299226,0.01469238686952635,24.166666666666668,0.7865849536114388,-0.07224545595745463,0.132288083482383,0.007315883596160242,0.14246777069353186,76.66666666666667,20.0,0.4336918438158857,0.9298892988929827,0.32868170262641466,0.8775696320326339,1.7241707409264424,-0.14896201380265875,232.36000000000058,1.0,0.8139848869402136,-0.10254487933270119,0.3602528263481948,-0.09389428418613768,1.0,0,0,1,2224.924065933333,12.0,5.0,0.0,0.0,0.0
1514660,XAUUSD,BUY,13.57521885083525,62.162164812316014,-0.3503870199293413,47.35742937268895,21.960319698712397,0.21960319698712397,2.9240140719174366,3.842596229058016,0.006124234470745603,0.011178749620579317,25.833333333333336,0.7822714616452138,-0.022162886593895165,0.11865245126272334,0.0017322834645760957,0.1364094311192812,72.5,20.0,0.42232022018353066,0.9344769123366851,0.3783550113774288,0.8707655743952294,1.7137938198602425,-0.1977245129675344,135.68888888894463,1.0,0.7609473222449173,-0.13575216844628857,0.35228949603206927,-0.068204715559631,1.0,0,0,1,2219.9907946333333,12.0,5.0,0.0,0.0,0.0
1514662,XAUUSD,BUY,6.927299752749912,65.39130556028034,-0.3679144812770341,48.43118441749691,20.88653255971508,0.2088653255971508,3.0369442059298715,3.4890171078864225,0.09047237790233877,0.002685093990565353,97.5,0.7758497822179514,0.027256595041296607,0.16587347551053563,0.05241224555217854,0.06607313115480493,69.16666666666667,20.0,0.4129570697175543,0.9355739503340978,0.45776769308496007,0.8433883525355795,1.6875442306036668,-0.22209815119086718,576.2727272696726,0.0,0.8704294767244964,-0.06927298691251328,0.3456847208753411,0.0456317562037905,1.0,0,0,1,2214.8239097333335,12.0,5.0,0.0,0.0,0.0
1514664,XAUUSD,BUY,6.6935947979602135,65.22580870003722,-0.42807136181238103,49.40181410196144,19.8727512910183,0.198727512910183,2.7776256784164746,3.176147103638476,0.08662900188325433,0.0025247861845996734,98.33333333333333,0.7681732093960864,0.0705837057414036,0.14547906938004257,0.001451144792004916,0.06659674467034071,61.66666666666667,20.0,0.4048434326464526,0.9680861673481619,2.722908088042132,0.9688264604606497,1.8041178318842732,-0.20944760544749078,18.079510703361468,0.0,0.8745264980668033,-0.0669359367369936,0.3399258607374509,0.02489787110776641,1.0,0,0,1,2209.556723033333,12.0,5.0,0.0,0.0,0.0
1514668,XAUUSD,BUY,16.669905504043772,64.72626237342516,-0.6081790721917768,51.535849914446345,18.94443721024789,0.18944437210247891,2.2958198477352405,3.2143619458223083,0.007957559681710838,0.0022474456476444206,98.33333333333333,0.7445152799372405,0.06650922039457921,0.11817816235059915,0.015057973196807743,0.06092846058060515,46.666666666666664,20.0,0.38807936675540633,0.9589109404607572,2.1954504562610464,0.8512807018758947,1.6954894720517288,-0.22943342929154706,75.21686746988647,0.0,0.7142379023249712,-0.16669902478752938,0.3279210411093758,0.0754814368339329,1.0,0,0,1,2199.7739088166663,12.0,5.0,0.0,0.0,0.0
1514670,XAUUSD,BUY,6.408483912785483,68.43843618424958,-0.4408872282007934,53.09614634912876,18.049011974714862,0.18049011974714863,2.5481017289046033,2.8970536343873436,0.4585635359115594,0.0023982695403751302,96.66666666666667,0.72762726751595,0.12868376777459276,0.16410286882044814,0.04783319705642155,0.003390076538073363,36.666666666666664,20.0,0.37667517089643127,0.9686845517103788,2.4656671297637818,0.8655885490384008,1.707822647643946,-0.3580347216742139,65.40999999999985,0.0,0.879549076727531,-0.06408482735870903,0.31967129569236025,0.13127129705741108,1.0,0,0,1,2194.9907421166668,12.0,5.0,0.0,0.0,0.0
1514672,XAUUSD,BUY,0.5749758705224572,70.33773192715083,-0.24336008997030412,54.79927875276239,16.800866538701122,0.16800866538701123,2.576711402865885,2.6065136965021147,0.5021770682147855,0.0027102531468166007,93.33333333333333,0.7058169836221581,0.10196562438180269,0.17688047263680964,0.026644138289578796,0.006569429528879069,29.166666666666668,20.0,0.36496830716028017,0.9982151710461052,3.305278954665879,0.9983528181546351,1.8301808018948609,-0.3022747721338414,19.905982905981638,0.0,0.9885658447749306,-0.005749757595923416,0.31113121016977957,0.16168096007199814,1.0,1,0,0,2189.823714133333,12.0,5.0,0.0,0.0,0.0
1514674,XAUUSD,BUY,3.351197487448374,71.90364345530062,-0.054551033047001596,55.98861598470792,15.840175892183069,0.1584017589218307,2.533199968653613,2.3689202394093094,0.8232628398791523,0.003011009958122353,91.66666666666666,0.6766820089459857,0.13180005475428527,0.18442994456840833,0.024212736179152938,0.002500508318291988,20.833333333333336,20.0,0.35721547404319776,0.9965058720760975,3.253234085988953,1.050391052600963,1.8799901716420169,-0.0074817990925901265,36.531707317069646,0.0,1.0693474846319782,0.03351196803826459,0.30543515530944787,0.13074086349980518,1.0,1,0,0,2184.9906181166666,12.0,5.0,0.0,0.0,0.0
1514677,XAUUSD,BUY,10.19712217777554,69.55849964509144,-0.055840049368541145,57.273714842943036,15.437100626868245,0.15437100626868244,2.6387007038400356,2.1503548571267035,0.7230549607422765,0.0031750368091251527,90.83333333333333,0.6414687887482478,0.12560146666412578,0.14700799152245103,0.013787510137881084,0.06774486360173967,10.833333333333334,20.0,0.3492003278440091,0.9986606715775431,3.1190359813090787,1.0851231326907331,1.9149618229294203,0.3697243640575639,40.300578034670686,0.0,1.2270995496372663,0.10197120048520633,0.2995120671967377,0.11156950474615075,1.0,1,0,0,2179.8903329,12.0,5.0,0.0,0.0,0.0
1514679,XAUUSD,BUY,6.841227586253859,70.60122411762424,-0.045257801228069994,58.462020925589954,14.82310969539579,0.1482310969539579,2.400418572817078,2.093012712178593,0.7338820301782885,0.0033522869269801484,83.33333333333334,0.6102789299188751,0.12391954448322666,0.14624405407063054,0.009470978216759964,0.04874959768542579,3.3333333333333335,20.0,0.3421024398977904,0.9638228438228428,2.4115282994704317,0.9928520673640081,1.832894774492901,0.30843695577647895,71.5294117646744,0.0,1.146871880891077,0.06841226063758991,0.2942373693901595,0.1411172564578385,1.0,1,0,0,2174.99058025,12.0,5.0,0.0,0.0,0.0
1514682,XAUUSD,BUY,17.8151375846674,75.95003275993649,0.30288903681878665,59.86330514519067,15.036825973200905,0.15036825973200904,2.7208811872243,1.898017950874909,0.8123791102514123,0.004177461107178203,72.5,0.5908164019670484,0.16490033394908635,0.2230754719773068,0.07966188524590498,0.0001670472416291597,1.6666666666666667,20.0,0.3340944832814125,0.9734265734265786,2.318972049488578,0.9980925938414793,1.8392683208886196,0.164400501778505,104.58571428560433,0.0,1.4335374185648069,0.17815133727658794,0.28825277203285066,0.22517968173167993,1.0,1,0,0,2169.89042825,12.0,5.0,0.0,0.0,0.0
1514684,XAUUSD,BUY,25.579103867349904,77.1606687001841,0.554580025092676,61.23306906339134,15.789845822782977,0.15789845822782977,2.9074535193320323,1.7230199110297515,0.796858638743406,0.005004592427753056,61.66666666666667,0.7004976284831463,0.15615953813826286,0.22213850123136222,0.02150809716598961,0.0339685733838788,1.6666666666666667,20.0,0.32662089792192295,0.9999096004339242,2.9060393401593747,1.2305290332416783,2.0569026950873535,0.41945224370958967,11.553054662378896,0.0,1.6874162702961122,0.25579098343271484,0.2826350309793037,0.18976674169263544,1.0,1,0,0,2164.5400366666668,12.0,5.0,0.0,0.0,0.0
1514686,XAUUSD,BUY,16.331875676263902,73.93970409866705,0.537988776458735,62.56999270172052,15.828562240888758,0.15828562240888758,2.6420925111079883,1.900243793105965,0.6856581532416631,0.005532807488818312,57.49999999999999,0.7161525285917985,0.10445597192694375,0.17716709568449726,0.01713570981863532,0.05481860955858901,0.8333333333333334,20.0,0.31964203824255916,0.9804216867469886,2.4703691856946395,1.246803195602052,2.078738328616437,0.8458482311986697,45.494117647063774,0.0,1.3903958693603193,0.16331872080785498,0.2773605166719038,0.1321719828133052,1.0,1,0,0,2159.907422516667,12.0,5.0,0.0,0.0,0.0
1514688,XAUUSD,BUY,4.128782054926146,71.12139818843147,0.3630978008567478,64.07356465159762,14.992863656177143,0.14992863656177144,2.395799968889218,2.205809541198924,0.656370656370622,0.005868676361209049,55.00000000000001,0.7315976497960457,0.0993880561285074,0.1397289229873613,0.014589811049991106,0.07210461951229516,0.8333333333333334,20.0,0.3121412100099431,0.9613259668508355,1.8207905264430488,1.1307571211719727,1.9781485337467042,1.0113035608709577,57.35766423358116,0.0,1.0861313445292673,0.04128781157678966,0.27166031431099885,0.08365384428265964,1.0,1,0,0,2154.9904219833334,12.0,5.0,0.0,0.0,0.0
1514690,XAUUSD,BUY,5.920565655404373,73.55681433392863,0.343664306101628,65.16116717648352,14.34484237040766,0.1434484237040766,2.2675608629022017,2.0140644265233636,0.6822846943328622,0.006299260184759351,50.0,0.7427466006279569,0.12268235568689505,0.16138422475995975,0.03341740226985662,0.029925799130000354,0.8333333333333334,20.0,0.3069312731282374,0.9479084451460152,1.3861926624459886,1.0295962228011937,1.8886581888736078,0.5020680381603203,67.54098360654298,1.0,1.1258625628743433,0.05920564272620063,0.26768184957798247,0.13888640109053021,1.0,1,0,0,2149.7906914666664,12.0,5.0,0.0,0.0,0.0
1514692,XAUUSD,BUY,17.578392056033273,70.6721199734322,0.17492964509387754,66.52679809244896,14.575810205095204,0.14575810205095205,2.613168067930102,1.8318120380825198,0.5256601893373123,0.00645919320721111,49.166666666666664,0.7515692743740034,0.009170247899898185,0.1266970315226329,0.014356905552919318,0.09514962663922956,0.8333333333333334,20.0,0.300630731877506,0.9780133047694235,1.5166420287578273,1.0963610079104948,1.9537931637218366,0.13501034108465423,28.92452830189097,0.0,1.4265473678828482,0.1757838810137258,0.26284932517383547,0.10251507957022517,1.0,1,0,0,2144.990662816667,12.0,5.0,0.0,0.0,0.0
1514694,XAUUSD,BUY,17.57839205603327,63.47827136622787,-0.20784912568455383,67.23774108584543,14.790280337305065,0.14790280337305065,2.4008562975636334,1.6829830126720076,0.2503522780648055,0.006422479255706178,49.166666666666664,0.7579977154879383,-0.06365525452838873,0.07008975222143242,0.043148535564856184,0.14203332601265217,0.8333333333333334,20.0,0.2974519916495277,0.93109829106346,1.1852959633522662,0.9984610619696679,1.8660862391135877,-0.2224372077520995,68.65289256198116,0.0,1.4265472990155672,0.1757838775165535,0.2604023347178955,-0.038817484910272024,1.0,1,0,0,2139.8573949333336,12.0,5.0,0.0,0.0,0.0
1514696,XAUUSD,BUY,17.578392056033273,62.90009933124347,-0.5159848636032569,67.57147386542789,14.98943117435708,0.1498943117435708,2.2183558106383443,1.5550514827377422,0.16834677419355448,0.006190054349423014,51.66666666666667,0.7631560497844081,-0.047435069833866465,0.059486116320254794,0.0038937560839903476,0.14532759814528762,0.8333333333333334,20.0,0.29598288827961694,0.8960487645586134,0.6664177375112859,0.8232014715187256,1.7046981792048617,-0.9225367965332418,22.175757575756165,1.0,1.426547229282465,0.17578387397541348,0.25926939435496626,-0.06748409852774513,1.0,1,0,0,2134.9906365166667,12.0,5.0,0.0,0.0,0.0
1514698,XAUUSD,SELL,14.773688727432553,47.68886619550569,-1.303095095262102,67.80494001789734,14.974020999576757,0.14974020999576756,2.052809164643713,1.5243332752386123,0.1601449275362324,0.005887046812587872,53.333333333333336,0.7617276730190498,-0.15756672378502462,0.06352133989382931,0.12380011293055362,0.2743162960558749,0.8333333333333334,20.0,0.2949637591998597,0.893109829106349,0.5896522529851772,0.7785555281424581,1.6621349289115097,-2.127021870027404,255.82142857166164,1.0,1.3466922564096881,0.1477368459740842,0.25848270958605524,-0.17683077364032607,0.0,1,0,0,2129.94050295,12.0,5.0,0.0,0.0,0.0
1514700,XAUUSD,SELL,14.773688727432553,57.660558818080716,-1.2791542849936786,67.92673001661898,14.959711551566457,0.14959711551566457,1.9027622317211,1.4129144757511634,0.07215299913067998,0.005520256007518433,57.49999999999999,0.7578478411132552,-0.08113054695901219,0.04838956818922468,0.11408430441663453,0.1569338020156686,0.8333333333333334,20.0,0.29443490059225275,0.7975400021769851,-0.6643038464867794,0.3876047621987034,1.29884510644147,-3.6631341661583017,7.077537058152408,0.0,1.346692186742108,0.14773684271725446,0.2580742297152864,-0.04210419078468732,1.0,1,0,0,2124.5901096,12.0,5.0,0.0,0.0,0.0
1514702,XAUUSD,BUY,29.067308137788928,63.264313363326124,-0.87538999397733,68.81982072971758,15.96739702201092,0.1596739702201092,2.356286925489145,1.2949659897318557,0.06374269005846178,0.005298981697820779,58.333333333333336,0.7574033060745621,0.022817350425384002,0.12077912860357633,0.07385303991047676,0.06916612030558181,0.8333333333333334,20.0,0.2906139508637757,0.8839664743659533,0.5405694451852783,0.6984552841089344,1.5778448278979453,-2.8530807095129673,7.765447667086717,1.0,1.8195729653132342,0.2906730017687774,0.25511803605654226,0.005376358090978265,1.0,1,0,0,2119.990696433333,12.0,5.0,0.0,0.0,0.0
1514704,XAUUSD,BUY,37.30141042235027,63.56359569836904,-0.6075567149119427,69.94483353473773,17.49125512203516,0.1749125512203516,2.5908889714381615,1.1831275713903162,0.025562994522219436,0.005228913199302934,58.333333333333336,0.7555748816994826,0.07329715245600953,0.11191674603151477,0.0035473572188741034,0.06719581365027609,0.8333333333333334,20.0,0.28593963255437743,0.948187656471098,1.4237631080106714,0.9079798753926998,1.7693914345590627,-1.7104623621714043,12.540404040404848,0.0,2.1898625678471784,0.3730140053860967,0.2514896826874712,0.027307234908940964,1.0,1,0,0,2114.8070639666666,12.0,5.0,0.0,0.0,0.0
1514706,XAUUSD,BUY,26.977852729065763,63.043017877386475,-0.4796975372483363,71.23520256797076,18.168869236823063,0.18168869236823063,2.3622458586470243,1.3584752086518186,0.05874960728871636,0.005023948239547345,60.83333333333333,0.754799946030563,0.07127415399991148,0.09535946387732303,0.0036359504601716644,0.07959547801650325,0.8333333333333334,20.0,0.28076006355027244,0.94899620184482,1.3585789521308345,0.8826231034301482,1.7479830990181846,0.006582224826311774,280.8999999998281,0.0,1.7388938014537396,0.26977845478362206,0.24745370135092457,0.06752279528384614,1.0,1,0,0,2109.990766183333,12.0,5.0,0.0,0.0,0.0
1514708,XAUUSD,BUY,26.977852729065756,67.32130758567412,-0.12162512068902753,72.37125952740138,18.798082343411828,0.1879808234341183,2.15908104919611,1.2416396320757153,0.22068380898559842,0.0049303604431767374,61.66666666666667,0.7494297939292962,0.25264273897985623,0.14430620875876463,0.05313288960293941,0.01271222866657088,0.8333333333333334,20.0,0.2763527970993451,0.9389008620689648,1.2268202257600356,0.8325576834130178,1.7035520754669364,0.385540145526802,274.03125000025085,0.0,1.738893681005479,0.2697784479608703,0.24400663346215185,0.13582739977432712,1.0,1,0,0,2104.7738864333332,12.0,5.0,0.0,0.0,0.0
1514710,XAUUSD,BUY,31.635902580184567,67.55125389697916,0.07634382062515588,73.47616956115843,19.715069503181308,0.19715069503181307,2.1866374283673076,1.135613394557451,0.1639890876023004,0.0047583635365067625,63.33333333333333,0.745347998225498,0.1481626186416207,0.13192409434059957,0.0027322404371559806,0.027900202368250148,0.8333333333333334,20.0,0.2721970962755871,0.9900862068965509,1.921474617818894,0.981503323725589,1.8435323537191073,0.5521091663404506,17.82073434125213,0.0,1.9255104891651542,0.31635893057756925,0.24074540281662535,0.2569540588841557,1.0,1,0,0,2099.9907342666665,12.0,5.0,0.0,0.0,0.0
1514712,XAUUSD,BUY,31.63590258018455,67.5133571095812,0.14490402082534537,74.20787173536142,20.56655758011011,0.20566557580110112,2.01042846945432,1.044100621846877,0.2071675573719035,0.004740337770167805,63.33333333333333,0.7429655315789513,0.06762138318440078,0.11793914085140725,0.00023889154323371956,0.027894614837920433,0.8333333333333334,20.0,0.2695131868398488,0.9782377919320575,1.847452413531688,0.9479573713533028,1.8168770563384569,0.6706898669663581,365.0000000003335,0.0,1.9255103405530005,0.31635892223140544,0.23863350953664933,0.14715420001455845,1.0,1,0,0,2094.94063595,12.0,5.0,0.0,0.0,0.0
1514714,XAUUSD,BUY,17.839314207246357,59.672123095173475,-0.14790145972877333,75.25730946854993,20.371754482048416,0.20371754482048415,1.8407941725177541,1.2834503716762364,0.16575591985428362,0.004540295821206693,68.33333333333333,0.7401501644128038,0.004385255780094576,0.05292207981198489,0.049268841394826575,0.09447587284490758,0.8333333333333334,20.0,0.26575491658199674,0.9780254777070094,1.6740734989468906,0.9052824018577101,1.780811609826682,0.7847266907520707,4185.0000000989985,0.0,1.434253149859201,0.17839308497287276,0.23566871618346352,0.008902789705497858,1.0,1,0,0,2089.623499816667,12.0,5.0,0.0,0.0,0.0
1514716,XAUUSD,BUY,29.369944167312223,69.56849785489338,0.3478671116930272,76.53750164936783,21.014482316710115,0.21014482316710115,2.146409806261957,1.1718413069734899,0.38744884038198685,0.005217219071517872,55.00000000000001,0.7272289942512583,0.15541683504571419,0.18077829085519523,0.12148529727409942,0.010321737487840887,0.8333333333333334,20.0,0.26130980981876867,0.9250711349984133,0.7952875908482915,0.703009094910032,1.593956626988638,-0.009432769889083035,19.296803652967654,1.0,1.8316541342541872,0.2936993531628368,0.23215071262676457,0.15208230931452765,1.0,1,0,0,2084.9907147666668,12.0,5.0,0.0,0.0,0.0
1514718,XAUUSD,BUY,37.57566555885613,72.75194972904649,0.9084272957394823,78.04196581727015,22.1974239768634,0.221974239768634,2.3518948575762737,1.0671616274822873,0.7666666666666855,0.00613503225959337,45.0,0.7063762228948955,0.15561193159289316,0.21837460702657166,0.0513319672131168,0.00166577044335986,0.8333333333333334,20.0,0.25627237590130175,0.9920905086103328,2.4038311383394464,1.0921375778229059,1.9584052671528873,0.42583199658456383,7.23144876325046,0.0,2.2038767072690715,0.3757565456879067,0.2281489043293508,0.21731897476430437,1.0,1,0,0,2079.7405426166665,12.0,5.0,0.0,0.0,0.0
1514720,XAUUSD,BUY,41.630954519814885,69.85587132843037,1.0416288061523433,79.6711111160366,23.585533301359934,0.23585533301359934,2.355311944540802,0.9706727634296324,0.6170087976539678,0.00659956573567727,40.0,0.695154744749781,0.1263814921434017,0.1726414677227161,0.018344075359439244,0.054976012492418735,0.8333333333333334,20.0,0.2510320205133213,0.9987526386490106,2.517132481886616,1.2189923597226666,2.086919002917374,1.2173139337561931,18.48103792415092,0.0,2.4264712133754367,0.4163094200293773,0.22396882709111365,0.1301601026361557,1.0,1,0,0,2074.9240113166666,12.0,5.0,0.0,0.0,0.0
1514722,XAUUSD,BUY,41.630954519814885,65.57780563044565,0.8363484959495935,80.7231746077483,24.874491959821,0.24874491959821,2.158571268197538,0.8895918618413025,0.3980645161290369,0.00693878104799955,39.166666666666664,0.7092266774928873,0.09058150459104077,0.12278070473662572,0.03029661016948788,0.08894595678241711,0.8333333333333334,20.0,0.24776032529920197,0.9589233799118437,1.888023914477773,1.093086922285962,1.9783842906968196,1.9840174637272447,53.51351351352979,0.0,2.426470985535643,0.41630940862100685,0.2213502044679467,0.09043251873421097,1.0,1,0,0,2069.6068139,12.0,5.0,0.0,0.0,0.0
1514724,XAUUSD,BUY,41.630954519814885,60.821534085180616,0.394584078554578,81.35009070719485,26.071382142677706,0.26071382142677707,1.9889409994381406,0.8196837198987297,0.2554443790465098,0.007070225999651662,38.333333333333336,0.7176432052060053,0.10247591794092123,0.07330674477302226,0.036983240223457996,0.1290717675754398,0.8333333333333334,20.0,0.2458509858579806,0.9326643533714688,1.293750787405031,0.9848368619120782,1.8430050794206432,1.2996186358333532,32.00699300699698,0.0,2.42647075290591,0.41630939697279357,0.21981881919886523,0.04917019717159612,1.0,1,0,0,2064.9906016166665,12.0,5.0,0.0,0.0,0.0
1514726,XAUUSD,BUY,50.01202972980048,68.39769661516003,0.6890313262156536,82.05151279953809,27.781428398900765,0.27781428398900765,2.2646112445916167,0.754628277292864,0.437628278221205,0.00779116423348728,35.0,0.7218921160289693,0.08803084149518536,0.17812079609745743,0.11176922233190295,0.009871847237958056,0.8333333333333334,20.0,0.24374931451736245,0.9015286504736004,0.7638838506973351,0.8555490447535847,1.696682713967156,0.06034642460527332,26.03927492447546,1.0,3.000958633245214,0.5001201316536007,0.21813045834869446,0.22595561455759455,1.0,1,0,0,2059.9073079,12.0,5.0,0.0,0.0,0.0
1514728,XAUUSD,BUY,50.92629574982824,65.82814503333721,0.6557221975090419,82.77140474242823,29.434633209681298,0.294346332096813,2.1363417617164444,0.6946317954131797,0.3055352353084603,0.00815507029055528,33.33333333333333,0.7288800443210961,0.003866329366090059,0.13887734687130973,0.021057201780088977,0.04011047064298394,0.8333333333333334,20.0,0.24162934122281599,0.9924100449775075,1.698454750776432,1.259386493787039,1.9996118638570357,0.14059751445646507,7.947006869480241,0.0,3.07549798371629,0.5092627776086552,0.21642450195143123,0.06427340476526554,1.0,1,0,0,2054.9907850333334,12.0,5.0,0.0,0.0,0.0
1514730,XAUUSD,BUY,50.92629574982825,58.90344652320693,0.18493702153429492,82.92916154654047,30.969751962548937,0.30969751962548936,1.9799722259369077,0.6437882209753542,0.14495571397710177,0.008222366636327116,33.33333333333333,0.7387571991656521,-0.040824275666108904,0.06486108806877786,0.06530948458461062,0.10695875654093018,0.8333333333333334,20.0,0.24116968780367867,0.9690644800596374,1.275966237086056,1.1681201459536392,1.8963808233384398,0.27440137490572314,46.489690721659336,0.0,3.0754976340504867,0.5092627634017657,0.2160542316081493,-0.06306587336066767,1.0,1,0,0,2049.7571032833334,12.0,5.0,0.0,0.0,0.0
1514732,XAUUSD,BUY,50.92629574982822,60.707991456700114,-0.03801405979159078,82.94565000750185,32.395219375926025,0.32395219375926027,1.8381801606387091,0.5976845129177559,0.18507831821928036,0.008294444945066811,32.5,0.7448775850323018,0.020017935112372844,0.08321492524503162,0.027056277056277105,0.07981129811389938,0.8333333333333334,20.0,0.24112174656767582,0.9173499813641454,0.5920934615503858,0.926596129318443,1.680487507112896,0.18849083388653043,14.311711711711132,0.0,3.0754972655521775,0.5092627484297103,0.21601560501068778,-0.013743939554361468,1.0,1,0,0,2044.5403203166668,12.0,5.0,0.0,0.0,0.0
1514734,XAUUSD,BUY,40.39621951127258,58.56627813510477,-0.3484859047434483,83.02381786410886,32.966719385593635,0.32966719385593635,1.705274529567767,0.7239568778076269,0.25245044652581533,0.008078296459463364,35.833333333333336,0.7479996182852434,0.0390336872904853,0.05625695175079989,0.020466444550217223,0.10069399619375603,0.8333333333333334,20.0,0.2408947277362679,0.9383153186731279,0.7530548608089634,1.0199488333110942,1.7226459155520932,-0.5825629753588055,35.95999999999994,1.0,2.355488602088117,0.4039620288206106,0.21583267404758477,-0.0009635789109441953,1.0,1,0,0,2039.9403720833334,12.0,5.0,0.0,0.0,0.0
1514771,XAUUSD,SELL,48.76149563250552,18.299872691296613,-2.3674034126362833,43.586388605412054,16.035264244426397,0.16035264244426398,1.088386777143144,3.1599291742241356,0.8342002600780127,0.007983553940686363,32.5,0.7232132405742754,-0.4556240430916409,0.472225302292336,0.37290502793297864,0.823651629525966,79.16666666666666,20.0,0.45885884653257625,0.5944560470856307,-2.0757726837869117,-2.0112118360938016,0.18471813729660633,-1.239076781092778,1.1636363636362974,0.0,0.3444338061711689,-0.48761484154667073,0.377654518138365,-0.4831783653987911,0.0,1,0,0,1859.9738983166667,12.0,8.0,0.0,0.0,0.0
1514775,XAUUSD,SELL,55.83500381423133,15.138213198032716,-3.1799816132521235,39.571069766911485,21.04872017311159,0.2104872017311159,1.03368207568887,3.647319463815189,0.8534903763286324,0.010846797323203464,26.666666666666668,0.7191740070628088,-0.5000916708296818,0.5821442382930074,0.15070093457942796,1.0914539398203025,83.33333333333334,20.0,0.5054197452282068,0.4611424130561535,-2.177517751227019,-2.7076961660094896,-0.234381649977173,-1.559924981033749,1.4367088607596443,0.0,0.2834086244803432,-0.5583499188623015,0.40907175979918736,-0.6332909407709303,0.0,1,0,0,1849.5400671166667,12.0,8.0,0.0,0.0,0.0
1514777,XAUUSD,SELL,32.879294493562114,13.411570914200595,-3.457844248580363,38.37742192641785,21.893761196000913,0.21893761196000913,1.7639664237956438,3.492135729738642,0.9744340878827985,0.012361097613168231,25.0,0.7215580020150205,-0.5806438430498578,0.6564813974222541,0.2099737532808425,1.2507353957238658,84.16666666666667,20.0,0.5211397482182775,0.4363707013794467,-1.9290380855580476,-2.591492532885893,-0.31861439005223935,-1.4694465837502824,5.63565891472918,0.0,0.5051252457482277,-0.3287928823811135,0.41945988822698843,-0.6946792843749601,0.0,1,0,0,1844.9239105166666,12.0,8.0,0.0,0.0,0.0
1514783,XAUUSD,SELL,42.950426464786474,30.346714176338622,-2.177023451089962,35.39181704531339,25.99423597437049,0.2599423597437049,1.5314724930065815,3.837445793687669,0.5459355459355545,0.014221987903052666,25.0,0.7479533986072302,-0.005368188133183872,0.3462851456098847,0.221451440768393,1.1536565061840098,87.5,20.0,0.5651023787332902,0.4189819312220738,-1.1368874841152041,-1.9258548814974492,-0.3714263246524981,-0.677999862607275,3.765151515151717,0.0,0.39908631320328564,-0.4295041846495929,0.4479512395734229,-0.13929773635776424,0.0,1,0,0,1829.9906138166666,12.0,8.0,0.0,0.0,0.0
1514785,XAUUSD,SELL,42.95042646478648,34.91667774879552,-1.2822177099300092,33.612401542076746,27.205392437971632,0.2720539243797163,1.4973655414258469,3.7519832218970075,0.40130782271736715,0.013851942337356399,26.666666666666668,0.7555004232182981,0.15599033047264046,0.25129266597474664,0.2805343511449873,1.1278575246265363,89.16666666666667,20.0,0.5950184777771251,0.4592966776763156,-0.78412311703495,-1.5289958990004953,-0.22909652564756403,-0.24932076953564702,3.515662650602753,0.0,0.39908631083442486,-0.4295041828273948,0.46688532098294905,0.0812200222165646,0.0,1,0,0,1824.9240743333332,12.0,8.0,0.0,0.0,0.0
1514787,XAUUSD,SELL,53.85432834368399,28.368043679100893,-1.184747791842062,32.49937286049988,29.108887859808227,0.2910888785980823,1.4380292300369804,4.794534641812767,0.5034150261149162,0.013707625583053521,27.500000000000004,0.7609067671944751,0.016923916269876816,0.5007341311447919,0.5274542429284456,1.3295641176054194,90.83333333333333,20.0,0.6153964904445351,0.4876627161453275,-0.5550586453169088,-1.2518135362278788,-0.1280778437258815,0.17495983758774708,2.564625850340782,0.0,0.2999308666090707,-0.5385431970288691,0.4795804314624355,-0.1310794524646927,0.0,1,0,0,1819.5567810666666,12.0,8.0,0.0,0.0,0.0
1514793,XAUUSD,SELL,68.33315585652896,26.595976088656172,-1.0416987494042722,31.014840442608676,35.8952680627095,0.35895268062709496,1.2064771274835564,6.413335709043153,0.3305971680689663,0.013505999787782785,30.0,0.7727218130088847,-0.47106386518969456,0.6550084263578979,0.3337748344370857,1.4741330068939964,93.33333333333333,17.0,0.548124696351658,0.40369470102090177,-0.8380302638987542,-1.429052763640803,-0.42029027702398947,-0.07483219031499093,4.7277353689577,0.0,0.1881200352045072,-0.6833314688870411,0.4370443251220461,-0.3794957456505443,0.0,1,0,0,1804.9906568333333,12.0,8.0,0.0,0.0,0.0
1514795,XAUUSD,SELL,70.27771452668426,26.138553550752633,-1.1308897676897427,31.10020898242228,38.35115709585055,0.3835115709585055,1.1172250210376566,6.400534823108147,0.30757800891530807,0.013532789219250146,30.0,0.773889040293523,-0.5599904672135722,0.6180553397523847,0.02794163303320896,1.4999899205296672,90.83333333333333,17.0,0.5466201210933449,0.29789112309955806,-1.3717866095243338,-1.854726559751735,-0.7822148813851217,-0.17360962489260265,1.9960317460317496,0.0,0.1745517956487468,-0.7027770517845996,0.43607198299653493,-0.5417970023777978,0.0,1,0,0,1799.8404270666665,12.0,8.0,0.0,0.0,0.0
1514797,XAUUSD,SELL,70.27771452668424,33.43046782827683,-0.6862135391811677,31.073765483677864,40.63162548376725,0.40631625483767253,1.0383060717887855,5.948411505639519,0.08744769874475992,0.012754276990488835,32.5,0.7752304320706527,-0.1508926761809764,0.39952758233271674,0.17930361210543877,1.3159010298084965,92.5,17.0,0.5470852899668565,0.2887690044139339,-1.2960420749318833,-1.763589598825655,-0.8158167971219226,-0.20560055682400935,34.788888888902385,0.0,0.17455179357591583,-0.7027770446792578,0.4363727025643089,-0.4592298286956931,0.0,1,0,0,1794.6403462333333,12.0,8.0,0.0,0.0,0.0
1514799,XAUUSD,SELL,70.09691085035814,30.771562849094764,-0.5649284145998639,30.868496520558004,42.73628872423803,0.4273628872423803,0.9774945783645368,5.560255240545017,0.12760000000000452,0.012188810587854816,34.166666666666664,0.7754986735859152,-0.19792021966416834,0.4948976923107839,0.16028368794324668,1.3836112805674143,93.33333333333333,17.0,0.5507232912583944,0.3427170181461557,-0.8885923185746996,-1.3889520531797697,-0.6196236982923167,-0.19756768320033094,4.577132486388249,0.0,0.17580027539679044,-0.7009690012848867,0.43872146161033726,-0.29803848703394875,0.0,1,0,0,1789.9906322499999,12.0,8.0,0.0,0.0,0.0
1514801,XAUUSD,SELL,70.73278207211658,34.818328251994274,-0.1593747613141101,30.668603911946697,44.7360382490865,0.44736038249086496,0.9135895947778069,5.329501887500818,0.17580813347237711,0.01104755061040727,36.666666666666664,0.7747601669327742,-0.2212365178019723,0.3550990061771601,0.11364446027786367,1.2788322583123006,93.33333333333333,17.0,0.5543128095693262,0.2988719960765111,-1.144707627341683,-1.508855227943018,-0.7841570605907867,-0.039504278398202065,5.238938053097958,0.0,0.17142116517479167,-0.7073277074234975,0.4410335248478606,-0.09651564213677798,0.0,1,0,0,1784.6404873666665,12.0,8.0,0.0,0.0,0.0
1514803,XAUUSD,SELL,72.85907093112728,31.523176476256296,-0.14665190887309087,30.62156077537909,46.7448262978037,0.467448262978037,0.8496364681827558,5.411287511440206,0.3651891012606804,0.010179484344537115,38.333333333333336,0.7716248752838408,-0.06649033634657416,0.48073414194149505,0.1749416861046305,1.3284757200458759,93.33333333333333,17.0,0.5551643864498459,0.3306522805296723,-0.9007330975417972,-1.2824718988864066,-0.6652534391762134,0.22651395214196204,7.7993730407533635,0.0,0.1570118588921119,-0.7285905929401755,0.44158125480252947,-0.40135119467462266,0.0,1,0,0,1779.9906214166667,12.0,8.0,0.0,0.0,0.0
1514805,XAUUSD,SELL,74.00630389352749,37.14350942373133,0.26407790897100547,30.58359214856631,48.692074697498256,0.48692074697498255,0.789927604863802,5.28791220389743,0.31698705374656716,0.009016784865107012,40.0,0.7681281514728157,0.11758831641073271,0.29585699824475853,0.1578597540711192,1.0956855505140881,93.33333333333333,17.0,0.5558536066469524,0.2778813143697889,-1.3219861452251527,-1.4623774107159089,-0.8655113549400374,0.13292072310146721,4.716190476190517,0.0,0.14938361777224138,-0.7400629171711383,0.4420243381983257,0.0876286862243526,0.0,1,0,0,1774.6571469,12.0,8.0,0.0,0.0,0.0
1514807,XAUUSD,SELL,74.00630389352749,34.840378173535186,0.37564203283574393,28.81762128081162,50.50023392578606,0.5050023392578606,0.7784540303166883,5.211106108634472,0.22570602623971056,0.007686955637146666,45.83333333333333,0.7639238169660861,-0.18566729059420617,0.3949121851438621,0.6109215017064116,1.229456090589637,95.83333333333334,17.0,0.5899168371443464,0.3089960886571095,-0.9177015879147203,-1.18736889431566,-0.6859342560976791,0.39545298406557344,5.334736842105293,0.0,0.14938361735586658,-0.7400629153764662,0.46368171118145385,0.002776079233617929,0.0,1,0,0,1769.9405984833334,12.0,8.0,0.0,0.0,0.0
1514809,XAUUSD,SELL,74.61715813285255,34.31459148919542,0.4665744011998445,27.02564833218225,52.22287136914796,0.5222287136914796,0.7707797502153987,5.302454714622083,0.18606825619448536,0.006623729056619492,51.66666666666667,0.7584919241340178,-0.06500525886490459,0.40810996804561656,0.26541554959776303,1.2325328736086127,97.5,17.0,0.6290320880019863,0.2694906707009617,-1.3544468763861601,-1.287831501516421,-0.8171381362211391,0.39470023607588206,0.6368715083800841,0.0,0.14536278880932316,-0.7461714584662413,0.4879860274013421,-0.23052175930898072,0.0,1,0,0,1764.5736648333334,12.0,8.0,0.0,0.0,0.0
1514817,XAUUSD,SELL,50.03488301573807,38.10601316963755,0.9636470750988746,21.431338036637293,56.728022331625745,0.5672802233162575,2.032464900540759,6.103070541839759,0.16921035169211884,0.005959232439220542,65.0,0.7235519058894825,0.014931390991637422,0.28708423489282253,0.4648318042813426,1.5015394720100046,100.0,17.0,0.7932309205770618,0.2546399406087626,-1.5095907678337466,-1.20513230616862,-0.8982828121085891,1.1692820713088234,64.42857142799232,0.0,0.33302327960718553,-0.5003487686557411,0.5840189763899791,-0.1497806620619057,0.0,1,0,0,1743.9901349,12.0,8.0,0.0,0.0,0.0
1514827,XAUUSD,SELL,39.6743327223465,36.75294667804145,1.0957493752469105,15.958275557872458,54.62766612679685,0.5462766612679686,2.9381244415985917,6.802752283645569,0.18897108271690793,0.003641200745322006,83.33333333333334,0.7439634659128471,-0.19352406251526763,0.34403904873542945,0.15649867374007354,2.0121221671823637,100.0,17.0,1.0652780081625828,0.27214302407104446,-1.5110451998101844,-1.023669499067079,-0.8990074906030249,0.5853690738825794,1.6153846153851537,0.0,0.43190224885299117,-0.3967432864937342,0.7252648460015338,-0.0062663412245085775,0.0,1,0,0,1718.9903689999999,12.0,8.0,0.0,0.0,0.0
1514831,XAUUSD,SELL,44.99772991517758,43.50069336457697,1.353913494489107,16.474227394287976,53.17052586500134,0.5317052586500134,16.241810417198558,6.161037443522954,0.009900990099000985,0.002571810951779603,90.83333333333333,0.7435546325337762,0.23490778712687688,0.08296852141995789,0.153956422018345,1.7518272213485504,98.33333333333333,17.0,1.0319148566502319,0.2540313157279715,-1.8074271768847812,-1.0057900369246617,-0.9470965833778003,0.6116090700012966,0.5272727272727047,0.0,2.6362131264208277,0.449977279066058,0.7089786275835462,0.12200875658042303,0.0,0,1,0,1709.94046485,12.0,8.0,0.0,0.0,0.0
1514875,XAUUSD,BUY,53.6960725327248,62.31990549806224,0.9641231228602409,31.155765961336048,48.54246882069827,0.4854246882069827,5.008005733318387,1.5087590099733947,0.31277926720287086,0.006267669068140518,34.166666666666664,0.7390742629641417,0.12178753582627774,0.1526711975222044,0.10931641188347146,1.0935375507146958,54.166666666666664,20.0,0.6419357503461727,0.5301032565528195,1.2984456970898426,1.4135035356975592,0.4658778799609364,0.9782442272323746,22.772727272732595,0.0,3.3192858375181205,0.5369606429304354,0.4958758813646645,0.17974201009694002,1.0,0,1,0,1509.6737714666667,12.0,6.0,0.0,0.0,0.0
1514877,XAUUSD,BUY,51.40163245019045,63.867771315087424,0.6798463564937585,31.37321124981203,48.74669479423343,0.48746694794233425,4.618060232371953,1.4823498591655295,0.4190945764231545,0.006316195424608958,34.166666666666664,0.7419595937278931,-0.12168439127395697,0.1700497994165169,0.03479532163744198,1.0496215939704507,52.5,20.0,0.6374865435593504,0.4646448774355748,0.6931213556309097,0.9045371412639065,0.29438667771643107,0.35022579781574525,8.147757255936783,0.0,3.1153624688905506,0.5140162402426116,0.4931624708198255,0.15777791953096243,1.0,0,1,0,1503.9904913,12.0,6.0,0.0,0.0,0.0
1514879,XAUUSD,BUY,55.38266092063076,61.32153924720914,0.36282440249927106,31.724410446254026,49.22069237469038,0.4922069237469038,4.740567505392219,1.3612297959343354,0.37056277056274267,0.006142521360214323,37.5,0.7446399572899252,-0.13458797993485214,0.12163557844042643,0.029760264535682788,1.1142839063909047,51.66666666666667,20.0,0.6304293671235606,0.4825581395348887,0.7713154066894258,0.9794816212412342,0.3418134729144152,-0.06965530244739666,27.739495798306873,0.0,3.482559694910767,0.5538265184418178,0.48884339554414974,-0.15477040962882954,1.0,0,1,0,1499.9405987666667,12.0,6.0,0.0,0.0,0.0
1514881,XAUUSD,BUY,44.36785042155101,57.38417680884096,0.0002269589137195993,32.11195255723585,48.874060806608995,0.48874060806608993,4.348830675777098,1.6758218532708944,0.16387337057725557,0.0058824289229151465,47.5,0.7504954927533042,-0.2080390399905301,0.0605434307456842,0.046029609690445575,1.154087405116373,47.5,20.0,0.6228210497120132,0.45607016464070654,0.5735724067072661,0.8174475820194927,0.2915477254193999,-0.36629253017963315,32.60185185185408,0.0,2.5950419922302586,0.44367843057168943,0.4841660234960105,-0.18715772543846676,1.0,0,1,0,1494.9905717,12.0,6.0,0.0,0.0,0.0
1514883,XAUUSD,BUY,48.23716329141312,60.260615281685915,-0.14856705537119552,32.63252737457613,48.82856812695215,0.4882856812695215,4.3852887585430755,1.5312960723771212,0.2518615856329399,0.005587947890728231,48.333333333333336,0.7561349188305895,-0.11129561508155238,0.10353267188637705,0.04619289340100827,1.1059517268073364,45.0,20.0,0.6128854124728911,0.4297584243729724,0.3017153991229274,0.596704962569258,0.21346976195330497,-0.4884453377297675,20.725146198829734,0.0,2.863774010705537,0.4823715513854174,0.47802475661520394,-0.15322135311822277,1.0,0,1,0,1489.6738045333334,12.0,6.0,0.0,0.0,0.0
1514885,XAUUSD,BUY,56.57610044196662,62.10713742567807,-0.19286700141242985,33.27877541924922,49.38196329231033,0.4938196329231033,5.027528145518881,1.3943052394328468,0.23201438848923578,0.005342847568527985,53.333333333333336,0.7604238352843237,0.0405566239390166,0.1244781984691904,0.02831094049904771,1.1932530419082048,44.166666666666664,20.0,0.6009836524342639,0.4516030998328457,0.5518569759209974,0.7570288069999047,0.29028074173931984,-0.5570455320512017,20.64835164835491,0.0,3.6057560407704243,0.5657609163200717,0.4706182231156407,-0.07362049742319186,1.0,0,1,0,1484.9906151333334,12.0,6.0,0.0,0.0,0.0
1514887,XAUUSD,BUY,62.46639538057882,62.28015864230594,-0.23847148414297914,34.23386288930289,50.31656558432951,0.5031656558432951,5.447884305447951,1.2585909538648914,0.259587020648925,0.004969397983442593,59.166666666666664,0.7628613625474355,0.009347879301345778,0.11238824368389454,0.0021436227224086307,1.2841086658010856,42.5,20.0,0.5842168634217856,0.437774316862529,0.7075700339195364,0.8415479038521599,0.3403404632526695,-0.4831104559994296,34.32203389829585,0.0,4.328554849503492,0.6246638606623952,0.46009019274696455,0.04264783102979141,1.0,0,1,0,1479.8905646333333,12.0,6.0,0.0,0.0,0.0
1514889,XAUUSD,BUY,65.35658574055041,62.4313066908142,-0.28323579138174404,35.24430125435269,51.39085273834529,0.5139085273834528,5.418358472944351,1.135185734174104,0.21625766871161964,0.004381084228196041,64.16666666666667,0.7637922336289669,0.04198208297451049,0.10107975326189264,0.0018602728400195394,1.3153899595122256,41.66666666666667,20.0,0.5674676270544585,0.41378850513401566,0.7064524969115397,0.8180520598010199,0.34188450689878425,-0.3087655460431269,465.49999999830834,0.0,4.773098830199451,0.6535657576784347,0.44946134071483423,0.011633086354612273,1.0,0,1,0,1474.9739192000002,12.0,6.0,0.0,0.0,0.0
1514892,XAUUSD,BUY,55.80882794842349,68.12370909827362,-0.08968328859559005,36.6137597550286,51.999451364223404,0.519994513642234,4.497207689796529,1.2755174490963892,0.1674333026678542,0.004226585573084926,64.16666666666667,0.7622420646260797,0.19683360143991832,0.23100909563219837,0.1876543209876462,1.1053221595043112,39.166666666666664,20.0,0.5462427277016576,0.36977284460505677,0.21839012611950226,0.5138060388793753,0.23020859649298386,-0.5318188660874883,17.57085020242719,0.0,3.5257880377837494,0.558088182807506,0.4358279415294473,0.24799419837655057,1.0,0,1,0,1463.9901702833333,12.0,6.0,0.0,0.0,0.0
1514894,XAUUSD,BUY,62.53153597561193,71.48876152856573,0.3420811163406743,37.057062629669396,52.75174312217973,0.5275174312217973,5.076294461470206,1.1702403183794234,0.5054168629297628,0.004559627369245067,60.0,0.7581245016375422,0.24836004177554072,0.28683449280072454,0.07683325548808935,1.0135719707564823,37.5,20.0,0.5397081846413586,0.47767165720185234,1.8251756373728059,1.306790149166044,0.5963921939608691,-0.07052364066437161,4.328947368421283,0.0,4.337818518064268,0.6253152596501755,0.4315929079773218,0.28550562967527676,1.0,0,1,0,1459.9908520166668,12.0,6.0,0.0,0.0,0.0
1514896,XAUUSD,BUY,63.40707619630781,69.2397274183493,0.5015388644920065,37.437986727550175,53.512838341760315,0.5351283834176032,4.803111040150608,1.0755952581989543,0.4113171659533698,0.00454519918214239,60.0,0.7549276586317357,0.21930293102791076,0.2341594570102333,0.022175041283311926,1.0475990679044371,36.666666666666664,20.0,0.5342167607875729,0.5175956845620272,2.1257204972116845,1.537474716288943,0.7352756843502902,0.6488952363517109,12.015197568389112,0.0,4.465533422543918,0.634070654104202,0.428019997256929,0.22543947305234507,1.0,0,1,0,1454.99076375,12.0,6.0,0.0,0.0,0.0
1514898,XAUUSD,BUY,39.34747374139225,55.594165456949824,0.10620824184554856,37.920273389867994,52.50102658459117,0.5250102658459117,4.403307041824844,1.9165879998272395,0.10870377288008244,0.00403478180443133,65.83333333333333,0.7526183641709753,0.03770510546921951,0.046680287107734926,0.15365467300294242,1.2138625564946353,35.0,20.0,0.5274223578077853,0.5008908119114241,1.7583904571195186,1.3752071373710777,0.6863924712496302,1.4620933467316075,44.09574468087061,0.0,2.2974706847538813,0.3934746751542374,0.42358158118600825,0.04008409919337922,1.0,0,1,0,1449.9073532833331,12.0,6.0,0.0,0.0,0.0
1514907,XAUUSD,BUY,19.79660425901442,55.675856753848684,-0.20361450131560854,34.750832842334574,44.38114535751487,0.4438114535751487,2.86017382956378,1.9148760931865279,0.038487972508588035,0.003965900127801832,62.5,0.6870788371111617,0.06755741735868424,0.05787025916777832,0.05346820809251303,1.228459766523759,41.66666666666667,20.0,0.5755257748998568,0.47047594807838355,0.7636790726077053,0.9426072260512414,0.5425905115030965,1.0461887613574836,4.862796833772971,0.0,1.4936592221719012,0.19796600113172924,0.45458904190355953,0.03712141248103972,1.0,0,1,0,1414.8400980666668,12.0,6.0,0.0,0.0,0.0
1514909,XAUUSD,BUY,24.651741735841828,55.9976825864068,-0.3462493570130927,33.871487639310715,42.97190224168108,0.4297190224168108,3.0179502293768783,1.8242608578495263,0.16007677543186907,0.0038864118336922097,64.16666666666667,0.6935202968494752,0.08487833302255539,0.060128890439128904,0.011140819964349123,1.2532664774585787,42.5,20.0,0.5904671271889551,0.4547892720306461,0.4619953897348039,0.8296834451009906,0.48961746531761124,-0.5596735048739241,17.70270270269309,0.0,1.6543404755140219,0.2465173664483357,0.46402776376898514,0.07646549297094712,1.0,0,1,0,1409.9742125500002,12.0,6.0,0.0,0.0,0.0
1514911,XAUUSD,BUY,26.68059029112287,63.53072454422598,-0.04517416058796453,33.044952807931324,41.80823710235549,0.4180823710235549,3.0000086735569647,1.7363264929633164,0.09888712241652434,0.004166140783253473,56.666666666666664,0.7039262571688941,0.017249754367177197,0.22935055618282005,0.28385650224215847,1.0927538680380138,44.166666666666664,20.0,0.6052361495641075,0.44225463145446847,0.4774137985927644,0.8355955800149271,0.49528790432834324,-1.7930083225563416,88.76000000000204,0.0,1.7277896512696331,0.26680584657952133,0.4732708794436824,0.2790138649490338,1.0,0,1,0,1404.6738341166667,12.0,6.0,0.0,0.0,0.0
1514913,XAUUSD,BUY,28.128853550595398,55.11621257974603,-0.22131672148133497,32.22531332165056,40.83113827722977,0.40831138277229767,2.947454187115358,1.653311534949688,0.15623954499833267,0.00404922990980642,58.333333333333336,0.712068033204756,-0.10932440492594409,0.06538587695463097,0.2424663885025648,1.2834630834206004,45.83333333333333,20.0,0.620630117708212,0.5255551175929536,1.657063538078563,1.4264274520240006,0.769142701732003,-0.6330258926814286,2.522906793048899,0.0,1.7827568138561605,0.28128847436646304,0.48281503516663843,-0.14522744754373065,1.0,0,1,0,1398.9899897,12.0,6.0,0.0,0.0,0.0
1514915,XAUUSD,BUY,5.5184705287865174,55.72962683271105,-0.3192422741478298,31.90421951296127,38.30880486662668,0.3830880486662668,2.7644669614746826,2.475311340127041,0.11040564373898305,0.00377754944409666,66.66666666666666,0.7142413934360422,0.02382091395371967,0.07421697374632288,0.018752253876650495,1.2803949014770546,50.0,20.0,0.6268763287525303,0.4565760084088784,0.4739574491802797,0.8682980030463021,0.5304128357554091,-0.5667653727652245,3.1242829827913323,0.0,1.1168154081649353,0.055184694755989284,0.4866618135178185,-0.09497176380600035,1.0,0,1,0,1394.9239055166665,12.0,6.0,0.0,0.0,0.0
1514917,XAUUSD,BUY,9.195406778982806,59.82257014972148,-0.16955253964056638,31.34106097632121,36.22927643179498,0.36229276431794977,2.813689252599199,2.3398045354577524,0.2504866969500136,0.003729485889364782,66.66666666666666,0.7166259648878378,0.16988689285311637,0.17026022477648478,0.14862614487925246,1.1907701538309956,52.5,20.0,0.638140489727211,0.46327683615819143,0.5708518900813305,0.9082596255472053,0.5475155721002322,-0.38151341459377136,52.326923076972484,0.0,1.2025312402933253,0.09195404994677754,0.4935617508171532,0.1368811350464856,1.0,0,1,0,1389.9908153166666,12.0,6.0,0.0,0.0,0.0
1514919,XAUUSD,BUY,18.82212424914159,59.93557353537495,-0.09101746583019432,30.891699478012566,34.98590841874831,0.34985908418748307,3.226460984716867,2.2042801421657825,0.2647730982696586,0.003697886269604975,66.66666666666666,0.7144524030991959,0.16789781717480634,0.15921457619138799,0.003592814371263268,1.2048543987193683,58.333333333333336,20.0,0.64742310516892,0.4770912147961234,1.3028760869726135,1.2444874171371105,0.697142823314772,-0.94130795809885,5.728291316527281,0.0,1.4637248048798155,0.1882212078329405,0.49921231265970467,0.17707021926370786,1.0,0,1,0,1384.69057355,12.0,6.0,0.0,0.0,0.0
1514921,XAUUSD,BUY,5.934796973580434,51.13759976639409,-0.4298563428434159,30.948006658154547,32.91082902980775,0.32910829029807753,2.9905485278642456,3.3679101404794713,0.22487346348518014,0.003505261975714938,70.0,0.7147392729061985,-0.21562346377614466,0.022265042009994428,0.17929292929293683,1.3861959018512988,57.49999999999999,20.0,0.646245175688243,0.44997783360425275,1.2110014291773714,1.2080949352949257,0.694365876024603,-0.044966234031134276,277.33333333288533,0.0,0.8879535127635515,-0.05934796040210203,0.4984970435855583,-0.01454051645297959,0.0,0,1,0,1378.9902009833334,12.0,6.0,0.0,0.0,0.0
1514923,XAUUSD,BUY,9.507572460061287,59.41674017665156,-0.18128709669297915,30.97743475400063,31.239167846254436,0.31239167846254434,2.7742998695872485,3.3572626158214116,0.06646971935007315,0.00348702426362192,70.0,0.7127600428489007,0.18500152619168322,0.1939628241115679,0.23405612244895768,1.1482551826021319,56.666666666666664,20.0,0.6456312525173528,0.3660410817201049,-0.17897250426390182,0.5939726307794305,0.43770454797340724,-0.7803274754877636,4.57746478873216,0.0,0.8263574705641543,-0.0950757090946616,0.4981240507400507,0.01743204381796735,1.0,0,1,0,1374.9907905666666,12.0,6.0,0.0,0.0,0.0
1514925,XAUUSD,BUY,9.507572460061274,59.57774233896946,-0.03473168916438807,30.304760843000548,29.686911032954924,0.29686911032954927,2.6333180013818427,3.186656272641541,0.20516214427533053,0.0031153382056640084,76.66666666666667,0.7117508410615967,0.17782132986391466,0.1841623946417624,0.004638218923950193,1.1684632716109509,65.0,20.0,0.6599623109917852,0.47436086892270457,1.5685588395990742,1.3018479343184597,0.7552541526603469,-0.4951256819807536,3.2724795640330977,0.0,0.8263574573863682,-0.09507570826450819,0.506794897888891,0.19633878752008008,1.0,0,1,0,1369.9906483999998,12.0,6.0,0.0,0.0,0.0
1514927,XAUUSD,BUY,27.550141359117738,52.6223035155242,-0.2858283575439029,29.987992211357643,29.53428462768084,0.2953428462768084,2.4710532040599076,4.350363015144509,0.06834848929304174,0.003104723236247778,76.66666666666667,0.7073077003490172,-0.10095870922577865,0.019037698104310965,0.19134132199461726,1.3458720315631751,65.0,20.0,0.6669336132622179,0.4767252844687481,1.6305221321746048,1.255776661127214,0.7664774798124587,-0.27938720437788905,214.59999999921055,0.0,0.5680106757636061,-0.2755013732034684,0.5109857788978036,0.01633987352491706,1.0,0,1,0,1364.6572134,12.0,6.0,0.0,0.0,0.0
1514955,XAUUSD,SELL,71.92120640555709,43.48332894323473,-1.4442611305196147,20.532612614471248,43.814636688646935,0.43814636688646935,1.530553088954883,9.371290566164232,0.3971223021582847,0.006635614667485106,12.5,0.663714114039303,-0.2953757943235321,0.21662344776659248,0.34323432343233434,1.9408148757413537,90.83333333333333,20.0,0.9740601634837319,0.10793218286406397,-1.2731816936265987,-1.7510627879667948,-0.38512886720885986,-1.617228952021098,17.593750000019185,0.0,0.16332360146397137,-0.7192119980839775,0.680092418502131,-0.1670513180374742,0.0,0,1,0,1238.9902884333335,12.0,6.0,0.0,0.0,0.0
1514964,XAUUSD,SELL,64.04090987837625,46.45443532760438,-0.013085666017671471,17.400066567321556,48.36987874656279,0.4836987874656279,2.419359735905805,11.036819092439691,0.13554791905307328,0.006695031724059243,10.833333333333334,0.7206303849259951,-0.12626940579305745,0.08058984083822707,0.1799352750808812,1.7120624156661275,95.83333333333334,20.0,1.149420890007472,0.1669128508124086,-0.5700341507001582,-1.0652949461503038,-0.24389444073289082,0.045557203389453176,16.338235294110174,0.0,0.21920804322642587,-0.6404090511915702,0.7651984523725095,0.06551699073044472,0.0,0,0,1,1209.9908067833335,12.0,5.0,0.0,0.0,0.0
1514985,XAUUSD,SELL,60.85417948064687,25.6520463642984,-1.4187024358606268,20.21706875609344,54.8547082077903,0.548547082077903,1.2135516711764627,4.986607912023488,0.7278106508875857,0.004945754793117046,30.0,0.726856283943866,-0.5238271687695447,0.6175525977442106,0.3303278688524431,1.0233926712923513,86.66666666666667,20.0,0.9892630945310499,0.19226025285229945,-2.307135306863807,-1.8289530461573316,-0.730425922406508,-1.6392052334216662,3.5284552845533463,0.0,0.2433621109227959,-0.6085416966571084,0.6877642659010955,-0.5732779632807506,0.0,0,0,1,1109.9574335666666,12.0,5.0,0.0,0.0,0.0
1514987,XAUUSD,SELL,60.85417948064688,22.70456198403572,-1.802467309372073,19.191563844943886,55.2832418701372,0.552832418701372,1.1870838928988015,4.877849104543031,0.9285714285714893,0.006109596855455938,11.666666666666666,0.7126542724386653,-0.6463951486594088,0.7630261418566742,0.6331058020478232,1.2708708991646394,91.66666666666666,20.0,1.0421245585606147,0.1299722479185972,-2.30563659255706,-2.177531228059798,-0.9366057690391587,-2.170224046564356,2.0272952853599477,0.0,0.2433621098346585,-0.6085416944687247,0.7139907161978303,-0.8071254706051847,0.0,0,0,1,1104.5904023833332,12.0,5.0,0.0,0.0,0.0
1514989,XAUUSD,SELL,63.05181609072955,28.29227772134044,-1.7758236334045905,18.28502357030504,55.83814002875094,0.5583814002875094,1.156941952364109,5.105568568884151,0.7313559322034442,0.006736500861080216,4.166666666666666,0.7173956308068291,-0.6006562001135423,0.609292893820485,0.35538461538467697,1.2064518219065918,95.83333333333334,20.0,1.0937913163251312,0.07292630280605042,-2.1896544563745453,-2.4477986602140867,-1.1240851560663434,-2.1432005522381554,0.57951482479774,0.0,0.22660389536459974,-0.6305180602259381,0.738976449566755,-0.682525781386858,0.0,0,0,1,1099.8907548,12.0,5.0,0.0,0.0,0.0
1514991,XAUUSD,SELL,56.53240161164317,34.726123215610954,-1.4497261222406608,17.488236172426117,55.88773014181468,0.5588773014181467,1.3764813834490648,4.956886156901482,0.5619266055046028,0.00693791686710135,0.8333333333333334,0.7265698299599582,-0.3374130929098681,0.4237617682657629,0.41234221598871734,1.0927345566233035,99.16666666666667,20.0,1.1436259096005466,0.10884983040395216,-1.5111872366911503,-2.011352616347643,-0.9928384464549657,-1.620850857481352,1.8138528138523264,0.0,0.2776906836647648,-0.565323926855241,0.7624987455222881,-0.5592330697946527,0.0,0,0,1,1094.9905003333333,12.0,5.0,0.0,0.0,0.0
1514993,XAUUSD,SELL,59.38158431841532,32.20502961129614,-1.2905134246497014,16.781219302967056,56.13729115442901,0.56137291154429,1.3320120551747474,5.226648753344411,0.5196982397317986,0.00714520340634824,0.8333333333333334,0.7361887376409724,-0.28093117140669954,0.5284140461097467,0.31620553359694165,1.2776187244159156,100.0,20.0,1.1918085115819825,0.1543324082639551,-0.9762359130097288,-1.5787746595516383,-0.8302409588813534,-0.9133922606392411,1.425170068027578,0.0,0.2548500699367552,-0.593815752644976,0.7847270074149145,-0.5089022344455043,0.0,0,0,1,1089.95727955,12.0,5.0,0.0,0.0,0.0
1514995,XAUUSD,SELL,31.756097436578816,29.300735454518886,-1.2821490515084397,16.241846495612236,54.39577731743971,0.5439577731743971,2.59728659861352,5.014489695099404,0.5856125889846513,0.007540077621154881,0.8333333333333334,0.7404150456441126,-0.231920643378497,0.6627536611949046,0.3271939328277984,1.506602097650096,100.0,20.0,1.2313870843073806,0.1174838112858437,-1.1344905514088945,-1.7628832703982455,-0.9505563731444717,-0.3944779153635817,2.1624999999989627,-1.0,0.517956210618122,-0.3175609326461001,0.8026234030035989,-0.4851665112171147,0.0,0,0,1,1084.6738851,12.0,5.0,0.0,0.0,0.0
1514997,XAUUSD,SELL,13.046147211191812,41.2411978394471,-0.7678781729653554,15.885286031639934,51.442232309850574,0.5144223230985058,3.6619759384127195,4.760827240434007,0.26615146831529574,0.007491934739543099,1.6666666666666667,0.7476898373225837,0.3720954631750769,0.2519927686350291,0.5608888888889244,1.1413077462935957,100.0,20.0,1.2590267471523318,0.07076780758557052,-1.3053780080425117,-1.9873536593637207,-1.1094166325128603,-0.29969845982706966,2.0562913907278904,0.0,0.7691888372093185,-0.13046145662283998,0.8149340776779807,0.15737834339404147,0.0,0,0,1,1078.99012205,12.0,5.0,0.0,0.0,0.0
1514999,XAUUSD,SELL,2.095100425185844,45.85458409667631,-0.1767892045018371,15.29276560080852,47.91743717523167,0.4791743717523167,4.788585216680377,4.592051457827621,0.16794981465638628,0.007226968778109851,2.5,0.7533148860868156,0.42023005562439675,0.06111376126366183,0.39393939393947747,0.9913184047755466,100.0,20.0,1.307807921867488,0.17196349905601357,-0.48863535895470817,-1.2334234967471498,-0.7679861331143362,-0.08563746277966736,0.7828843106179535,0.0,1.0427984568246267,0.02095100201842773,0.8362981224215933,0.599629932176248,0.0,0,0,1,1074.99079465,12.0,5.0,0.0,0.0,0.0
1515001,XAUUSD,SELL,6.266770676414025,46.52444266040267,0.2704062429532943,14.70899662932219,44.94238956817327,0.4494238956817327,5.026074821996083,4.433278821676131,0.057089084065236974,0.006882034909542824,6.666666666666667,0.7582581556218048,0.28642699165292096,0.03042313661953506,0.06179775280893351,1.0007480707865641,100.0,20.0,1.3597120526991124,0.21869100062933383,-0.11828460601955071,-0.8980690586397442,-0.6066910252779515,0.30813653595091045,1.5384615384610003,0.0,1.1337147719441334,0.062667700139195,0.8585396000253291,0.4949351871824596,0.0,0,0,1,1069.9907758166667,12.0,5.0,0.0,0.0,0.0
1515003,XAUUSD,SELL,6.266770676414025,47.164384039634605,0.600800277732465,13.989068298656262,42.17984536161904,0.4217984536161904,4.9072538462730355,4.328472082043338,0.0793983910458058,0.006380880158788825,14.166666666666666,0.7618891596692883,0.46978872049050346,0.003071726629175312,0.07991360691143733,0.9400197153418491,100.0,20.0,1.429687779987544,0.225613593455004,-0.05948286057868427,-0.8424869921536607,-0.5829018278682869,0.7780960497629413,15.181818181832652,0.0,1.1337147657521005,0.06266769997878299,0.8877627634956413,0.33812115996702297,0.0,0,0,1,1064.6734778333332,12.0,5.0,0.0,0.0,0.0
1515009,XAUUSD,SELL,25.66070911935084,37.5549133419646,0.426712575856826,11.92452649099126,34.63661129664113,0.3463661129664113,4.83157311057152,8.167133369770221,0.0903535573985038,0.004607439821793408,42.5,0.7624350071846137,-0.4898957087555368,0.4881122501023835,0.2549450549450383,1.4533071827290076,100.0,20.0,1.677215444580512,0.16157960981750114,-0.7356043122956906,-1.1824971992939803,-0.8313733472177153,0.5260999669375329,0.17621145374453487,0.0,0.5915873171445635,-0.25660707145253864,0.9847772411581267,-0.49981020248499564,0.0,0,0,1,1044.5900793333333,12.0,5.0,0.0,0.0,0.0
1515067,XAUUSD,BUY,15.667805576651062,65.30917886400462,1.5653353459789914,35.835552918799365,16.933289026746014,0.16933289026746012,4.233359921173606,3.0864987033910856,0.6296655356276849,0.005326251826120956,45.0,0.7544926400719368,0.08413260582298687,0.19100291459148475,0.032624113475179746,0.5935446300548686,7.5,20.0,0.5581049647906502,0.6012669364771988,1.0904505163859437,0.8400987947781846,0.37251099005538574,0.9610114947338908,312.33333333362134,0.0,1.371573085369969,0.15667803436199415,0.4434703166751236,0.12780603693705686,1.0,1,0,0,709.9905685833332,12.0,5.0,0.0,0.0,0.0
1515069,XAUUSD,BUY,20.97471182342686,61.11004844593943,1.362714720597919,36.588727710313705,17.22196208365179,0.1722196208365179,4.297112512476199,2.807037516412829,0.46970431410567287,0.005225235759228331,45.83333333333333,0.7583864745748401,0.06989366260088019,0.1284538295089754,0.03579128934885405,0.6264224375732894,3.3333333333333335,20.0,0.5466164376730257,0.625725849023395,1.1754050392982547,0.9879759370501492,0.5127722902833696,0.7427025919304916,29.652173913041185,0.0,1.5308348949794834,0.20974708870968253,0.4360696014002688,0.03744322598059928,1.0,1,0,0,704.8238287333334,12.0,5.0,0.0,0.0,0.0
1515071,XAUUSD,BUY,20.974711823426855,54.155770495898075,0.9616191732187398,36.67739001671987,17.490015636492867,0.17490015636492867,3.9805302290412667,2.600233914214057,0.439696106362756,0.0050183137638973065,48.333333333333336,0.7601545206434831,-0.06991505623129511,0.0404547683250412,0.0803595030399146,0.7083382974676538,3.3333333333333335,20.0,0.5452950711837112,0.596691888087276,0.8225483690896086,0.7470257666033892,0.34113348274733307,0.4974573485528742,26.939759036147095,0.0,1.5308348516058654,0.2097470863615131,0.43521487669940107,-0.01363237677959278,1.0,1,0,0,699.5737173833334,12.0,5.0,0.0,0.0,0.0
1515076,XAUUSD,BUY,24.4172977120713,70.38098159648223,1.3131394731021966,36.583160565064965,19.498362071669707,0.19498362071669706,3.3189910565881586,2.016265563868309,0.5533428165007108,0.006229040634842342,32.5,0.7588955173386106,0.24448571353346293,0.2885785453540899,0.09578660200060246,0.37749608800034185,7.5,20.0,0.5466996205652873,0.7015660742565536,1.332139557386759,1.388564358296504,0.9568116082645106,0.4111459393761261,12.015325670494931,0.0,1.646107273742866,0.24417293135479226,0.4361233837430464,0.20391895847085317,1.0,1,0,0,679.6232385666666,12.0,5.0,0.0,0.0,0.0
1515080,XAUUSD,BUY,23.56832740478949,69.88376625380873,1.3821520251748822,35.8414496708979,19.6896657506171,0.196896657506171,3.2817211172567564,2.0298683267054956,0.46932668329180444,0.006466050338601157,30.0,0.7623660219858368,0.2790494029806203,0.24970003837454927,0.01924897443987576,0.37303178645856777,13.333333333333334,20.0,0.5580131435431127,0.7754707020939603,1.4849547063609476,1.7406483602872203,1.366840643521228,0.7078793647541908,28.209523809518817,0.0,1.61671545753294,0.23568322967638758,0.443411383576716,0.3518272870039488,1.0,1,0,0,669.69043375,12.0,5.0,0.0,0.0,0.0
1515082,XAUUSD,BUY,23.56832740478949,69.27668247519811,1.2337084962665754,35.2420604086909,19.966713011629412,0.1996671301162941,3.099140490536398,1.916935320515287,0.44940476190476475,0.006357458059310042,33.33333333333333,0.7597150990089385,0.16636260326110802,0.2238567237488555,0.00801457194900751,0.38590252222161575,16.666666666666664,20.0,0.5675037091494197,0.7647369347175803,1.2640478635160963,1.5844010232927714,1.2862300964613664,0.6291111927799024,50.95081967215987,0.0,1.6167154106106798,0.23568322706231573,0.4494843598056604,0.28431935828384586,1.0,1,0,0,664.9571324666666,12.0,5.0,0.0,0.0,0.0
1515084,XAUUSD,BUY,23.568327404789482,60.492542848320156,0.8200031726789483,34.59977037949869,20.223971182569418,0.20223971182569417,2.931194623959235,1.8130544656268437,0.18352730528202046,0.005996982368337849,40.833333333333336,0.7574343566436936,-0.006069039402655102,0.11294359490943585,0.1359999999999889,0.4962460678691026,19.166666666666668,20.0,0.5780385181934775,0.7606897765264757,1.1330232780061482,1.484481473927922,1.2465485276265034,0.4422710400165755,123.77272727258202,0.0,1.616715362288052,0.23568322437022823,0.4561826316273455,0.06763050662864108,1.0,1,0,0,659.6233613999999,12.0,5.0,0.0,0.0,0.0
1515086,XAUUSD,BUY,28.837294496081338,61.49407543423607,0.5310801299650589,33.651929638105926,20.839208562105984,0.20839208562105985,3.1338525392231746,1.7309694853009319,0.3008890968647363,0.0056779786210259375,45.83333333333333,0.7534000329696583,-0.07942257419473017,0.12334766603103742,0.032348804500684586,0.49001647683609084,20.0,20.0,0.5943195595343485,0.6978708428646825,0.5948510779446171,1.0189847983150868,0.8655681095586825,0.11716603037036213,6.352941176471187,0.0,1.810459835008885,0.2883728856836426,0.4664470367711231,0.01396650964903773,1.0,1,0,0,654.9906699833333,12.0,5.0,0.0,0.0,0.0
1515088,XAUUSD,BUY,15.245482717548073,68.39642420965224,0.6380756675195669,33.116791806812635,20.439656716066132,0.20439656716066132,2.957029030765336,2.174675850045716,0.6286315789473806,0.0052438420572159545,50.83333333333333,0.7457820547212011,0.051609648191959547,0.26202626212902497,0.20833333333332754,0.3336675866569607,21.666666666666668,20.0,0.6039232337682447,0.7098363540383474,0.6672267956579835,1.0631105374388736,0.928803337906706,-0.10569414248988851,29.91304347827869,0.0,1.3597556026327189,0.15245479746706977,0.4724526490523023,0.08334140626002437,1.0,1,0,0,649.8568570333333,12.0,5.0,0.0,0.0,0.0
1515090,XAUUSD,BUY,18.739691024796556,70.50052017576265,0.7672675276776837,32.38273524918317,20.318230595261163,0.20318230595261164,3.0176024388882534,2.065116596077205,0.6230769230769296,0.0049417047132107724,55.833333333333336,0.7398648769929541,0.13305151846831048,0.2986040212381812,0.08800350262697923,0.27916110021089063,23.333333333333332,20.0,0.6176130535639198,0.8055604434277636,1.5099061779855338,1.6410289598700467,1.4793749727000967,-0.05477561226625035,3.8000000000001335,0.0,1.4612254743363482,0.18739687337855138,0.48095163896214294,0.11487602796289695,1.0,1,0,0,644.9573911666666,12.0,5.0,0.0,0.0,0.0
1515092,XAUUSD,BUY,22.781593877087644,70.40006992440291,0.7710241933175399,31.667539874241506,20.494185115391623,0.20494185115391622,3.1179671151889776,1.960916480849473,0.5395757889291428,0.005118365918214649,51.66666666666667,0.7339977813087862,0.1419154414991924,0.2751242695719396,0.0022351363432844278,0.2867289355617306,24.166666666666668,20.0,0.6315615320743015,0.8409290867499565,1.7849206798098953,1.791468758704746,1.666384441432423,0.2650657011804481,10.363184079600828,0.0,1.590055239773919,0.2278158939153704,0.4895375513717952,0.13546994862993653,1.0,1,0,0,639.6903375333334,12.0,5.0,0.0,0.0,0.0
1515098,XAUUSD,BUY,27.923257596965648,72.90159002345996,0.652265900105264,29.408285387648874,21.797562692643574,0.21797562692643574,3.0005718367255327,1.6906342708911428,0.4006734006734031,0.0055680739037485116,42.5,0.7478496814330853,0.14332258608228532,0.2813537391276569,0.04429390307453786,0.2315673936862881,30.0,20.0,0.6800804513546974,0.8655639626957533,1.3947359409980369,1.7018150056240249,1.7328566326646209,0.39233095428511033,336.83333333107225,0.0,1.7748191395202086,0.27923251644711367,0.5188416799797171,0.32915893845568345,1.0,1,0,0,624.9737902166667,12.0,5.0,0.0,0.0,0.0
1515100,XAUUSD,BUY,47.80160520870433,77.34368097981874,0.8206821028088713,29.170550717102522,23.654994300933627,0.23654994300933627,4.481383015984073,1.5826688725676155,0.5895243185462172,0.00597537127091331,36.666666666666664,0.7480408504154552,0.226060458329133,0.3952755091878118,0.17101226993865218,0.1007865785089856,30.833333333333336,20.0,0.6856229830544172,0.8801689248636212,1.3544665060552483,1.7029070095166596,1.7901855699633549,0.3321193689480295,21.57647058822516,0.0,2.8315336594572207,0.47801597325922623,0.5221352183546222,0.2985888091201999,1.0,1,0,0,619.60658105,12.0,5.0,0.0,0.0,0.0
1515104,XAUUSD,BUY,48.14848756810015,77.7304015758603,0.7991837442458269,28.588842199950633,26.917377549627872,0.26917377549627874,4.117566399247678,1.4411355042799374,0.9834394904458458,0.006437987291272136,25.0,0.7479142024738228,0.20577505408939753,0.34973017670526657,0.028481012658238207,0.08150032742508022,33.33333333333333,20.0,0.6995736259663756,0.9472401184050186,1.5181860932494406,1.911825272349901,2.149112666947324,0.562212025411956,2457.99999994634,0.0,2.857166123416613,0.48148478906279507,0.5303774113494468,0.25709330754262394,1.0,1,0,0,609.990803,12.0,5.0,0.0,0.0,0.0
1515106,XAUUSD,BUY,48.14848756810015,76.94594956801977,0.6737715561298305,28.167496328525562,28.433885408090177,0.28433885408090176,3.880647980663222,1.3582147905539126,0.9527868852459446,0.006398818554353528,25.833333333333336,0.7460591132909731,0.19921154857105,0.31376799510611963,0.01013662406344502,0.09088489690888671,34.166666666666664,20.0,0.7100382571008187,0.9594288699286095,1.4145965603226367,1.8479253659634425,2.178050268211441,0.6157505998182945,34.11111111109834,0.0,2.8571660023777237,0.4814847837746461,0.5365157428378843,0.20342596065940136,1.0,1,0,0,604.9904886500001,12.0,5.0,0.0,0.0,0.0
1515108,XAUUSD,BUY,22.905588477768102,66.02611404551266,0.2882378964302754,28.06696087648804,28.039007055924316,0.28039007055924314,3.6163663771601464,2.268421160900902,0.41998497370400895,0.005720484439134537,40.0,0.747245252954517,0.048076931964856386,0.17207678146045807,0.1307922272047822,0.21591222600363585,35.0,20.0,0.7125816039724554,0.9554239944280077,1.257785261003573,1.7088509671005456,2.113760778759462,0.3520355213702334,97.65217391322899,0.0,1.5942210579197962,0.22905584585429686,0.5380019419736435,0.07767139483300801,1.0,1,0,0,599.9240404,12.0,5.0,0.0,0.0,0.0
1515110,XAUUSD,BUY,0.23342661560692576,67.28329892939342,0.0387398642893686,28.093606528167438,26.05289416733022,0.2605289416733022,3.3548695139521083,3.37056847623735,0.36617405582924983,0.005113766299009071,51.66666666666667,0.7481893422979429,-0.07952458784588931,0.18388148115493314,0.0316455696202728,0.1843835890135988,35.0,20.0,0.7119057490873391,0.8944802368100373,0.7686574339808798,1.3005832550925696,1.743933642255701,-0.09303151535444311,6.645714285714348,1.0,0.9953420446022765,-0.00233426580898914,0.5376072231008828,0.07937749102325514,1.0,1,0,0,594.6570551333333,12.0,5.0,0.0,0.0,0.0
1515112,XAUUSD,BUY,24.669718486527202,74.28263539756907,0.21488174657179115,28.877634633298317,25.95409590441572,0.2595409590441572,5.039132035392235,3.044839111036244,0.5790633608815452,0.005132236745464669,50.83333333333333,0.7524903805850313,0.13299217356115614,0.3501506703233746,0.15382646531864227,0.09211280749887503,32.5,20.0,0.6925774999915795,0.9098032387254147,0.9195143150319636,1.307557045311246,1.8009970125647303,-0.5052039667201983,30.599999999980394,1.0,1.654974268477197,0.2466971543484444,0.5262525150020844,0.13055085874839634,1.0,1,0,0,588.9902092666667,12.0,5.0,0.0,0.0,0.0
1515114,XAUUSD,BUY,31.384740421083038,77.88561192812062,0.5357639853838911,29.397803588062715,26.341999084177672,0.2634199908417767,5.318027957610171,2.7773230558577495,0.6363636363636521,0.005576903949804259,42.5,0.7513860219727909,0.24725214668458056,0.4419976131282133,0.11753318584070843,0.04694228246903699,30.833333333333336,20.0,0.6803229343338156,0.9563361785948803,1.7929175572488563,1.7325572056241112,2.33350396869387,-0.36343184153383723,5.500831946756107,0.0,1.9148028284253455,0.31384736544199077,0.5189859977604764,0.2758709498723511,1.0,1,0,0,584.974074,12.0,5.0,0.0,0.0,0.0
1515116,XAUUSD,BUY,37.88929481204624,80.58712268635881,0.9082645548348944,30.08581761748679,27.16680592188257,0.2716680592188257,5.594469004387111,2.5199665825274566,0.6929260450160907,0.006393753323009441,26.666666666666668,0.7461115781534615,0.36725219275550824,0.5086424779804956,0.10274148091212515,0.02326677668859353,28.333333333333332,20.0,0.6647650482457022,0.9784003756456391,2.119728475585168,1.9469578267703982,2.6697303139863466,0.5474286212714842,7.508235294117613,0.0,2.220055941662557,0.3788929014267771,0.5096840013104055,0.37658939983118783,1.0,1,0,0,579.99077775,12.0,5.0,0.0,0.0,0.0
1515118,XAUUSD,BUY,37.889294812046245,74.62638827495752,0.8894699978436682,30.362544930523452,27.93269798546569,0.27932697985465693,5.147517557596988,2.3186422550461208,0.5308361710177856,0.006795176015307829,19.166666666666668,0.7441999414383063,0.3959389725855564,0.38508531173987526,0.06863033873342975,0.10144077207782423,27.500000000000004,20.0,0.6587063121936795,0.9895724713242987,2.1769154104320387,2.0876604755323287,2.9483609895910092,1.5659848239050589,8.73316708229367,0.0,2.2200558651678377,0.3788928973724331,0.506037968529148,0.3023461972968785,1.0,1,0,0,574.6568848333334,12.0,5.0,0.0,0.0,0.0
1515120,XAUUSD,BUY,39.10837086634214,70.65368656536839,0.6690495606046216,30.609506006914614,28.730960334099723,0.28730960334099725,4.878952426761218,2.135654093861476,0.33333333333335896,0.006906330416526035,18.333333333333332,0.742349299429817,0.3197572964758861,0.29594172706157457,0.049379065641634745,0.15550724663521312,27.500000000000004,20.0,0.653391792585024,0.9541188738269035,1.5646555927171926,1.7621412106267549,2.6581968985674544,1.4593249787786442,13.570815450644155,0.0,2.2845226463696386,0.39108365291066444,0.5028288098619936,0.3593654859217632,1.0,1,0,0,569.9905757833333,12.0,5.0,0.0,0.0,0.0
1515122,XAUUSD,BUY,30.769207056717736,73.99875105601595,0.6800900998388562,31.09168414927783,28.876549385715297,0.28876549385715294,4.460196305835022,2.36128163415207,0.42972181551979094,0.007140318013579891,17.5,0.7403702437179516,0.24857866606228768,0.37331061655814257,0.09983940042825472,0.08458853458606218,25.833333333333336,20.0,0.6432588181449328,0.9290928050052232,1.192466471124435,1.5367194855629152,2.4437364400697286,0.8392895650117358,19.251497005986966,1.0,1.888887099462647,0.3076920254608194,0.4966813544303893,0.44674324920163716,1.0,1,0,0,564.9739776,12.0,5.0,0.0,0.0,0.0
1515124,XAUUSD,BUY,30.485253961505542,68.03929828327864,0.42181496050482625,31.44156385290083,28.9914568554146,0.289914568554146,4.0955232757610975,2.1818500693822824,0.2848857045377355,0.006745952890010431,21.666666666666668,0.7405530674329189,0.029894194657642623,0.25659128971387923,0.07474298416225664,0.1692027796355581,25.0,20.0,0.6361006753216819,0.9617565799040261,1.4774574479527995,1.6989570403198542,2.7030820464090715,0.35649787652107806,9.016085790885803,1.0,1.8770865405220378,0.30485249105135304,0.4923157737698928,0.16506812524599265,1.0,1,0,0,559.6903390499999,12.0,5.0,0.0,0.0,0.0
1515126,XAUUSD,BUY,29.42596304147962,61.26420445115759,-0.039909291904820066,31.505737863407926,29.0224930115621,0.290224930115621,3.7952396001962043,2.0694872459619673,0.15841279606274652,0.006064110010581742,39.166666666666664,0.7431688465129479,-0.20040986092967747,0.13318057348809526,0.10606060606061458,0.2777271885500772,25.0,20.0,0.6348050024001765,0.922640686345794,1.0866841317554419,1.4210149629231792,2.4057847467648927,-0.02719065185966823,12.379182156135737,1.0,1.8339024672411464,0.29425958024032295,0.4915235326495823,-0.07903322279881504,1.0,1,0,0,553.9901620333333,12.0,5.0,0.0,0.0,0.0
1515128,XAUUSD,BUY,29.425963041479612,59.78753333833303,-0.43637756482469303,31.34389944459306,29.051312299413354,0.29051312299413357,3.5423473585156633,1.9315888985865992,0.2637583892617485,0.005705857968558659,45.83333333333333,0.7483322282131497,-0.15241301008863167,0.09831501146676536,0.027701778385786805,0.3043654481110087,26.666666666666668,20.0,0.6380827004423687,0.8727642867529437,0.6285892915714093,1.1234819978896278,2.065127941338342,-0.5287654980830264,8.42857142857067,1.0,1.8339024039770049,0.2942595766583103,0.4935264728269224,-0.22970977215924693,1.0,1,0,0,548.9899604333333,12.0,5.0,0.0,0.0,0.0
1515130,XAUUSD,BUY,30.76078842269174,60.75466125216572,-0.671887337000463,31.190763769979256,29.17341773679038,0.2917341773679038,3.403944337960501,1.8024242975008513,0.2605325244354573,0.005433191191814976,52.5,0.7511669152091677,-0.07643434520436372,0.11114392307764377,0.02602739726028161,0.28181419553631565,28.333333333333332,20.0,0.6412154619711418,0.8612767194997815,0.4905565624503331,1.019962739224301,1.9584866647251178,-1.495705847175773,35.09876543208066,1.0,1.888535598496222,0.3076078251439276,0.49543710267918395,-0.130487346511118,1.0,1,0,0,544.9905512666667,12.0,5.0,0.0,0.0,0.0
1515132,XAUUSD,BUY,15.063463322873599,57.124806953650086,-0.9579220099123358,31.296423500695028,28.16556385008204,0.2816556385008204,3.150134273965945,2.3253384486419555,0.004705882352937065,0.0050571995790401406,62.5,0.7491885672618493,-0.24976008138254158,0.0470259319746755,0.056320783593515195,0.3396554241977215,27.500000000000004,20.0,0.6390506570041731,0.8711143695014665,0.5794738291205972,1.0225219651419186,1.9812865891003306,-1.982556565186511,37.421052631567676,1.0,1.354698676705324,0.15063460571794132,0.4941172065471438,-0.1351592139563977,1.0,1,0,0,539.8737617,12.0,5.0,0.0,0.0,0.0
1515134,XAUUSD,BUY,6.771776511415912,54.00862020817253,-1.246321647417913,31.3616789649311,26.637436183034463,0.26637436183034463,2.919038262360956,2.5487704746208735,0.26288209606986296,0.004735010324054405,67.5,0.7434097430152052,-0.2180203337573462,0.005142572449795226,0.051226327227557725,0.39156066911249704,26.666666666666668,20.0,0.6377209594666208,0.8438372263846018,0.2642700145132982,0.8606232831606462,1.7930551153345327,-2.1154677650796954,16.75543478260733,0.0,1.1452726505404567,0.06771775272935271,0.4933056165029336,-0.3077003629426329,0.0,1,0,0,534.8070166333333,12.0,5.0,0.0,0.0,0.0
1515136,XAUUSD,BUY,6.771776511415903,49.8386442437729,-1.5629169588915364,31.135130467435996,25.218460492204567,0.2521846049220457,2.7302581944520012,2.383936368303233,0.5761837787154491,0.0044350975535410505,70.83333333333334,0.7341291746256313,-0.1863973588631162,0.07297577290609644,0.08336289464350469,0.4698872232220616,30.833333333333336,20.0,0.6423612074122462,0.8179931821550364,-0.030927756830817308,0.7214637002360973,1.6272930139549069,-2.0885417702821183,18.521212121216447,0.0,1.1452726194712328,0.06771775187302183,0.4961349669917716,-0.29901914205041347,0.0,1,0,0,528.9904746833333,12.0,5.0,0.0,0.0,0.0
1515138,XAUUSD,BUY,0.8752185666882327,51.97948634512487,-1.6466443529138264,30.930478291190532,23.47965749752483,0.2347965749752483,2.5520142204511673,2.5077303961397552,0.4280059376546269,0.004129032425848778,73.33333333333333,0.73058199785884,-0.12309107757920178,0.02960570971983917,0.04492394764769925,0.43225972369809323,33.33333333333333,20.0,0.6466114041856347,0.7831628872091292,-0.4651483082447961,0.5453465858569633,1.4122298993495015,-2.108621804129585,10.995744680849036,0.0,1.0176585197200858,0.008752183937114404,0.49871948175741193,-0.14936723436687807,0.0,1,0,0,524.9907958833334,12.0,5.0,0.0,0.0,0.0
1515163,XAUUSD,SELL,19.5760292493713,36.40548566469526,-1.4024248515677071,34.344044681631416,40.9880392647111,0.40988039264711096,1.6504882195147594,2.4539801475904723,0.45089757127772107,0.004696085369587817,59.166666666666664,0.6984479988610148,-0.11411928409014485,0.19736126173829946,0.1072498502097068,0.4679122726798543,27.500000000000004,20.0,0.5823425920097527,0.4707292023279693,-2.2988868074142075,-1.3304817557546644,-0.16537858731091815,-1.560044442116681,10.020761245673302,0.0,0.672575753540466,-0.19576024479929138,0.45890640216460526,-0.1563589859546419,0.0,1,0,0,398.990586,12.0,8.0,0.0,0.0,0.0
1515177,XAUUSD,BUY,11.870955642083052,60.885851368225985,1.8822802725909895,34.28168221677141,29.533317150484756,0.29533317150484756,2.4434531166474733,1.9248891445288627,0.7295336787565692,0.004877580385386881,61.66666666666667,0.7672307086898855,0.2092792684687238,0.17145420963455246,0.059245483528149415,0.1499342992417335,31.666666666666664,20.0,0.5834019425749045,0.7720430107526843,1.7517191339098506,1.2582703184514887,1.189063630530139,1.9638811529643407,16.852534562211282,0.0,1.269398736126593,0.11870952924586982,0.45957566059220084,0.34508224903305396,1.0,1,0,0,329.6570205,12.0,6.0,0.0,0.0,0.0
1515179,XAUUSD,BUY,12.899976020144782,62.36900397676943,1.8333416133312652,34.505847772716315,28.345221355460474,0.28345221355460476,2.301791795777717,1.775785324995112,0.714598141060781,0.0052855688753400765,50.0,0.7687840648153366,0.2215509591760015,0.18191124440458434,0.028594334580430435,0.11853063361724148,27.500000000000004,20.0,0.5796119003287886,0.7329749103942726,1.0974360607468496,0.9165643560244837,1.0062142825462603,1.4591885523619301,15.878923766819595,0.0,1.2962098893199063,0.12899972856508027,0.45717918416292364,0.24140835648693834,1.0,1,0,0,324.99077539999996,12.0,6.0,0.0,0.0,0.0
1515181,XAUUSD,BUY,23.812973986688355,60.549569423783645,1.6612565193487807,34.811144360379416,28.02148940054818,0.28021489400548183,2.656227786512445,1.6344821463545693,0.6479243300053527,0.005575038655870703,41.66666666666667,0.7694365241980429,0.04422532336375867,0.1428702740689331,0.01908200103145401,0.2151609818528283,23.333333333333332,20.0,0.5745286564828693,0.7519713261648727,1.081400546746221,1.032103621536767,1.071941605965115,1.045665120491876,33.97196261683201,0.0,1.6251178804973911,0.23812968436798287,0.45395596176351083,0.200510501112535,1.0,1,0,0,319.72382581666665,12.0,6.0,0.0,0.0,0.0
1515183,XAUUSD,BUY,10.34478088843741,55.600446264423034,1.3259610119047793,35.18820547749518,26.75886736396884,0.2675886736396884,2.440067345989292,1.9825565902642746,0.4609791565681738,0.005710470528052383,35.0,0.7682046460557942,-0.055618220395513784,0.07105475672140854,0.054876527812417315,0.27566054785611355,20.833333333333336,20.0,0.5683722636208633,0.7379928315412214,0.8122576911587627,0.8908291972993001,0.9984773897277034,0.6220722791276472,51.40540540542052,0.0,1.23076744805382,0.10344778549378358,0.4500383067737138,-0.01904047083130099,1.0,1,0,0,314.9905882,12.0,6.0,0.0,0.0,0.0
1515185,XAUUSD,BUY,26.449978150722522,56.85492611222372,1.0905469220269413,35.86404794338836,26.73680384873696,0.2673680384873696,3.1053794505252466,1.806253585620917,0.5069146399618719,0.005734821658355602,33.33333333333333,0.7683773502326751,-0.0938950534390538,0.08149227261496249,0.016573348264272963,0.3440771666232133,13.333333333333334,20.0,0.5576615342353473,0.6983870967741959,0.3986319839812126,0.5570139595859389,0.8196105221198502,0.3415041008223047,17.222727272728847,0.0,1.7192368535677618,0.2644997276555377,0.44318568009633286,-0.03429618435548704,1.0,1,0,0,309.70691013333334,12.0,6.0,0.0,0.0,0.0
1515187,XAUUSD,BUY,36.799559908499184,60.76363702939191,1.0335291101575048,36.65233023314631,27.455572138719976,0.27455572138719975,3.552354936728827,1.6411631405294373,0.45000000000004114,0.005639256829710277,37.5,0.7686384786611989,0.03246460591539104,0.13114246115351544,0.05074626865671914,0.3737825102211457,6.666666666666667,20.0,0.5456678981330667,0.7114695340501737,0.46392819408164276,0.6406907662237571,0.8644935275738137,0.1361552944522758,59.33783783785515,0.0,2.1645336069692838,0.36799552822829645,0.43545611346274277,-0.027010560957580844,1.0,1,0,0,304.99061018333333,12.0,6.0,0.0,0.0,0.0
1515189,XAUUSD,BUY,36.799559908499184,63.0559663840561,1.0334386077237716,37.227878073635864,28.12299983656135,0.28122999836561346,3.2476182765398605,1.5003769344273206,0.47645569620259226,0.005756571365323626,30.833333333333336,0.7685258741644082,0.044309204058868665,0.15375939868066918,0.03310221426974887,0.3271741670558722,0.8333333333333334,20.0,0.5372318014054003,0.7543010752688174,0.7757699503408385,0.950377181959416,1.0321305598785744,0.11021267412665223,18.70588235294012,0.0,2.1645334832116445,0.3679955215795384,0.42998326737213044,0.07279490909043272,1.0,1,0,0,299.6902497333333,12.0,6.0,0.0,0.0,0.0
1515191,XAUUSD,BUY,33.488278575567485,67.73098289841703,1.1930373429953232,37.75231535409042,28.506234032204645,0.28506234032204647,2.973753623229838,1.4816991775138635,0.4194272880404744,0.006134951966279229,23.333333333333332,0.7662311673953454,0.15600371463720872,0.22106318279155254,0.07875252411936821,0.22991967296805582,0.8333333333333334,20.0,0.5297688317236686,0.7815412186380007,0.9048593347260114,1.1255671813124188,1.131595364286226,0.2252731821925745,29.209459459449832,0.0,2.006987424554057,0.33488271059323327,0.42511663361235613,0.13641547416885913,1.0,1,0,0,294.99078255,12.0,6.0,0.0,0.0,0.0
1515193,XAUUSD,BUY,25.672023485454623,68.286644249728,1.2469967212632342,38.3914356859411,28.303790421722503,0.283037904217225,2.7153732770414587,1.605991497284369,0.3906894519741143,0.006267483909011986,20.833333333333336,0.7645367121410579,0.22050295830268204,0.2072849369145273,0.009207708779449522,0.21437072755821374,0.8333333333333334,20.0,0.5209495201900974,0.8442652329749181,1.237666214439015,1.5544029101489722,1.3733635977931735,0.4019632937448062,11.698005698004826,0.0,1.6907758172176908,0.25672017544734765,0.41933482415973483,0.16618289694064395,1.0,1,0,0,289.70701525,12.0,6.0,0.0,0.0,0.0
1515195,XAUUSD,BUY,39.93188562646152,69.35990597673546,1.254599665120967,39.367761708373905,29.134368650632435,0.29134368650632436,3.3878554791446627,1.4542939194396003,0.340140395660531,0.006196445128821709,22.5,0.7655389775561529,0.21812347323847228,0.20242736804827371,0.016327314636946748,0.2687478165097298,0.8333333333333334,20.0,0.5080298988841371,0.8523297491039471,1.1549569001543925,1.556258084258032,1.3856431418606252,0.462818409061033,107.60465116271676,0.0,2.3295518906509987,0.39931877379735925,0.4108040962354597,0.23979011227330255,1.0,1,0,0,284.9907850166667,12.0,6.0,0.0,0.0,0.0
1515197,XAUUSD,BUY,39.25754747992525,69.41236679566578,1.1781969409751611,39.84792158634721,29.85745285272478,0.2985745285272478,3.107958717339153,1.355653881880552,0.5580192165557961,0.006008512389016461,25.833333333333336,0.7689581092238752,0.1584899917691107,0.1818498805374062,0.001518767628546512,0.2645056399531792,0.8333333333333334,20.0,0.5019082352052321,0.8206475673842903,1.1695385552141142,1.6265568904502488,1.4241857012126384,0.485848272648376,60.247058823569205,0.0,2.29258844480228,0.3925753868491049,0.4067364564058109,0.21958485290228902,1.0,1,0,0,279.6906867833333,12.0,6.0,0.0,0.0,0.0
1515199,XAUUSD,BUY,39.25754747992525,62.39449014268808,0.8921930932129203,40.16378433017959,30.5288881832391,0.305288881832391,2.8632654041409684,1.2489216276660136,0.2716297786720636,0.005707051439451797,34.166666666666664,0.7710262001536323,0.059716752986464346,0.10827149898687068,0.05443867178675922,0.32317671794306324,0.8333333333333334,20.0,0.49796104459638135,0.8213256484149729,1.0964584131931019,1.610969509147037,1.40310635118431,0.3878684646115637,657.4285714313111,0.0,2.292588300279128,0.3925753793329285,0.40410487981455784,0.09760036474089255,1.0,1,0,0,274.99061904999996,12.0,6.0,0.0,0.0,0.0
1515201,XAUUSD,BUY,39.25754747992525,66.10062724703594,0.7998430036517981,40.13279973516679,31.152363847288115,0.31152363847288117,2.660799136333662,1.1606082982863266,0.43908323281062583,0.005386761254269472,46.666666666666664,0.7705135018075648,0.033635930962357584,0.15326885028167642,0.06216964510443785,0.2623789037766441,1.6666666666666667,20.0,0.4983454962519046,0.7799627055433069,0.692616656714311,1.2400573687448655,1.2042649003396984,0.21043912185473343,17.36929460581042,0.0,2.2925881606001344,0.3925753720686804,0.404361496854498,0.12084878284107327,1.0,0,1,0,269.87390675,12.0,6.0,0.0,0.0,0.0
1515203,XAUUSD,BUY,40.15800078071884,62.295539607314836,0.5855532959979852,40.014742611226275,31.79562362824745,0.3179562362824745,2.5315832773019564,1.080887310463761,0.5120405576679673,0.004878489101039091,60.83333333333333,0.7703221838967564,-0.01274313801222507,0.1071998391539135,0.03560291060290817,0.29839002379714674,2.5,20.0,0.49981578525483084,0.8214951686726474,1.0377310616778765,1.550975337154099,1.3594670350863274,0.1217399638264555,15.085020242919436,0.0,2.342132163697623,0.4015798966422981,0.40534229073630695,-0.0014994473557744933,1.0,0,1,0,264.99054878333334,12.0,6.0,0.0,0.0,0.0
1515205,XAUUSD,BUY,52.11020755118729,64.22995294078288,0.473211656730816,40.11440385328153,33.246665337028865,0.33246665337028863,3.1800271234485193,1.0011875032929427,0.5270270270270867,0.004155963997048582,76.66666666666667,0.7655675097255098,-0.0032406242923924376,0.12449144896638357,0.028737020043480162,0.26698639319611656,2.5,20.0,0.4985740302448472,0.7975928123410685,0.7989162182294005,1.3336823246603506,1.2368203936095958,-0.011573577585548526,27.08759124087783,0.0,3.1762521373240937,0.5211019508825492,0.4045140094537621,0.017948665088820846,1.0,0,1,0,259.9738937166667,12.0,6.0,0.0,0.0,0.0
1515208,XAUUSD,BUY,59.983406897217286,60.89290356275386,0.2732264045914614,40.54908929233284,35.15643259132804,0.3515643259132804,3.6769252779352253,0.9197080220388121,0.328921244209157,0.0037024047084490788,86.66666666666667,0.7601353905875645,-0.03425522241404198,0.08420611282065418,0.026190476190477083,0.30111650380046256,0.8333333333333334,20.0,0.49322932645448264,0.8184438040345836,1.0915553432291456,1.4820854804764885,1.304141771688964,0.025264651862408446,33.79831932771608,0.0,3.9979223752575708,0.5998339384779829,0.4009411078697708,-0.033292979535664124,1.0,0,1,0,254.70670681666667,12.0,6.0,0.0,0.0,0.0
1515211,XAUUSD,BUY,61.09138343531699,62.39339414123912,0.16154757035528133,40.904868628594755,37.008929080184394,0.37008929080184394,3.5050798452034706,0.8465866070383591,0.29875518672198964,0.0031804181432909394,91.66666666666666,0.7519045339825253,0.04692414481483901,0.09476708984252766,0.01910828025477478,0.29409702080280276,0.8333333333333334,20.0,0.4889393529556259,0.7939935886620559,0.8376301151874889,1.2543474726123047,1.2003582927671266,-0.12197828944835505,37.18181818181689,0.0,4.140244690641514,0.6109136939670211,0.3980640228224319,-0.01271242317683471,1.0,0,1,0,249.99078711666667,12.0,6.0,0.0,0.0,0.0
1515213,XAUUSD,BUY,61.091383435317006,58.94966051637121,-0.02331341649508012,41.09523515512368,38.729104391265295,0.38729104391265295,3.2396400889205514,0.7824745888907094,0.03363412633312366,0.003039725616582866,92.5,0.74385278451902,-0.042784118672902584,0.05826451383952854,0.02891898095020029,0.3226651447533324,0.8333333333333334,20.0,0.4866744264756065,0.7993662441627796,1.1068584368352086,1.333830759481591,1.2434313029361714,-0.14639620739269021,51.3333333333396,0.0,4.140244289937895,0.6109136824644916,0.39654169695266683,0.01679026771339869,1.0,0,1,0,244.89047135,12.0,6.0,0.0,0.0,0.0
1515229,XAUUSD,BUY,29.64500082056311,57.71092618977553,0.916995440523479,52.92165746017905,44.336469951012134,0.44336469951012136,2.6230824980720517,1.4234792381611319,0.19857962305379928,0.004374073767835999,60.83333333333333,0.6196683003169361,0.11136046932246801,0.08304694542097174,0.16919354838709325,0.4153309071345572,0.8333333333333334,20.0,0.37791711295227326,0.8453938584779728,3.2508082665025873,2.6485981213474075,2.0491083853262317,2.4970261933900413,6.517835178351669,0.0,1.8427249130346761,0.29644993494592214,0.3205730205300263,0.2159796300522125,1.0,0,1,0,184.99053411666668,12.0,6.0,0.0,0.0,0.0
1515232,XAUUSD,BUY,22.59898065807267,58.85007442490388,0.7371041436957171,53.60725335588051,42.7837921443736,0.427837921443736,2.4045684677694266,1.518088074499459,0.21864181091877488,0.004526711990458966,55.833333333333336,0.6464755444864376,0.10347639965515047,0.09189824093052655,0.017114523352522667,0.3904322398510714,0.8333333333333334,20.0,0.373083841233699,0.7065420560747622,0.911673861591016,1.2707855963202412,1.3360376141916015,1.8539772534574037,4.9103908484271965,0.0,1.5839442547613722,0.22598974896932314,0.31705918918492476,0.12983317674932793,1.0,0,1,0,179.99053469999998,12.0,6.0,0.0,0.0,0.0
1515234,XAUUSD,BUY,22.59898065807267,60.67532251868113,0.6681446817516643,54.02316383046049,41.3420198953521,0.413420198953521,2.215623718481605,1.398800653709478,0.31372024605510485,0.004714773417873445,53.333333333333336,0.6717844724488049,0.05625147943179799,0.11064198648093174,0.029446407538280185,0.35632863081495525,0.8333333333333334,20.0,0.3702115644830704,0.7205607476635496,0.9873910994147216,1.3249507208963278,1.3811756863652385,1.2060567011830639,57.42990654207153,0.0,1.5839441657836186,0.2259897440563187,0.3149651545474474,0.13401658634288427,1.0,0,1,0,174.85709755000002,12.0,6.0,0.0,0.0,0.0
1515236,XAUUSD,BUY,22.598980658072666,57.103315862920006,0.4231947412573569,53.997223556856156,40.00323137840357,0.4000323137840357,2.058353239818492,1.2995103064685993,0.271879854997405,0.004798370814256144,52.5,0.688984613214359,-0.03183032499110894,0.06329017921940253,0.042117033171826766,0.39724264669673315,1.6666666666666667,20.0,0.3703894141694356,0.7429906542056094,1.1500930858979175,1.4402906783093758,1.4642251327127431,0.06139430305765417,32.960000000000164,0.0,1.5839440792647148,0.225989739279082,0.31509494336968025,0.015556355395102148,1.0,0,1,0,169.6192008,12.0,6.0,0.0,0.0,0.0
1515238,XAUUSD,BUY,22.59898065807268,55.69100628021037,0.16405282877030514,53.79313615993788,38.76007061266565,0.3876007061266565,1.9185794532104936,1.211266232148657,0.29127234490009657,0.004819842222638629,51.66666666666667,0.7049942704333838,-0.1967543903898905,0.04267882538704106,0.016816581931944994,0.4151087219307742,2.5,20.0,0.3717946457060238,0.7136181575433835,0.6460754129886611,1.123549269154619,1.299535605005045,-0.0440624516082905,22.74336283185605,0.0,1.583943990466201,0.2259897343759739,0.3161198429598696,-0.048333303941772945,1.0,0,1,0,163.99028953333334,12.0,6.0,0.0,0.0,0.0
1515240,XAUUSD,BUY,22.59898065807267,54.00732275139253,-0.10034624870568587,53.39362643422802,37.60570704448044,0.3760570704448044,1.7948681525225472,1.1331629663142668,0.1350223546944702,0.004828983495902127,51.66666666666667,0.7174527671441752,-0.02583195142552344,0.02144961687180085,0.020746887966805058,0.43750540204974053,4.166666666666666,20.0,0.3745765428507959,0.7018691588785079,0.4320644993847009,0.9746575937101818,1.2228670409047036,-0.3147824542867219,58.46511627909279,0.0,1.5839439003346902,0.22598972939926232,0.3181457148506092,-0.22062558373913105,1.0,0,1,0,159.99055268333333,12.0,6.0,0.0,0.0,0.0
1515242,XAUUSD,BUY,16.087470242689417,59.20420953219762,-0.031034090493343047,53.09979597464035,36.0686901300668,0.360686901300668,1.6758858517261974,1.2113953479116868,0.19789939192924727,0.004936366411874228,46.666666666666664,0.7309084930900093,0.030133738341721856,0.0881809358729345,0.08319805194805822,0.3640315305398092,5.0,20.0,0.3766492814690228,0.6881174899866433,0.21511924613731057,0.8206732737159955,1.139515134711542,-0.8027350189227839,47.19999999999982,0.0,1.3834331386381007,0.16087464670850873,0.3196524897522271,0.049906029794655804,1.0,0,1,0,154.9572419,12.0,6.0,0.0,0.0,0.0
1515244,XAUUSD,BUY,2.747421987792421,57.68874918555701,-0.06882747241534792,53.09266769073747,33.68859954847578,0.3368859954847578,1.5563886539763627,1.6443257862742553,0.06362252663619603,0.0049977754422453335,45.83333333333333,0.7395933101498845,-0.017887485398778356,0.06496763338603848,0.01584905660377633,0.38046684935224706,5.833333333333333,20.0,0.37669985084379537,0.7419225634178934,0.8602888546209703,1.2090427241021238,1.3723927314743463,-0.5613072988796431,11.019512195121045,0.0,0.9465202823234764,-0.027474211294149613,0.31968922274346656,0.013749544555790309,1.0,0,1,0,149.62366776666667,12.0,6.0,0.0,0.0,0.0
1515246,XAUUSD,BUY,8.626916444998674,61.43965931469344,0.0798271267906916,53.34961999854191,31.898479326798842,0.3189847932679884,1.8064484444828168,1.5195199316838401,0.07793764988009697,0.005140916325128711,40.0,0.7465521096606553,0.08087748809542857,0.11056158942761445,0.05450696771917741,0.3210894473188054,5.0,20.0,0.37488551934477915,0.7303070761014608,0.6259010113273613,1.058993096473129,1.2959923204919872,-0.3604004113164205,62.09523809522717,0.0,1.188827614556794,0.08626913851193539,0.3183704689939977,0.039737865050544545,1.0,0,1,0,143.99014268333335,12.0,6.0,0.0,0.0,0.0
1515248,XAUUSD,BUY,9.295391913565249,61.173331044941655,0.13251434571452725,53.4482185700746,30.283973082996443,0.3028397308299644,1.6970409180999244,1.4083798839811108,0.22445759368834758,0.005161629301581185,40.0,0.7519845930505031,0.09449683264125468,0.09747748541232139,0.0020098666179532787,0.32311647538557675,4.166666666666666,20.0,0.37419394949110435,0.7712950600801071,1.0403785038743,1.316412066413551,1.4626237640015596,0.22267878258959392,17.34627831715111,0.0,1.2049587845177578,0.09295388920286878,0.3178673406733339,0.07820653544364625,1.0,0,1,0,139.99057175000002,12.0,6.0,0.0,0.0,0.0
1515250,XAUUSD,BUY,11.349642643862714,63.093134953878774,0.230477120288743,53.534060100783535,28.931520908772608,0.28931520908772607,1.640010088309785,1.3056843016670971,0.3797698364626876,0.0052148504423275505,39.166666666666664,0.7556851543604363,0.14217765781720307,0.11441755445612084,0.028911253430922924,0.29345803345429616,4.166666666666666,20.0,0.37359393183233036,0.7686847039914215,0.9151383292836462,1.2326105842049906,1.4299084185432889,0.2503665657030213,496.54545454281777,0.0,1.256053113423137,0.11349638790904025,0.3174306128804871,0.12365959143649931,1.0,0,1,0,134.99052048333334,12.0,6.0,0.0,0.0,0.0
1515252,XAUUSD,BUY,13.501519585628191,62.24329066562884,0.22607444043154867,53.23734152215615,27.829377957119437,0.2782937795711944,1.5997809434176782,1.2191785722930628,0.3039092055484506,0.005178219842058948,40.833333333333336,0.758237614385461,0.06045415668892593,0.09729966776605138,0.0072904009720652346,0.3026071464011022,7.5,20.0,0.37567615940545157,0.789579426734529,1.0647566298868179,1.319620358141514,1.500381863116322,0.5052727242380319,33.58860759493807,0.0,1.3121782711703176,0.1350151479608981,0.31894536254287265,0.1361826077844762,1.0,0,1,0,129.69036586666667,12.0,6.0,0.0,0.0,0.0
1515254,XAUUSD,BUY,0.20688245240936792,62.91571262391463,0.21466250069529647,53.20181712771641,25.85634256392586,0.2585634256392586,1.4865027946747196,1.49266617249542,0.24795640326964874,0.004952942783338932,50.0,0.756940658117655,0.0861508534906132,0.09659492587053525,0.009670079635936878,0.2934110307271494,8.333333333333332,20.0,0.37592700925962647,0.7842218055183416,0.9066767583729467,1.2205409392022721,1.4514224457538645,0.3569866269536987,136.1666666664452,0.0,0.9958702261734645,-0.002068823829663839,0.3191276925079828,0.0699224237222782,1.0,0,1,0,123.98996941666665,12.0,6.0,0.0,0.0,0.0
1515256,XAUUSD,BUY,7.397677458488535,57.49076414711135,0.010065981235640287,53.32454447573667,24.537866484966052,0.24537866484966053,1.3771471843587204,1.5971781814902353,0.2262382864792086,0.004420151875247642,67.5,0.756863489984536,-0.01762232982157663,0.04545524602172328,0.04497450837582395,0.3388683424801255,7.5,20.0,0.37506180684019247,0.7891680172879445,0.9402581334634852,1.2168706881109272,1.457403013326751,0.30586572690104075,102.41176470602208,0.0,0.8622371242491305,-0.07397674971311087,0.3184986805375252,0.03994408242848255,1.0,0,1,0,119.99058426666667,12.0,6.0,0.0,0.0,0.0
1515258,XAUUSD,BUY,7.397677458488536,51.26026561571939,-0.3534139694671019,53.2892198703269,23.31356726878909,0.2331356726878909,1.2796272116422993,1.484077145921027,0.0601851851851713,0.003471145878119936,81.66666666666667,0.7518710332257021,-0.07522636746400163,0.013516782356212377,0.06057164489872842,0.3995179522576366,8.333333333333332,20.0,0.3753104295515616,0.7554803788903859,0.4968614787446643,0.9387474411388113,1.2896934874375006,-0.13928240174850498,21.23481781376292,0.0,0.8622370831073426,-0.07397674781764174,0.31867947258360296,-0.07806456934672208,0.0,0,1,0,114.99061633333334,12.0,6.0,0.0,0.0,0.0
1515260,XAUUSD,BUY,7.397677458488539,52.76681520167307,-0.5349668335733813,53.21498987958927,22.176717996624767,0.22176717996624767,1.1898827323415864,1.3799939180160539,0.17221249270287442,0.003029853654655575,84.16666666666667,0.7476642176203158,-0.0879988420619031,0.0027152419659616928,0.0166507177033646,0.3835385489348398,10.0,20.0,0.3758339529003847,0.7119079837618429,-0.18799294828220606,0.6008173533516937,1.0829011213215338,-0.917505679011269,15.509375000000915,0.0,0.8622370392872303,-0.07397674579877778,0.3190600584652321,-0.059005930605349456,1.0,0,1,0,109.89076078333332,12.0,6.0,0.0,0.0,0.0
1515262,XAUUSD,BUY,7.397677458488541,43.871700688590245,-0.9899769477724045,53.018919173904344,21.121072243900752,0.21121072243900751,1.1089771364349326,1.286161788807043,0.34886240520040873,0.0029610860707086485,85.0,0.7447981363594516,-0.1798240263757915,0.0890020658959059,0.10600356647514042,0.48605291095191366,13.333333333333334,20.0,0.37722383465417575,0.7238159675236847,0.04320020669011295,0.6771991740683742,1.1251216639895691,-1.7414835324567601,59.05747126431257,0.0,0.8622369937039963,-0.0739767436986838,0.3200697589358547,-0.18974358883105794,0.0,0,1,0,104.62338308333332,12.0,6.0,0.0,0.0,0.0
1515286,XAUUSD,BUY,31.82502287242697,70.09675453181444,1.838326092211298,38.99006397040736,19.923717919794182,0.19923717919794182,3.7455241349057657,1.9370451577701455,0.4658421672556125,0.005698138346637742,13.333333333333334,0.7124308107909659,0.4850095875643971,0.3649700373603823,0.08957219251337849,0.10720680025485245,45.83333333333333,20.0,0.5129511973917145,0.8624054982817839,2.3219685058455153,2.893728959118809,1.6496567103389872,3.609726020393294,116.11627906968741,0.0,1.9336266819875227,0.31825017271964284,0.4140621787616853,0.5627074635387238,1.0,0,1,0,4763.990252250001,12.0,6.0,0.0,0.0,0.0
1515292,XAUUSD,BUY,46.81775160231408,68.91511279693813,2.094410875268177,39.85291654394974,21.844720325688463,0.21844720325688463,4.85803651481765,1.7597415968873102,0.4252737496300653,0.006467809846568729,4.166666666666666,0.7158063683887467,0.4683231373823673,0.3085319952030897,0.013119248090856954,0.24188944840133217,44.166666666666664,20.0,0.5018453286334522,0.9180756013745699,2.2635259982691176,3.278523862317557,1.8791622937434962,4.62202777508577,10.164179104476426,0.0,2.7606517699865325,0.4681774452777279,0.4066945710976776,0.499587024654598,1.0,0,1,0,4759.990591,12.0,6.0,0.0,0.0,0.0
1515301,XAUUSD,BUY,47.18273040910234,63.20380606412037,1.7217308370551443,39.27363722411995,25.310952712239114,0.25310952712239115,4.290613824725827,1.539708540948236,0.4611650485436812,0.006928371218355974,1.6666666666666667,0.725211078450989,0.05674866824050263,0.24990307808602782,0.17669616519175796,0.2693919063218878,47.5,20.0,0.5092474599657649,0.7809737432378893,0.6631327092040429,1.6131010308223341,1.3592915082607606,1.6027948154082412,4.415584415584151,0.0,2.7866384604484793,0.4718272231645851,0.4116111557151886,0.5313997244742729,1.0,0,1,0,4749.990519666667,12.0,6.0,0.0,0.0,0.0
1515303,XAUUSD,BUY,59.90990160856462,70.137931782236,2.2554912458156737,39.67409170811139,27.782306204833795,0.27782306204833795,5.645289272950482,1.4152982405973669,0.6071788667070074,0.008099019452345625,0.8333333333333334,0.7243848479234131,0.29939976238034505,0.44616792874703365,0.21680035650624888,0.022684829349618876,46.666666666666664,20.0,0.5041073188806232,0.8604037471962009,1.2832500988814632,2.413986771258675,1.7174390140870368,0.9143001236333311,4.659432387311625,1.0,3.988760193616531,0.5990989312345016,0.4081995786206678,0.30196028400950525,1.0,0,1,0,4744.856807450001,12.0,6.0,0.0,0.0,0.0
1515356,XAUUSD,BUY,23.79576715957347,80.38555345782586,2.253491146200548,17.377397971055903,18.605120471319992,0.1860512047131999,10.94092987375304,6.734843902340803,0.8041401273884731,0.006639526131823493,17.5,0.7172268968842754,0.7647552561626917,0.9281405031361997,0.9140625000000764,0.7314098475024877,47.5,20.0,1.1509202950471842,0.6172132569842034,1.3892818469776298,1.6150155266490875,1.248473683235972,0.9192795814083384,5.221649484534299,0.0,1.624525884768385,0.23795765813337308,0.765895794762776,1.1480429943095558,1.0,1,0,0,4064.6573464166668,12.0,6.0,0.0,0.0,0.0
1515358,XAUUSD,BUY,36.791781279221034,83.67445675131009,2.797905804197048,17.60044097312334,19.904167671884352,0.1990416767188435,13.36258566594626,6.17453204826844,0.8379980243660976,0.00802527919786615,0.8333333333333334,0.7030923538969952,0.8114173332669459,1.1226306141140012,0.27902439024391484,0.3977173078043506,45.83333333333333,20.0,1.1363351651552875,0.7794551448898142,2.203645514778678,2.921905929592438,2.352139227745962,1.0741862003187097,0.09401709401700266,0.0,2.164145136399198,0.3679177939604768,0.7590918213143494,1.3153079536672763,1.0,1,0,0,4058.9902730333333,12.0,6.0,0.0,0.0,0.0
1515360,XAUUSD,BUY,29.76670186227637,70.59231981839326,2.5984889869851866,17.761123760757414,20.608634399769496,0.20608634399769496,12.295860508872371,6.654856943933325,0.5653393157599245,0.008407624513486135,0.8333333333333334,0.7123020014729651,0.5898713434737003,0.708012588310611,0.2967254408060564,0.724053284759735,45.0,20.0,1.12605487520949,0.8785354849904566,2.2326077736596206,3.3409415273319207,2.9726393993990623,1.1542252120579344,2.5839160839159243,0.0,1.8476518375694968,0.2976670029153371,0.7542680910680615,0.7859863028962262,1.0,1,0,0,4054.9906111166665,12.0,6.0,0.0,0.0,0.0
1515362,XAUUSD,BUY,47.90066207083005,79.88160160711215,3.3369056561009285,19.1496149207033,22.558064947702395,0.22558064947702394,16.270554343569113,5.731449049461133,0.6986194827921216,0.010295093481520455,0.8333333333333334,0.7155206369395278,0.8418144471854805,1.353395074849967,0.43279569892474307,0.2767679674994019,39.166666666666664,20.0,1.0444074245261883,0.7768523338538859,1.3558546628538506,2.2939961927575125,2.2329296584446223,1.0693262081291888,2.3701188455007234,0.0,2.8388198803370637,0.4790065989372558,0.7151079795460643,1.4658258203225374,1.0,1,0,0,4049.9739643166668,12.0,6.0,0.0,0.0,0.0
1515364,XAUUSD,BUY,42.26441039609546,69.75243598773332,3.153484649305372,20.28607099779595,23.965661051159042,0.23965661051159043,14.261978271320476,5.7879811410328825,0.49819680577019004,0.010922694650175768,0.8333333333333334,0.726743684308085,0.721755595986845,0.8499449036670541,0.1962350256702804,0.5994260791713201,36.666666666666664,20.0,0.9858981565317883,0.919866948896291,2.2809749477309316,3.740213003578607,3.976814311137885,1.1418381335746177,1.3105590062111165,0.0,2.46406742864887,0.4226440828814065,0.6860712836090821,0.8143518772952337,1.0,1,0,0,4044.75684425,12.0,6.0,0.0,0.0,0.0
1515366,XAUUSD,BUY,37.404937607454755,71.24633484281023,2.999054725432054,21.130637355096283,24.925609376608737,0.24925609376608737,12.713948018928749,5.791861510639375,0.4990570889764924,0.011571449554794465,0.8333333333333334,0.7363979401482834,0.5033135487855113,0.8500156255887279,0.08159451884147753,0.4519503997685146,35.0,20.0,0.9464929838084796,0.8161475657695803,1.429721009852183,2.6230155898050977,3.1032374774986686,0.846171607559243,4.095930232558117,0.0,2.1951398182491095,0.3740493558620107,0.6660292835452983,0.9947641259827327,1.0,1,0,0,4039.5072483,12.0,6.0,0.0,0.0,0.0
1515368,XAUUSD,BUY,37.404937607454755,58.639222355127345,2.02421541426964,21.397020401160812,25.816989964526307,0.25816989964526305,11.65883199334345,5.3112015387134255,0.23234172387489832,0.011445777762898257,1.6666666666666667,0.744551324433009,-0.2110726971143949,0.3133860163238794,0.42437650844731784,0.9393831301347456,34.166666666666664,20.0,0.9347095822236529,0.8556093135772701,1.405287489667705,2.6065063420539034,3.297155262211267,0.8349329397999128,11.255725190840428,0.0,2.1951397839495046,0.3740493540327906,0.6599572285114859,0.05234373660451946,1.0,1,0,0,4033.99019525,12.0,6.0,0.0,0.0,0.0
1515370,XAUUSD,BUY,37.40493760745474,59.97665057579385,1.3729875156153,20.42151894393509,26.644700510449766,0.26644700510449765,11.34320079261897,5.167415186880675,0.2310513447432632,0.01129361786975061,2.5,0.7508911609038345,0.15170745990829937,0.3790469706091979,0.2390180878552053,0.8936651602705585,35.833333333333336,20.0,0.9793590797485573,0.696099183550051,0.530251105895564,1.44562413909742,2.091538102548204,0.21387982094624572,1.3563981042653313,0.0,2.1951397724490866,0.37404935341946577,0.6827730952085421,-0.1341721939255862,1.0,1,0,0,4029.9905553,12.0,6.0,0.0,0.0,0.0
1515372,XAUUSD,BUY,30.69605302919692,55.777029423393,0.5822687738686394,19.603553305082603,26.934082833217424,0.26934082833217426,10.972464391903676,5.818347782741684,0.09930501930500557,0.010992470645486066,3.3333333333333335,0.7562498057557245,-0.6969482732838953,0.1726450443562108,0.45039018952070886,1.1349983165669897,37.5,20.0,1.0202232059029122,0.7240701542183223,0.6201760144238827,1.5298987100489876,2.255377582163191,-0.05269950506418558,3.1837837837853917,0.0,1.8858381993960327,0.3069605120105121,0.7032080032804009,-0.0448898210597337,1.0,1,0,0,4024.8905356833334,12.0,6.0,0.0,0.0,0.0
1515374,XAUUSD,BUY,22.72306459822282,60.26409604221017,0.3817820103231089,19.11687092614813,26.633295816432096,0.26633295816432095,10.44810399797804,6.579019684409763,0.20784313725489845,0.01084491855195035,5.0,0.7609181812881799,-0.21105195721517542,0.44367360107780174,0.4620797498045247,0.850557607613431,39.166666666666664,20.0,1.046196319327758,0.6635923798004204,0.2785232913713735,1.0890484614791178,1.7924881090983074,-0.4192968393001155,1.2202970297025535,0.0,1.588094109923807,0.2272306326370128,0.7159826156768788,-0.5733155829916132,1.0,1,0,0,4018.990146633333,12.0,6.0,0.0,0.0,0.0
1515376,XAUUSD,BUY,25.146498812802957,61.301816505401966,0.2724250645711104,18.40566585999468,26.527096030458587,0.26527096030458586,10.608362753129972,6.345148297943391,0.10546170247661411,0.010625384939101873,5.833333333333333,0.7656925471877034,-0.27693458380320846,0.4891903803555834,0.1561135371178389,0.8035569108176909,40.833333333333336,20.0,1.0866219213220998,0.754157846991239,0.7072917257561038,1.5530256018510304,2.4000487653260665,-0.3194611984623698,1.164128595600724,0.0,1.671885444298117,0.25146497329541034,0.7355464527581206,-0.14289078265386207,1.0,1,0,0,4014.6894720166665,12.0,6.0,0.0,0.0,0.0
1515378,XAUUSD,BUY,25.146498812802946,56.06710682631311,-0.1799438821366035,17.540975441423647,26.428481943483185,0.26428481943483184,10.336213507220005,6.1823684831258126,0.06917193215829347,0.010143707012131069,7.5,0.7682626611182524,0.024511499049448035,0.21270907797707383,0.769841269841161,1.1213743537630039,46.666666666666664,20.0,1.1401874466324875,0.7763834290898081,0.7661230412580411,1.5816225760984022,2.5082352021196708,-0.24669764967161714,5.405594405597074,0.0,1.6718854373604997,0.25146497290487213,0.760893417082155,-0.5769348479960325,1.0,1,0,0,4008.9902039833332,12.0,6.0,0.0,0.0,0.0
1515380,XAUUSD,BUY,29.875134971586146,53.17136543564419,-0.6961848986024783,17.055905767036244,26.674671445490542,0.26674671445490544,10.934605753908352,5.904038157877543,0.020815112821402474,0.00946184937964523,8.333333333333332,0.76843732479093,-0.24722277583107694,0.04461900809243754,0.2706976744185911,1.3227089964111403,49.166666666666664,20.0,1.172614358520541,0.7026005442999798,0.33246990878132865,1.0925230953725886,1.9574611587479902,-0.2101571073245494,0.29896907216513213,0.0,1.8520550866128163,0.29875133197385484,0.775931215906906,-0.14423156609802867,1.0,1,0,0,4004.9905333666666,12.0,6.0,0.0,0.0,0.0
1515382,XAUUSD,BUY,7.52645843090995,47.70815357530893,-1.4190927889281593,17.312626783676485,25.306941944449072,0.25306941944449074,10.00299995609715,8.602653205118939,0.4933049946865026,0.008753003833983487,9.166666666666666,0.7637595104549538,-0.346160179837704,0.27117742795328426,0.2866828087167156,1.6467749438739396,46.666666666666664,20.0,1.1552261970354119,0.6589053522830407,0.07268333916925004,0.8058337217592696,1.6296395392161098,-0.42755895349316514,2.6941580756015595,0.0,1.1627806625244739,0.07526458026384616,0.7678956818689314,-0.5926310390791264,0.0,1,0,0,3999.7234820166664,12.0,6.0,0.0,0.0,0.0
1515384,XAUUSD,BUY,7.526458430909945,46.113100228993936,-1.9693908012942005,17.368153441985253,24.036907407767707,0.24036907407767708,9.25880426560852,7.962639462230191,0.43305588585017735,0.008017329354422426,11.666666666666666,0.7602922756291199,-0.6694914391988211,0.3414598773991353,0.10392482034274121,1.748602699846281,45.83333333333333,20.0,1.1515328942023624,0.5689446628364143,-0.4846332310817011,0.2799361528424593,0.9873053965801839,-0.8524257957519843,2.4881756756755715,0.0,1.162780651660278,0.07526457993870046,0.7661805621419302,-0.4675223550461528,0.0,1,0,0,3993.9903808500003,12.0,6.0,0.0,0.0,0.0
1515386,XAUUSD,BUY,7.278152416972856,54.11589059564815,-1.6844661093310194,17.336142481843456,22.83985347985379,0.2283985347985379,8.613336203156377,7.444614104708229,0.2437564499484096,0.0072139849810101825,19.166666666666668,0.7560842189719396,-0.3613307322783815,0.1607156474983915,0.533687943262394,1.2321080091704655,45.83333333333333,20.0,1.1536591846165583,0.540822497732081,-0.6682891887481182,0.1148751785000953,0.7834188429380695,-1.1505846668418693,8.62234042553095,0.0,1.1569887874672,0.07278151963729955,0.7671683418033969,-0.29418309207724336,1.0,1,0,0,3988.990422566667,12.0,6.0,0.0,0.0,0.0
1515388,XAUUSD,BUY,0.06706018437779455,50.486385293198026,-1.7205956808779268,17.083560875997446,21.213225387319792,0.21213225387319792,8.116350322710352,8.127243306547712,0.12657926102503989,0.006644048249058419,26.666666666666668,0.7502659177142772,-0.32350796000751986,0.06693263345393137,0.2934782608695939,1.4873948226860085,47.5,20.0,1.1707161138811626,0.6770486846084085,0.3488601711315848,0.8612581780805778,1.728362927533384,-1.0082438500836894,0.8737541528239812,0.0,0.9986595722453449,-0.0006706018024938666,0.7750571195090831,-0.621650256470891,0.0,1,0,0,3984.9908100999996,12.0,6.0,0.0,0.0,0.0
1515390,XAUUSD,BUY,0.06706018437779886,46.29241070175238,-2.017872481231057,16.45830652771191,19.702785015681076,0.19702785015681076,7.8229283698574665,7.833427551004841,0.270916334661348,0.00643320614798429,29.166666666666668,0.745116023494288,-0.4470125299777734,0.34212137210013166,0.6086434573830327,1.852559979282304,53.333333333333336,20.0,1.2151918525958132,0.6158149380102801,-0.15543574080022543,0.4943788855706228,1.286565085861563,-0.7871562108960479,2.407407407407075,0.0,0.9986595676364435,-0.0006706018009454288,0.7953390149136319,-0.6574187922543725,0.0,1,0,0,3979.740658766667,12.0,6.0,0.0,0.0,0.0
1515403,XAUUSD,SELL,11.406619688848421,45.236898037801225,-1.0607608029911546,18.315507720777028,14.425830030943906,0.14425830030943906,6.086890942809986,7.654295862416378,0.15763697581878253,0.008265770580493749,18.333333333333332,0.7559178595083152,-0.0735524047256577,0.18730319354084304,0.10456273764262182,1.6030131649964485,28.333333333333332,20.0,1.0919708208422796,0.37919564560024416,-0.5566467352169203,-0.5997442018629576,-0.3623651450817084,-0.22584829084078978,2.592891760904354,0.0,0.7952253554075536,-0.11406618858744079,0.738106598133261,-0.0191094893647101,0.0,1,0,0,3919.99052565,12.0,6.0,0.0,0.0,0.0
1515406,XAUUSD,SELL,11.406619688848423,45.01686992987521,-0.670895310788751,17.81511431215006,14.210172149365658,0.14210172149365657,5.810870354910215,7.3071985899741,0.06501547987617189,0.007280685021579401,28.333333333333332,0.7589986893931355,0.19249973483610364,0.18641343214069667,0.02564102564102358,1.6615105287206604,30.833333333333336,20.0,1.122642249135602,0.4044451164197193,-0.37593508129281733,-0.4424425216954655,-0.18297996758334098,-0.06402920343429898,8.563636363633046,0.0,0.7952253504725757,-0.1140661881931352,0.7526616565739537,-0.08925005880623749,0.0,1,0,0,3914.7573287166665,12.0,6.0,0.0,0.0,0.0
1515408,XAUUSD,SELL,16.075101331036517,40.92593238594454,-0.6559713994543013,17.34974900413936,14.343381376627862,0.14343381376627862,5.540537769716617,7.66302364671338,0.08904336312477976,0.006728929633503744,36.666666666666664,0.759760589297823,-0.05756094315537548,0.4120234038555757,0.3982300884955688,1.9700573185147872,37.5,20.0,1.1527544286218974,0.4008164499546485,-0.4132832398231359,-0.4478070738696779,-0.20628154866031226,0.16084724310700263,38.00000000000313,0.0,0.7230223084422568,-0.16075100113554386,0.7667481517848667,-0.06397787078849644,0.0,1,0,0,3909.50662255,12.0,6.0,0.0,0.0,0.0
1515411,XAUUSD,SELL,1.9926235778567665,42.867044305386294,-0.4815858660116641,17.307624075272276,13.461184391001357,0.13461184391001357,7.42303015323758,7.132983591366527,0.2230483271375495,0.006176285499560559,42.5,0.7599020939271917,0.2615704939883048,0.2905726063251144,0.09009546539375234,1.8829852011034884,39.166666666666664,20.0,1.1555601111405216,0.33156939824615184,-0.9628176361613896,-0.8059809064192835,-0.6837528283079032,0.10018304916209245,1.5111111111111515,0.0,1.0406625807410423,0.01992623440963282,0.7680506021465358,0.03408902327860125,0.0,1,0,0,3903.990405566667,12.0,6.0,0.0,0.0,0.0
1515413,XAUUSD,SELL,11.479588161375709,47.28965271603443,-0.07617431621139925,17.430650927038524,13.319641803170954,0.13319641803170953,8.282516685904962,6.576735707305085,0.006725663716832188,0.005896014439209753,43.333333333333336,0.7635300594648796,0.12617565368949618,0.06535642956173134,0.20283762480292822,1.5094100679388438,34.166666666666664,20.0,1.1474040805312604,0.35560931357725634,-0.7381394355189309,-0.6476119801386543,-0.5096693322932876,0.04318429401079088,10.099337748349596,0.0,1.2593657089396917,0.11479587388820868,0.7642597082355489,0.48190971382316067,0.0,1,0,0,3899.9906331666666,12.0,6.0,0.0,0.0,0.0
1515415,XAUUSD,SELL,11.479588161375702,44.486126747215856,0.030488203774207356,17.2034615751072,13.188209400185581,0.1318820940018558,7.792474682859461,6.187617657595233,0.12159468438537575,0.005729892184874795,45.0,0.7628509928632097,-0.13340501475513114,0.2097996846521878,0.20000000000002552,1.6217666356386586,40.0,20.0,1.1625567280563633,0.41260961596613555,-0.1751733044488534,-0.3202652409766064,-0.10996788952588923,0.10947604238091865,3.930051813471855,0.0,1.2593656968976725,0.11479587340237539,0.771291192107048,-0.03720181529782266,0.0,1,0,0,3894.74056765,12.0,6.0,0.0,0.0,0.0
1515417,XAUUSD,SELL,0.5728513587695564,43.463787232653765,0.0591115001427136,17.415357176885262,12.287112397227293,0.12287112397227293,7.14782929990037,7.230194001748067,0.013415101571461868,0.00450516874647307,58.333333333333336,0.7636744958470558,-0.17713709078197534,0.24205876116814898,0.0530490827962625,1.4602054808127942,33.33333333333333,20.0,1.148411703352558,0.3695192016933749,-0.5711557144512668,-0.5452975032452897,-0.40687745638793693,0.2301400627152199,3.999999999999362,0.0,0.9886080939963884,-0.005728513189274094,0.7647288265080582,-0.19293316616326317,0.0,1,0,0,3889.490348866667,12.0,6.0,0.0,0.0,0.0
1515419,XAUUSD,SELL,4.9736934896607,45.96030629590788,0.22927728354930643,17.637831664250584,11.764725332401108,0.11764725332401108,7.323000915163043,6.629067782666125,0.08661417322831211,0.0033828167421586517,79.16666666666666,0.7577743407041105,0.19165229975135104,0.11570166388175623,0.09206039941546232,1.3306624332723767,28.333333333333332,20.0,1.1339262320173518,0.35364378590867285,-0.8486482805957256,-0.6164534422553721,-0.511811410757479,0.25995928272479535,17.8504672897088,0.0,1.1046801828805022,0.04973693133176423,0.7579635843426913,-0.06576772145704972,0.0,1,0,0,3883.9899877666667,12.0,6.0,0.0,0.0,0.0
1515437,XAUUSD,SELL,4.270777172383128,36.62102044720915,-0.7865358993758762,14.437402461201408,17.166410608946276,0.17166410608946275,8.366823519585406,9.113363350106104,0.6612554112554081,0.005194630347013125,43.333333333333336,0.7112040760802182,-0.1814101897233048,0.39572568992759555,0.1420710355177677,1.9989745439013056,63.33333333333333,20.0,1.3852907442143647,0.16797701844571772,-1.636340637196167,-1.3081368996412492,-1.6084481395739831,-1.50107609618864,63.17647058820697,0.0,0.9180828504336046,-0.04270776928062117,0.869321022241424,-0.40311960656636,0.0,1,0,0,3819.9907848166667,12.0,6.0,0.0,0.0,0.0
1515439,XAUUSD,SELL,4.27077717238314,37.83676232014885,-0.5018559413343824,14.266873713972686,16.24529393490605,0.16245293934906052,7.862056695841528,8.563558103098234,0.6008653326122614,0.005197656707230153,43.333333333333336,0.7248979441869859,0.1441486236982342,0.326803568107274,0.056431535269661624,1.9836160722642227,66.66666666666666,20.0,1.4018488143209964,0.21167221046265683,-0.9988430744050234,-1.0127432090163397,-1.296896058042748,-0.7662159933217557,6.03873239436576,0.0,0.9180828439657868,-0.04270776912376012,0.8762387800952871,-0.14649320109655434,0.0,1,0,0,3814.7406109,12.0,6.0,0.0,0.0,0.0
1515441,XAUUSD,SELL,1.6987115420428263,39.24861544246466,-0.22110546733429004,14.187097020117468,15.20625233541582,0.1520625233541582,8.27296304029761,7.996590260537514,0.4517766497462058,0.005283562085317639,42.5,0.7361504292667941,0.18748082085905873,0.2571647266632177,0.050950570342212266,1.9503637679198,69.16666666666667,20.0,1.4097316717887929,0.2201390988811554,-0.8147709519980725,-0.9219564948560082,-1.2210581908110485,-0.026851331309427358,16.720588235309165,0.0,1.0345611987352619,0.016987114376323727,0.8795154017971357,0.1903137756914742,0.0,1,0,0,3809.507019416667,12.0,6.0,0.0,0.0,0.0
1515443,XAUUSD,SELL,4.344620942929875,37.557196529180736,-0.07126499571815526,14.187304375823334,14.430421521666824,0.14430421521666825,8.099803469344275,7.4252967153109015,0.47381242387333383,0.005354669893396833,41.66666666666667,0.7486616365062065,0.2186031123391643,0.30664571379152905,0.08315715292461764,2.0320985041477853,68.33333333333333,20.0,1.4097110677404028,0.12291272163882788,-0.6272474161471977,-0.8315064227911234,-1.1406836474258273,0.5544419702924088,18.626865671639116,-1.0,1.0908388834891494,0.0434462066308494,0.8795068514109173,0.10784289668212285,0.0,1,0,0,3803.99030125,12.0,8.0,0.0,0.0,0.0
1515445,XAUUSD,SELL,3.194605251545225,35.06036107521258,-0.05073578679622592,14.26392549183597,13.62786321665814,0.1362786321665814,7.4808444186510705,7.974584357998758,0.4669956816779838,0.005269722453368355,44.166666666666664,0.757054673661741,0.0797727645897617,0.3888565749863427,0.1199213630406226,2.1459730715446783,65.0,20.0,1.4021385635705335,0.10294370803924328,-0.738093940808449,-0.8840519271693353,-1.2341052892915183,0.6099073821835072,11.025423728810255,-1.0,0.9380856913328478,-0.03194605044847301,0.8763594087427403,0.09604649160457389,0.0,1,0,0,3799.9907424666667,12.0,8.0,0.0,0.0,0.0
1515447,XAUUSD,SELL,2.943166569751643,34.90592340076974,-0.005641411513944483,14.29721652813337,12.864670599021961,0.1286467059902196,6.965295325162947,7.387728730930294,0.3429657794677067,0.0052804406341641725,44.166666666666664,0.7642132252138718,-0.12931213908529474,0.3579644592198957,0.006109979633411282,2.14866998338809,63.33333333333333,20.0,1.3988736871016094,0.07230160096401916,-0.9563624229550949,-0.9778476689870971,-1.3838520919759898,0.4237177505115879,7.338797814208101,0.0,0.942819455887952,-0.029431663646961544,0.8749993301585828,0.07204199488571508,0.0,1,0,0,3794.65710485,12.0,8.0,0.0,0.0,0.0
1515449,XAUUSD,SELL,4.341624318126546,37.18152152083894,0.11312565101496075,14.36670106183816,12.255881578958004,0.12255881578958004,6.436492847637021,7.020756037797876,0.04984740590028335,0.005249757367355366,45.83333333333333,0.7691785280791253,-0.10949625232213457,0.2694060910917285,0.05042567125078619,2.0798094058885557,60.83333333333333,20.0,1.3921080360699787,0.07040798760542762,-0.8807723098154439,-0.9395932739335252,-1.3713579181655615,0.21008382251583943,162.6666666663972,0.0,0.9167804572903844,-0.043416239955031015,0.8721750006495459,-0.07099750983959931,0.0,1,0,0,3788.990194533333,12.0,8.0,0.0,0.0,0.0
1515454,XAUUSD,SELL,8.652911870801475,35.54308398522977,0.2382433157736843,14.506135099238035,11.473601373320248,0.11473601373320248,7.131264004159851,5.9954233185684975,0.02318145483612947,0.004790400247187322,54.166666666666664,0.7802647532509248,-0.19451910442588763,0.33873104265262965,0.16188413643745211,2.1818354636489024,55.833333333333336,20.0,1.3787269912473477,0.10638664141847931,-0.4297980448328105,-0.7050825740433508,-1.1327397569896969,0.5147298734843846,8.7967479674833,-1.0,1.1894510922393817,0.08652911211616793,0.8665654669581515,-0.27712412524068425,0.0,1,0,0,3778.9901965333333,18.0,6.0,0.0,0.0,0.0
1515455,XAUUSD,SELL,8.652911870801475,35.54308398522977,0.2382433157736843,14.506135099238035,11.473601373320248,0.11473601373320248,7.131264004159851,5.9954233185684975,0.02318145483612947,0.004790400247187322,54.166666666666664,0.7802647532509248,-0.19451910442588763,0.33873104265262965,0.16188413643745211,2.1818354636489024,55.833333333333336,20.0,1.3787269912473477,0.10638664141847931,-0.4297980448328105,-0.7050825740433508,-1.1327397569896969,0.5147298734843846,8.7967479674833,-1.0,1.1894510922393817,0.08652911211616793,0.8665654669581515,-0.27712412524068425,0.0,1,0,0,3778.989040666667,18.0,6.0,0.0,0.0,0.0
1515457,XAUUSD,SELL,10.955089684097603,40.525463210618824,0.34738309461105077,14.744982592149565,11.436564824090059,0.11436564824090059,6.824655772808928,5.476998513154047,0.14064697609002055,0.004387360425224667,62.5,0.7809425129899281,0.058270250019242915,0.18246686940516862,0.10980392156863285,1.8440170973465133,50.0,20.0,1.3563935986366156,0.05370976071612897,-0.9325129351496813,-0.8932460718304188,-1.3997724018771014,0.47260727955476867,5.177257525084149,0.0,1.2460573999355358,0.10955088793559752,0.8571323140756484,-0.062394105537289246,0.0,1,0,0,3773.9904749666666,15.0,5.0,0.0,0.0,0.0
1515459,XAUUSD,SELL,10.955089684097615,55.39647227824219,0.9277716261041213,14.70676954985317,11.402173742662027,0.11402173742662028,6.3536464470749685,5.098998880263432,0.36020942408378565,0.003939589242855425,67.5,0.7791774241493745,0.5338152476816111,0.3124931336501143,0.5418719211822518,0.7839927021984824,50.0,20.0,1.3599179569791842,0.0871062144947419,-0.5575793933853941,-0.7175884203924803,-1.2003368885054748,0.5474356722960769,8.10714285714241,-1.0,1.246057383069936,0.10955088727542303,0.858626854441366,0.5868045984365254,1.0,1,0,0,3769.99041665,15.0,5.0,0.0,0.0,0.0
1515462,XAUUSD,SELL,13.598884232125396,50.337496023777554,1.0900557681497078,14.325571724863652,11.559081634766553,0.11559081634766553,6.390874244702045,4.860775431087158,0.15951492537313394,0.0033295694671764066,75.0,0.773276235971499,0.33586385573364647,0.10709960836324728,0.3191035218784126,0.9856500160124871,61.66666666666667,20.0,1.39610483854461,0.22086417627819066,1.0607546054613715,-0.1360647082397934,-0.46466288000519435,1.2414024544799636,0.8454545454545938,0.0,1.3147846512398977,0.13598883023513025,0.8738444349489615,0.4076626128550363,1.0,1,0,0,3764.7736865499996,15.0,5.0,0.0,0.0,0.0
1515465,XAUUSD,SELL,15.965024952156549,52.55779358750374,1.25242811957862,13.990888030230558,11.873791871722982,0.11873791871722983,6.377559314741507,4.621548937721136,0.18792248760702915,0.0030936190663639965,80.83333333333333,0.7702937954096404,0.35144806955655,0.1884593920642328,0.1473029045643179,0.6782986168922542,71.66666666666667,20.0,1.4295018269594726,0.1709416422792135,0.4190422667123632,-0.34256936921579034,-0.7324393026713483,1.7790595667038278,2.133779264213286,0.0,1.379961138727033,0.1596502350067311,0.8876862268534422,0.45601108280007957,1.0,1,0,0,3759.5070568666665,18.0,6.0,0.0,0.0,0.0
1515467,XAUUSD,SELL,17.612337709899606,57.54900475100257,1.5304865459440942,13.597967456642644,12.283688003021313,0.12283688003021313,6.303254729845203,4.415441714047772,0.3565573770491649,0.0031878113592118808,76.66666666666667,0.7700107824960777,0.6923020610649904,0.399666071115849,0.39575971731445925,0.45006726332546515,77.5,20.0,1.4708080500832457,0.19469788259596557,0.7750984335244815,-0.23663912080853478,-0.5977459288100747,1.9857233765348004,5.78873239436608,0.0,1.4275476182244056,0.17612336066758003,0.9045452429220628,0.6250934212853795,1.0,1,0,0,3753.990150316667,18.0,6.0,0.0,0.0,0.0
1515469,XAUUSD,SELL,20.884984204187504,44.5024404187143,1.0914346367071697,14.03168406688246,12.898066303104613,0.12898066303104613,5.6721064761345446,8.666780823777403,0.056158264199113274,0.003012015607449587,83.33333333333334,0.7549389501329515,0.064065816562041,0.21183935740698584,0.440264361972538,1.1053555600361589,69.16666666666667,20.0,1.4253456609106487,0.2527113100361435,1.5503678400534844,0.02075543603425004,-0.2757950537597771,1.5664809080300826,1.5267857142858956,0.0,0.6544651280563062,-0.2088498274766007,0.8859740548132139,0.20239908384932248,0.0,1,0,0,3749.9908628499998,18.0,6.0,0.0,0.0,0.0
1515471,XAUUSD,SELL,20.884984204187507,47.667293047268686,0.9177762704566756,14.178706633533725,13.46856043889625,0.1346856043889625,5.212341625121169,7.964276170351875,0.12069481880804807,0.0029994523871997455,83.33333333333334,0.7447711669825869,-0.32016687886407647,0.05184432773615564,0.1385954008701338,0.9415527343252652,66.66666666666666,20.0,1.4105658941203052,0.11082186686500678,-0.8975197217849522,-0.6697438833775174,-1.0908259662443567,0.8745198416072031,1.2713625866051275,0.0,0.6544651213954272,-0.20884982619184214,0.8798615307771144,0.2158165818004349,0.0,1,0,0,3744.9739864666667,18.0,6.0,0.0,0.0,0.0
1515473,XAUUSD,SELL,44.90696208994174,35.45845171867724,0.006795033493112612,15.122370445424197,15.71416055682807,0.1571416055682807,4.538004614515849,11.935963010665162,0.19973130317958132,0.0036713121273624152,65.83333333333333,0.6883009705028067,-0.7247503529706563,0.7685133807587861,0.4366557137641436,1.721290990320697,42.5,20.0,1.3225439802694228,0.165849673202612,-0.22288612397965388,-0.4964390960881205,-0.8858977205729748,0.4522431285990576,6.215246636769836,0.0,0.380195902941815,-0.4490695936400708,0.8426631281334171,-1.1122594874066254,0.0,1,0,0,3739.73445845,12.0,6.0,0.0,0.0,0.0
1515483,XAUUSD,SELL,42.990438927586,28.233300916895814,-1.7909451719967207,20.397009118381884,20.478517362684347,0.20478517362684345,3.6845950443211706,9.241640397628535,0.6560477849676554,0.0067467586305379286,26.666666666666668,0.6504810795971497,-0.7842078712863448,0.7731628781287899,0.12216748768472886,1.9507762029748283,3.3333333333333335,20.0,0.9805359150413823,0.04277261200337719,-2.00192473164209,-1.7663488670806786,-2.2937067727071954,-1.7977756222833998,21.42666666666628,0.0,0.3986948731062711,-0.42990435601758015,0.683367472245822,-0.955532249207861,0.0,1,0,0,3719.6738395666666,18.0,8.0,0.0,0.0,0.0
1515485,XAUUSD,SELL,37.687853707213115,30.125287850281765,-1.8622187498467122,21.998651324211732,21.70775567300783,0.2170775567300783,3.6009069275946266,7.956733570535541,0.5821828601198037,0.007458831686937084,20.833333333333336,0.6872470676103889,-0.36484978060985107,0.602946043250841,0.024521251751522397,1.7782908335359808,0.8333333333333334,20.0,0.9091466429120583,0.026706700379260536,-2.127239785430018,-2.1343104151637617,-2.6600442359118484,-1.864870751637448,7.185483870967755,0.0,0.45256089614062134,-0.3768785044635288,0.6466563584052349,-0.9336936022706821,0.0,1,0,0,3714.49037495,18.0,8.0,0.0,0.0,0.0
1515488,XAUUSD,SELL,38.52481194749694,27.76736486160128,-1.9872205874780384,23.411604801053798,22.908973978328483,0.22908973978328484,3.1418980218057513,7.079780419006514,0.6707165881477714,0.008274685676471858,18.333333333333332,0.7108911306909957,-0.4456817798558198,0.640903148267906,0.07922450933461819,1.812776200548636,0.8333333333333334,20.0,0.8542771915874714,0.057650358367090274,-1.6187186406206835,-2.003870566982026,-2.4850406913897296,-1.5935805769530025,39.78095238094504,0.0,0.4437846080065343,-0.3852480817856522,0.6174949659937583,-0.5018878500576395,0.0,1,0,0,3708.9898633,14.0,8.0,0.0,0.0,0.0
1515490,XAUUSD,SELL,33.752507302767256,27.439929290929214,-1.952935834992937,24.79934731526425,23.68351207293125,0.2368351207293125,3.073927018507652,6.2062038765776935,0.8252738445097295,0.008962609000134491,10.833333333333334,0.7289690573046125,-0.3611690415219872,0.5645633474585786,0.010971055088686824,1.7302874730734674,0.8333333333333334,17.0,0.685501911961059,0.01284233328175655,-1.651021885367315,-2.2125050384597436,-2.684054600677351,-1.3978560029046225,11.62235649546695,0.0,0.4952989918377811,-0.33752503665695316,0.5220633900497207,-0.47259308283430373,0.0,1,0,0,3704.9907395833334,14.0,8.0,0.0,0.0,0.0
1515493,XAUUSD,SELL,35.89516636607546,33.11457984729857,-1.585777694908149,26.132965364173966,24.555773093870123,0.24555773093870123,2.7086970011920104,5.742138443324476,0.5974882260596683,0.009330147609911525,10.0,0.7428143739369084,-0.17071339814046382,0.37601704406517517,0.07154359328271577,1.521832652582231,0.8333333333333334,17.0,0.6505193636886508,0.0055701686523376365,-1.4226855532690852,-2.1554745540580496,-2.635258130058924,-0.9894901499379317,90.14893617034006,0.0,0.4717226093039252,-0.35895162118547236,0.5010900042560147,-0.2395441892171233,0.0,1,0,0,3699.6735341000003,18.0,8.0,0.0,0.0,0.0
1515495,XAUUSD,SELL,35.89516636607545,30.994641371987868,-1.388736199694054,27.329182123875835,25.365729756170502,0.253657297561705,2.405125825138093,5.09860108217359,0.7363523573200975,0.009768812773205637,8.333333333333332,0.7524958127966032,-0.0762899961400945,0.40973534186538385,0.058535447761177764,1.5485278632991843,0.8333333333333334,17.0,0.6220456917789772,0.07055652449658853,-0.9593642775121262,-1.7936451310672343,-2.3070690789696187,-0.6199433936886822,12.977491961416344,0.0,0.47172259893495383,-0.35895161582431,0.48368812532048383,-0.258331916703486,0.0,1,0,0,3693.99028195,18.0,8.0,0.0,0.0,0.0
1515497,XAUUSD,SELL,45.18834606274463,27.990316914438523,-1.3961056344611755,28.716383400741847,26.781630920925796,0.267816309209258,2.125445678900186,5.630006040667519,0.6473029045643074,0.010336699439643398,6.666666666666667,0.7589828074662146,-0.24423651482343411,0.477886985455953,0.08278074866309927,1.611971791642959,0.8333333333333334,20.0,0.6964665334383064,0.03073936256270075,-1.044387310130717,-1.9099470763838033,-2.452993103089856,-0.32872290626326445,16.083665338650167,-1.0,0.3775209628597877,-0.4518834023608979,0.5285475782207553,-0.21102935963178912,0.0,1,0,0,3688.9899187833335,18.0,8.0,0.0,0.0,0.0
1515499,XAUUSD,SELL,47.29983948699973,27.420729364436013,-1.3250873840113142,29.906641729260294,28.247217247073934,0.28247217247073936,1.895079447446459,5.296851009687438,0.6514965149651414,0.010757680214092808,5.833333333333333,0.7637458396800798,-0.15375584727680158,0.43906560404955514,0.017188188629346485,1.5742322533638884,0.8333333333333334,20.0,0.6687477711826214,0.03346677341873742,-1.2099506754062221,-2.168719597705326,-2.7020259913065163,-0.2576121817266095,11.080103359173467,0.0,0.35777466389103174,-0.4729983291020742,0.5120735075446295,-0.2661616129306845,0.0,1,0,0,3684.9906883500003,18.0,8.0,0.0,0.0,0.0
1515501,XAUUSD,SELL,47.29983948699973,32.703809296919246,-0.974620059923998,30.779024462884554,29.608118835640063,0.2960811883564006,1.7098402470508915,4.779097283335195,0.4313253012048168,0.010987175399318391,4.166666666666666,0.7688278622049547,-0.04349534947070858,0.30280141693355567,0.06742640075973773,1.437667397592788,0.8333333333333334,20.0,0.6497931740532376,0.03867316459676229,-1.1127675922054505,-2.135845903758641,-2.6852432395998163,-0.3441674456203585,57.17948717950632,0.0,0.35777465657342444,-0.4729983219769667,0.5006499309969955,-0.058806282251801456,0.0,1,0,0,3679.6735371,18.0,8.0,0.0,0.0,0.0
1515503,XAUUSD,SELL,46.229756250252265,40.162441756023085,-0.35857469171982537,31.40552271553567,30.795378650969504,0.307953786509695,1.5992496393978561,4.349206338748454,0.16238698010849334,0.010883506786746234,5.833333333333333,0.7723633026174291,0.0006368334904526638,0.13885745812802563,0.11554993678886695,1.2657009520283031,0.8333333333333334,20.0,0.6368306676871965,0.08316302468165368,-0.773490598926392,-1.8137838227884706,-2.402330312598221,-0.2176288673234615,13.830985915492159,0.0,0.3677105998487676,-0.46229748478529875,0.4927618524077345,0.10061924549457242,0.0,1,0,0,3673.9900095333337,18.0,8.0,0.0,0.0,0.0
1515505,XAUUSD,SELL,46.22975625025225,42.43737044773642,0.2003618294299363,31.65298537871169,31.897834193775413,0.31897834193775415,1.4734076729730838,4.006975417088679,0.08150599917254128,0.01016023727355558,10.833333333333334,0.7731057149346476,0.12768418865170275,0.08206091237921316,0.042730140521932504,1.2087327480248387,0.8333333333333334,20.0,0.6318519331023689,0.15991506043776418,-0.3654469869192415,-1.3788123948910385,-2.0180048954304795,0.15522743743978404,7.654266958425098,0.0,0.36771059262774686,-0.46229747814756583,0.4897155251602426,0.04770482094923575,0.0,1,0,0,3668.99036345,18.0,8.0,0.0,0.0,0.0
1515507,XAUUSD,SELL,41.03879560919448,43.75115713934131,0.6529032856092725,31.852772137375126,32.55076000916249,0.3255076000916249,1.5457070668554398,3.697425541529605,0.0715181932245969,0.009494985563757153,13.333333333333334,0.7720512610887733,0.2723023413982582,0.04963608398808935,0.02467343976779008,1.1744660665218534,0.8333333333333334,20.0,0.6278888353498305,0.18425351192420286,-0.23323082367418327,-1.2156575410182884,-1.8751643046074484,0.5185896045729388,22.402684563761746,0.0,0.41804943235356046,-0.41038787782044023,0.4872839822943119,0.15414670907837882,0.0,1,0,0,3664.99070665,18.0,8.0,0.0,0.0,0.0
1515510,XAUUSD,SELL,44.39394565011181,42.166058299489315,0.8763393294936037,32.14114555613407,33.39670184065887,0.3339670184065887,1.4224217761488258,3.6936462232045075,0.1703974417542589,0.008546171501434158,23.333333333333332,0.7697118701656143,0.2551488283931747,0.08110045275234844,0.03622178879911313,1.2043752433277013,0.8333333333333334,20.0,0.6222553569246707,0.19813786344332013,-0.15194676152315195,-1.099621653494495,-1.7907442592873544,0.7499822018023309,39.52941176468832,0.0,0.3850995209322593,-0.44393936972757053,0.483817376670983,0.23583478027444793,0.0,1,0,0,3659.689782,15.0,6.0,0.0,0.0,0.0
1515512,XAUUSD,SELL,46.42402984842161,40.45411282083786,0.9354463552122185,32.318920873553076,34.32722526978478,0.34327225269784784,1.3135548409369273,3.589967530083466,0.12220762155059499,0.006841048342481634,35.833333333333336,0.7677570137753043,0.127216542891204,0.11244565635278404,0.04100490903840798,1.241378081804412,0.8333333333333334,20.0,0.6188325432723906,0.1769029728846763,-0.2784002206125773,-1.1559880444795283,-1.8675318470132143,0.7506406646492833,26.607692307688698,0.0,0.3658959207941545,-0.4642402038093745,0.4817052371486078,0.21535372505879305,0.0,1,0,0,3653.9901741666667,15.0,6.0,0.0,0.0,0.0
1515514,XAUUSD,SELL,52.01409151192565,38.82864455930411,0.8901536363333538,32.572569382584994,35.590572858509134,0.35590572858509134,1.2102312402211868,3.8338797429936387,0.08079847908744396,0.005862133469448962,46.666666666666664,0.7659955275668355,-0.052735457090956346,0.13844299188753034,0.037635907443556396,1.2731571621786857,0.8333333333333334,20.0,0.6140135819525816,0.15387128389415278,-0.48503456012573654,-1.226170272332335,-1.9430985939766312,0.6677742563583069,23.3873239436608,0.0,0.3156674193460156,-0.5201408120008252,0.4787239849006909,0.08534788789140102,0.0,1,0,0,3648.9901268666667,15.0,6.0,0.0,0.0,0.0
1515516,XAUUSD,SELL,54.54650291322625,35.463950716840145,0.6770242203235188,32.820957283828875,36.9445678624175,0.369445678624175,1.1152813758214384,3.792069861388284,0.09836829836832217,0.004135862053821823,76.66666666666667,0.7625568868996637,-0.1855502983828739,0.20590710640228824,0.08210818307905954,1.3537082302560162,0.8333333333333334,20.0,0.609366747808241,0.1361565716213898,-0.7025316014379309,-1.282862591438953,-2.0001027338197868,0.5053726250205153,25.57037037036313,0.0,0.2941087908397186,-0.5454649179796485,0.47584077728135593,-0.14259181898713727,0.0,1,0,0,3644.9906343833336,15.0,6.0,0.0,0.0,0.0
1515518,XAUUSD,SELL,54.80551791621545,40.283645619532905,0.7206010393832472,32.93374604926971,38.220350009117354,0.38220350009117354,1.0320717202236684,3.5351748666952614,0.22055888223552297,0.003662778765680886,81.66666666666667,0.7573175913921907,-0.13446619434813406,0.11533010260216199,0.07354651162792485,1.2713403430439199,0.8333333333333334,20.0,0.607279839046536,0.0862156234182506,-1.4927369610454513,-1.45750513194249,-2.165776906571157,0.27892357928895245,11.179054054053658,0.0,0.29194352958413505,-0.5480550591653361,0.47454320914748566,-0.1096140109478898,0.0,1,0,0,3639.757220966667,15.0,6.0,0.0,0.0,0.0
1515521,XAUUSD,SELL,49.60303836269113,40.23308583378939,0.7552236630380156,33.02419276003621,39.03339917722977,0.39033399177229766,1.1028058968447074,3.273671815368405,0.2680145152928895,0.0031008243534376007,89.16666666666667,0.7509831313824246,-0.09652638271696455,0.10515637723631836,0.0014619883040722615,1.2690696273647206,0.8333333333333334,20.0,0.6056166200738368,0.1329750346740665,-0.9474478693889962,-1.2017171871117165,-1.9401080287030463,0.26970739480419526,12.596837944660727,0.0,0.3368711410827421,-0.4960302702868459,0.4735078697629569,-0.13626373951661327,0.0,1,0,0,3634.5402365333334,15.0,8.0,0.0,0.0,0.0
1515523,XAUUSD,SELL,55.50036894504164,36.84646994900289,0.6096663488168872,33.21603613431934,40.209611303502044,0.40209611303502046,1.018119610254798,3.557736800767532,0.019812304483841782,0.002756859096530203,93.33333333333333,0.743995718098004,-0.13481219590840873,0.16868126801390906,0.07616914029684267,1.3436281144301767,0.8333333333333334,20.0,0.6021188054806962,0.13235039028621262,-1.0233543367770306,-1.1564798738481257,-1.904226433569749,0.3383415417838105,683.0000000099681,0.0,0.2861705013885939,-0.5550035681608657,0.47132700662092636,-0.17822716642228825,0.0,1,0,0,3628.990355666667,15.0,8.0,0.0,0.0,0.0
1515525,XAUUSD,SELL,48.87016631830116,38.32636334094314,0.5769493057348196,33.43846212472509,40.82822237598769,0.40828222375987694,1.1270867596264689,3.2816377695514656,0.27012987012983514,0.002459277863341521,95.83333333333334,0.7346205324022792,-0.07280016320662484,0.13211979613270589,0.020093586567588063,1.3131584770919202,0.8333333333333334,19.0,0.5682079495501381,0.08516912402428249,-1.8573366589416296,-1.303767402458793,-2.0543196859030526,0.4020792425392145,12.128676470587019,0.0,0.3434524147155048,-0.48870155233427315,0.44993353402141145,-0.11334253309447384,0.0,1,0,0,3624.9907529499997,15.0,8.0,0.0,0.0,0.0
1515533,XAUUSD,SELL,66.13452175296078,32.35433850628428,-0.28823343780626587,32.12267032122327,47.644159746815305,0.47644159746815307,0.7521143981864123,3.689661930498199,0.32158590308368695,0.0038479416537382503,73.33333333333333,0.6207979104586047,-0.3704554687822197,0.28404478384754195,0.08475783475780647,1.582371561632497,11.666666666666666,17.0,0.52922125807107,0.019633723807945987,-2.430780456447217,-1.531588697520622,-2.252102484010512,-0.35285798849763556,5.871080139373173,0.0,0.20384366061450973,-0.6613450686375836,0.42475862417631777,-0.2661671621475144,0.0,0,1,0,3594.74047525,15.0,8.0,0.0,0.0,0.0
1515537,XAUUSD,SELL,69.0389047499351,32.03018174127257,-0.3880912470700215,29.74638410350373,50.59139502785732,0.5059139502785732,0.7003126882873362,3.8235110500596994,0.47614917606245805,0.004548580416295789,63.33333333333333,0.6673187873521599,-0.2477733630701847,0.26454740587741044,0.038490566037752326,1.636837601188155,17.5,17.0,0.5714980328650306,0.031255008815512686,-1.7684296347850803,-1.4795237947284672,-2.2078914634533304,-0.6790511004246779,82.10000000007503,0.0,0.1831595347728541,-0.6903888948875485,0.4520293254984375,-0.21279897341385898,0.0,0,1,0,3583.989466966667,15.0,8.0,0.0,0.0,0.0
1515539,XAUUSD,SELL,69.69714425878514,41.36701662207784,-0.0521075908964681,28.59592809611063,51.956091401495016,0.5195609140149502,0.6764524853438201,3.7881596365017027,0.1495176848874694,0.004623407636898076,62.5,0.690863453191934,0.004546205715721476,0.10533841777165728,0.33504398826976534,1.543926109046464,19.166666666666668,17.0,0.5944902345139199,0.022279211412076148,-1.5821192019819936,-1.4676568329903754,-2.1911264423271515,-0.5895860824043536,24.980392156851625,0.0,0.17857016907511916,-0.6969712864776973,0.4665540829675146,-0.1049100413848094,0.0,0,1,0,3579.9905137166666,15.0,8.0,0.0,0.0,0.0
1515541,XAUUSD,SELL,67.6765871087255,46.221067731960275,0.37909327341108234,27.205504660674166,53.07898395201148,0.5307898395201147,0.7127476316523521,3.6973537029425096,0.06201262532491848,0.004512053713843493,63.33333333333333,0.700753349146047,0.20782347656742117,0.008056399306955874,0.31106243154437146,1.5210157104644826,20.833333333333336,17.0,0.6248735398234929,0.09510825982356749,-0.5958357343930711,-1.1042817462099903,-1.8631479730451774,0.0445696940429006,1.984682713348183,-1.0,0.19277231667416644,-0.6767657176291673,0.48542999110635804,0.10659607444049826,0.0,0,1,0,3574.7238445166668,15.0,8.0,0.0,0.0,0.0
1515543,XAUUSD,SELL,67.6765871087255,49.24332978531854,0.7877938963161082,25.880111470625984,54.12166989177676,0.5412166989177676,0.6957316224372943,3.6090837433009106,0.15322580645161912,0.0042969082464352805,66.66666666666666,0.6979550218286384,0.3256899777370565,0.05701309481491918,0.21040462427743184,1.5274277332563788,22.5,17.0,0.6568750686910703,0.14541200066855806,-0.044427328455936305,-0.8815980718217415,-1.6569252658917424,1.1791338786836865,2.21478873239424,-1.0,0.19277231539899228,-0.6767657138759332,0.5049333395193613,0.2928890012163685,1.0,0,1,0,3569.490235633333,15.0,8.0,0.0,0.0,0.0
1515554,XAUUSD,BUY,59.04103754510728,58.45333339213731,1.360693501777258,19.59814107810958,51.87701325378646,0.5187701325378646,11.539909031169596,2.9719543335253706,0.40842105263159045,0.004110000828136811,63.33333333333333,0.7176597284737062,0.22540048888455483,0.270810839434501,0.5021216407354839,1.5970902482664668,37.5,17.0,0.8674292083236603,0.2367354458363949,0.5430568814516235,-0.45586028354176816,-1.2206989900229106,0.4921352057081685,54.85714285737301,0.0,3.8829348816224676,0.5904103347664055,0.6245627301168672,0.0994992327195158,1.0,0,1,0,3523.3281305166665,15.0,8.0,0.0,0.0,0.0
1515559,XAUUSD,BUY,60.5812262461991,56.71976809155169,1.2479054152995164,17.99630531734959,53.052397750528996,0.53052397750529,11.368311160321017,2.790643066235215,0.33092783505152534,0.004335157577778328,60.0,0.7190409253204645,0.30591298892752766,0.22027668823244903,0.17639429312576735,1.7731417331109942,46.666666666666664,17.0,0.9446383410494215,0.2665806927044844,0.6668525926527995,-0.30721005552667174,-1.0940244682288236,0.5708913602669312,3.2525773195865124,0.0,4.073723087035499,0.6058122196754823,0.6650760168757026,0.2228235145651992,1.0,0,1,0,3514.8080486833333,15.0,8.0,0.0,0.0,0.0
1515561,XAUUSD,BUY,49.228639290307875,58.12357620274702,1.2319841690146545,17.369426366110353,52.77927214622749,0.527792721462275,10.937275341204677,3.7211379408831036,0.35710747894995193,0.00458528840162708,55.833333333333336,0.7180432327847555,0.21278016719591747,0.2538921036329924,0.0976138828632984,1.7847451807898724,60.83333333333333,17.0,0.9787312281750914,0.29200442151804584,0.8363365763092063,-0.1804548169164647,-0.9973477772460674,0.5490088742491006,4.669117647060215,0.0,2.9392278855916714,0.49228635931920106,0.6824558454593511,0.3794022819808232,1.0,0,1,0,3509.5404390666667,15.0,8.0,0.0,0.0,0.0
1515563,XAUUSD,BUY,49.80491327630228,58.4900488100575,1.176027354487862,16.790181625673917,52.566817941232834,0.5256681794123284,10.668073923927798,3.5745482846661933,0.16041397153946801,0.004723965232318012,54.166666666666664,0.716911063794395,0.2419138219795263,0.25003060248254655,0.01943844492443702,1.8326186509471123,75.0,19.0,1.131613726616694,0.3087693441414773,0.8795554538065531,-0.09592095095970087,-0.9303743985267544,0.41305453819649907,9.244444444448868,0.0,2.9844528846450156,0.4980490977941041,0.7568793110034931,0.23704329641763036,1.0,0,1,0,3503.9900927666667,15.0,8.0,0.0,0.0,0.0
1515565,XAUUSD,BUY,49.80491327630227,55.92354736170846,1.0090761197061893,16.146597223840047,52.369539036594944,0.5236953903659495,10.300912905516476,3.4515237539104797,0.2777777777777814,0.004569240882110344,57.49999999999999,0.7179803222838259,-0.03651903777699876,0.1724766333846665,0.14138817480713242,1.9750291382084288,80.0,19.0,1.1767185207262727,0.31300663227707926,0.8126088177234937,-0.07344944493715178,-0.904196320097328,0.3988822212336934,50.444444444362475,0.0,2.9844528548856077,0.4980490965476881,0.7778184770284831,0.18703631224178194,1.0,0,1,0,3499.99072615,15.0,8.0,0.0,0.0,0.0
1515567,XAUUSD,BUY,36.99180936112578,54.85883907292973,0.8211273617569836,15.673268850708581,51.271129774061436,0.5127112977406143,9.853997788927115,4.532260535394847,0.2484342379958381,0.004196443284826831,65.83333333333333,0.7249480144698749,0.059915749348699886,0.13420880355711895,0.054621848739448836,2.0640238043601813,80.83333333333333,19.0,1.212255093750977,0.2923728813559316,0.5572407333515648,-0.17816646939424258,-0.9564516249956206,0.2941381837318514,6.07272727273055,0.0,2.174190017935195,0.3699180678979654,0.7940123996831722,-0.06699304465467086,1.0,0,1,0,3494.8907295166664,15.0,8.0,0.0,0.0,0.0
1515569,XAUUSD,BUY,31.345870408232134,56.41304752630043,0.708409088594514,15.362321075657949,49.84789696221649,0.49847896962216487,9.335348228740711,4.879561154745495,0.4474074074074118,0.0037273870802338907,75.0,0.7268530867018049,0.023431595268275804,0.1710007053828985,0.06713780918730015,2.053726116295745,80.83333333333333,19.0,1.236792272888116,0.2838983050847444,0.45821300871211684,-0.2200248718926695,-0.969660108633928,0.16407119577964888,17.30769230770805,0.0,1.9131528470565444,0.3134586820309193,0.8050428185128123,0.1132641344645356,1.0,0,1,0,3489.673863483333,15.0,8.0,0.0,0.0,0.0
1515571,XAUUSD,BUY,39.14829928823931,63.61404823532125,0.8685853898138642,15.377155284539505,49.08363998550384,0.49083639985503835,10.350995067149746,4.526650035372327,0.5003348961821603,0.003261158366123974,84.16666666666667,0.7246452739474355,0.23749975452508099,0.4058041656136748,0.27039177906230666,1.7740602533569778,80.0,19.0,1.2355991500653554,0.2986366985998547,0.6441509755533383,-0.13896805220387326,-0.9102728558203458,0.083233234738296,13.894736842100603,0.0,2.2866783823768633,0.3914829665688896,0.8045092682314386,0.30109600341067,1.0,0,1,0,3483.990327916667,15.0,8.0,0.0,0.0,0.0
1515573,XAUUSD,BUY,24.759807626832952,63.53462914449034,0.9150143808050004,15.668787049929543,47.34622338845592,0.47346223388455916,9.432743826802277,5.688702745184119,0.5135135135135003,0.003156539717087101,85.0,0.7300874553885051,0.21746675803542517,0.35859025045976534,0.003083247687538056,1.742955591455453,79.16666666666666,19.0,1.2126018395332927,0.3773028739867292,1.7484907038008008,0.2946038819258423,-0.6538754297048852,0.242120972346812,2.698337292161419,0.0,1.6581534650644703,0.247598059894363,0.7941691260082279,0.23550004146728779,1.0,0,1,0,3479.9907850666664,15.0,8.0,0.0,0.0,0.0
1515575,XAUUSD,BUY,24.59799999835907,62.33340348117602,0.8601023085789017,15.943873689220258,45.72135028916329,0.4572135028916329,8.607853952447654,5.20914784944486,0.30636833046465106,0.0031562104609994834,85.0,0.735661840827307,0.25479557536032005,0.2944400407080211,0.0215163934426272,1.7398532214134983,76.66666666666667,19.0,1.1916802886393918,0.37675018422991735,1.626272398801529,0.28744814253223716,-0.6477404703111772,0.4039746248827903,323.3333333360871,0.0,1.6524492198691911,0.24597998218088757,0.7846685047251752,0.19004164603037124,1.0,0,1,0,3474.99076315,15.0,8.0,0.0,0.0,0.0
1515577,XAUUSD,BUY,17.461368182088393,55.877498730696075,0.6143163513795906,16.27859699713304,43.70278013865794,0.43702780138657943,7.828653653559737,5.501096841809554,0.25766362883186883,0.0030813929581866408,86.66666666666667,0.736929670541639,0.13258473463292003,0.12530558508789028,0.12069801260299944,1.853968127923717,75.0,19.0,1.167176753828739,0.36882829771554204,1.3587492315966037,0.24010202593024305,-0.6644203945125959,0.49010587515022086,45.4761904761813,0.0,1.4231075102973532,0.17461366872133874,0.7734252853694352,0.10504590784458875,1.0,0,1,0,3469.7572346166667,15.0,8.0,0.0,0.0,0.0
1515579,XAUUSD,BUY,20.802370668312122,62.09753644667547,0.6451992085318392,16.585840068766387,42.067036605061816,0.42067036605061814,7.647286845592388,5.013535625499003,0.37254901960785314,0.0030830703704935666,85.83333333333333,0.7335285747441002,0.29075327515983457,0.30710701147160463,0.17832847424680157,1.6031747496512452,71.66666666666667,19.0,1.1455554811347683,0.3238761974944733,0.6046722041366954,-0.028884129249013415,-0.7953229488964354,0.22243363303270253,7.285140562249401,0.0,1.5253278108507375,0.20802369025261755,0.763398484418181,0.34728418796502497,1.0,0,1,0,3464.5067516333334,15.0,8.0,0.0,0.0,0.0
1515581,XAUUSD,BUY,22.533388921942137,60.76138966409665,0.5841126503536573,16.94185149242591,40.671776056267554,0.40671776056267556,7.20901472190284,4.557598093311507,0.28005759539242225,0.0029603784232050076,88.33333333333333,0.7344262831763252,0.010034374658041686,0.24424982006103985,0.021325915623553203,1.6001792963490191,65.0,19.0,1.1214830922401966,0.39001473839350154,1.5089166340922953,0.4041775746826761,-0.5815845198323469,0.1816523599498276,4.6076294277941745,0.0,1.5817570993645342,0.22533387006914649,0.7521154159090387,0.2620728910287381,1.0,0,1,0,3459.9907789833333,15.0,8.0,0.0,0.0,0.0
1515587,XAUUSD,BUY,30.232722528501125,64.95369552330644,0.622483995281522,16.84943065920548,38.06892950066427,0.38068929500664267,6.848980950295144,3.6690836609952493,0.4687819856704349,0.0033748461443250367,75.83333333333333,0.73065498358134,0.3931433365614101,0.37815438599089657,0.20971867007670567,1.376307631340055,68.33333333333333,17.0,1.0089361678646547,0.3918570375828966,1.057841203545768,0.4905268044854188,-0.5563071685186344,0.2796137009396551,7.855555555554943,0.0,1.8666729124853005,0.30232719654139656,0.6976053122392489,0.2700387978696684,1.0,0,1,0,3444.7405447,15.0,8.0,0.0,0.0,0.0
1515591,XAUUSD,BUY,34.66941882018734,66.7060131831762,0.7566403553850214,16.90741725207003,37.5892196522746,0.375892196522746,6.499031950242582,3.1527984462636782,0.34285714285717067,0.0035703139093776165,72.5,0.7288372649535227,0.31946000937559976,0.3876666295372018,0.013888888888876462,0.023066799274245684,64.16666666666667,17.0,1.0054758658019536,0.4894988946204833,2.011581329250771,1.3833613624687202,-0.24671082707760572,0.5432771898470471,7.630000000000109,0.0,2.061352794877092,0.34669415228183154,0.6958813721500532,0.29986839056567804,1.0,0,1,0,3434.7738203833337,15.0,8.0,0.0,0.0,0.0
1515593,XAUUSD,BUY,43.069087866855554,69.75279760283995,0.8444342928410302,17.04974459120786,37.980638810458956,0.37980638810458955,7.295727153015354,2.9031596390846697,0.42513089005236243,0.003788981230672821,64.16666666666667,0.7389422185383648,0.31379905430064703,0.4714618530122865,0.11904761904762134,0.06979576694733915,60.0,17.0,0.9970823849623232,0.48341930729550303,1.6753187383989527,1.2585072305229221,-0.2626914858954127,0.7423263758199938,71.00000000006442,0.0,2.5130290948404443,0.4306908364393549,0.691687307945446,0.46452308758245126,1.0,0,1,0,3429.9908167000003,15.0,8.0,0.0,0.0,0.0
1515595,XAUUSD,BUY,43.06908786685554,68.3648320937044,0.800304868841716,17.106905691835895,38.34409945734443,0.38344099457344427,6.751967089818532,2.686783363531836,0.4214099216710111,0.004055128782660671,59.166666666666664,0.7438052254547365,0.379340793894864,0.3997488387653334,0.01848739495797874,0.09762139513033406,57.49999999999999,17.0,0.9937507288716209,0.5263448784082506,1.9356742391804465,1.5433526586832087,-0.12854043149636787,0.8203526120347548,7.399999999999839,0.0,2.5130290251291045,0.43069083303848665,0.6900176531291933,0.2952024224000566,1.0,0,1,0,3424.757168883333,15.0,8.0,0.0,0.0,0.0
1515597,XAUUSD,BUY,33.23106389510066,60.64827139972965,0.5227298550600339,17.279269570990508,37.97888263146987,0.37978882631469874,6.207142482621791,3.1107182341686683,0.39161554192229314,0.003945295185119275,60.83333333333333,0.7469493467176047,0.03876127716684006,0.20884052972121164,0.14497950819671435,0.261585131329161,54.166666666666664,17.0,0.9838378833177438,0.5175018422991777,1.5384617642544416,1.3602521963533067,-0.15432776148157795,0.6555701685552451,53.09090909092212,0.0,1.9954042828557086,0.3323106032871764,0.6850332934866432,0.2297550821630408,1.0,0,1,0,3419.9907212666667,15.0,8.0,0.0,0.0,0.0
1515599,XAUUSD,BUY,27.155985835640237,62.88056501901205,0.3840584498751345,17.418607458776936,37.2058185746249,0.372058185746249,5.717668591704905,3.275488205640791,0.31530494821636584,0.003936229659125293,61.66666666666667,0.748773744437154,0.004592841035846156,0.2606780588853325,0.07592303692147688,0.17854469752302715,47.5,17.0,0.9759677999652029,0.4649963154016194,0.834334139262016,0.850855746992083,-0.3135300531799635,0.3213934320841693,5.897526501767116,0.0,1.745592255916577,0.27155982816012825,0.6810583036287334,0.11941253081926771,1.0,0,1,0,3414.7069684333333,15.0,8.0,0.0,0.0,0.0
1515601,XAUUSD,BUY,35.43145386323486,67.75613695982034,0.47158391359941465,17.448706926007166,37.07907823809704,0.3707907823809704,6.368542824711688,3.0362780541115524,0.46633906633904726,0.0041562208716584585,54.166666666666664,0.7454477480638472,0.22005205805226083,0.4164105178818056,0.19730941704033061,0.006877300450329174,45.83333333333333,17.0,0.9742842304641858,0.4944341372912767,1.0521153440253002,1.0047174735056876,-0.2308293983438938,-0.036221424568283346,12.171232876712324,0.0,2.0974827119687096,0.3543145009586379,0.6802059177100713,0.20459968839746234,1.0,0,1,0,3409.9908582,15.0,8.0,0.0,0.0,0.0
1515605,XAUUSD,BUY,42.034150576326944,63.34419200116868,0.2792069174916354,17.560466686200016,37.761664733669534,0.3776166473366953,6.374115702195072,2.6013534738179476,0.40392156862746537,0.004090735623122129,56.666666666666664,0.7496545619828098,0.022207297304784705,0.25759041139612887,0.05006180469718363,0.2397430589534666,45.83333333333333,17.0,0.9680836109759849,0.5462357556510353,1.2427466653148862,1.2049912537294944,-0.08227561204265146,0.23278798961977928,21.52747252747613,0.0,2.4503064716281937,0.42034145893101477,0.6770602829796137,-0.005125148528704678,1.0,0,1,0,3399.9908322833335,15.0,8.0,0.0,0.0,0.0
1515607,XAUUSD,BUY,42.03415057632694,52.944121799245565,-0.13665209741189965,17.348290494328598,38.06684229385935,0.38066842293859354,5.991211164608708,2.445085515166378,0.029442691903281498,0.003703436179607849,66.66666666666666,0.7496295216149013,-0.07076202525784442,0.0027853682332482197,0.30226182316653943,0.5003374829835773,52.5,17.0,0.9799236417880794,0.5343339587242018,1.008093721386416,1.032154338767145,-0.12451104403857124,0.21394004351238838,18.975308641964677,0.0,2.4503064114281576,0.4203414559379169,0.6830582792093094,-0.23518167402913487,1.0,0,1,0,3394.6905326166666,15.0,8.0,0.0,0.0,0.0
1515639,XAUUSD,SELL,25.471901500692336,34.90753684766891,-2.049988570405382,10.972437244367757,38.063873214191666,0.3806387321419167,7.550697336361252,12.711988787131876,0.6841701801456488,0.006226179792703549,12.5,0.7022605568521441,-0.6782222558077511,0.9034803255835668,0.09340659340656836,2.3568145731044234,93.33333333333333,20.0,1.8227490897946275,0.2822445561138978,-1.5531976901070599,-1.5805768186904703,-0.9100341631224796,-1.4494421559101727,4.060606060604613,0.0,0.5939823318615856,-0.2547190024360825,1.0377112646250293,-1.1401295556664766,0.0,0,1,0,3249.7740318,15.0,8.0,0.0,0.0,0.0
1515641,XAUUSD,SELL,14.46248062452353,31.811075695610953,-2.2079216754432247,11.332263155484362,36.378059457786804,0.36378059457786804,8.541000946814972,11.429185257260684,0.7140874392782837,0.007003093467714529,10.833333333333334,0.7043862303448621,-0.4937870172346066,1.0621349262371702,0.20924422236104423,2.5811260821139834,90.0,20.0,1.7648725347787921,0.2537688442211069,-1.4512375082937428,-1.749299327124581,-0.9798549537741351,-1.2673920406694543,9.705882352944048,0.0,0.7472973801077992,-0.14462479900319972,1.0169945343741744,-1.1003980254345993,0.0,0,1,0,3244.5905797,15.0,8.0,0.0,0.0,0.0
1515643,XAUUSD,SELL,20.31305884238872,32.514702389753296,-2.157787346376785,11.822815787235466,35.230559413829795,0.35230559413829793,7.601859084954359,11.477450459425786,0.7206548241031396,0.007613667172835446,10.0,0.7158441095673036,-0.6607872347478275,0.8927913351257323,0.018131868131864317,2.4427344991013458,85.83333333333333,20.0,1.6916443899593743,0.1827889447236116,-1.566795126648843,-2.2006106540200516,-1.1656765742001904,-1.1209441618595193,3.7791044776114866,0.0,0.662329883234782,-0.20313057777724525,0.990152304230279,-0.4880394065033164,0.0,0,1,0,3239.9906129,15.0,8.0,0.0,0.0,0.0
1515645,XAUUSD,SELL,7.484260249935888,29.215475172226192,-2.2385174226511984,12.654043231004366,33.24868090212309,0.3324868090212309,8.57083444796818,9.957546714248577,0.740788623141598,0.008382529265960172,9.166666666666666,0.7288659158829056,-0.671154719321326,1.0235420123780343,0.15984654731457776,2.5794127145090884,81.66666666666667,20.0,1.580522496635455,0.2190132370637693,-1.2639923971883333,-2.0571937615129876,-1.1328196241602644,-0.8946343395913119,54.15151515152676,0.0,0.8607374721091113,-0.07484259846000985,0.9479918965052666,-1.040774064034453,0.0,0,1,0,3234.9902543,15.0,8.0,0.0,0.0,0.0
1515647,XAUUSD,SELL,11.768513821656011,31.92586633025877,-2.064552119533004,13.476611571646917,31.714383253518303,0.317143832535183,7.472863092684229,9.466357624009103,0.6248256624825506,0.008845387100345443,8.333333333333332,0.7347172086555329,-0.4633548253500431,0.7775621081587618,0.0566818369880346,2.3203161888102235,79.16666666666666,20.0,1.4840525671955602,0.1406003159557477,-1.4090771965821212,-2.4739657953247844,-1.3371086219385333,-0.8080398033483412,5.25600000000001,0.0,0.7894126336742769,-0.11768513126906628,0.909891326164367,-0.6633714975363857,0.0,0,1,0,3229.990569633333,15.0,8.0,0.0,0.0,0.0
1515649,XAUUSD,SELL,11.768513821655999,40.706572167115695,-1.508809997086154,13.974710745100696,30.28967829409957,0.3028967829409957,6.691757989775558,8.476881414641543,0.31720251905869684,0.008975549823268458,7.5,0.742887787646,-0.03504505400344967,0.3598989138368127,0.2410757946209988,1.8855488661357975,76.66666666666667,20.0,1.4311566346381568,0.1766719325961062,-1.080634064048033,-2.1210333231585246,-1.2432588579171888,-0.5856749366476847,16.642335766413105,0.0,0.7894126239402991,-0.11768513045810998,0.8883671254418504,-0.13238198870405554,0.0,0,1,0,3224.7904251833334,15.0,8.0,0.0,0.0,0.0
1515651,XAUUSD,SELL,10.56484911818532,39.18002346703625,-1.141522879776966,14.336517120450644,28.88076192439141,0.2888076192439141,6.206428556916932,7.672741983351967,0.18318794607455105,0.009042487536178015,7.5,0.7509426606832903,0.10566391876695025,0.4044954710022627,0.07247899159659676,1.934221524448465,66.66666666666666,20.0,1.3950389646220667,0.3062137967351062,-0.5112270293250689,-1.311298266399122,-0.9472483725551768,-0.30000190297424006,3.1480730223128566,0.0,0.8088930608497391,-0.10564848356983608,0.8733994998838011,-0.13043614319215563,0.0,0,1,0,3219.6403241166668,15.0,8.0,0.0,0.0,0.0
1515653,XAUUSD,SELL,20.30104269526483,32.797233113392394,-1.2453268330792482,15.107480183275605,28.267924836596656,0.2826792483659666,5.469009799816802,8.25515921008785,0.5281615302869318,0.009254733744032649,7.5,0.7567959183759819,-0.34838123782345964,0.7455533089718164,0.2654198169518521,2.275693867072532,62.5,20.0,1.323847508477327,0.26987888362296253,-0.5852060784843316,-1.4458173531370866,-1.0168600430615204,-0.02924307314853193,12.797101449283337,0.0,0.6624959008225719,-0.20301041216046586,0.8432242208632311,-0.33956688592444156,0.0,0,1,0,3214.99056735,15.0,8.0,0.0,0.0,0.0
1515655,XAUUSD,SELL,41.88390569867874,43.58729337340829,-0.7490560893079201,17.136945884470173,29.240494898173946,0.29240494898173947,4.476953938702487,10.929979347248576,0.14714898835071116,0.008951667536599539,10.833333333333334,0.762799883608696,0.31125370029118266,0.21189307951690983,0.16704963235293213,1.5831292333475728,43.333333333333336,20.0,1.167069099408453,0.09478672985780663,-1.1109140273304434,-2.227370099830516,-1.3831633935603052,-0.05357476162226329,2.767616191904023,0.0,0.4096031096551312,-0.4188390298016869,0.7733756091747968,0.10211854619823964,0.0,0,1,0,3209.94081435,15.0,8.0,0.0,0.0,0.0
1515657,XAUUSD,SELL,41.88390569867873,46.98829945613314,-0.19198677989004898,17.380021178436586,30.143595669638575,0.30143595669638573,4.099029716085644,10.007319877309014,0.0018105009052625102,0.007788788051760825,15.0,0.7642941561592613,0.3744544849453083,0.04899660998249057,0.13145082765339494,1.4062123255823382,40.833333333333336,20.0,1.1507465839462858,0.38910155370411625,-0.37035505033637406,-1.1570269626010432,-0.9529699901574479,-0.008333341082864406,4.9862448418160055,0.0,0.4096031061999763,-0.4188390272952627,0.7658150302099275,0.471806099418019,0.0,0,1,0,3204.9907144333333,15.0,8.0,0.0,0.0,0.0
1515660,XAUUSD,SELL,34.98069743415973,51.24786301106371,0.43377540295523076,17.397162522833966,30.489102938532945,0.30489102938532947,4.471730462475583,9.283355445889521,0.142372881355929,0.0071884637244732435,17.5,0.7625451522702734,0.30794149198613774,0.1439761873230469,0.20147559591374598,1.1455891139627534,40.833333333333336,20.0,1.1496127586179516,0.4496734969601513,-0.09984781732965266,-0.7557331880333134,-0.7898623381080754,0.1433962162649732,6.6074074074053435,0.0,0.4816932850246824,-0.34980694891049846,0.7652877136466884,0.6006726663778693,1.0,0,1,0,3199.8074442666666,15.0,8.0,0.0,0.0,0.0
1515672,XAUUSD,SELL,15.398731678699106,32.73948790020776,-1.2372750062864326,25.34396782590126,24.916226240800164,0.24916226240800163,6.922045412617671,9.441882812025362,0.5993061578491162,0.005936141571157458,23.333333333333332,0.6508603783632949,-0.39459532755910653,0.5372285369438331,0.09610283615588687,2.049797425441311,23.333333333333332,20.0,0.7891424159543091,0.13720124064950917,-1.817850518566577,-1.813162288241978,-1.3869172010220852,-1.0088025721731466,6.312297734627423,0.0,0.7331212235212663,-0.15398730737682342,0.5817364078166855,-0.693261612415885,0.0,0,1,0,3148.990105466667,15.0,8.0,0.0,0.0,0.0
1515675,XAUUSD,SELL,10.382685640099456,43.571257930853236,-0.8775176337705894,27.00939869547973,23.87811619789297,0.2387811619789297,6.679202089782156,8.226850691399555,0.39873577749682565,0.006009805039710371,22.5,0.6269581397444388,-0.021097880786467033,0.1693494310676605,0.17550349362926407,1.6064778223759986,21.666666666666668,20.0,0.7404829787398111,0.053906392278274345,-2.097697046021504,-2.143905392363994,-1.6204819727809712,-1.1895925837956607,9.405520169851346,0.0,0.8118782664776455,-0.10382684943557918,0.5541626486983026,-0.07552926383145939,0.0,0,1,0,3143.993626833333,15.0,8.0,0.0,0.0,0.0
1515680,XAUUSD,SELL,16.5445412817191,40.19047991356778,-0.31602697128485024,31.29648704033731,20.64948351914941,0.20649483519149409,4.544036354332745,6.3456919489337125,0.190082644628114,0.006444459380597883,21.666666666666668,0.6925652307412886,0.14671040629134346,0.20196926650475588,0.01824249165741094,1.5123103094285757,15.0,20.0,0.6390493595726084,0.15279548351849115,-0.9006206005525862,-1.3021536703466368,-1.251974330923875,0.1988222780589433,12.507507507507945,0.0,0.7160819773191663,-0.1654453976243971,0.49411641497180564,-0.0012780987191440545,0.0,0,1,0,3123.9902368,15.0,8.0,0.0,0.0,0.0
1515682,XAUUSD,SELL,8.420127938023926,38.643812699289334,-0.36578616169901546,32.54745225174182,19.77595812049759,0.19775958120497591,4.785893304549575,5.665952055773167,0.19494470774092082,0.006686823124692188,20.0,0.7015525825552632,-0.1701643852247666,0.22185577059213094,0.034009424298296266,1.5051869381689629,10.0,20.0,0.6144874211753295,0.13804407211801034,-0.8972797979603135,-1.3174841314502188,-1.278863502284357,0.052224590171061507,53.81707317069014,0.0,0.8446757778328431,-0.08420127132412396,0.4790175200277924,0.09094413833394989,0.0,0,0,1,3119.9906637833333,15.0,8.0,0.0,0.0,0.0
1515684,XAUUSD,SELL,16.36328133639612,34.54693149353878,-0.6461626790970474,34.054777090903094,19.53219549306177,0.1953219549306177,4.2473425222871795,5.90930300411244,0.26549437878351523,0.0071728936504665336,17.5,0.7069684191058213,-0.27516986438378294,0.31803937702116614,0.08853681267474431,1.5780458599552871,2.5,20.0,0.5872891179587992,0.10781278455654869,-0.9879963259298674,-1.4028893467218249,-1.3508785790934463,-0.24598763410767754,28.403614457834145,0.0,0.7187551223175085,-0.1636327972530517,0.4620276038797462,-0.3039221185436893,0.0,0,0,1,3114.7570809500003,15.0,8.0,0.0,0.0,0.0
1515690,XAUUSD,SELL,26.56371422637164,44.39311819661776,-0.4310017923381704,39.783485487642785,21.401887177374174,0.21401887177374174,2.8089785711461093,4.8411321106630165,0.21011162179911097,0.007726976634775279,15.0,0.7097063480405408,-0.020102451133506307,0.07100268327403837,0.08302098950523489,1.2515243294976082,0.8333333333333334,20.0,0.502721160673874,0.11359921542987722,-0.8165184453658151,-1.4505045222403845,-1.524604454168224,-0.8676673987618226,7.566176470588006,0.0,0.5802316331602388,-0.26563710754041386,0.4072775717191288,-0.061834702762887404,0.0,0,0,1,3094.7570791999997,15.0,8.0,0.0,0.0,0.0
1515692,XAUUSD,SELL,25.579776755321955,48.72075794082765,0.2509118435285087,40.7082365242397,21.700307861513302,0.21700307861513302,2.603478845614352,4.393218374856651,0.05256905256906826,0.00679069241818019,19.166666666666668,0.7097676645756864,0.19129020625713278,0.024342856342840596,0.0762374359946816,1.1267989949082324,0.8333333333333334,20.0,0.491301066016235,0.18617195161816824,-0.3348518845873701,-1.0207138101135156,-1.271559247101739,-0.10218198999377158,11.045146726864115,0.0,0.5926129845722312,-0.2557977309934367,0.3996489376098102,0.07664296629852999,1.0,0,0,1,3089.507291666667,15.0,8.0,0.0,0.0,0.0
1515694,XAUUSD,SELL,25.444260290329392,46.033801287683424,0.5351814746073122,41.19550534393685,21.967733035000165,0.21967733035000164,2.3958567683091267,4.031164887270694,0.15049226441630664,0.005645237450228413,28.333333333333332,0.7163292760922885,0.20920624604162535,0.03819401841027239,0.05743740795286299,1.1797403526001993,0.8333333333333334,20.0,0.4854898570371245,0.2502451781627925,0.1336938408466811,-0.6617301484685354,-1.052189131066963,0.9522445659067352,12.116915422887006,0.0,0.5943334596759164,-0.25444256331379556,0.39574458791816675,0.12477089325854894,0.0,0,0,1,3083.9902335166666,15.0,8.0,0.0,0.0,0.0
1515696,XAUUSD,SELL,25.4442602903294,48.11092522489275,0.8457406001449606,41.537254962227045,22.216056410380823,0.22216056410380822,2.2064201248720985,3.712426991296758,0.0070339976553279275,0.004907445026938757,31.666666666666664,0.718157572605516,0.33034876061788265,0.005806587826250279,0.039364941278825956,1.125736403200493,0.8333333333333334,20.0,0.48149546757934547,0.20562275253350856,-0.2554070592950336,-0.860821847261434,-1.183944075534772,1.3526473115881124,16.4102564102591,0.0,0.5943334470176193,-0.2544425599147601,0.39305202868110306,0.254470354615699,1.0,0,0,1,3079.9907998333333,15.0,8.0,0.0,0.0,0.0
1515734,XAUUSD,SELL,11.877038653863318,38.0387747641545,-0.07661531591525206,34.89149765284814,33.68477430713532,0.33684774307135323,2.197350904497419,2.789660133106008,0.3222175906627609,0.004353591489296502,47.5,0.7201438356445395,0.018916397194706402,0.14088735671438257,0.0672402804333864,1.6608630726193392,36.666666666666664,17.0,0.48722471500481196,0.11362975879104537,-0.6974261941387079,-1.2927158156496095,-1.764232370948612,0.7386009976391535,12.634285714286047,0.0,0.7876766387216675,-0.11877036272269176,0.3969117757679236,0.040984196615119,0.0,0,0,1,2894.7906859833333,15.0,8.0,0.0,0.0,0.0
1515738,XAUUSD,SELL,0.5275443218736744,40.05681962522943,0.06162292028774363,34.587464812914924,29.484340586761647,0.2948434058676165,2.4010465269014714,2.426514048602555,0.1756272401433782,0.0037894258797918907,70.83333333333334,0.7547868526999063,-0.025720927924354025,0.09734716311454504,0.006253722453842669,1.6514653591688322,38.333333333333336,17.0,0.4915075473716772,0.09764603312990822,-0.76306488355491,-1.46612768785166,-1.801850626457873,0.20726865975497585,27.576576576561003,0.0,0.9895040742830954,-0.005275442125960788,0.3997873852157646,-0.04250094674332298,0.0,0,0,1,2884.69048165,15.0,8.0,0.0,0.0,0.0
1515808,XAUUSD,SELL,12.190724688747821,34.42333165826305,0.025351432871765667,64.99086550526471,29.11542080508662,0.2911542080508662,1.9678979643931198,2.514311819066844,0.24083250743309018,0.009581608103242231,17.5,0.7561919256451001,-0.037965351521626,0.1537360460561664,0.014617169373541896,1.308491575529351,0.8333333333333334,17.0,0.2615752208842777,0.06695632798574203,-0.8846413962187384,-1.3897061358259204,-2.348258019032672,0.20530374587595834,151.96428571417616,0.0,0.7826782528689015,-0.1219072196894608,0.23236111544992788,0.05262277973083816,0.0,1,0,0,2519.9906459333333,12.0,5.0,0.0,0.0,0.0
1515810,XAUUSD,SELL,12.190724688747824,35.08174192929151,0.30065963232357973,66.21151796917444,27.90651393963385,0.2790651393963385,1.7936457347081307,2.2916760683708817,0.17925824175821434,0.009370957034654905,18.333333333333332,0.7601745530207025,-0.03304700883372188,0.13024444826359727,0.005604288499025727,1.2774212492662855,0.8333333333333334,19.0,0.28695913615582225,0.052584670231731766,-0.9639918437183793,-1.3840256377631834,-2.357106840507418,0.3597880915196735,67.41269841273579,-1.0,0.7826782226272422,-0.12190721704718097,0.25228217687123106,-0.030357255982789707,0.0,1,0,0,2514.72408155,12.0,5.0,0.0,0.0,0.0
1515815,XAUUSD,SELL,21.15393502061315,37.17385594143997,0.6994909733102013,69.40975400082957,26.68634684695109,0.26686346846951087,1.4301229285022148,2.197510051979689,0.12554112554110783,0.007742008646491104,36.666666666666664,0.7623531671655773,-0.02606019442776225,0.09708770507735714,0.007965152457988987,1.2326797757989145,0.8333333333333334,19.0,0.27373674310634954,0.052070745907949655,-0.8943158821784452,-1.2376963260869802,-2.249982875571053,0.39347843338936317,24.668730650150994,0.0,0.6507921437818703,-0.21153929189282003,0.24195489773329545,-0.01858528413722005,0.0,1,0,0,2499.9906416833333,12.0,5.0,0.0,0.0,0.0
1515817,XAUUSD,SELL,26.119463983343888,34.368448631870365,0.6808407780560941,69.97691442934176,26.645855213836292,0.2664585521383629,1.3172081301803606,2.2485703581711602,0.30970873786403336,0.007489460839592429,37.5,0.7595869323413437,-0.0557670424865866,0.13096008833222572,0.04421460892048025,1.271133497745401,0.8333333333333334,19.0,0.27151811643802887,0.06009008019334522,-0.8055839204618188,-1.151326581645534,-2.1636549682233106,0.48640996864590685,124.54687500011475,0.0,0.5857977890689183,-0.26119456658307644,0.24021155386192308,-0.07431022134093163,0.0,1,0,0,2494.7573546666667,12.0,5.0,0.0,0.0,0.0
1515819,XAUUSD,SELL,28.797417739622556,44.596069065827336,1.2025477993642095,70.57070625581736,26.799538251392452,0.2679953825139245,1.2128303163909258,2.193872861748829,0.04054054054055234,0.006276143281081655,40.833333333333336,0.7604310568366297,0.0471880412864198,0.018771767708996828,0.09784135904968524,1.151327573589393,0.8333333333333334,19.0,0.26923352490090424,0.02284961001868419,-1.132734335567507,-1.2700802348002582,-2.277017438238125,0.6542463716364569,21.616959064333127,-1.0,0.5528259110686189,-0.287974092864619,0.23841319457668705,0.05370500312496933,0.0,1,0,0,2489.4897705,12.0,5.0,0.0,0.0,0.0
1515821,XAUUSD,SELL,28.797417739622556,44.764608434627576,1.550389123271735,70.14208438040181,26.942243929123173,0.2694224392912317,1.1330815217823693,2.0496163125148636,0.20966420966421237,0.0043018100665599196,64.16666666666667,0.7612329286598413,0.11998192376372295,0.01528190712013321,0.0034071550255435367,1.15636711849218,1.6666666666666667,19.0,0.2708787480132075,0.1074371086455079,-0.19544159620884666,-0.8595968203890296,-1.8625518943648456,1.0761242159155422,9.220626631853975,-1.0,0.5528258933332718,-0.28797408691509857,0.23970858876843992,0.049471013452929084,0.0,1,0,0,2484.990589183333,12.0,5.0,0.0,0.0,0.0
1515826,XAUUSD,SELL,38.25851756359386,39.69049684318802,1.3112166730431305,69.0532971154899,28.284756257392193,0.2828475625739219,0.9691533704823242,2.170237950354698,0.06254826254826142,0.002343317195243575,94.16666666666667,0.736382413642312,-0.07147952449223477,0.06694784498283253,0.006708339685921617,1.2483111393773492,6.666666666666667,19.0,0.2751497871017365,0.05822256398989502,-1.6698424694543064,-1.0120483053540599,-1.937641340932244,0.6888170526010037,139.62222222228053,0.0,0.4465652827417591,-0.38258505376994145,0.24306365178993863,0.03982431129104081,0.0,1,0,0,2464.9906926666667,12.0,5.0,0.0,0.0,0.0
1515882,XAUUSD,BUY,16.16812609523468,61.235371941877304,0.17973633787521415,81.0322111071315,21.51351408458111,0.21513514084581112,1.3646519528928172,0.9847910462549437,0.2798082684242019,0.005065716717906914,42.5,0.7629826141465842,-0.011720633027142215,0.04803138358731877,0.017922969365702975,0.8375681605216222,15.0,20.0,0.24681542965128142,0.34246305418719425,1.0289812588668317,1.4577342635892405,0.07453393516450149,-0.06477838599406169,48.46202531645774,0.0,1.3857260099555424,0.16168119213552842,0.2205926442365247,0.019745234372107002,1.0,0,1,0,2129.9903985333335,12.0,6.0,0.0,0.0,0.0
1515886,XAUUSD,BUY,18.66283021676378,57.97791078035928,-0.2434899814331506,78.85606333905532,20.722887395324207,0.20722887395324208,1.2094032991914143,0.8289827682606647,0.030669144981446222,0.005068360579220662,41.66666666666667,0.7737128457956491,0.003043678670821834,0.03410189957764916,0.010575615651922221,0.8377288594278801,21.666666666666668,20.0,0.253626660438355,0.3231527093596077,0.4119849849269547,1.0016760299164977,-0.0383584484507681,-0.4401512197528396,15.418918918916953,0.0,1.458898648557291,0.18662821061078624,0.22604067893496432,-0.02764530598777285,1.0,0,1,0,2114.9905664000003,12.0,6.0,0.0,0.0,0.0
1515888,XAUUSD,BUY,18.662830216763776,61.27338868235902,-0.22619695665759476,77.8063445291228,20.575740453998463,0.20575740453998465,1.138168458615916,0.7801550071851285,0.17641921397382604,0.004694921090979232,46.666666666666664,0.77427518604837,0.013754610433986918,0.058945914948534975,0.036627182044893535,0.8184422541038933,24.166666666666668,20.0,0.2570484466406725,0.3295566502463126,0.48887373623129526,1.0255928209100813,-0.0012154119624524515,-0.5000019226184316,93.557142857044,0.0,1.4588985384122437,0.18662820488049708,0.22876647034565523,0.03367334650993838,1.0,0,1,0,2109.99057175,12.0,6.0,0.0,0.0,0.0
1515893,XAUUSD,BUY,43.25487896497199,66.1529606712219,0.10347752606478755,75.02263307347344,26.94311278956405,0.2694311278956405,1.5901118883842353,0.6298640033590986,0.6046039268788846,0.002807674587293862,79.16666666666666,0.7300786743476184,0.05118497930296897,0.07782991506163903,0.012062566277834827,0.7272472021418674,32.5,20.0,0.26658621779394215,0.4016959179648996,1.9097220834250508,1.2822637254884763,0.4063597064001767,0.3631337275076877,144.05769230782306,0.0,2.5245280812620106,0.4325485948058945,0.2363252637793005,0.0685126579730475,1.0,0,1,0,2069.9569425333334,12.0,6.0,0.0,0.0,0.0
1515897,XAUUSD,BUY,20.024347864702033,47.188200966507765,-1.1581142809408846,53.71712816357727,31.4973728624556,0.31497372862455597,0.936486463325173,0.6240076863799042,0.3680063041765079,0.0025050903031379693,85.0,0.7518407188004865,-0.10006591570668409,0.04314762376389583,0.017326732673279863,1.0840117852667006,91.66666666666666,20.0,0.37232072308662506,0.3798816568047394,-0.727773449540189,0.5584183318031971,0.22274473142248952,-2.804902878767901,18.5284090909167,0.0,1.5007586973797804,0.2002433503265455,0.3165032651680093,-0.13254617741883648,0.0,0,1,0,2004.99421045,12.0,6.0,0.0,0.0,0.0
1515899,XAUUSD,BUY,32.73919141804467,54.54697057202309,-1.0535107280309197,52.38876186617889,31.58607418785482,0.3158607418785482,1.1725111771890402,0.5941278457900437,0.19641626464509448,0.0022688690344160063,90.83333333333333,0.7416649007279261,-0.028805007493302417,0.010918770047875963,0.08342824601365008,1.0551881363641729,93.33333333333333,20.0,0.381761264965332,0.3743589743589761,-0.8502912200292704,0.49993702735171913,0.1869583614082643,-2.4453338331924113,56.71428571424395,0.0,1.9734964654508427,0.327391728861474,0.32335896437781564,-0.0467657549582497,1.0,0,1,0,1999.7921646333334,12.0,6.0,0.0,0.0,0.0
1515901,XAUUSD,BUY,24.173218000024182,53.1150132481457,-0.9922728041847262,51.24670744716615,31.05658446015263,0.3105658446015263,1.1130238615632608,0.6796716640742306,0.4503937007874281,0.002129637184251463,92.5,0.732566453278432,-0.05027244977747664,0.0007418790527217656,0.014010989010994797,1.089045575416488,94.16666666666667,20.0,0.3902689752433249,0.40345167652859965,0.2316870642904592,0.8219613327378598,0.364075423169067,-1.6036851067252496,10.986348122869387,0.0,1.6375880926140964,0.2417320451574636,0.3294972357917628,-0.03980743547481843,1.0,0,1,0,1994.5730706666666,12.0,6.0,0.0,0.0,0.0
1515903,XAUUSD,BUY,31.043956820450365,52.30588602353829,-0.9438479799093362,50.18694262951142,31.055682485888184,0.31055682485888186,1.224713130707793,0.6444507138880039,0.4516889238020579,0.002115688348809752,92.5,0.7265198382367154,-0.003984896037643213,0.004542674356164562,0.007964844822849898,1.1178206334292813,95.83333333333334,20.0,0.39851002974306315,0.39822485207100844,0.01640513825115173,0.7614612106591991,0.3290196144287509,-0.979167823896009,70.37254901957837,0.0,1.9003954901741944,0.31043940211986476,0.33540740542040487,-0.05718618926812739,0.0,0,1,0,1988.9900564166667,12.0,6.0,0.61999999999999999555910790149937383830547332763671875,1.149999999999999911182158029987476766109466552734375,55.0
1515905,XAUUSD,BUY,37.31502895916482,47.47200168330655,-1.0002061194181469,49.08716101311775,31.502778662550803,0.315027786625508,1.340239746373409,0.6118258891688939,0.4931009440813505,0.0021293640361740853,91.66666666666666,0.7243057181808468,-0.004685260875187164,0.03737925900182995,0.051739005461344745,1.1795345015884457,96.66666666666667,20.0,0.4074385152291721,0.39536489151874055,-0.0990228322322796,0.7149944392368145,0.30906213601737476,-0.5616816723074906,124.55172413794628,0.0,2.190553847991205,0.37315009843511554,0.34177139640378135,-0.040743851522917214,0.0,0,1,0,1984.9906870833333,12.0,6.0,0.61999999999999999555910790149937383830547332763671875,1.149999999999999911182158029987476766109466552734375,55.0
1516403,XAUUSD,BUY,4.219239116205052,43.20205781824446,-0.3605005495440132,3.73048197311714,41.22306280647899,0.41223062806478994,22.578812843481675,20.750639635644887,0.17484388938446663,0.0033584941668281247,39.166666666666664,0.7327157623702455,-0.9643337500785272,0.9398640919484489,0.32061068702293255,3.278396756272555,85.83333333333333,20.0,5.361237540919752,0.31565814098566397,-0.7169861237491824,-0.6368817039290603,0.3088449325416299,-0.7116929988932822,0.35061728395039493,0.0,1.088101964654354,0.042192390188292773,1.8502229403290484,-3.0049736416855306,0.0,0,0,1,26704.9952358,15.0,3.0,0.0,0.0,0.0
1516409,XAUUSD,SELL,2.082652272407878,41.76291069133393,-1.2399985036514813,3.9611108817732434,33.55145739404938,0.3355145739404938,21.79599192750381,22.723171291950752,0.6126242974491763,0.004369485254571287,20.833333333333336,0.7192776486592837,-0.7873155815486609,0.9821737741146706,0.6035087719296773,3.8347828307195746,76.66666666666667,20.0,5.049088651375176,0.05727318803852418,-1.6661108584358164,-2.6315497596013486,-0.10147854669005267,-1.863557284819923,0.31753554502378045,0.0,0.9591967022678705,-0.0208265222562685,1.7999076245596533,-2.0751754357152614,0.0,0,0,1,26684.99084175,15.0,3.0,0.0,0.0,0.0
1516411,XAUUSD,SELL,2.0826522724078713,42.16632411348028,-1.0860667712932952,3.8474601045037184,31.303685599646414,0.31303685599646414,20.836982616999492,21.723366699177582,0.524247064828942,0.004482740310249848,19.166666666666668,0.7194841208755363,-0.6182055872788214,0.8725544267476885,0.07172995780594117,3.901275021001511,80.83333333333333,20.0,5.198234538309732,0.23010643689811733,-0.8137076001462192,-1.52400081075605,0.08683818132693313,-1.3183645030391529,0.6569767441864508,0.0,0.9591967003250768,-0.020826522234737754,1.8242644996160027,-1.0500433767385564,0.0,0,0,1,26679.873742016665,15.0,3.0,0.0,0.0,0.0
1516414,XAUUSD,SELL,5.969768410962092,39.51341460009457,-1.0327871535228883,3.768355811324866,29.494120086168962,0.2949412008616896,19.754787788933893,22.263162087596914,0.6257367387033113,0.0046402100110840795,16.666666666666664,0.7191730020698994,-0.20150154247677646,1.1949792695655443,0.5948905109489924,4.413065228613163,84.16666666666667,20.0,5.307354454134857,0.23922959959453327,-0.6844400900739598,-1.4053366454683074,0.09691398619512068,-0.8361665747008907,12.941176470581626,0.0,0.8873306866237498,-0.059697682688854725,1.8417163262188614,-1.167617979909572,0.0,0,0,1,26674.615117666668,15.0,3.0,0.0,0.0,0.0
1516416,XAUUSD,SELL,9.804748289078761,49.183728221805936,-0.6492784202346902,4.066330396230204,28.087736386376804,0.28087736386376805,23.32323833561547,19.15805450285682,0.22628412771861575,0.004599857029176859,16.666666666666664,0.7181787432897065,0.7952703327716216,0.010433714951295848,0.5743073047859736,2.970737451929386,74.16666666666667,20.0,4.918439489949344,0.157121135326928,-0.8869619036719832,-1.779967861204166,0.00556539734143556,-0.44164578536408133,0.680981595091778,0.0,1.2174115651840316,0.09804748058277216,1.7780728144766957,0.9295850636005871,1.0,1,0,0,26668.990073166668,15.0,3.0,0.0,0.0,0.0
1516418,XAUUSD,SELL,9.804748289078761,44.9952474228986,-0.5247746229645227,4.041592510785143,26.78180866514123,0.2678180866514123,21.789853265657715,17.898509223535196,0.3174004192871947,0.0046628841700276,15.0,0.7210573294773612,0.7638894272601109,0.5412044900221864,0.6747311827956319,3.5975917812593483,74.16666666666667,20.0,4.948544403382885,0.3877344145970787,0.00842984114287701,-0.4667172706045367,0.265398810709894,-0.08459647319660159,0.741228070175198,0.0,1.2174115607122258,0.09804748042035362,1.7831465515418503,0.48248307933001133,0.0,1,0,0,26664.99040356667,15.0,3.0,0.0,0.0,0.0
1516438,XAUUSD,BUY,67.23132799281245,67.696849704785,1.661894474193316,5.760023044971093,51.58972648849354,0.5158972648849354,35.82580022339237,7.019999846953482,0.5284124194493202,0.01258331018154031,3.3333333333333335,0.7565665764738662,-0.09002239524621013,1.878539429137135,0.6356228172293299,1.6180490819627409,51.66666666666667,20.0,3.4722083303922564,0.9208603896103966,1.2301533522845034,2.495106672072043,2.4943004217219253,0.37061674086136176,0.9159292035399913,0.0,5.103389729495537,0.672313264236662,1.4978823202758342,1.0989539365691365,1.0,1,0,0,26583.99009585,15.0,3.0,0.0,0.0,0.0
1516440,XAUUSD,BUY,45.50712104900735,60.335827702743515,0.8469175058833445,5.817164256044615,51.15525467138738,0.5115525467138738,32.94003911170513,12.336149262073224,0.19851347166307745,0.011895606405635655,5.0,0.7610268110665279,-0.6632058118959083,0.9223785458086998,0.7484756097560297,2.44277097474659,50.0,20.0,3.4381013015436177,0.8108766233766284,0.7830376223350733,1.855983847895326,2.1207267376354695,0.16473643119388845,0.5732600732600894,0.0,2.6702041084062804,0.45507120043906846,1.4902266501948285,-0.9300064020675235,1.0,1,0,0,26578.989899683333,15.0,3.0,0.0,0.0,0.0
1516442,XAUUSD,BUY,35.67964820711079,58.06920634961717,0.12316498351631555,5.708081094898568,50.04985420965335,0.5004985420965334,31.171709447149034,14.777273851460915,0.1604197901049567,0.010788419227979516,6.666666666666667,0.7641585111668643,-0.9079827070227389,0.5921172812234148,0.3869463869463563,2.7750131325491814,51.66666666666667,20.0,3.5038044602895395,0.7116477272727435,0.41059808737472353,1.3508085484748764,1.7907014165637363,-0.07073291381794146,0.3360488798371883,0.0,2.1094355867697305,0.3567964743060509,1.5049224752167787,-1.1001946005308707,1.0,1,0,0,26573.99002285,15.0,3.0,0.0,0.0,0.0
1516444,XAUUSD,BUY,30.218314503343024,60.99302226179932,-0.20899810143671615,5.736789588120076,48.63331565920261,0.4863331565920261,28.800309134476404,15.433574930636464,0.16741005055010677,0.009917702754369625,8.333333333333332,0.7647203146457157,-0.6396112305804537,1.0093351894367635,0.4926350245499803,2.234699356334729,50.83333333333333,20.0,3.486270446700124,0.6785714285714424,0.28508419395907303,1.1517364818181566,1.6739131848517292,-0.4079564731778038,1.584337349397795,0.0,1.8660814100318948,0.3021831382019447,1.5010217211065464,-0.9848714011928802,1.0,1,0,0,26569.990495133334,15.0,3.0,0.0,0.0,0.0
1516446,XAUUSD,BUY,18.018910060980353,50.40278024512637,-1.00982023062081,6.02987604611151,46.44657240218673,0.4644657240218673,25.443274456339918,17.67400978767383,0.14307535641547675,0.008408011057208151,10.0,0.7621762591070232,-0.9935823291718163,0.3990721810749456,0.8516260162601611,3.5274356947546086,45.83333333333333,20.0,3.316817766577045,0.7398538961039006,0.531109454685923,1.3263475140373933,1.8569300132499544,-0.5075742246036494,1.0299003322256577,0.0,1.4395869031654382,0.18018909643075795,1.462518502705059,-2.1227633706093387,0.0,1,0,0,26564.92389275,15.0,3.0,0.0,0.0,0.0
1516450,XAUUSD,BUY,10.960548226348674,52.89408605707208,-1.368323289630661,6.083456328532098,43.91185638962687,0.4391185638962687,23.417811680176822,18.791445672097204,0.2894887995404943,0.007319818539966667,12.5,0.7585028991707834,-0.9167176237529642,0.0024325138034244765,0.35250737463133,3.103498896088045,45.0,20.0,3.287604762805272,0.5683847402597476,-0.26028232062865664,0.6158342175572463,1.2997704438110969,-0.7144265324174177,0.17422434367541972,0.0,1.2461952551502675,0.10960547966677014,1.455728246667074,-2.462415967341077,0.0,1,0,0,26559.990594216666,15.0,3.0,0.0,0.0,0.0
1516452,XAUUSD,BUY,10.960548226348678,50.658243442118234,-1.7046459772577656,5.968209447922616,41.55819152082128,0.4155819152082128,22.165011691410502,17.786145806831204,0.3129686198278358,0.006677122502407998,14.166666666666666,0.753026514815545,-0.8031919533852492,0.29785725170051414,0.43176733780773463,3.4901590136469367,46.666666666666664,20.0,3.351088827313441,0.6168831168831311,-0.001838193113906906,0.7747987163658809,1.4471235551222756,-0.8131523825785719,1.8368200836815132,0.0,1.2461952514019219,0.10960547951999983,1.470426118909017,-1.928551620118922,0.0,1,0,0,26554.807191366668,15.0,3.0,0.0,0.0,0.0
1516454,XAUUSD,BUY,12.789347818459287,50.85328519809072,-1.8702571664845866,5.796908773071046,39.50327411350971,0.3950327411350971,21.990915310398286,17.003751713998174,0.3992305415803701,0.006154229661502102,15.833333333333332,0.7479320176059381,-0.6807802988435616,0.2509203899843278,0.022408963585409912,3.5639684543551553,48.333333333333336,20.0,3.450114670237348,0.577313311688311,-0.24204389929863593,0.5956966568864331,1.3125467127737191,-1.0841782799315276,1.3160621761651146,0.0,1.2932977608110283,0.12789347490482453,1.4929298644388067,-1.1126619811516703,0.0,1,0,0,26549.706955083333,15.0,3.0,0.0,0.0,0.0
1516456,XAUUSD,BUY,5.300231472466845,50.587268268329204,-1.9401761014001373,5.7278438607088225,37.06019963914951,0.3706019963914951,20.66635654682396,18.5858962883992,0.37920489296637966,0.005833122913870637,17.5,0.7409520443945855,-0.8859653285362631,0.2629318944932297,0.041407867494975284,3.6436049074524215,50.83333333333333,20.0,3.4917152922400008,0.5807629870129878,-0.2148552155270062,0.5878843383112498,1.3201884786716875,-1.002810162860381,43.62500000004832,0.0,1.1119375204835185,0.05300231337436855,1.5022346537989657,-0.8781663959984745,0.0,1,0,0,26544.990550349998,15.0,3.0,0.0,0.0,0.0
1516458,XAUUSD,BUY,5.300231472466842,48.83191627482487,-2.0141436253983978,5.532283584943891,34.79163048438646,0.3479163048438646,19.868540740149953,17.868395755274634,0.6213098065829622,0.005745141084873915,18.333333333333332,0.7316610571326846,-0.16825998937096334,0.4654465107719944,0.45150501672225846,4.014617048996483,53.333333333333336,20.0,3.615143673117191,0.5765016233766234,-0.23468856041637745,0.5532168389117464,1.3017846078655588,-0.9895770568911383,23.149999999911778,0.0,1.1119375180811837,0.0530023133201476,1.5293429992399374,-1.697309954528416,0.0,1,0,0,26539.4899894,15.0,3.0,0.0,0.0,0.0
1516460,XAUUSD,BUY,4.491718967842832,48.13391311733008,-2.029850101693916,5.374977614590751,32.627351090347624,0.3262735109034762,18.989304644289017,17.356742357067994,0.5457875457875463,0.0054107367925626745,19.166666666666668,0.7195098305537022,-0.6142106713708837,0.5209736845135161,0.16816816816829203,4.228854821329375,55.00000000000001,20.0,3.720945729282408,0.5493100649350803,-0.40740277246066375,0.43325255650242905,1.210074932768439,-0.8915580038461763,1.2148148148155484,0.0,1.0940591938035549,0.04491718844260788,1.5520091459001948,-0.2716290382376226,0.0,1,0,0,26533.990420449998,15.0,3.0,0.0,0.0,0.0
1516462,XAUUSD,BUY,5.178360199091135,49.65410767711317,-1.9053106812954916,5.368907784977123,30.666708883829305,0.306667088838293,17.652860681177543,19.58096214289967,0.36231884057969743,0.005458466488547155,19.166666666666668,0.708028246934971,-0.16242255665162675,0.30000085947779753,0.19092627599248113,4.043652986692456,55.00000000000001,20.0,3.725152452042947,0.5387581168831234,-0.47039604087604886,0.380288199962725,1.1706985919381336,-0.8008617717276777,4.9464285714241925,0.0,0.9015317863758258,-0.051783600600143594,1.552899825407837,-0.5271090719640635,0.0,1,0,0,26529.990756583335,15.0,3.0,0.0,0.0,0.0
1516501,XAUUSD,BUY,9.997356594063575,54.22884915783776,-0.06097041145359616,3.577615970828538,14.909508945041189,0.1490950894504119,24.577124747139635,20.10963047706006,0.07782672540384793,0.002352752299988634,65.83333333333333,0.6867397532660344,0.5419050359273211,0.4051897517047362,0.12156862745112865,1.0090518460995226,90.83333333333333,20.0,5.590314936839968,0.5728736581337784,0.5081224253977172,0.42525676412651336,1.369191054389846,-0.43543715952804773,0.5159235668788923,0.0,1.222156894082114,0.0999735637034278,1.8856011374847912,-0.29349153418414914,1.0,1,0,0,26384.990291383336,15.0,8.0,0.0,0.0,0.0
1516512,XAUUSD,BUY,0.21775617194822033,53.31192616434559,-0.15257804055638063,4.030385580153051,14.025019074383211,0.1402501907438321,21.78567059404355,21.880756935057466,0.14627111660486136,0.0025491472995278984,46.666666666666664,0.6711700060135886,0.821017222805254,0.4692209540370693,0.3980738362759832,1.0520085276403681,59.166666666666664,17.0,4.217958719313014,0.2743771147339361,-0.1393917032727426,0.14043921250291216,1.1645415072378806,-0.9973881362834345,0.24171539961008875,0.0,0.9956542940013259,-0.0021775616696141057,1.652106275474545,0.044660739381033536,1.0,1,0,0,26349.989845633332,15.0,8.0,0.0,0.0,0.0
1516514,XAUUSD,BUY,9.867433946529195,59.46533118138098,0.3064408121666794,4.091072324427841,13.728048708107925,0.13728048708107926,24.39913012652773,20.016451907366708,0.24818577648765677,0.002756446767070807,45.0,0.6166191218263967,0.9254180136646172,1.3205489437581048,0.8360655737704582,0.03910955058029471,55.00000000000001,17.0,4.155389749160093,0.29609869956652796,0.6753060433926169,0.5873871719066659,1.422941405594703,-0.21269563555271062,1.5120967741941813,0.0,1.218953739678225,0.09867433724367664,1.6400427206555652,2.138803547361812,1.0,1,0,0,26344.906897783334,15.0,8.0,0.0,0.0,0.0
1516518,XAUUSD,BUY,1.0795310099686983,52.197655557133785,0.35596201200089717,4.205567463409681,12.998354160801375,0.12998354160801376,23.351388297065913,22.8526018950986,0.017431519032364694,0.00273636459212643,46.666666666666664,0.581031121462557,0.9515984795533032,0.26806518685429503,0.18706697459572846,1.3719908312495543,52.5,17.0,4.042260681324842,0.3179972936400473,0.6733880848613152,0.7044356452274614,1.5108653178994111,1.8732252802763698,0.7763578274758137,0.0,1.0218261965281115,0.010795309866042447,1.617854529397661,0.8227189386696528,1.0,1,0,0,26334.589961516667,15.0,8.0,0.0,0.0,0.0
1516542,XAUUSD,BUY,47.70201162762329,63.31870059284527,0.9514587184249805,3.9442301293251965,24.106580981753567,0.24106580981753567,33.01529573992235,11.689979937917933,0.20308250226653068,0.004447340315018162,32.5,0.7097136996875412,0.9900286505022882,1.5338073782718504,0.6666666666667778,0.9811800714229609,59.166666666666664,17.0,4.310093337000208,0.9136661211129417,1.7945061016643744,2.875308711991349,2.3376588862220484,1.819232846732318,1.3937499999994103,0.0,2.8242386292378856,0.4770201056059015,1.6696094126888565,2.5378843707866485,1.0,1,0,0,26204.6064094,15.0,8.0,0.7199999999999999733546474089962430298328399658203125,1.1999999999999999555910790149937383830547332763671875,68.0
1516544,XAUUSD,BUY,27.222243301732558,56.449361563822684,0.6268613272776689,3.9989279772305424,24.329128290323496,0.24329128290323496,30.237729140994418,17.297557702328568,0.10860484544692973,0.004449810279309287,32.5,0.7156017148580498,-0.18293584477231356,0.6221202580235227,0.711252653927885,1.7929805289880856,57.49999999999999,17.0,4.251139329539351,0.8416530278232425,1.2365501735770963,2.283720299991114,2.1181891669885617,1.2088802617592849,0.49999999999975014,0.0,1.7480922979566975,0.27222242729058144,1.6584450682095033,1.7804771780188067,1.0,1,0,0,26199.48939601667,15.0,8.0,0.61999999999999999555910790149937383830547332763671875,1.149999999999999911182158029987476766109466552734375,58.0
1516588,XAUUSD,BUY,42.848378982828194,59.02460239022414,0.573414455019834,3.848578387940218,31.809400191124325,0.31809400191124326,29.508311431848334,11.80585907812368,0.33263157894738504,0.002848627122953842,40.833333333333336,0.6676645076569323,0.828545019741288,1.2478071599825113,0.8964346349745784,0.592426545641965,60.0,20.0,5.19672408457922,0.328028747433289,0.009562031398084165,0.14718580846333632,0.7398074951826588,0.36119214164839053,1.0616438356178208,0.0,2.4994630832977083,0.42848377945693056,1.8240207789576377,1.5434270531201606,1.0,0,1,0,25989.7250481,15.0,15.0,0.61999999999999999555910790149937383830547332763671875,1.1999999999999999555910790149937383830547332763671875,55.0
1516593,XAUUSD,BUY,40.91285920672965,56.91182330580111,0.6272225535517013,3.5214565299943716,33.831324135293485,0.33831324135293483,26.74766755247467,11.215748565899382,0.3651791326210007,0.003097812003559567,35.0,0.7012617886105367,0.7025948344666713,0.8044270702812181,0.529680365296834,0.8632791500069497,85.83333333333333,20.0,5.679468092151053,0.6216632443531799,1.2838203528431633,1.4430193581615152,1.2301671700756924,0.9452454438229322,4.18367346938999,0.0,2.384831026701852,0.4091285812903796,1.8990383574546674,0.19594164917909768,1.0,0,1,0,25974.9904525,15.0,15.0,0.419999999999999984456877655247808434069156646728515625,1.149999999999999911182158029987476766109466552734375,55.0
1516595,XAUUSD,BUY,17.179312661741523,50.16930799906013,0.32589534752074567,3.555638206423345,32.64189474432549,0.3264189474432549,24.59835137191595,17.385768202028594,0.1065440778799449,0.0029102500899406266,38.333333333333336,0.7024002668726852,0.35271284141799275,0.09599315834406467,0.7975000000001273,1.7577716396199214,83.33333333333334,20.0,5.6248692467837484,0.5600616016427156,0.8314854395116458,1.1069263981953898,1.1082024908972166,0.6136228949851079,0.8879310344826504,0.0,1.414855511198537,0.17179312252555567,1.8908306353429933,-0.03937408472757832,0.0,0,1,0,25969.9902882,15.0,15.0,0.419999999999999984456877655247808434069156646728515625,1.149999999999999911182158029987476766109466552734375,51.0
1516609,XAUUSD,SELL,27.458191108822675,38.82393428090308,-1.6515219050213332,4.768448190715805,28.510625177270725,0.28510625177270726,16.499751494529285,28.990571249644844,0.30912364945978366,0.0074536310233106915,0.8333333333333334,0.7181788700953816,-0.3120751465862988,1.2982338290388231,0.8589385474860002,4.328452187062978,1.6666666666666667,20.0,4.194236615371036,0.024919093851146375,-1.6240070609586397,-3.079360060975507,-1.2245198508907007,-1.2747552337171637,9.451612903245207,0.0,0.5691419732058383,-0.27458190505217583,1.6475496677229655,-1.7993275079941593,0.0,0,1,0,25899.987800266666,15.0,15.0,0.61999999999999999555910790149937383830547332763671875,1.149999999999999911182158029987476766109466552734375,58.0
1516611,XAUUSD,SELL,21.306686700919116,40.01218047361662,-1.2093124546989031,4.635701891379017,27.996058143245612,0.2799605814324561,17.963325872208447,27.69068237608386,0.23821417421168187,0.007567394800519657,0.8333333333333334,0.7263707477440963,-0.692877315987298,1.0735586413752807,0.2405498281785685,4.3035554199681405,5.0,20.0,4.314341273150861,0.2412112774103786,-0.7561746029882519,-1.8616192286340663,-0.6253392225634639,-0.7267912817285175,0.16422764227646797,0.0,0.6487137073591753,-0.2130668623421998,1.6704090667943003,-0.18335950410899005,0.0,0,1,0,25894.937760133336,15.0,15.0,0.61999999999999999555910790149937383830547332763671875,1.1999999999999999555910790149937383830547332763671875,55.0
1516613,XAUUSD,SELL,13.086123942912005,39.89124934155947,-0.8464859480364111,4.773866041994846,26.931062843221785,0.26931062843221787,19.189958966081388,24.968603133891623,0.295417614559654,0.0073570162420900686,2.5,0.7345345001692304,0.6137164235725145,0.9621557775259895,0.01522070015212251,4.199950275861099,0.8333333333333334,20.0,4.18947658440006,0.2672746404770197,-0.5988537265923858,-1.6635040565922166,-0.5557621551930906,-0.2167221869207126,3.1571428571450286,0.0,0.7685635473724188,-0.13086123646568035,1.6466328413020452,-0.8504637466331055,0.0,0,1,0,25889.820280683332,15.0,15.0,0.61999999999999999555910790149937383830547332763671875,1.1999999999999999555910790149937383830547332763671875,55.0
1516615,XAUUSD,SELL,13.086123942912,41.17409382626034,-0.501366183736554,4.711447038995188,25.9421386360568,0.259421386360568,18.05532363235853,23.49229672805245,0.3043193717277688,0.007010143064909669,4.166666666666666,0.7418701555796336,0.9075882567203061,0.7533915594893295,0.1692307692307477,4.113385938459639,2.5,20.0,4.244980328647694,0.2637670992634296,-0.5686332905798168,-1.5832202064438798,-0.5624477550037094,0.1543773104847595,64.70000000036471,0.0,0.7685635454380623,-0.13086123627945137,1.6572714913450775,0.8659759870441142,0.0,0,1,0,25884.58646101667,15.0,15.0,0.7199999999999999733546474089962430298328399658203125,1.1999999999999999555910790149937383830547332763671875,58.0
1516619,XAUUSD,SELL,9.519190344401137,41.945938197435346,0.03673838665082041,4.687574232602974,23.05074322940372,0.23050743229403722,20.345008401176777,24.625872117282086,0.0013026487190511526,0.005908020327325435,6.666666666666667,0.7536702343634242,0.3115301923410031,0.587602007041428,0.13636363636366322,3.703408018428286,5.0,20.0,4.266599099571838,0.31778323395301056,-0.34136756972291477,-1.2004265449322757,-0.4058080299665976,0.3134473845256843,3.9444444444412445,0.0,0.8261639416512278,-0.09519190132726606,1.661384822087296,1.6362407546858155,0.0,0,1,0,25874.989783166668,15.0,15.0,0.419999999999999984456877655247808434069156646728515625,1.1999999999999999555910790149937383830547332763671875,58.0
1516627,XAUUSD,BUY,56.76754463345279,71.95068319136742,2.7138873047818075,6.289977896707064,22.652269173858,0.22652269173857997,41.0041638311877,11.307893396042452,0.7500807232806399,0.006574266231791221,5.833333333333333,0.7502074746007069,0.9966001449463989,2.7082350801480493,0.4837398373983572,1.198732352294483,0.8333333333333334,20.0,3.179661411921721,0.8057029177718932,2.0960761902804155,1.3691621202243132,1.167169222724211,1.6172551722303696,0.9876733436055578,0.0,3.626153764359382,0.567675435482815,1.4302302413232286,3.565990273470112,1.0,0,1,0,25834.921993816668,15.0,15.0,0.61999999999999999555910790149937383830547332763671875,1.1999999999999999555910790149937383830547332763671875,55.0
1516631,XAUUSD,BUY,56.76754463345281,65.72118728719246,2.927318701102932,6.071562574201487,27.35182242594504,0.27351822425945044,36.62749665583309,10.10092119554545,0.5925925925926182,0.008370858498351596,0.8333333333333334,0.7455332163950783,0.9968605084987902,1.79160217711375,0.7506849315069265,1.8117247192246364,2.5,20.0,3.2940449440447934,0.7874743326488773,1.745458811658134,2.052172751365745,1.8065596329888438,1.9839078338251952,6.5844155844102925,0.0,3.626153726041567,0.5676754341861298,1.4572291661099632,2.760409663109423,1.0,0,1,0,25824.604695583334,15.0,15.0,0.7199999999999999733546474089962430298328399658203125,1.1999999999999999555910790149937383830547332763671875,68.0
1516633,XAUUSD,BUY,61.3378722835991,71.33081145210829,3.154438347914264,6.28430810461568,29.779397415777474,0.29779397415777475,37.815502826175994,9.061900837241668,0.65852417302802,0.009562398791167577,0.8333333333333334,0.738424371503623,0.9919001258944936,2.5954948049431,0.7878453038673996,0.6126370534206809,1.6666666666666667,20.0,3.182530147640352,0.7176591375770023,1.1841340439129904,1.5775415381402131,1.5130461055761353,1.4095544808466451,0.332116788321031,0.0,4.173020576184764,0.6133787097512495,1.4309163618959846,4.242312686804566,1.0,0,1,0,25818.987393966665,15.0,15.0,0.7199999999999999733546474089962430298328399658203125,1.1999999999999999555910790149937383830547332763671875,65.0
1516636,XAUUSD,BUY,66.86712188859974,68.93593134849445,3.520765328546985,7.036390271807767,37.60776514583552,0.3760776514583552,40.40606618142633,8.022966121775212,0.5500741839762577,0.012429828368907212,0.8333333333333334,0.7298400832694506,0.8957137845157277,2.24713975126163,0.5561797752808936,1.341596988703457,0.8333333333333334,20.0,2.8423665014904955,0.9300198807157154,1.7557026297579907,3.143531637245002,3.323278887528187,1.011700912126448,0.7920277296359381,0.0,5.03629960937517,0.6686712050787589,1.3460884532091169,1.3415969887035863,1.0,0,1,0,25804.63720695,15.0,15.0,0.81999999999999995115018691649311222136020660400390625,1.1999999999999999555910790149937383830547332763671875,78.0
1516643,XAUUSD,BUY,60.582074444814275,64.81346570362504,2.1076987984185394,6.826672531764494,42.57464568684905,0.42574645686849055,33.345203294967924,8.185214605353016,0.35688405797102063,0.013250934463598828,1.6666666666666667,0.7621817833859473,-0.14827817490641768,1.5699351560337298,0.07623318385653424,1.4999987112832909,3.3333333333333335,20.0,2.92968498297524,0.8021868787276385,0.8307264300802022,1.8574281777473367,2.5146189967933124,0.27640794886723696,0.5870535714288561,0.0,4.073833225988651,0.6058207298607449,1.36855926566467,0.7250970332863452,1.0,0,1,0,25789.98901361667,15.0,15.0,0.81999999999999995115018691649311222136020660400390625,1.1999999999999999555910790149937383830547332763671875,78.0
1516645,XAUUSD,BUY,47.643179484595656,64.65737498164063,1.5635497254309936,6.745481636638431,42.93668381525952,0.4293668381525952,31.33608903609019,11.112318192040034,0.22960969044416524,0.01308451941177597,3.3333333333333335,0.770206787960776,-0.7661614610524053,1.4227600028264298,0.01581722319846087,1.5343604145007077,5.0,20.0,2.964947660871089,0.7964214711729674,0.7349207664885473,1.7132384763054949,2.4555453279247734,0.1393155127722061,12.117647058818022,0.0,2.8199414086788317,0.4764317836221719,1.3774926547149677,-0.16751954283909787,1.0,0,1,0,25784.754097433335,15.0,15.0,0.7199999999999999733546474089962430298328399658203125,1.1999999999999999555910790149937383830547332763671875,78.0
1516647,XAUUSD,BUY,49.5670890962037,63.270028861057995,1.0259608024682887,6.6415186625928255,43.41028419246982,0.43410284192469817,31.080468595211453,10.480103029232009,0.22335297268345242,0.012766600842282594,4.166666666666666,0.7756610709543854,-0.27006106554249376,1.1807169582009986,0.17958412098295362,1.6984067309081494,5.833333333333333,20.0,3.011359451964872,0.7942345924453397,0.6662334587769478,1.6000739336237486,2.408600626617602,-0.03831166014832678,62.222222222754446,0.0,2.9656641297184776,0.4956708790355678,1.3891301993183103,-1.1684074673624032,1.0,0,1,0,25779.502476233334,15.0,15.0,0.7199999999999999733546474089962430298328399658203125,1.149999999999999911182158029987476766109466552734375,78.0
1516649,XAUUSD,BUY,44.41561108900319,64.10831105063738,0.6376656132555798,6.437838758121907,43.482093256507916,0.43482093256507914,29.773519606344195,11.459584462986376,0.3374578177727832,0.012271408028918107,5.833333333333333,0.7779591948088305,-0.643064340514232,1.2341713601662974,0.24802110817931633,1.6061290735117146,7.5,20.0,3.1066326373533695,0.775745526838972,0.557737459737248,1.4313888742810201,2.286746821442865,-0.11395699031573912,4.568421052632607,0.0,2.5981323410441406,0.4441561001181992,1.4126033830441744,-0.1397984686809864,1.0,0,1,0,25773.98660941667,15.0,15.0,0.7199999999999999733546474089962430298328399658203125,1.1999999999999999555910790149937383830547332763671875,78.0
1516651,XAUUSD,BUY,45.85900407346322,65.23546840536548,0.3809918497299254,6.277278846827457,43.651872600576155,0.4365187260057615,29.40084849074817,10.91321875180638,0.20539629005059765,0.01168094087349019,7.5,0.7791705819812262,0.13461299734729343,1.3239170633885355,0.27923627684968605,1.4496727359178259,10.0,20.0,3.1860939250943137,0.7944333996023836,0.5877027385924887,1.4314608872720829,2.352715342111919,-0.15367388647155122,3.031914893618699,0.0,2.6940581386058575,0.45859002935919774,1.4317680616828112,-0.5862412822172552,1.0,0,1,0,25769.988482666668,15.0,15.0,0.7199999999999999733546474089962430298328399658203125,1.149999999999999911182158029987476766109466552734375,78.0
1516653,XAUUSD,BUY,46.717404359069675,62.75370142883155,0.04773323554905051,6.097473214911161,43.870839154754265,0.43870839154754265,28.726714558579957,10.43253131831065,0.052924791086345936,0.01079014604391703,9.166666666666666,0.7785325137007627,-0.0507934142828803,1.0179965057649558,0.3829787234044612,1.7302249027024046,11.666666666666666,20.0,3.280047208914455,0.8190854870775462,0.6455552568717451,1.4543015919800513,2.4468189416996475,-0.16231856672298708,2.5811965811960165,0.0,2.7535706271583065,0.4671740316605888,1.453964039653074,-0.09840141626749331,1.0,0,1,0,25764.8204995,15.0,15.0,0.81999999999999995115018691649311222136020660400390625,1.100000000000000088817841970012523233890533447265625,78.0
1516657,XAUUSD,BUY,52.10269260257265,67.44984016548239,0.032783114151417436,5.951800884285662,44.92561056361729,0.4492561056361729,29.26494016618506,9.215562269956658,0.2118598382748972,0.008920258667124521,11.666666666666666,0.7767514373424805,0.7490209879797879,1.5593601600133284,0.21657754010682834,0.925770217640863,14.166666666666666,20.0,3.360327468750731,0.873359840954277,0.8511469291560456,1.5193158161505333,2.643454998177832,-0.13227049149465878,0.4439461883409096,0.0,3.1755997228721426,0.5210269124857029,1.4725471620521504,0.8131992474375485,1.0,0,1,0,25753.98598655,15.0,15.0,0.81999999999999995115018691649311222136020660400390625,1.1999999999999999555910790149937383830547332763671875,78.0
1516666,XAUUSD,BUY,43.89826270496214,58.59054121147791,-0.6505567318278702,5.421828341109924,47.11472017572201,0.47114720175722014,25.663779239443723,10.00555930158196,0.16019682886824227,0.004090789762034951,39.166666666666664,0.7524374119943729,-0.48037536954249427,0.49901854551069796,0.578602620087266,1.5400708902359113,19.166666666666668,20.0,3.6887925514635014,0.8874751491053711,1.1066099664938516,1.1674735868511272,2.433878166698712,-0.25384616072721283,3.2674418604668256,1.0,2.5649517334262706,0.4389826147426196,1.5451750975982674,-0.36519046259480614,1.0,0,1,0,25728.98559526667,15.0,15.0,0.7199999999999999733546474089962430298328399658203125,1.25,68.0
1516668,XAUUSD,BUY,37.23860432213414,63.75196397517473,-0.60906405756519,5.507412031030636,46.409283329037166,0.46409283329037165,23.460330276899203,10.728782025397027,0.29863013698629226,0.0030023866042576354,59.166666666666664,0.7449676885341324,0.11032420253214811,1.191954407781615,0.6858006042296131,0.6899792458943851,18.333333333333332,20.0,3.6314697152334316,0.8339960238568703,0.5986871372295489,0.9286128419888791,2.149526294598252,-0.8379322473236901,0.7283018867926626,0.0,2.186672078404814,0.3723860323293934,1.5328742508226905,0.310490660652465,1.0,0,1,0,25724.98780103333,15.0,15.0,0.7199999999999999733546474089962430298328399658203125,1.149999999999999911182158029987476766109466552734375,78.0
1516670,XAUUSD,BUY,42.94881351808394,66.33425255312609,-0.44202638913073855,5.383311171671336,46.16210691396908,0.4616210691396908,25.537577504006673,10.1921034573201,0.3396388650042804,0.0028443922801673557,63.33333333333333,0.7358158419920414,0.16928848393576132,1.5402725670613249,0.6896551724138097,0.2229111343803778,20.833333333333336,20.0,3.7151855730068597,0.9244532803180882,1.9787646389756723,1.1905532476762026,2.514802790265973,-0.9967567376848852,0.45814977973567045,0.0,2.5056236041287097,0.42948812316035356,1.5507882733187324,0.5962872844676077,1.0,0,1,0,25719.905237000003,15.0,15.0,0.7199999999999999733546474089962430298328399658203125,1.1999999999999999555910790149937383830547332763671875,68.0
1516673,XAUUSD,BUY,35.02851964200373,63.40987549621055,-0.38158871359080493,5.077089734757413,45.309004286172,0.45309004286172,24.74558283536789,11.906796826313904,0.20347155255547175,0.003200737207811829,54.166666666666664,0.7124593055413443,0.5991946082368691,1.1492816665648355,0.4869358669834119,0.5337703569522436,23.333333333333332,20.0,3.9392646269537748,0.9932699920823408,2.450473569884174,1.2987757210581667,2.7299762572389303,0.016168460152297705,0.6504065040654193,0.0,2.0782735372125325,0.35028518686308113,1.5972164591784102,0.5219525630714826,1.0,0,0,1,25709.57309228333,15.0,15.0,0.7199999999999999733546474089962430298328399658203125,1.1999999999999999555910790149937383830547332763671875,68.0
1516675,XAUUSD,BUY,35.455413041956895,65.50919924855636,-0.34187989855649104,5.010154753703336,44.60517634015664,0.4460517634015664,23.513132838623818,11.204022143349029,0.2432432432432725,0.0033826293175984617,49.166666666666664,0.6957173131788424,0.9260183060511996,1.4058601661264494,0.4758454106280432,0.18362706248146127,24.166666666666668,20.0,3.9918926626401467,0.946716476602438,1.6493950456612723,1.1047192270831836,2.50917508148257,-0.07090416791735772,1.0536585365852014,0.0,2.098633012248084,0.35455412020691995,1.6078151289609874,1.0897866969007675,1.0,0,0,1,25703.989731983333,15.0,15.0,0.7199999999999999733546474089962430298328399658203125,1.1999999999999999555910790149937383830547332763671875,68.0
1516683,XAUUSD,BUY,20.195352658468664,60.14834896961332,-0.8005586299653951,4.408619062904005,40.943447865461714,0.40943447865461713,20.50209311842763,13.612525566844981,0.16210045662102565,0.0032100396423907305,57.49999999999999,0.7032027463386387,-0.15079322500385095,0.631560069110418,0.1077586206896687,0.9141184444602797,39.166666666666664,20.0,4.536567962582319,0.926616191030873,0.8921723069849269,0.8790295296271718,2.3677622790531974,-0.965873727120171,2.879999999999806,1.0,1.5061196037158198,0.20195352066483385,1.7113748074500186,-0.6124366749485719,1.0,0,0,1,25684.7566864,15.0,15.0,0.81999999999999995115018691649311222136020660400390625,1.100000000000000088817841970012523233890533447265625,72.0
1516685,XAUUSD,BUY,18.73783468601951,58.278327095062494,-0.9304581855142731,4.2865748441252,39.3573326383587,0.393573326383587,19.579684145018227,13.40000458990459,0.30095846645362534,0.002896507446455132,67.5,0.7026487469180323,-0.6650875966649038,0.41460394257572664,0.3000000000000674,1.1314394770564533,40.833333333333336,20.0,4.665729802294303,0.9217627645117505,0.7844439582609454,0.8254947696786024,2.3260940736275995,-1.0626405518071886,8.279999999998836,1.0,1.461169849046133,0.18737834117856658,1.7344357127128718,-0.3475968702710868,1.0,0,0,1,25679.60662345,15.0,8.0,0.7199999999999999733546474089962430298328399658203125,1.1999999999999999555910790149937383830547332763671875,68.0
1516687,XAUUSD,BUY,25.618254985428507,62.338084971033595,-0.8403190874198492,4.246105212401989,38.375969948863684,0.38375969948863686,21.214183293904036,12.5614543255882,0.20378457059680066,0.0026735121600529937,75.0,0.7231157559453181,0.1588155532567921,0.9412254242596848,0.7096774193548782,0.520476975828363,41.66666666666667,20.0,4.710198876274701,0.9058435255290168,0.5548642724471976,0.7422432503462437,2.237389207906551,-1.1382165244391866,2.3333333333325847,1.0,1.6888316476109162,0.2561825422694529,1.7422538525315623,-0.18840795505103086,1.0,0,0,1,25673.989660950003,15.0,8.0,0.7800000000000000266453525910037569701671600341796875,1.149999999999999911182158029987476766109466552734375,72.0
1516689,XAUUSD,BUY,25.618254985428504,57.75323149620774,-0.9111879674850503,4.118526268658993,37.4647045943326,0.37464704594332604,20.30909374940683,12.025527921245496,0.13698630136987344,0.0024361138664885807,87.5,0.7237490855608157,-0.2788492488525428,0.43860235139331616,0.8089430894307936,1.0222103066422417,44.166666666666664,20.0,4.856105969796831,0.9570957095709566,1.3516802243474666,0.8623513951226354,2.4529344015853067,-0.8712915965723846,0.4090909090908308,0.0,1.6888316416192526,0.25618254193142936,1.767484872430532,-0.32050299400652016,1.0,0,0,1,25668.98932611667,15.0,8.0,0.7199999999999999733546474089962430298328399658203125,1.1999999999999999555910790149937383830547332763671875,68.0
1516691,XAUUSD,BUY,13.668511460026368,57.008194365303396,-0.9706061849504426,3.9900601066119017,35.764976513310735,0.35764976513310737,19.465621001061503,14.784182662298598,0.25907990314769586,0.0019338123126757512,97.5,0.7293803523242606,-0.18817124730260237,0.33477847282586465,0.14224137931033132,1.1378274709387861,52.5,20.0,5.012455819113636,0.9182682974179768,0.6704354853582134,0.7122369011031446,2.2530292187013914,-0.7996590428720698,0.23618090452276694,0.0,1.3166517303692,0.13668511060943467,1.7938332872325133,-0.3784404143431342,1.0,0,0,1,25664.99020288333,15.0,8.0,0.7199999999999999733546474089962430298328399658203125,1.1999999999999999555910790149937383830547332763671875,68.0
1516693,XAUUSD,BUY,17.03104957689929,54.61690149480898,-1.062830881272614,3.9157700989967528,34.42683887499563,0.3442683887499563,19.731513198844592,13.988620509568099,0.19473684210527617,0.0018336309627085886,98.33333333333333,0.7280180344317196,-0.37626082563197,0.06834316243396112,0.35254237288136536,1.4250070507023795,58.333333333333336,20.0,5.10755215305519,0.9118617744127365,0.6244950274765824,0.6661499370139499,2.2095798367353727,-0.6804485625742391,6.030303030303698,0.0,1.4105402155136162,0.1703104907182866,1.8095260632954842,-0.45967969377501355,1.0,0,0,1,25659.856845066664,15.0,8.0,0.61999999999999999555910790149937383830547332763671875,1.149999999999999911182158029987476766109466552734375,58.0
1516695,XAUUSD,BUY,17.03104957689928,56.34252800403047,-1.0439166209898048,3.7946436633541456,33.18428249656018,0.3318428249656018,18.906968257765328,13.404060868469848,0.31467181467181804,0.0017645389790489467,98.33333333333333,0.7212862004132847,0.04740166356978537,0.2807805662484643,0.41441441441439963,1.2306820914700027,65.0,20.0,5.270587115503141,0.8916715200931876,0.1319461889841712,0.5825950763764123,2.0930141628395686,-0.8378118846579273,1.836538461538386,1.0,1.410540211116145,0.17031049049802205,1.8358699890972139,-0.1686587876961868,1.0,0,0,1,25654.690244216665,15.0,8.0,0.61999999999999999555910790149937383830547332763671875,1.1999999999999999555910790149937383830547332763671875,58.0
1516724,XAUUSD,SELL,44.17667541548986,31.497862130376944,-1.609088213355672,4.305782576470356,34.722403670222185,0.34722403670222185,14.011521965863887,36.18800330480336,0.5693641618497128,0.006014800736517303,21.666666666666668,0.72691277935795,-0.9964584195550891,2.4051969565431164,0.2514285714286026,5.467066574294321,42.5,20.0,4.6449163757810785,0.3962946226841364,-1.6521937295852556,-1.341845853181924,-0.03707281229940575,-0.9689550799068508,0.5211267605631998,0.0,0.38718692105394964,-0.441766745354681,1.73075538363558,-2.8821706111721257,0.0,0,0,1,25549.54007766667,15.0,8.0,0.61999999999999999555910790149937383830547332763671875,1.149999999999999911182158029987476766109466552734375,55.0
1516726,XAUUSD,SELL,37.80135829545396,39.806830172179616,-1.1992975067797453,4.428940963865377,34.94232900059589,0.3494232900059589,14.745501406307984,32.66872180567656,0.27513966480446994,0.005874129920385462,23.333333333333332,0.7256134185524672,-0.6386045862269827,1.212682119516977,0.7330016583747252,3.987409212288758,40.0,20.0,4.515752222297611,0.3795752372345255,-1.5605719456015676,-1.5215874354217502,-0.09800698009384444,-0.8999125872426826,2.977272727272234,0.0,0.45136448994405703,-0.378013574981962,1.7076080391066137,-2.0907932789238433,0.0,0,0,1,25543.990066299997,15.0,8.0,0.61999999999999999555910790149937383830547332763671875,1.149999999999999911182158029987476766109466552734375,58.0
1516728,XAUUSD,SELL,31.491534858296298,40.97555452990685,-0.8078564299882389,4.2825880378750005,34.69584370471735,0.3469584370471735,16.34509668782516,31.371916542632626,0.177215189873422,0.005544041653420595,27.500000000000004,0.7326116372108599,0.05598532899887421,0.9931361486083771,0.28151260504203446,3.9158564521468007,45.0,20.0,4.670073288189518,0.32729927007299375,-0.8288702708454476,-0.9702361007583257,0.2691197484060536,-0.3936755069660248,0.3642533936652841,0.0,0.5210104439938399,-0.3149153419833181,1.7352020432627426,-0.6257898206174634,0.0,0,0,1,25538.990084766665,15.0,8.0,0.419999999999999984456877655247808434069156646728515625,1.149999999999999911182158029987476766109466552734375,58.0
1516729,XAUUSD,SELL,40.5317398767695,36.904212348781044,-0.44182517158168855,4.147282542861657,34.90016274249927,0.3490016274249927,14.553277253863396,34.39141096706657,0.38149466192167997,0.005452531809431663,29.166666666666668,0.7401020025382515,0.22518848403319544,1.5853905959957957,0.6806083650189694,4.226864174029463,48.333333333333336,20.0,4.822434881950398,0.2790243902439001,-0.6193562498614376,-0.8073360862165647,0.33590360194947017,0.30907705023830356,4.950000000007958,0.0,0.4231660295831909,-0.40531739048656373,1.7617185388495682,0.7426549718205631,0.0,0,0,1,25529.87359776667,15.0,8.0,0.419999999999999984456877655247808434069156646728515625,1.25,58.0
1516748,XAUUSD,BUY,7.629509241690206,54.922872801583715,1.1179039909165929,3.6744713773339517,21.385893274737253,0.21385893274737253,26.481582967359145,22.72719472555544,0.14266577361017668,0.006479870956456304,20.833333333333336,0.7552728589010578,-0.518260187634034,0.6372712288555675,0.7083333333332632,1.1348571186927183,85.83333333333333,20.0,5.442959801883446,0.6718699186991822,0.5797247841751298,0.7144481632954119,1.2130160036904813,0.31108856837347787,2.018518518518924,0.0,1.1651935983277564,0.07629509086646545,1.8629880310998619,0.18778211316486998,1.0,0,0,1,25464.82362831667,15.0,8.0,0.61999999999999999555910790149937383830547332763671875,1.149999999999999911182158029987476766109466552734375,58.0
1516750,XAUUSD,BUY,7.6295092416902115,55.829565798736866,0.8981695860995312,3.4977234218100848,20.403294415233894,0.20403294415233894,25.832632294336584,22.170248098488496,0.11784975878703677,0.006107864324468762,24.166666666666668,0.7552509170011774,-0.5934222832174187,0.7505706979735203,0.4583333333335544,1.0320999017502317,94.16666666666667,20.0,5.718004995846678,0.6221138211382149,0.32766516436967297,0.49194847692821775,1.0740562446479582,0.18335472493273458,0.4117647058824928,0.0,1.1651935970398175,0.07629509082751643,1.9047912348407143,-0.44314538717790947,1.0,0,0,1,25459.673541416665,15.0,8.0,0.7199999999999999733546474089962430298328399658203125,1.1999999999999999555910790149937383830547332763671875,62.0
1516752,XAUUSD,BUY,7.882728190909621,56.016712020919186,0.713592774016573,3.300743177395128,19.50896825635359,0.1950896825635359,25.548796910414307,21.815220182670462,0.26364335126827315,0.005791490278668027,30.833333333333336,0.7556466521514197,-0.030286256492650675,0.7497660043063744,0.18918918918945493,1.060367260309577,99.16666666666667,20.0,6.0592414874832965,0.6403252032520491,0.38965260011473485,0.5498807343537815,1.107299102966363,0.05023983858344235,1.1818181818171296,0.0,1.1711454445719631,0.07882728024481002,1.9543376076997443,-0.6907535295730187,1.0,0,0,1,25454.52327885,15.0,8.0,0.61999999999999999555910790149937383830547332763671875,1.1999999999999999555910790149937383830547332763671875,55.0
1516754,XAUUSD,BUY,6.520025870429272,54.21754600951498,0.5010273850807814,3.1421186647240424,18.581186657358995,0.18581186657358995,24.921542691037168,21.870677809081144,0.06129303106629491,0.0052611017045863726,39.166666666666664,0.7556447276018962,-0.7021265600650902,0.4822483965391679,0.7407407407409591,1.3685033758512843,100.0,20.0,6.365131980703379,0.6439024390243961,0.3873106452835227,0.5480425183214029,1.103750805479359,-0.011515926203661734,4.285714285706861,0.0,1.1394956191615435,0.06520025731089321,1.9967569697409135,-0.2864309391315363,1.0,0,0,1,25448.9901507,15.0,8.0,0.7199999999999999733546474089962430298328399658203125,1.1999999999999999555910790149937383830547332763671875,58.0
1516787,XAUUSD,BUY,54.67650398492249,71.20755176013964,0.991662878691546,3.0955340509332023,23.36141444610908,0.2336141444610908,33.34302952970096,9.77021478431736,0.7667386609072491,0.00445208352121445,45.83333333333333,0.7382480072753888,0.869783544701663,1.8515912802721586,0.04819277108429368,1.4957031400136966,74.16666666666667,20.0,6.460920691203721,0.9932118613790782,1.4889049476332208,1.7206200760702695,1.4837014731877627,0.8746656942765603,0.27004219409259383,0.0,3.4127219158476976,0.5467650271671586,2.009678823651849,1.0692823743943451,1.0,1,0,0,25229.704798833336,15.0,4.0,0.7199999999999999733546474089962430298328399658203125,1.1999999999999999555910790149937383830547332763671875,68.0
1516789,XAUUSD,BUY,54.67650398492249,53.621231106975955,0.5560583599444184,3.310853047295093,25.598206556024323,0.2559820655602432,28.947832721846293,8.482328907185689,0.15913312693498802,0.004331529953330096,50.0,0.7440982762476961,-0.6103065418431471,0.15348674597681705,0.8346972176760453,2.9599622393408866,71.66666666666667,20.0,6.040739263960881,0.8549953022236121,1.1656836068900374,1.5352831582142692,1.4242989344495007,0.6528018572291758,19.7500000000188,0.0,3.4127218628131333,0.5467650252416197,1.9517131737422353,-0.3171388113580012,1.0,1,0,0,25224.570847233335,15.0,4.0,0.7199999999999999733546474089962430298328399658203125,1.1999999999999999555910790149937383830547332763671875,68.0
1516791,XAUUSD,BUY,45.12765379488685,57.06679995214931,0.33700375498588286,3.3222206867740334,26.993167073085935,0.26993167073085933,26.788154667071762,10.128523810942145,0.22532800912726697,0.004225292193964219,50.83333333333333,0.7507512182680004,-0.5572254180690913,0.5632387097002075,0.4553314121039541,2.4802687048466505,70.83333333333334,20.0,6.0200696719580495,0.6930786094581869,0.10621712706883317,0.6170893301013586,0.9873280973223556,0.18344574737519642,0.19803921568612484,0.0,2.6448229300017836,0.4512765257246775,1.9487731427688184,-0.237792752042332,1.0,1,0,0,25219.988070333333,15.0,4.0,0.7199999999999999733546474089962430298328399658203125,1.1999999999999999555910790149937383830547332763671875,65.0
1516793,XAUUSD,BUY,59.70879756321367,66.07849804676424,0.49541348837821886,3.609919209147343,29.329997822380772,0.2932999782238077,34.309238364811456,8.655506080442612,0.3290513833992354,0.004386943949636951,46.666666666666664,0.7541870726958434,0.7364022935327479,1.7672584211950206,0.7074829931972192,0.8476643998698151,68.33333333333333,20.0,5.5402901952268255,0.741935483870977,0.40090751535483343,0.8466659693403146,1.1039177854013416,-0.202986722347677,1.1962025316445677,0.0,3.9638623186311355,0.5970879617349759,1.877981536843525,0.8559748351625848,1.0,1,0,0,25214.921432533334,15.0,4.0,0.7199999999999999733546474089962430298328399658203125,1.1999999999999999555910790149937383830547332763671875,68.0
1516795,XAUUSD,BUY,65.4198713415717,67.4696762314936,0.6129431207780156,3.9684964084939693,31.90784593089441,0.31907845930894413,34.97360068804485,7.311041905865363,0.3014403292181572,0.004604552100329885,42.5,0.7582258368944217,0.4752324371661707,1.6778999966611121,0.11471610660494538,0.9121842701562802,52.5,20.0,5.039692100311092,0.90416536172877,1.3162787195327657,1.6158263490353924,1.5099258397810913,-0.12008878766475309,0.41346153846165784,0.0,4.783667821178685,0.6541986979444098,1.7983530338776772,1.1036925699681568,1.0,1,0,0,25209.987869616667,15.0,4.0,0.7199999999999999733546474089962430298328399658203125,1.1999999999999999555910790149937383830547332763671875,68.0
1516801,XAUUSD,BUY,54.0656080175444,63.59339990051009,0.7740440333086829,4.077310910115524,39.95746571093397,0.39957465710933965,28.43829170189888,8.478827008540941,0.24366312346688584,0.004914362446782552,39.166666666666664,0.75270414771877,0.5568307662099852,1.2116139679017677,0.7697368421052435,0.9810387503381895,43.333333333333336,20.0,4.905193751690947,0.985329341317372,1.577614173465326,2.1815495726480387,1.8810824403194113,0.8012805417871427,0.9151515151507935,0.0,3.3540356843247983,0.5406560655303123,1.7758322605743686,1.8983099819043432,1.0,1,0,0,25189.855238666663,15.0,4.0,0.7199999999999999733546474089962430298328399658203125,1.149999999999999911182158029987476766109466552734375,68.0
1516803,XAUUSD,BUY,53.28227405715496,62.5442894241779,0.5229492727045217,3.9146458451072204,40.909237735664036,0.40909237735664034,27.504273163590337,8.382815976716536,0.1433644030181744,0.004571156748203385,45.0,0.7525742927380786,0.29269610045711425,1.0493245058061886,0.21111111111125708,1.12398417994822,55.833333333333336,20.0,5.109018999764003,0.8802395209580858,0.9089915994133259,1.6188716800534595,1.576119504855291,0.43729684049956924,0.2991452991453324,0.0,3.2810299019988247,0.5328227257243514,1.8097662037894922,0.5517740519744752,1.0,1,0,0,25184.704757533334,15.0,4.0,0.7199999999999999733546474089962430298328399658203125,1.1999999999999999555910790149937383830547332763671875,68.0
1516805,XAUUSD,BUY,54.111445345199044,62.70991494066384,0.31542191804155584,3.7771711418853258,41.85225256491653,0.4185225256491653,27.093279577213412,8.067353063050689,0.17306823316763448,0.004185277459623465,53.333333333333336,0.7507423677319631,-0.5261469755118239,1.007896417672171,0.05025125628157239,1.13841810139794,61.66666666666667,20.0,5.294967913478567,0.8678678678678522,0.8124377256397396,1.5069906702593152,1.521194959729545,0.12473662425127777,3.736842105259883,1.0,3.358384839126303,0.5411144380622095,1.8397505703393275,0.33887794646256086,1.0,1,0,0,25179.5715379,15.0,4.0,0.7199999999999999733546474089962430298328399658203125,1.149999999999999911182158029987476766109466552734375,78.0
1516808,XAUUSD,BUY,63.515268779548414,70.44955273234581,0.48997717049649436,3.946658917464984,43.39961086596167,0.4339961086596167,32.131471128629535,7.169410518024812,0.6455921638468116,0.004306971383498462,50.0,0.7431955039300134,0.6921121156855561,2.1336063610358345,0.8829268292682617,0.07601366276487803,51.66666666666667,20.0,5.0675775176554625,0.8708708708708661,0.8222448265336201,1.4746720194640186,1.5082495063351722,-0.25219657826379904,18.899999999934515,1.0,4.481744568274109,0.6351526716342012,1.8029594344175957,0.8336165016543143,1.0,1,0,0,25173.981959083336,15.0,4.0,0.7199999999999999733546474089962430298328399658203125,1.1999999999999999555910790149937383830547332763671875,65.0
1516812,XAUUSD,BUY,64.1053309157486,59.99216513394827,0.11891938431824567,4.375588556385601,46.3347342370868,0.463347342370868,26.611254749194813,5.820665165529941,0.17694235588969703,0.003915284277696333,55.00000000000001,0.7370840338869143,0.21816920559502986,0.7688256719876339,0.11388888888897766,1.31182352408887,26.666666666666668,20.0,4.570813672782969,0.865347086701981,0.9957506196034859,1.6516097834189425,1.6123259624668473,0.07890478340976141,1.1393188854491605,0.0,4.571857239775578,0.6410532893913639,1.7175411245599417,-0.5804933364436367,1.0,1,0,0,25164.9886262,15.0,4.0,0.7199999999999999733546474089962430298328399658203125,1.1999999999999999555910790149937383830547332763671875,68.0
1516814,XAUUSD,BUY,60.28248963532528,57.323314890376004,-0.12054741053298246,4.300903659500911,47.33100247981812,0.4733100247981812,25.13954612151971,6.22950258581845,0.06905116741179074,0.003788803991190748,56.666666666666664,0.7351956989032741,0.04879049237032751,0.4636592761858633,0.3603603603605867,1.604314010791221,28.333333333333332,20.0,4.6501855385249105,0.8237642001842007,0.7763262367142922,1.5195538633974945,1.527728244587569,0.03936398289835636,7.780487804871204,0.0,4.035561706513859,0.6028248771360657,1.7316883832961474,-0.04417676261610507,1.0,1,0,0,25159.92353265,15.0,4.0,0.7199999999999999733546474089962430298328399658203125,1.1999999999999999555910790149937383830547332763671875,68.0
1516816,XAUUSD,BUY,19.78328478291685,49.12636372657794,-0.5538242755438127,4.5786962552508825,45.36330835861089,0.4536330835861089,21.92757623724877,14.684504116012702,0.2969052224371359,0.0035888800397602797,60.0,0.7334346603337865,-0.6949990844463398,0.4042643432244537,0.4761904761905132,2.389326434889503,20.833333333333336,20.0,4.368055639651539,0.751440922190184,0.47551495421893575,1.299387911352224,1.416134306909172,-0.643124751826391,1.7749999999982569,0.0,1.4932458441066474,0.1978328424256831,1.680465764677426,-0.8364826549932538,0.0,1,0,0,25154.805534133335,15.0,4.0,0.61999999999999999555910790149937383830547332763671875,1.149999999999999911182158029987476766109466552734375,68.0
1516846,XAUUSD,SELL,17.414937683469216,41.90460199865756,0.2183808904146236,4.386675547164419,40.56337979617052,0.40563379796170523,19.479351260404254,27.6946792821752,0.10082805650266162,0.007968193753478207,10.833333333333334,0.7768756709636908,0.9087906603030117,0.4831236874529816,0.7535545023696918,5.288743092704104,25.0,20.0,4.559261286813919,0.13592001904308515,-0.5694697354826191,-1.2335989376412069,-0.7728406362318649,0.1789486549949026,0.6108374384236144,-1.0,0.7033607559983828,-0.17414937314305565,1.715465237351715,1.543309945586611,0.0,1,0,0,25049.990457533335,15.0,4.0,0.61999999999999999555910790149937383830547332763671875,1.1999999999999999555910790149937383830547332763671875,55.0
1516848,XAUUSD,SELL,18.235565720041702,39.59903460501019,0.5094767201735193,4.352627293795522,38.9685359335899,0.389685359335899,18.229461443663215,26.360736248517313,0.13174273858919905,0.006767637825820071,13.333333333333334,0.7734223157975039,0.900493248150294,0.7897455685587491,0.4271099744245869,5.716087852379515,26.666666666666668,20.0,4.594925926350073,0.2113782432754121,-0.2415093995646067,-0.8977489525503336,-0.5260931286623111,0.3915966263040447,0.32704402515719133,0.0,0.6915383766320325,-0.18235565311082644,1.7218601024179956,1.1441365556610679,0.0,1,0,0,25044.90701085,15.0,4.0,0.419999999999999984456877655247808434069156646728515625,1.149999999999999911182158029987476766109466552734375,68.0
1516874,XAUUSD,SELL,23.82822958714306,40.91756875941183,0.7196878324019655,3.024612723377276,35.93802953592568,0.3593802953592568,15.283274561480237,24.84517323130099,0.174968071519763,0.0028657656301005223,80.0,0.729902933930189,0.5924277633244491,0.38916691761603556,0.5112219451371747,3.302902193985671,71.66666666666667,20.0,6.612416804776263,0.05431107354185513,-0.8983637007641755,-0.8211232324237899,-1.1823430068412895,1.1033240492834187,6.446428571435474,0.0,0.615140566904366,-0.2382822899334414,2.029780704211273,0.400051216688976,0.0,1,0,0,24949.639311366667,15.0,4.0,0.61999999999999999555910790149937383830547332763671875,1.1999999999999999555910790149937383830547332763671875,55.0
1516877,XAUUSD,SELL,15.531724883332743,46.96509219742118,1.020997181130146,2.9264262767895772,33.34268946548503,0.3334268946548503,16.18814992121851,22.141388355393627,0.5590361445783405,0.0018178636866608175,84.16666666666667,0.7271945728518187,0.765237254055211,0.21208287876906362,0.3586956521739829,2.3065675884393224,73.33333333333333,20.0,6.83427433611651,0.12383770076078837,0.02483647136417973,-0.5616829393331867,-0.9110826475790698,1.401377969235168,1.3500000000008716,-1.0,0.7311262026687178,-0.15531724478117206,2.058508253282085,1.0012211902411683,1.0,1,0,0,24938.989272299998,15.0,4.0,0.419999999999999984456877655247808434069156646728515625,1.149999999999999911182158029987476766109466552734375,55.0
1517015,XAUUSD,SELL,37.96115527760212,36.53007306699929,-2.7624465319221674,9.140060831217557,29.467963067149586,0.2946796306714959,11.934456201830436,26.539684492545643,0.3092913385826779,0.015628665827935328,0.8333333333333334,0.7434400976183113,-0.5576122524981753,1.5512584436124293,0.6526315789473419,5.1049988464665645,6.666666666666667,20.0,2.188169244091976,0.05926060166726187,-1.2464723729174545,-2.7404786209349634,-2.9039239768312326,-0.7272551269310891,16.711111111118836,0.0,0.44968340733286144,-0.37961154290935395,1.159446847377069,-1.7166187719902108,0.0,0,1,0,24299.739727466665,15.0,15.0,0.419999999999999984456877655247808434069156646728515625,1.1999999999999999555910790149937383830547332763671875,55.0
1517021,XAUUSD,SELL,27.393244104688787,41.43827085594963,-0.7299581470567649,8.484713427910034,30.329379451347968,0.3032937945134797,13.064027861723568,22.921680907747056,0.05422222222223354,0.014505446954879788,4.166666666666666,0.7618711471537323,0.8151628617657651,0.7957662996582227,0.8436532507739609,4.829862593260822,10.0,20.0,2.3571803773844637,0.12703878216745526,-0.778089263648007,-1.9297802723125077,-2.4410903778528867,0.08554069703129258,1.1619433198386888,-1.0,0.5699419403123379,-0.2739324334346317,1.211101448274527,1.0536596286908082,0.0,0,1,0,24284.97382308333,15.0,15.0,0.7199999999999999733546474089962430298328399658203125,1.25,68.0
1517023,XAUUSD,SELL,22.36813657688364,41.90191553585994,-0.08025303585217358,8.270091040202143,29.76071924602909,0.2976071924602909,13.853526229769917,21.836783441824974,0.30473047304729783,0.014018802999351189,5.833333333333333,0.7662669318214298,0.8244822003272184,0.6850568401772851,0.08394160583942939,4.895955776444524,10.833333333333334,20.0,2.4183530631980985,0.2254440014497922,-0.4256666658649188,-1.437423465519933,-2.027107994578731,0.219266926519427,0.18532110091747742,0.0,0.6344123726951133,-0.22368135950155096,1.229158874618641,1.2285233561047264,0.0,0,1,0,24279.840367250003,15.0,15.0,0.61999999999999999555910790149937383830547332763671875,1.1999999999999999555910790149937383830547332763671875,58.0
1517025,XAUUSD,SELL,22.368136576883643,42.16357400034663,0.4237724436113872,7.87437025161631,29.232677626804417,0.29232677626804415,13.510459098242656,21.2960198461225,0.033345822405408045,0.012603386729290452,7.5,0.7693003702831333,0.5505380010467413,0.6210877097035904,0.06959706959691095,4.823242848176287,12.5,20.0,2.5398856493818993,0.23432403044581773,-0.36969719536619106,-1.3294904452981573,-1.956123321361159,0.31695246510434005,10.91304347825898,0.0,0.6344123719573926,-0.22368135934240763,1.2640944241894565,1.2597832820934312,0.0,0,1,0,24274.990396283334,15.0,15.0,0.61999999999999999555910790149937383830547332763671875,1.25,55.0
1517028,XAUUSD,SELL,5.186527717920346,48.69518907238714,1.5878629063314422,7.43305394144467,26.37180449245014,0.2637180449245014,17.534264591494654,19.452598497599787,0.7168063520070554,0.009859058331282033,10.833333333333334,0.7680584081527644,0.9377395583664159,0.22371923971025137,0.6846473029046434,3.349901695340063,19.166666666666668,20.0,2.6906840926426603,0.29557810801013784,-0.1310008312349921,-0.9786159186387551,-1.6725261500009105,0.5528190943580924,0.4363057324844122,0.0,0.9013841360203898,-0.05186527577694138,1.305811831829726,1.3803209395257139,1.0,0,0,1,24264.890359716668,15.0,15.0,0.61999999999999999555910790149937383830547332763671875,1.149999999999999911182158029987476766109466552734375,45.0
1517030,XAUUSD,SELL,5.18652771792034,45.499269579031406,1.7139239261527948,7.199978659912913,24.858570437126584,0.24858570437126584,16.80888661469562,18.64786063887502,0.5203125000000353,0.00868231248455691,12.5,0.7667574525168276,0.46789345564910423,0.2509569187214236,0.8824940047959994,3.1041758671364987,22.5,20.0,2.7777860108604693,0.35791953606378935,0.1544542164511272,-0.7059269441023083,-1.4280203964922633,0.7216648013011141,0.4606060606058919,0.0,0.9013841340207229,-0.051865275716427496,1.3291381266229856,1.261114848930643,0.0,0,0,1,24259.7568677,15.0,15.0,0.61999999999999999555910790149937383830547332763671875,1.1999999999999999555910790149937383830547332763671875,55.0
1517032,XAUUSD,SELL,12.974584375086994,45.0383010868922,1.734518353556263,6.961408755633397,24.009714289838044,0.24009714289838044,16.14315208748911,20.956704251186657,0.4795161919625404,0.00798775726877974,14.166666666666666,0.7634554845778224,0.3609908452172014,0.3037207135612892,0.13471502590686027,3.122931113965687,23.333333333333332,20.0,2.8729817055801172,0.2915911562160214,-0.1906204464025497,-0.923316198354779,-1.6511674293498881,0.7920737166038948,0.13315217391325368,0.0,0.7703096404705608,-0.12974584025366395,1.354024676942868,0.44818514607048265,0.0,0,0,1,24254.623380983332,15.0,15.0,0.61999999999999999555910790149937383830547332763671875,1.1999999999999999555910790149937383830547332763671875,45.0
1517034,XAUUSD,SELL,8.825723999908723,46.212026950581105,1.7854455374297649,6.682736701659548,22.925143554843093,0.22925143554843092,16.983290728302734,20.27127596172666,0.38354898336414306,0.0074726629436156706,15.0,0.7586557080819639,0.47279673151530444,0.14274275112343474,0.3529411764706232,3.0945405936560024,26.666666666666668,20.0,2.992785873941933,0.2819862268937914,-0.242492926577659,-0.9195221711050054,-1.6654684659395413,0.7464555892638619,6.423076923070061,0.0,0.8378007345254158,-0.08825723763005584,1.3844892012842984,0.5521689937422267,0.0,0,0,1,24249.973641166664,15.0,15.0,0.419999999999999984456877655247808434069156646728515625,1.1999999999999999555910790149937383830547332763671875,55.0
1517036,XAUUSD,SELL,16.795251723651702,42.43704933801024,1.5193464814465525,6.607541222969588,22.487294138329425,0.22487294138329425,15.949667353631128,22.38869117527741,0.12332112332110985,0.005918426498310264,17.5,0.7524709654132319,-0.5176244940150948,0.6920255347671813,0.7353463587922286,3.7502603712646874,27.500000000000004,20.0,3.0268445288656887,0.3011960855382349,-0.11696119797727597,-0.8109211718674585,-1.578414356594644,0.6079290331087199,1.8333333333330526,0.0,0.7123983495223298,-0.16795251285572144,1.392983073938962,-0.10139929171701159,0.0,0,0,1,24244.84045918333,15.0,15.0,0.419999999999999984456877655247808434069156646728515625,1.149999999999999911182158029987476766109466552734375,55.0
1517039,XAUUSD,SELL,16.00316451793071,43.824998642626674,1.313085571274736,6.217471768785048,21.6815771229304,0.21681577122930398,15.017412489427006,20.739678603921995,0.06133333333335946,0.005058957677531957,20.0,0.7353782853651918,-0.3815415017732693,0.4682197133807536,0.12807881773386104,2.0088551206144754,31.666666666666664,20.0,3.216741586252218,0.255527364987303,-0.48840150389786074,-0.8939291712560405,-1.7038605114949321,0.40356224445726496,1.196202531645832,0.0,0.724090862357735,-0.16003164070378528,1.4390626938382243,-0.9907564085656598,0.0,0,0,1,24234.99043261667,15.0,15.0,0.61999999999999999555910790149937383830547332763671875,1.149999999999999911182158029987476766109466552734375,58.0
1517041,XAUUSD,SELL,10.315880103006034,46.5350471425924,1.3559825439104056,6.022652356728957,20.86974162150723,0.20869741621507232,16.162959390535693,19.88123529877952,0.13683178028444917,0.0044520292964918785,21.666666666666668,0.7224905895637349,0.026561092644521368,0.11734834597339212,0.6103151862464877,1.7201723404182057,32.5,20.0,3.320796023973475,0.24628488582819996,-0.5274669288715547,-0.8884585610398438,-1.7211453780075572,0.26871084449688093,6.8076923077001785,0.0,0.8129755689050341,-0.10315879816805165,1.463439650090019,-0.06143472644349116,0.0,0,0,1,24229.890350483336,15.0,15.0,0.61999999999999999555910790149937383830547332763671875,1.25,45.0
1517079,XAUUSD,SELL,19.641140838639476,40.054604536815276,-0.0059040505574596835,3.836960399905585,27.38712443736518,0.2738712443736518,14.317640301612823,21.31661446764171,0.21229050279325742,0.0031626116045604972,46.666666666666664,0.7630844364366918,-0.856009289920553,0.8811847737012645,0.10864197530856268,3.526228730516133,65.0,20.0,5.212459320792608,0.04747180793015084,-1.0753463976425786,-0.9901274926862955,-2.014437476333191,-0.502644983547431,3.9999999999937987,0.0,0.6716657399645256,-0.19641140287452413,1.8265568434403607,-1.2848712225754537,0.0,0,0,1,24089.823548233333,15.0,8.0,0.7199999999999999733546474089962430298328399658203125,1.1999999999999999555910790149937383830547332763671875,68.0
1517081,XAUUSD,SELL,19.641140838639476,41.310022345469726,0.08352715869994132,3.722177514198012,26.83383989459906,0.2683383989459906,13.704935627096713,20.404397855543237,0.26530612244887947,0.0027617698470283115,55.00000000000001,0.7592138008769094,0.26992710735656217,0.6954499380150279,0.013761467889795344,2.957945975978404,68.33333333333333,20.0,5.373198866446121,0.058405091725943215,-0.9812575250259805,-0.9826192375364147,-1.9444180899565155,-0.0770217016358167,8.204545454552173,-1.0,0.6716657385558561,-0.1964114026281057,1.8521015203716078,-1.1794171511847673,0.0,0,0,1,24084.556634633333,15.0,8.0,0.61999999999999999555910790149937383830547332763671875,1.149999999999999911182158029987476766109466552734375,58.0
1517094,XAUUSD,SELL,60.685022936228236,28.53824074142136,-0.8037189117638688,4.576000989987378,32.27592309541677,0.3227592309541677,6.9890567632825,28.565112590273227,0.6966471527408478,0.0044162082052073195,24.166666666666668,0.6791330478780131,-0.9838134110396025,1.8276691831835463,0.4496124031007315,3.7456285602872423,50.83333333333333,20.0,4.370628425072777,0.17993874425727743,-1.7450890842968019,-2.555761266493837,-2.10985278801072,-3.179325065984403,28.11111111116426,0.0,0.24467106497564778,-0.6068502122939547,1.6809449268270815,-2.229020496787076,0.0,0,0,1,24029.990455533334,15.0,8.0,0.7800000000000000266453525910037569701671600341796875,1.25,72.0
1517096,XAUUSD,SELL,60.906823277488115,27.442667168119314,-0.85081687367772,4.38485806213111,34.320987394136154,0.34320987394136154,6.772740788396804,27.876481179265433,0.6712802768166575,0.004628956498684337,21.666666666666668,0.6965069837970567,-0.9157450869322992,1.9196462585787433,0.5105263157897054,4.025215810844825,55.00000000000001,20.0,4.561151060447253,0.13680449208781373,-1.7401193836057505,-2.7283409556349643,-2.1621024266559976,-2.1739201036074753,1.2241379310346991,0.0,0.2429553608968056,-0.6090682151967602,1.7158051120960163,-2.729848909677739,0.0,0,0,1,24024.9403411,15.0,8.0,0.7199999999999999733546474089962430298328399658203125,1.1999999999999999555910790149937383830547332763671875,78.0
1517098,XAUUSD,SELL,64.30447774655913,26.364291133252678,-0.8647875110390864,4.287368200550283,36.462665276452086,0.36462665276452083,6.431977673787408,29.606030836747255,0.6588868940754329,0.0048145052616434285,21.666666666666668,0.7172781326501217,-0.7194502375740356,1.9725737693836645,0.3278145695364029,4.256690619120984,60.0,20.0,4.664866431913406,0.13345410628019588,-1.671185608977084,-2.66049979600131,-2.1685301002320103,-1.4949356114681964,0.9587628865970489,0.0,0.2172522717415977,-0.6430447596220759,1.7342833164285596,-1.8169654752302633,0.0,0,0,1,24019.80688075,15.0,8.0,0.81999999999999995115018691649311222136020660400390625,1.1999999999999999555910790149937383830547332763671875,78.0
1517105,XAUUSD,SELL,66.98085765540206,26.75208555536068,-0.7750370740590746,4.207955882338613,45.14333601778405,0.4514333601778405,6.484794869312007,32.794207605281,0.753209700428014,0.006097516497062105,16.666666666666664,0.7597682368665206,-0.7056859783595582,1.777385586425227,0.44444444444427933,4.624573199941666,64.16666666666667,25.0,5.941126926954853,0.11605973277443758,-1.4969669459353048,-2.4568662513184085,-2.246412124201799,-0.8096627258707702,12.533333333364459,0.0,0.1977420753574072,-0.6698085595014348,1.9374641427418782,-1.1026731576428985,0.0,0,0,1,23999.840252183334,15.0,8.0,0.81999999999999995115018691649311222136020660400390625,1.1999999999999999555910790149937383830547332763671875,78.0
1517107,XAUUSD,SELL,66.98085765540206,25.033733655032506,-0.6766498725638961,4.054530462171598,46.70315899189962,0.4670315899189962,6.24945535122018,31.604073889478684,0.7006920415225302,0.006311758070458145,16.666666666666664,0.7645835008722672,-0.7768346398704755,1.9902961357980147,0.703883495145406,5.154727580664332,69.16666666666667,25.0,6.165942082134476,0.15116583704481074,-1.1283559739818543,-2.1308331305552817,-2.120856401450383,-0.6176202696124723,1.250000000000836,0.0,0.1977420751303398,-0.6698085588592754,1.9693395365356257,-1.2677176920867048,0.0,0,0,1,23994.98988455,15.0,8.0,0.7199999999999999733546474089962430298328399658203125,1.149999999999999911182158029987476766109466552734375,78.0
1517114,XAUUSD,SELL,61.866902452163146,27.792428355334806,-0.48606933484766923,4.1784874669429914,52.70654154782396,0.5270654154782396,8.082367911540617,34.30793568968937,0.5068153655513764,0.006768538554029716,18.333333333333332,0.7668836730224126,-0.7898569932577558,1.6959174899081175,0.10000000000011736,5.509170526923013,67.5,25.0,5.983026202131979,0.12117647058824814,-1.1058561364213557,-1.979238931889601,-2.165599203081356,-0.4998890061305837,2.1811594202891817,0.0,0.2355830367953788,-0.6186690099270437,1.943482376131236,-0.7514680909876372,0.0,0,0,1,23974.50663956667,15.0,8.0,0.7199999999999999733546474089962430298328399658203125,1.1999999999999999555910790149937383830547332763671875,78.0
1517117,XAUUSD,SELL,18.294595369865252,46.622616843342804,0.6634465561695935,4.4412978669049075,48.492673158334625,0.48492673158334626,19.22296190340622,27.83135963242121,0.026048565121419648,0.0058446992022966205,25.0,0.7631302345253246,0.9802649751216738,0.11872713728174907,0.4604316546762684,3.4629517003592163,55.833333333333336,25.0,5.62898520864628,0.2917647058823658,-0.03978421438484315,-1.1385795375502203,-1.7101235236659922,0.6152853915343782,0.0584415584415362,0.0,0.690694291137641,-0.18294594981067913,1.8914517319468058,1.0357332783907927,1.0,0,0,1,23904.689947783332,15.0,8.0,0.7800000000000000266453525910037569701671600341796875,1.1999999999999999555910790149937383830547332763671875,72.0
1517119,XAUUSD,SELL,18.29459536986525,43.578273429596486,0.875773786531072,4.374062304983129,46.335667602015384,0.46335667602015385,18.124271454855304,26.240655288731677,0.1364303178484102,0.005211246587611876,27.500000000000004,0.7596309241911556,0.9405570941885243,0.2591167714078511,0.45714285714270125,3.9231265591371227,59.166666666666664,27.0,6.172751579061959,0.31200000000000516,0.08311537291963642,-1.0330312875743626,-1.636282208027016,1.204796616111053,1.1718749999999556,0.0,0.6906942896332311,-0.1829459495749908,1.970289343763579,1.9272702152405226,0.0,0,0,1,23899.48981636667,15.0,8.0,0.7199999999999999733546474089962430298328399658203125,1.1999999999999999555910790149937383830547332763671875,68.0
1517121,XAUUSD,SELL,22.561413496519865,40.625195150672695,0.8901990753768256,4.329486426055763,44.637506594479994,0.4463750659447999,17.002957033115088,26.910440152539806,0.03960396039604406,0.004291875575185244,36.666666666666664,0.7571134807456095,0.7771560067608917,0.621369918102629,0.4906666666667055,4.388511275991995,63.33333333333333,25.0,5.77435694209473,0.28345679012346847,-0.20039635236294104,-1.1637201870787466,-1.6942686767525243,1.598164745747619,1.187500000000746,0.0,0.6318349423086418,-0.22561412982749254,1.9131444459649471,1.3327215822353544,0.0,0,0,1,23893.990020300003,15.0,8.0,0.7199999999999999733546474089962430298328399658203125,1.1999999999999999555910790149937383830547332763671875,78.0
1517123,XAUUSD,SELL,35.242553724846225,35.34086095673477,0.6546300288720985,4.513094538480326,43.9664385323633,0.439664385323633,15.146131577319256,31.63190692952206,0.17160243407706394,0.003905597000204669,48.333333333333336,0.7542548382968887,0.05534095822562861,1.2951100914941334,0.5449275362318126,4.083672487438128,53.333333333333336,25.0,5.539436363860912,0.23802469135803278,-0.5776584372870784,-1.291623298091027,-1.7521754901466235,1.3363795559792926,1.0380434782607084,0.0,0.4788244708812955,-0.3524255297144668,1.8778509788592632,0.1595357672792507,0.0,0,0,1,23889.99038906667,15.0,8.0,0.7199999999999999733546474089962430298328399658203125,1.1999999999999999555910790149937383830547332763671875,78.0
1517125,XAUUSD,SELL,35.24255372484622,38.18877692651809,0.5929527563131787,4.52287350001742,43.34330390325494,0.4334330390325494,14.033856512201316,29.308978387654342,0.06339468302659278,0.003715793293289238,52.5,0.7498351066410323,-0.823689552490418,0.9211814582674923,0.27526881720446345,2.3569087218465863,53.333333333333336,25.0,5.527459479002389,0.1468601451088507,-1.3794289211855948,-1.5841286071642124,-1.8998086421044864,0.6703421665950419,0.835106382978964,0.0,0.47882446968155834,-0.3524255291173482,1.8760178138357453,0.3294365849484941,0.0,0,0,1,23884.990186450003,15.0,8.0,0.81999999999999995115018691649311222136020660400390625,1.1999999999999999555910790149937383830547332763671875,78.0
1517127,XAUUSD,SELL,35.242553724846225,37.37387887199491,0.5266392725812103,4.321953964301893,42.76467889051146,0.4276467889051146,13.637245316133177,28.48067656172671,0.1798042246264713,0.0035330992355031743,57.49999999999999,0.7452464498840948,-0.9141881875255431,0.9915197491372778,0.2397660818717867,2.5011835131257567,65.83333333333333,20.0,4.627536564524818,0.17913832199547722,-1.0336226297592692,-1.4044196722552467,-1.8034837174403955,0.3043121568133784,2.6328124999978573,0.0,0.4788244692064266,-0.3524255288808717,1.727671791249844,-1.3558682134059064,0.0,0,0,1,23879.873392483332,15.0,8.0,0.7199999999999999733546474089962430298328399658203125,1.149999999999999911182158029987476766109466552734375,68.0
1517215,XAUUSD,SELL,33.78721335883307,36.506944326706524,-1.202379659533757,3.4980176331488795,29.898094488587553,0.2989809448858755,17.139748037532232,34.63196829399525,0.35646140503036045,0.005305430871585029,22.5,0.7452181128869624,-0.963879768645704,1.6178926096994417,0.7307692307692913,4.9771046992486285,87.5,20.0,5.717524065765273,0.35099866844205907,-1.7054403895808998,-1.6607747444405951,-1.0592559795956766,-0.8406848332859144,1.4065040650397547,0.0,0.49491115830089544,-0.33787212706213937,1.9047196440489556,-0.9662615671143624,0.0,1,0,0,23469.904667216666,15.0,5.0,0.0,0.0,0.0
1517217,XAUUSD,SELL,20.389463619023697,44.80015918292275,-0.7331791394118872,3.5917306593524945,29.218906569332994,0.2921890656933299,20.710605435282773,31.319204629485913,0.05812973883740813,0.004979238013347862,30.0,0.7507182159856409,-0.49710374719970407,0.478465729979095,0.7754677754679559,3.6890294002136192,84.16666666666667,20.0,5.568346264473387,0.4513981358189011,-0.9811517640407433,-1.0777405570557628,-0.8649482251758105,-0.6389218415907717,0.3684210526314656,0.0,0.6612749276049479,-0.2038946322714329,1.8822620906863923,-0.902072094844628,0.0,1,0,0,23464.73989375,15.0,5.0,0.0,0.0,0.0
1517219,XAUUSD,SELL,30.788056063733904,35.672102371967114,-0.8159040388230427,3.9494641836844853,29.33098867607592,0.2933098867607592,17.48935099128522,33.04918324607217,0.27004909983632425,0.005094393646303012,28.333333333333332,0.7528767351095702,-0.7767543233591634,1.9606261826393983,0.7988372093022791,4.600624073275971,60.0,20.0,5.063978066346673,0.5515312916111834,-0.31749719640013113,-0.525329650356815,-0.6722740523758772,-0.1670361136852844,0.2895442359246329,0.0,0.5291916091200889,-0.30788055454534297,1.8023660313062653,-2.2281503491925823,0.0,1,0,0,23459.988903766665,15.0,5.0,0.0,0.0,0.0
1517223,XAUUSD,SELL,27.82742983246995,42.965803624313494,-0.3143406021655166,4.084231872666711,29.334343522752715,0.29334343522752715,15.63183618632793,27.686106212128006,0.07656065959953744,0.0047243286679617595,36.666666666666664,0.7584971544873422,0.8058960394689083,0.792481819389925,0.1756756756758318,3.1291073568886842,57.49999999999999,20.0,4.896881622673747,0.4900133155792156,-0.5466304686314707,-0.7713538390596908,-0.7815893284174041,0.10339318877466136,0.35869565217407423,0.0,0.5646093929550465,-0.2782742919007034,1.7744236726560758,0.8104339085523804,0.0,1,0,0,23449.80521866667,15.0,5.0,0.0,0.0,0.0
1517235,XAUUSD,SELL,3.5383469172585342,52.76730557909468,0.4722448398903696,4.758438467560785,27.376953281728778,0.2737695328172878,20.194150223837347,18.8139097367399,0.0015688735487976802,0.0038763712621827364,55.00000000000001,0.7487699116934213,0.9688133903712223,0.6763213111920939,0.8436830835117758,1.143232183642839,20.833333333333336,20.0,4.2030594986872165,0.1503448275861956,-1.0031338411962818,-1.170796741437477,-1.0463875520110866,0.32438247505938717,2.202614379085857,0.0,1.0733627105183456,0.03538346826550439,1.6492468177006365,1.7211528647125223,1.0,1,0,0,23414.989219316667,15.0,5.0,0.0,0.0,0.0
1517254,XAUUSD,BUY,23.03303100818252,58.028936682322,1.2790653940943084,4.634695746075717,22.55273196378394,0.22552731963783942,30.717966704654405,19.216536985840637,0.284868977176662,0.005991369099236418,15.0,0.7404199790301439,0.6308426748438124,0.94860842708715,0.6143141153081001,1.8857764303946167,29.166666666666668,20.0,4.315277872756668,0.8009950248756371,1.1887666012527618,1.4239908197707132,0.1453638298334695,0.6265706274443155,2.223404255318691,0.0,1.5985172109194896,0.23033030546917688,1.670585291284637,0.8544250188058281,1.0,1,0,0,23329.989086716665,15.0,5.0,0.0,0.0,0.0
1517256,XAUUSD,BUY,23.033031008182515,60.32164788875084,1.0791083127082555,4.51436033564179,22.58703903838384,0.22587039038383838,29.284161263457197,18.319577380532813,0.30111524163568576,0.005890529933224899,15.833333333333332,0.7471032780458543,0.44164757993348935,1.2739633020072836,0.6644067796608654,1.501873908130521,36.666666666666664,20.0,4.43030651365952,0.6894100923951684,0.6750698205520294,0.9433164383513171,-0.07605071142070015,0.3670906379756249,0.6278317152104912,0.0,1.5985172068466285,0.23033030524333326,1.691995580540462,1.1961827586879898,1.0,1,0,0,23324.97162098333,15.0,5.0,0.0,0.0,0.0
1517258,XAUUSD,BUY,24.545520679838933,58.855449404022636,0.8230868637114082,4.404048883095901,22.726930584202062,0.22726930584202062,28.781799528110383,17.437124076694133,0.314142678347921,0.005482324043550346,18.333333333333332,0.7521356011246131,-0.23394564155969486,1.0109902336216647,0.299663299663476,1.7279553887808108,49.166666666666664,20.0,4.541275660396544,0.7590618336887034,0.8980043555833699,1.1823357418646843,0.0671369919174471,0.13245347292954487,0.5051020408166698,0.0,1.6506046381796706,0.24545520148768146,1.712224737862081,0.297453555755858,1.0,1,0,0,23319.803415916667,15.0,5.0,0.0,0.0,0.0
1517260,XAUUSD,BUY,23.843501188292894,57.40707264123558,0.5453849711137977,4.209473962874786,22.806685627351406,0.22806685627351406,27.961313174272682,17.19456970368314,0.09619238476953816,0.005479427757653913,18.333333333333332,0.7583913698060434,-0.8051043994387267,0.785038230055181,0.476190476190502,1.9978743363592142,61.66666666666667,20.0,4.751187482423897,0.7295664534470565,0.7468328188220414,1.0248841912188853,0.00533316605339229,-0.01959174509703872,2.33707865168343,0.0,1.6261710545808081,0.23843500660266442,1.7494063521696284,-0.4394848421242969,1.0,1,0,0,23314.988978716665,15.0,5.0,0.0,0.0,0.0
1517262,XAUUSD,BUY,8.325104138821146,60.32490611515492,0.4601380906372641,4.383082965526611,21.772286949599245,0.21772286949599245,24.93566855482757,21.10290902710012,0.32862190812719777,0.00556062145314429,16.666666666666664,0.7590477835538136,-0.13378338979236803,1.1403949774934077,0.3343373493976122,1.4122479653441593,49.166666666666664,20.0,4.562998272517772,0.701137171286424,0.5545298917624673,0.8810112344529961,-0.0574371417227822,-0.058323972787421664,1.0999999999998864,0.0,1.1816222749756058,0.08325103957992278,1.7161372205624181,-0.563530286656003,1.0,0,1,0,23309.78827365,15.0,5.0,0.0,0.0,0.0
1517268,XAUUSD,BUY,11.798126890114146,62.291199618269715,0.4312004671375922,4.101964092524085,21.04998313897626,0.21049983138976258,27.052766800202203,21.342975691605805,0.03344867358707391,0.004527392756321464,41.66666666666667,0.7572048927209593,0.8581557758864795,1.2755866654607468,0.07142857142857142,0.7654869543402716,65.0,20.0,4.875713084970787,0.8816631130063968,1.0146260680722077,1.3230546104459688,0.3718448181405258,0.31841263743030424,0.517045454544791,0.0,1.2675254811500618,0.11798126646329755,1.7708274288299723,1.0897218744910329,1.0,0,1,0,23289.9050344,15.0,5.0,0.0,0.0,0.0
1517270,XAUUSD,BUY,14.417923331802625,63.51213065394426,0.358356929330494,4.007538085915204,20.576264581321002,0.20576264581321002,27.12037703539467,20.285442342654683,0.2063492063491887,0.004064353704923196,50.0,0.7562341713462909,0.7580164201066389,1.3889991069897418,0.3273381294963805,0.5539560579103923,68.33333333333333,20.0,4.990595116311312,0.8884150675195636,1.0616156721738164,1.2892881487607804,0.3907706253553416,0.15339018775212596,13.0,1.0,1.336937851309762,0.14417923027664376,1.7901907588302595,1.5445891884984781,1.0,0,1,0,23284.7372417,15.0,5.0,0.0,0.0,0.0
1517272,XAUUSD,BUY,8.279971174187592,55.498142496373866,0.019449129539120147,4.038428222635583,19.6979579093829,0.19697957909382902,24.990579652445437,21.16861189784348,0.15894428152491016,0.003714653299028878,58.333333333333336,0.7534031518359234,-0.7237238526269746,0.3935155413003428,0.8671171171170996,1.4931551751251406,67.5,20.0,4.952421808043794,0.921108742004286,1.2578137393801432,1.3498499580306873,0.48118214990076946,0.009206833219420474,2.0549450549452635,1.0,1.1805487574006945,0.08279970994808995,1.78379816330668,0.039619374464314315,1.0,0,1,0,23279.570574766665,15.0,5.0,0.0,0.0,0.0
388638946,XAUUSD,BUY,11.08387824443387,49.92043895773005,-0.6061331671762491,3.905077925245111,16.558760027261712,0.16558760027261712,20.921620927135596,26.1376086345179,0.26310432569970543,0.0024157566871077702,81.66666666666667,0.7344133443259048,-0.35949510495212433,0.3518355854902458,0.7232876712330385,1.9205762710943202,73.33333333333333,20.0,5.121536722918187,0.8212508884150729,0.3123036519404699,0.7662314876514706,0.20962745204695185,-0.44938109036193497,0.10174418604633793,0.0,0.8004412499720726,-0.11083878008903494,1.8118131635203223,-1.352085694850569,0.0,0,1,0,23254.771876433333,15.0,5.0,0.0,0.0,0.0
388638975,XAUUSD,BUY,45.0026197535041,63.081937603833246,0.2688076675043898,3.100231021499502,33.752098223405355,0.3375209822340535,28.586975447569586,10.842623129567514,0.12472324723249986,0.003966889790295365,50.0,0.7721328528123353,0.7536085112375488,1.2383889080753636,0.6412556053810873,1.1902338807689374,92.5,20.0,6.451132145089792,0.9782491944146215,1.5259981904941744,1.7523035339641708,1.5106988343221779,0.5424667993584804,0.5720930232554657,0.0,2.6365366082933517,0.45002618612163076,2.008365986629703,0.6354365162914266,1.0,0,1,0,23114.70512935,15.0,3.0,0.0,0.0,0.0
388638978,XAUUSD,BUY,38.21838821598564,63.85340335742337,0.1536966760718652,3.0559288056780782,34.07111893716109,0.3407111893716109,26.92987581277274,12.037263307227743,0.32565789473682466,0.0037433927798131007,55.833333333333336,0.7728131641407282,0.8302194535907554,1.266960182750612,0.18951612903239412,1.0635064514465544,94.16666666666667,20.0,6.54465508582495,0.9004854368932145,0.8866728484080868,1.3431699192155728,1.2111544158933312,0.27731535651203304,0.5594405594407507,1.0,2.2372089808315305,0.382183872352006,2.020839376903836,1.1387699849333985,1.0,0,1,0,23109.988785366666,15.0,3.0,0.0,0.0,0.0
388638982,XAUUSD,BUY,30.168945096926326,59.08995004926645,-0.14827888730751226,3.0593977967326635,34.55899695095897,0.3455899695095897,27.768215451805826,14.896669680556695,0.1087999999999659,0.0032201293768354183,65.0,0.7721927628139785,-0.5190546991056519,0.6038997534478745,0.45370370370381286,1.5395186611659857,92.5,20.0,6.537234230004135,0.9126213592233067,0.8974087112987352,1.3298715854916143,1.2090744093119772,-0.3416315651456913,289.9999999937245,1.0,1.8640551333425945,0.3016894438981217,2.019855301730722,-0.48375533302046053,1.0,0,1,0,23099.738079916668,15.0,3.0,0.0,0.0,0.0
388638984,XAUUSD,BUY,18.697080736687127,54.79243310818069,-0.3817653179025342,3.057297954108949,33.42600293565384,0.3342600293565384,25.802481234347788,17.673703814527986,0.035502958579913105,0.002963647102929014,70.0,0.7697407826996459,-0.940370830642365,0.12357351159427987,0.4587458745874677,2.008309328094204,92.5,20.0,6.5417241957462435,0.8674359696031503,0.5254490903267217,1.1582801768795385,1.0516969294093725,-0.5785587798193514,1.204081632652531,1.0,1.4599361879767196,0.18697080306633748,2.0204508290540337,-1.0434050092216924,1.0,0,1,0,23094.988720033332,15.0,3.0,0.0,0.0,0.0
388638988,XAUUSD,BUY,2.1899735670816884,52.61658856077506,-0.8346196656759641,3.257210991042918,29.12308052263625,0.2912308052263625,20.882571555493133,21.817696130898227,0.004863813229589369,0.0021899334937101433,80.83333333333333,0.7536088596410536,-0.7942624513641625,0.03489635785036447,0.900237529691195,2.08153540518076,81.66666666666667,20.0,6.140222434161765,0.6825539568345249,-1.2898295825579797,0.3477713341699164,0.4786047428566583,-2.162356568275928,0.08783783783769666,0.0,0.9571391256467315,-0.02189973515794574,1.9657439291101855,-0.9486643660780373,1.0,0,1,0,23084.62168766667,15.0,3.0,0.0,0.0,0.0
388639002,XAUUSD,BUY,23.84540500454437,56.136105378539526,-0.17907770360495978,3.590809328316767,21.86554351384504,0.2186554351384504,24.705432459484953,15.191780454596783,0.06896551724141044,0.0023714127707478443,67.5,0.6357308721222608,0.8994644683693988,0.5088086523766515,0.2882352941175495,1.3423157732129263,58.333333333333336,20.0,5.569774992585092,0.8315972222222172,1.1462475286102636,1.4085193968904157,1.0049524143463229,0.21500200412245946,1.6851851851854502,0.0,1.6262366947103164,0.23845404406873444,1.8824795842061097,1.2894029107834792,1.0,0,1,0,23044.806142016667,15.0,3.0,0.0,0.0,0.0
388639004,XAUUSD,BUY,55.95856211684097,74.78381778198835,0.8476299269575411,4.4936086620084605,24.30075912834475,0.2430075912834475,39.91800440915709,11.272521929821767,0.7017719826145153,0.004043145572014337,38.333333333333336,0.46168086954204035,0.9988558662997571,3.432321077847179,0.9377695625384973,0.06453610490201107,21.666666666666668,20.0,4.4507658553116665,0.7907986111111234,0.7054631584750778,1.1943443316616877,0.9049586421601281,0.21323660061898625,2.4693877551032153,0.0,3.541177485969261,0.5595856102369807,1.6957561227129905,4.559809618766956,1.0,0,1,0,23039.988916450002,15.0,3.0,0.0,0.0,0.0
388639006,XAUUSD,BUY,78.65940537531685,86.33245380069673,3.225824235736027,6.5883509004364065,28.183519574557046,0.2818351957455705,59.768767397086776,7.139288488947511,0.8353939841299107,0.009711803975428254,0.8333333333333334,0.5513204170138426,0.9999975032083767,5.975602199729201,0.830869308101706,0.608650034067645,0.8333333333333334,20.0,3.0356610177935752,0.9914023124814717,3.492314082610817,3.446047867942114,2.1932015987635523,1.3877795784815918,0.0663600525624311,0.0,8.371808915945502,0.7865940419968258,1.395170109319232,6.799880679857498,1.0,0,1,0,23034.738453949998,15.0,3.0,0.0,0.0,0.0
388639008,XAUUSD,BUY,80.04204220583141,87.360024095046,4.821920637214054,7.134897264690934,31.887699762505214,0.3188769976250521,55.22262878040984,6.121519623857955,0.8997029529966831,0.013466445261923582,0.8333333333333334,0.617836708315283,0.9999982307656404,5.579470456919511,0.32724719101123073,0.4695232286775579,0.8333333333333334,20.0,2.8031237532985487,0.9388159902349676,3.709219947801542,5.417537236915686,4.2989872972329675,3.4856434051133873,0.20355871886122298,0.0,9.0210639110135,0.8004204090102821,1.3358227693839524,6.862046948074853,1.0,0,1,0,23029.52165225,15.0,3.0,0.0,0.0,0.0
388639012,XAUUSD,BUY,82.65803787099082,89.55649516760307,6.37694880842066,8.008406314963167,38.71776256732231,0.3871776256732231,49.53042546867912,4.702529232894822,0.9655172413793212,0.019299522033083678,0.8333333333333334,0.6889533516082581,0.9999993675588204,5.330017304246299,0.6458576429405138,0.01997900627255953,0.8333333333333334,20.0,2.497375784072213,0.9505219505219502,2.057637392849437,3.8146064762031413,4.055991113004462,3.1604484533703285,189.5999999993197,0.0,10.532718135910585,0.8265803634686152,1.2520129112934126,7.266114843758166,1.0,0,1,0,23019.9886022,15.0,3.0,0.0,0.0,0.0
388639014,XAUUSD,BUY,86.03633223479318,91.1038609576192,7.159651659912068,8.568520149608682,42.09766040071309,0.4209766040071309,54.37325835478835,4.081192667353733,0.9686221009549891,0.022706632162517122,0.8333333333333334,0.7085041487116968,0.9999946356147873,5.603200924633483,0.6586750788643704,0.4014695583293577,0.8333333333333334,20.0,2.3341253391244443,0.9979357502257792,2.02031211169994,3.8458118613646204,4.463219803602001,2.1583303765046296,0.5483288166214426,0.0,13.32288119275757,0.8603633076294066,1.204210377840447,8.112252616127032,1.0,0,1,0,23014.938476683335,15.0,3.0,0.0,0.0,0.0
388639019,XAUUSD,BUY,84.04651340969248,84.27592234725792,7.025374947179049,10.337630746607138,50.23203016239235,0.5023203016239235,49.4541355319727,4.28677443233232,0.7790876938423824,0.029553898423438994,0.8333333333333334,0.7477820728254222,0.9989304347351468,5.0199388087238805,0.7496167603474855,0.4536822909388392,0.8333333333333334,20.0,1.9346792790566736,0.9912211592571779,1.4605924269863266,3.0680966065610873,4.2778618362478955,0.8711495533138525,0.23330940416360535,0.0,11.536441857665968,0.8404651184577195,1.0765981727117706,3.7639185374047446,1.0,0,1,0,22998.98606525,15.0,3.0,0.7199999999999999733546474089962430298328399658203125,1.1999999999999999555910790149937383830547332763671875,78.0
388639041,XAUUSD,BUY,47.54260279591973,68.46538495184723,-0.9250835375562438,9.963169974630597,58.07841988915867,0.5807841988915867,35.80090402074212,12.728677730315605,0.4317573595004286,0.011547869611403005,21.666666666666668,0.7254057860269232,0.07814233480731057,1.50517570790069,0.88650042992264,1.963230583218633,13.333333333333334,20.0,2.007393234374839,0.935451766545817,1.9439397107084155,1.4798194403318983,2.8446274229374886,0.057003152424987706,23.489361702114856,0.0,2.812617458517192,0.4754260181625742,1.1010736684443247,0.7738500918515042,1.0,0,1,0,22903.988070283332,15.0,3.0,0.7800000000000000266453525910037569701671600341796875,1.149999999999999911182158029987476766109466552734375,82.0
388639046,XAUUSD,BUY,25.645692628268783,66.25894053480619,-2.8695760770884142,7.813907264574126,44.407193162936416,0.44407193162936415,26.420425786807197,15.635016360300543,0.2605820105820239,0.006614267307191737,30.833333333333336,0.77067072512205,0.25540985212995887,1.2574293174843585,0.6280323450134513,1.4947707471464182,28.333333333333332,20.0,2.5595389505931183,0.8974903051145079,0.9724714248754912,0.9231927991047126,2.055772361389103,-0.9230038501219204,4.831683168314995,1.0,1.6898238855744598,0.25645692018462046,1.2696310282166603,0.632206120796449,1.0,0,1,0,22854.8052212,15.0,3.0,0.81999999999999995115018691649311222136020660400390625,1.100000000000000088817841970012523233890533447265625,78.0
388639048,XAUUSD,BUY,32.88785468689425,68.24606704250729,-2.527576771590649,7.8386281742473916,43.58438327179054,0.43584383271790544,28.656689218588713,14.472442914831017,0.17031539888683975,0.005070876788686589,40.833333333333336,0.7682056664497462,0.47052807651759065,1.5045956656810062,0.3897058823529838,1.0805462144290934,28.333333333333332,20.0,2.551466858155988,0.9145386697885397,1.3258054244161877,0.9378676109756701,2.0574715320298527,-0.6508544353335173,0.5922746781116534,0.0,1.9800863895020535,0.3288785392435042,1.2673607176244874,0.6697600502659469,1.0,0,1,0,22849.638095766666,15.0,3.0,0.81999999999999995115018691649311222136020660400390625,1.100000000000000088817841970012523233890533447265625,78.0
388639052,XAUUSD,BUY,30.80124647515143,68.81622786955292,-2.097617078089062,7.352235517590857,42.08589766313736,0.4208589766313736,27.480412581118745,14.53816647934801,0.28753412192907213,0.004314305680967738,53.333333333333336,0.7577276560837709,0.7694894724091939,1.4176173941051895,0.10588235294134767,1.0309789426446043,30.833333333333336,20.0,2.7202610623868453,0.9411721665325239,2.1100469784530937,0.9466651892955213,2.036769462971523,-0.30825558833753186,9.65853658536937,0.0,1.8902253409967702,0.3080124574211271,1.3137938438836703,1.3601305311934226,1.0,0,1,0,22839.855406583334,15.0,3.0,0.7199999999999999733546474089962430298328399658203125,1.0500000000000000444089209850062616169452667236328125,68.0
388639054,XAUUSD,BUY,32.89002766615591,70.58991886253737,-1.8190775622915272,7.065647266334378,41.42904980621012,0.41429049806210116,27.81619641689919,14.047285599642441,0.5341841385597104,0.0036027771567972793,67.5,0.7487727836513346,0.8596379645699606,1.677805927391567,0.7994011976047773,0.6934962665554406,33.33333333333333,20.0,2.830597006348422,0.9445379380990713,2.154553727522745,0.9275395909348887,1.9998311098506172,-0.2483706283883278,8.444444444429173,0.0,1.9801828787067832,0.3289002688050634,1.3430206673762823,1.4379432792249776,1.0,0,1,0,22834.67178176667,15.0,3.0,0.7199999999999999733546474089962430298328399658203125,1.1999999999999999555910790149937383830547332763671875,78.0
388639057,XAUUSD,BUY,30.994575089580312,72.4245893719784,-1.3825902035897624,6.837114224543453,40.4770094933255,0.40477009493325494,28.064982342548277,14.784093389566749,0.49440715883670927,0.004028173564293297,57.49999999999999,0.7270044684014112,0.7750112195646539,1.8866671836902649,0.6132511556240445,0.207689962952885,35.0,20.0,2.9252107458151317,0.9601960927782213,2.6288109684911527,0.9151955168633278,1.9539847732226883,-0.20423363379777643,7.153846153838889,0.0,1.8983227246136871,0.30994574366237426,1.367420042994251,1.5006331126031944,1.0,0,0,1,22824.83947075,15.0,3.0,0.7199999999999999733546474089962430298328399658203125,1.1999999999999999555910790149937383830547332763671875,68.0
388639061,XAUUSD,BUY,22.57721093870944,67.89115118983275,-1.3814488684603727,6.144234676137715,37.94585745099944,0.37945857450999443,26.52798724479927,16.75573089765983,0.6076099881094521,0.004895904150563083,43.333333333333336,0.6721413948783255,0.17876031301657794,1.2322366993343303,0.06060606060600215,0.721001106485095,38.333333333333336,20.0,3.2550840021904994,0.9687568276163427,1.6063328613209418,0.8744914056236132,1.8639042016676934,-0.15057747274825373,0.6425855513306197,0.0,1.5832186505982628,0.2257721041709967,1.4481145038258838,0.6168384184150938,1.0,0,0,1,22809.83873295,15.0,3.0,0.7199999999999999733546474089962430298328399658203125,1.1999999999999999555910790149937383830547332763671875,68.0
388639063,XAUUSD,BUY,13.060877853762623,61.42174104672303,-1.7108990503221708,6.070360770699349,36.16835890833967,0.3616835890833967,24.932906538708497,19.172370214860845,0.2222829055161017,0.004495685882491337,51.66666666666667,0.6675879649359252,-0.3428353479052342,0.5590934485973118,0.7514677103717629,1.359062551903244,39.166666666666664,20.0,3.294697095523016,0.967737236909188,1.3780936843552536,0.8527700878563734,1.8238312554058862,-0.2819903400007098,15.500000000015916,1.0,1.30046024350825,0.13060877557633033,1.4573810280418902,-0.4464314564433746,1.0,0,0,1,22804.672071566667,15.0,3.0,0.7199999999999999733546474089962430298328399658203125,1.25,68.0
388639065,XAUUSD,BUY,13.309947531779445,65.51631543768505,-1.6385721418636567,6.0053350013636715,34.535615238585365,0.34535615238585365,23.52161620016733,17.995685171047842,0.27049180327868205,0.004600119747443322,47.5,0.7014828580529447,-0.28638326555817456,1.177239585255893,0.8546511627906935,0.637766252695349,40.0,20.0,3.330372076738178,0.9399169761852739,0.6726588408517238,0.7591705529754367,1.7162567427843936,-0.498619021077633,0.3307291666667678,0.0,1.307069704183318,0.1330994721119148,1.4656534682852584,0.37466685863304505,1.0,0,0,1,22798.98815985,15.0,3.0,0.7199999999999999733546474089962430298328399658203125,1.100000000000000088817841970012523233890533447265625,68.0
388639067,XAUUSD,BUY,14.418911381106563,65.34732723567595,-1.6029318360603906,5.8699539298376715,33.09870782019402,0.33098707820194023,22.856317201764643,17.095674869956458,0.24752475247526443,0.0047255319425997065,44.166666666666664,0.7157281751167273,-0.3668843642614302,1.0742734077326301,0.04622871046219342,0.6695112171192223,40.833333333333336,20.0,3.4071817665105733,0.9721069113684369,1.3692322733694708,0.838549736524052,1.7661493485708895,-0.5082215439507626,0.17006802721088995,0.0,1.3369648193863923,0.14418911020200628,1.4832354299629136,-0.31857149516872,1.0,0,0,1,22794.989728216668,15.0,3.0,0.7199999999999999733546474089962430298328399658203125,1.1999999999999999555910790149937383830547332763671875,68.0
388639069,XAUUSD,BUY,15.114984014683136,64.75375916815946,-1.6031789625694604,5.6428143634206664,31.81415611980039,0.3181415611980039,22.394497330090573,16.513551907416357,0.20776495278070992,0.004693586531545845,46.666666666666664,0.7273483093953182,0.005316481392759729,0.9581741232952956,0.13754646840146686,0.7549424322045042,41.66666666666667,20.0,3.544330667627355,0.9713786322918987,1.1887974666640675,0.8257398583722875,1.7304226765553012,-0.5232827439216862,20.631578947412258,0.0,1.3561283544277767,0.15114983626203532,1.513880448935701,-0.4589908214576071,1.0,0,0,1,22789.989622750003,15.0,3.0,0.7199999999999999733546474089962430298328399658203125,1.149999999999999911182158029987476766109466552734375,68.0
388639071,XAUUSD,BUY,16.230284940158977,63.90137347867753,-1.6299108321298164,5.474041908890601,30.70102246411172,0.3070102246411172,21.931872978484883,15.806781778795427,0.04931669637551579,0.004404951935956304,55.00000000000001,0.7478280749396744,-0.05110276258737405,0.819270789853695,0.137195121951452,0.8604245415714383,42.5,20.0,3.653607395207778,0.9689753113393101,1.0261118779489085,0.8135094407685027,1.6913504235218375,-0.4295946951320761,6.270270270271333,0.0,1.3874975879282772,0.16230284510088416,1.5376427027501167,-0.07672575529937663,1.0,0,0,1,22784.85598235,15.0,3.0,0.7199999999999999733546474089962430298328399658203125,1.1999999999999999555910790149937383830547332763671875,68.0
388639075,XAUUSD,BUY,15.269241546980945,61.199313979374665,-1.7218522618832006,5.112464707155687,28.832644746111416,0.2883264474611142,21.506523015359942,15.808762010774988,0.29160530191460404,0.004106384412427434,62.5,0.7525133529971719,-0.40377921475775047,0.48827125370016744,0.5853658536583959,1.1775142411396218,44.166666666666664,20.0,3.912007445646891,0.9648241206030155,0.8271411643200794,0.7972925910177872,1.618228892098866,-0.5578195565418227,60.833333332921534,1.0,1.3604178265371842,0.15269241137785597,1.5916827066512844,0.4361888301897209,1.0,0,0,1,22774.48763576667,15.0,3.0,0.7199999999999999733546474089962430298328399658203125,1.100000000000000088817841970012523233890533447265625,68.0
388639081,XAUUSD,BUY,8.257344290282823,57.383506678662656,-1.6976247418280055,5.200639563272994,26.512054766725832,0.26512054766725834,21.403869335077303,18.13870299643058,0.12506948304613827,0.002346530993743192,85.0,0.7547833761846692,-0.36152018402816627,0.19260447165066744,0.10099009900976048,1.2844574054263742,45.0,20.0,3.8456808545703383,0.9532304002398457,0.46733778078297045,0.7923099279476077,1.5070893527410254,-0.5671763901264396,0.597826086956425,1.0,1.180010950026488,0.08257344081461203,1.5780877627287988,-0.46532738340302493,1.0,0,0,1,22759.9892056,15.0,8.0,0.7199999999999999733546474089962430298328399658203125,1.149999999999999911182158029987476766109466552734375,68.0
388639083,XAUUSD,BUY,1.1092900456827073,51.48083741466294,-1.9249440840082555,5.2341653087535,24.69757157236561,0.24697571572365612,19.747718531775522,19.314406269720372,0.10159817351596995,0.0021087101859523457,98.33333333333333,0.7533735700837473,-0.7583512108705585,0.4059258016620875,0.553791887125271,1.916255870487277,44.166666666666664,20.0,3.821048595189084,0.9499325438465044,0.37997520243417304,0.8030824910634493,1.4738254429288318,-0.5484573186354079,8.901960784327503,1.0,1.022434613498829,0.011092900172846101,1.5729914552708548,-1.0163989263202409,0.0,0,0,1,22754.80519805,15.0,8.0,0.7199999999999999733546474089962430298328399658203125,1.1999999999999999555910790149937383830547332763671875,78.0
388639085,XAUUSD,BUY,5.154570023327937,49.130960546932826,-2.1091969935445807,4.936550699894654,21.73711401352171,0.21737114013521708,18.053915054839536,20.01626936897515,0.5131034482758972,0.0023869607053108102,79.16666666666666,0.7488616885150077,-0.944601800970216,0.5993105972410713,0.4023323615160327,2.3032276363013,49.166666666666664,20.0,4.051411849254744,0.9243518588915088,-0.7577418601844308,0.783016433504629,1.36979430660127,-0.7595555007655456,16.933333333380222,1.0,0.901961990023015,-0.05154569887931433,1.6196677783235598,-1.0837526696757178,0.0,0,0,1,22743.98856786667,15.0,8.0,0.61999999999999999555910790149937383830547332763671875,1.149999999999999911182158029987476766109466552734375,58.0
388639088,XAUUSD,BUY,8.808925348425648,50.000655330670355,-1.9910394779576435,4.823505450419305,20.154399690455254,0.20154399690455255,16.923892215064118,20.19353902418258,0.43723554301834194,0.0027609360382978435,74.16666666666667,0.7465717436808635,-0.7044752015542307,0.4199147320842408,0.07440476190476915,2.261840504202489,50.83333333333333,20.0,4.146362060866212,0.9044269045984946,-0.8529560957014991,0.8809832046764349,1.3075292378329504,-0.6612545536084775,29.81250000002416,1.0,0.8380844663588985,-0.0880892511109982,1.6382900691121602,-0.9681755412122758,0.0,0,0,1,22734.989605666666,15.0,8.0,0.61999999999999999555910790149937383830547332763671875,1.1999999999999999555910790149937383830547332763671875,68.0
388639090,XAUUSD,BUY,20.756516391504334,48.78736685363232,-0.8762276180351827,5.135190075791687,17.50013607558358,0.1750013607558358,22.44000628806668,14.725700306704576,0.06741050674103868,0.003057060584305697,67.5,0.7359894860468214,-0.07385820227435116,0.35283713412211365,0.20665083135389153,2.1596084733612146,48.333333333333336,20.0,3.894695172878605,0.8206231709416386,-0.2933550989985263,1.2234963432015264,1.1927894522524738,-0.0010622619724564096,0.5362962962962802,0.0,1.5238667293794559,0.20756515833018632,1.5881520008827672,-0.14020902622367937,0.0,0,0,1,22699.988964350003,15.0,8.0,0.7199999999999999733546474089962430298328399658203125,1.1999999999999999555910790149937383830547332763671875,68.0
388639092,XAUUSD,BUY,4.827966449502882,44.19904362506688,-1.0537115449137864,5.174819356092253,16.594981102292103,0.16594981102292103,20.67757574297542,18.772919088355877,0.13646147223417496,0.0031573409958668554,64.16666666666667,0.7374831118531919,-0.2854729298244982,0.8657843442631938,0.5413005272407986,2.7498544433725334,47.5,20.0,3.864869210642926,0.8007689619014371,-0.5278796256589908,1.1518988045513596,1.159389598376166,0.022282054969544905,3.8390804597707637,0.0,1.1014576126492397,0.04827966327122508,1.5820398315444106,-0.6802169810732394,0.0,0,0,1,22694.906091233333,15.0,8.0,0.61999999999999999555910790149937383830547332763671875,1.149999999999999911182158029987476766109466552734375,68.0
388639094,XAUUSD,BUY,0.0766672684653262,39.80772340083562,-1.3403061100067288,5.092332259228487,15.415101542733048,0.15415101542733048,19.51162311550004,19.481727978333303,0.2581377744133371,0.003496339372539724,60.0,0.734643595080435,-0.78831980160626,1.4036535383358295,0.8432835820897329,3.4659953635222154,50.83333333333333,20.0,3.9274734997417657,0.7458930443900711,-1.263987773480584,0.9039796671964142,1.0909860695043208,-0.35909912816368184,0.8474025974025111,0.0,1.0015344704363756,0.0007666726649916367,1.5948263819971493,-0.9700859544363162,0.0,0,0,1,22689.722097283335,15.0,8.0,0.7199999999999999733546474089962430298328399658203125,1.1999999999999999555910790149937383830547332763671875,68.0
388639126,XAUUSD,BUY,31.63767428121132,66.64394644168131,-0.030380555490757466,4.614734919370249,39.08469655998379,0.3908469655998379,26.264528978224213,13.63974481214456,0.5319148936169964,0.005451296737345045,48.333333333333336,0.7228120643889239,0.3297085534066448,1.3372478480637742,0.07715133531161915,1.4063646370581653,80.83333333333333,25.0,5.417429264476937,0.8881081081081075,1.1458551239551062,1.93345562987274,1.1356341213172443,0.019693855749956028,3.747572815532935,0.0,1.9255878621168143,0.316376734883721,1.8590176114159984,0.29470815198747435,1.0,0,0,1,22464.838895983336,15.0,8.0,0.81999999999999995115018691649311222136020660400390625,1.1999999999999999555910790149937383830547332763671875,78.0
388639128,XAUUSD,BUY,23.584291403242656,64.23996375086026,-0.30688691608038976,4.494396710843823,37.97752476307371,0.3797752476307371,25.041497042853734,15.483875168321456,0.21579305650101857,0.005409377647176817,50.0,0.7324126062587306,-0.21461292679983116,1.034937805686856,0.28327645051189243,1.6731945317278516,85.0,25.0,5.562481820904112,0.883063063063067,1.002917516551117,1.8031481089068397,1.1175563436365954,-0.7961098439270452,11.961538461530658,1.0,1.6172628074930144,0.23584290821279075,1.8813688577659604,0.12237460005993094,1.0,0,0,1,22459.70449535,15.0,8.0,0.81999999999999995115018691649311222136020660400390625,1.25,78.0
388639130,XAUUSD,BUY,23.584291403242666,64.25344568725507,-0.5204825724356539,4.3005112314978176,36.949436665942926,0.36949436665942925,24.301155416062198,15.026100726500548,0.10070257611247004,0.005075139594262486,52.5,0.7468966234272402,-0.7066958668135624,0.9806918245268528,0.039325842696982284,1.746304007996664,88.33333333333333,25.0,5.813262343531375,0.864504504504513,0.7617171761948214,1.631182501564751,1.0892447813296875,-1.5377848021224192,2.530120481928371,1.0,1.617262804310971,0.235842908035494,1.9188710573662504,-0.22555457892886505,1.0,0,0,1,22454.520951466668,15.0,8.0,0.7800000000000000266453525910037569701671600341796875,1.1999999999999999555910790149937383830547332763671875,82.0
388639132,XAUUSD,BUY,25.15028823337231,66.12399884373312,-0.5961098496851376,4.15547471496229,36.10664034933074,0.3610664034933074,24.143641646826065,14.439795894771178,0.0034843205574879767,0.0047873297297471515,55.833333333333336,0.7585411642372073,-0.37524773459790495,1.214371002607446,0.5638766519821582,1.4799753149395463,89.16666666666667,25.0,6.01615981682778,0.8646846846846972,0.7360229860425832,1.5507338505428672,1.0768335287846447,-1.8829317895203375,24.428571428343126,1.0,1.6720208617040013,0.25150287581530767,1.9482160337197652,-0.5847707341957302,1.0,0,0,1,22449.988843983334,15.0,8.0,0.7199999999999999733546474089962430298328399658203125,1.100000000000000088817841970012523233890533447265625,78.0
388639134,XAUUSD,BUY,25.614235126743218,64.72928284499324,-0.6999152660105121,4.002226521036428,35.35718283343164,0.3535718283343164,23.509553176260827,13.921798696462798,0.11500974658862104,0.0046815683134853,60.0,0.7699352796701641,-0.11442103005259302,1.0232336743466544,0.26865671641786315,1.666572335409139,90.0,25.0,6.2465229962860604,0.8891891891891958,0.9334610220459936,1.5710330962870391,1.0841457255082272,-1.840789629172428,0.7734375000006939,0.0,1.6886863544110646,0.2561423444244428,1.9805217671089266,-0.5396995868793065,1.0,0,0,1,22444.905332033333,15.0,8.0,0.81999999999999995115018691649311222136020660400390625,1.100000000000000088817841970012523233890533447265625,78.0
388639136,XAUUSD,BUY,16.74246948313919,59.98643046664275,-0.8966700804081418,4.001353198105239,34.02756045126789,0.3402756045126789,21.8350639913504,15.57216936258166,0.034599156118130116,0.00452023408117442,63.33333333333333,0.7793071799746837,-0.4598435338046988,0.5167185994030868,0.4736842105261958,2.1192830475487887,90.83333333333333,20.0,4.9983090744077785,0.8798198198198185,0.774560452044072,1.4628447631949208,1.0643915023594044,-1.5879368209080122,2.7222222222228774,0.0,1.4021850187188958,0.16742469035566154,1.7914776085770365,-0.5673080799451646,1.0,0,0,1,22439.989469766668,15.0,8.0,0.81999999999999995115018691649311222136020660400390625,1.1999999999999999555910790149937383830547332763671875,78.0
388639138,XAUUSD,BUY,14.04638482286222,57.36070856298268,-1.0908244473034525,3.889113683954821,32.600333620667485,0.3260033362066748,20.860563486116437,15.722031426501328,0.2629727352682121,0.0043087400608253015,70.0,0.7779264561285645,-0.47506964222595105,0.2367279338435227,0.4279835390947442,2.4504297828364674,91.66666666666666,20.0,5.142559880034696,0.8472072072072151,0.40498008959856446,1.2700847585105697,1.026751615786686,-1.525802587757068,1.1111111111116458,0.0,1.3268363097224958,0.14046384438898635,1.815241573845078,-0.7816691017652645,1.0,0,0,1,22434.838757033333,15.0,8.0,0.7800000000000000266453525910037569701671600341796875,1.1999999999999999555910790149937383830547332763671875,72.0
388639140,XAUUSD,BUY,14.046384822862215,58.44280340768966,-1.16666200975631,3.727748420815134,31.275051563681394,0.31275051563681394,20.20902659797223,15.230986041378078,0.5728368017525094,0.003905326724765595,76.66666666666667,0.7772235999291125,-0.36805294962285995,0.3642256712952888,0.3926380368102096,2.400913095428997,92.5,20.0,5.365168928333063,0.8282882882882929,0.18916943894244936,1.1435800187675471,1.0004610037653776,-1.6336447907273024,1.3365384615379485,0.0,1.3268363070016602,0.1404638442651968,1.8508407718509106,-0.3836095783758921,1.0,0,0,1,22429.672045933334,15.0,8.0,0.7199999999999999733546474089962430298328399658203125,1.1999999999999999555910790149937383830547332763671875,78.0
388639142,XAUUSD,BUY,21.870900259462967,60.38419806296818,-1.1323501769552102,3.7043378193283125,30.603326470522937,0.30603326470522935,22.2006937152944,14.232439490465392,0.36247334754802835,0.003524427319621792,78.33333333333333,0.7746868906855341,-0.442177027753836,0.5856337696992743,0.3205882352941947,2.13533440679396,93.33333333333333,20.0,5.399075617683943,0.838738738738742,0.3077632647712966,1.1367818281164148,0.9981947858948512,-1.4950246295531715,1.5468749999974465,0.0,1.5598655571521347,0.21870899659160506,1.8561535451970412,-0.10798151235382618,1.0,0,0,1,22424.487701116665,15.0,8.0,0.81999999999999995115018691649311222136020660400390625,1.1999999999999999555910790149937383830547332763671875,78.0
388639144,XAUUSD,BUY,24.329298060335883,60.51789371518696,-1.090119798928546,3.654027975090576,30.155181584081003,0.30155181584081003,22.01299319858715,13.397796602388713,0.21032258064520004,0.002433237600585236,90.83333333333333,0.7703640861908648,-0.309607941392332,0.5544868683745452,0.05333333333328483,2.1455774431518435,94.16666666666667,20.0,5.473411844775009,0.8574774774774802,0.5448303842572749,1.161460981198825,1.0030694023961446,-1.1224556199264686,2.1192660550451214,0.0,1.6430307317571675,0.24329297373277012,1.8677033025625618,-0.4625033008836276,1.0,0,0,1,22419.989236633333,15.0,8.0,0.81999999999999995115018691649311222136020660400390625,1.1999999999999999555910790149937383830547332763671875,78.0
388639146,XAUUSD,BUY,8.97517281787494,58.046590447526064,-1.0994531336282467,3.6537402625841455,28.642323815066288,0.2864232381506629,20.442246132361674,17.075007759083555,0.26176115802175154,0.001467419798184616,100.0,0.7628519106118671,-0.049222811711841494,0.2986645960087584,0.21917808219179788,2.370173952615608,95.0,20.0,5.4738428466874085,0.8587387387387361,0.7369362323070495,1.1193306049583163,0.9944021433523508,-0.7787629102308572,17.750000000017053,0.0,1.1972026732628653,0.08975172578647074,1.8677698806785916,-0.5446473632453375,1.0,0,0,1,22414.904987666665,15.0,8.0,0.7800000000000000266453525910037569701671600341796875,1.1999999999999999555910790149937383830547332763671875,82.0
388639148,XAUUSD,BUY,24.273335158080886,62.49215990132802,-0.9447429382271499,3.847758815256699,28.33025319671019,0.28330253196710187,24.707862693092608,15.055876908267848,0.11298838437167719,0.0013079956522116184,100.0,0.7539194982637268,0.6646019662065692,0.7762541575503782,0.3485086342229659,1.6763004932702659,92.5,20.0,5.197830986884692,0.8439639639639666,0.6580776108686602,1.0215649020526683,0.9733370312753934,-0.6281725907487529,3.5624999999996447,0.0,1.6410775142859275,0.2427333454764196,1.824199390017419,0.52757984516873,1.0,0,0,1,22409.989329033335,12.0,8.0,0.7800000000000000266453525910037569701671600341796875,1.1999999999999999555910790149937383830547332763671875,82.0
388639150,XAUUSD,BUY,24.273335158080886,63.92643461365695,-0.7850677759393987,3.7600617570240695,28.0404733368081,0.28040473336808097,23.47812224810104,14.306527561507572,0.17888563049853426,0.0012961502820016942,100.0,0.7459018961605246,0.70152445222294,0.9039863778700398,0.2633587786261596,1.51061348643775,93.33333333333333,20.0,5.319061571964488,0.8837837837837871,2.020669037601794,1.1278948470328207,0.9958391036202877,-0.4482957672849405,1.869369369368991,0.0,1.6410775085767557,0.24273334515668304,1.8435707116850535,1.0239193526032606,1.0,0,0,1,22404.821839683333,12.0,5.0,0.7800000000000000266453525910037569701671600341796875,1.1999999999999999555910790149937383830547332763671875,82.0
388639152,XAUUSD,BUY,14.024975812708758,56.467151707790094,-0.8356310069565462,3.6743430600937423,27.039366370801005,0.27039366370801005,22.30971138288692,16.82156003177515,0.17636684303350744,0.0012985447799558484,99.16666666666667,0.7342620183004296,-0.06522161217555983,0.2287658380467168,0.9726562500001082,2.218083577582902,95.83333333333334,20.0,5.443149883639267,0.8976576576576688,2.3204714219286022,1.1354395722759851,0.9970630023095721,-0.28359097637067454,2.7971014492724016,0.0,1.3262568997458029,0.1402497545430038,1.8630175329061438,0.21772599534562018,1.0,0,0,1,22399.588358983332,12.0,5.0,0.7800000000000000266453525910037569701671600341796875,1.1999999999999999555910790149937383830547332763671875,82.0
388639158,XAUUSD,BUY,7.253959080099299,51.00771739903961,-0.9516059802987802,3.615485314513826,23.0786895782034,0.23078689578203399,18.153192053168286,20.99282835506915,0.034852546916920586,0.0014121906331352714,95.83333333333334,0.6794479554886005,-0.7438411465282059,0.27671587772387835,0.4617940199336301,2.743753365607022,99.16666666666667,20.0,5.531760817756052,0.8457657657657749,0.17172486624601266,0.8478853521651956,0.9292845122266427,-0.4383163329591939,3.989795918368976,0.0,0.8647329879230797,-0.07253958894794156,1.876676557437808,-0.34850093151869166,0.0,0,0,1,22384.989300633333,12.0,5.0,0.7800000000000000266453525910037569701671600341796875,1.1999999999999999555910790149937383830547332763671875,82.0
388639168,XAUUSD,BUY,9.57909026776122,47.35916765426461,-1.0939317324126034,3.6776353107570126,19.536006754472183,0.19536006754472182,24.509037729239232,20.224017946529464,0.32753623188410685,0.002631537822942824,85.0,0.7209132324394919,0.22197261035734173,0.36874172899737967,0.36448598130838145,2.3901227982800206,90.0,20.0,5.4382771291923335,0.7156756756756802,-1.527274459812535,0.2666550610316262,0.7795804265778022,-0.5702716989940323,0.6694915254235329,0.0,1.2118777080875458,0.0957909005362226,1.8622609778017287,0.04622535559815462,0.0,1,0,0,22349.604256450002,12.0,5.0,0.0,0.0,0.0
388639170,XAUUSD,BUY,9.579090267761224,47.685755978088594,-0.8867824125677009,3.7206613599886365,18.82479843399283,0.1882479843399283,22.49521216491502,18.56227810982079,0.3889310083396713,0.002584397545004912,85.0,0.7334322538597109,0.1677478171693315,0.3005847384792701,0.0350467289718797,2.3302308813255053,88.33333333333333,20.0,5.375388422896161,0.7717117117117104,-0.4562864142771945,0.4977941344253194,0.819699910237504,-0.44737532521529966,1.7435897435899679,0.0,1.211877702723122,0.09579090034452029,1.8524450182701395,0.2553309500875187,0.0,1,0,0,22343.988172183334,12.0,5.0,0.0,0.0,0.0
388639176,XAUUSD,BUY,3.2180779395825074,41.395938849848505,-0.5281811373161053,4.255897597629451,16.862817203996695,0.16862817203996694,23.21084156050003,21.76353119247106,0.17129071170080845,0.002743590280716954,80.83333333333333,0.7493731932446739,0.023493003215456516,0.940247674840878,0.7528373266077082,2.7726231022503716,80.0,20.0,4.699361190255157,0.8250450450450444,0.5347268167799061,0.7351069504461109,0.8469752831510124,0.1825391326974054,3.4936708860763868,0.0,1.0665015841743581,0.03218077868028917,1.7403540966749214,-0.26786358784440717,0.0,1,0,0,22329.972803733333,12.0,5.0,0.0,0.0,0.0
388639200,XAUUSD,SELL,18.3742321292922,46.06914368593551,-0.3310605622674565,6.040209229845325,28.309527452858518,0.2830952745285852,17.30374752226908,25.09400988609632,0.11637487126674613,0.006693022930250865,20.0,0.7595000626110702,0.3750051677954896,0.2061600984247504,0.8083416087388111,2.5545472702763488,15.0,20.0,3.311143577804862,0.11991633743899338,-1.192015354883263,-1.4715823656086526,0.3504543510193626,-0.6634255580477866,0.2982456140352487,0.0,0.6895568668082653,-0.18374231695914756,1.4612032001987685,-0.12251231237874376,0.0,1,0,0,22229.955540916664,12.0,5.0,0.0,0.0,0.0
388639323,XAUUSD,SELL,59.28613190456297,53.898103288732464,0.011637161270455554,21.268502783035665,24.27838900952093,0.2427838900952093,2.60537523010661,10.193090511342334,0.08731241473394806,0.002745720689464329,56.666666666666664,0.7086427287296936,-0.08999168693567738,0.04604165716079445,0.9696376101860753,0.2167524459539128,0.8333333333333334,20.0,0.9403576830971169,0.9168152109328447,0.47586174126409664,0.7226125903893055,1.0280835283597882,-0.44593744054620216,0.21657201858545108,0.0,0.2556020641242636,-0.5928612727227903,0.6628723288111464,-0.0662952166583399,1.0,0,1,0,21619.889154333334,12.0,15.0,0.0,0.0,0.0
388639325,XAUUSD,SELL,59.286131904562964,54.29940571535808,-0.07124914301954388,22.24860972710453,26.778942073452505,0.26778942073452505,2.3127017924029287,9.048055122080084,0.2420091324200907,0.002727208262233704,62.5,0.7173742600434011,-0.1405462295508455,0.047548193386855425,0.975993140897421,0.1986640987555899,0.8333333333333334,20.0,0.8989325735546907,0.908694791047722,0.31737281708063214,0.6212527479227374,0.9882873987834413,-0.8194680615581864,0.0313131313131492,0.0,0.25560206095088356,-0.5928612668606149,0.64129192490947,-0.07775766761246113,1.0,0,1,0,21614.738638533334,12.0,15.0,0.0,0.0,0.0
388639327,XAUUSD,SELL,59.739475675712605,50.83800662887037,-0.2216727941777672,23.180851889454217,29.133265902185368,0.2913326590218537,2.061144498289346,8.177890054203797,0.2594059405940159,0.0025508444426071545,79.16666666666666,0.7185060485816859,-0.15099781030436638,0.01257248104355156,0.803682719546735,0.2502065078392915,0.8333333333333334,20.0,0.8627810615147712,0.9124579124579122,0.34517376431816216,0.6398924345965451,0.9998215493895766,-0.6034745010638688,0.024597364568059228,0.0,0.2520386349766578,-0.5973946984122992,0.6220705653977728,-0.1954199104330847,0.0,0,1,0,21609.554957366665,12.0,15.0,0.0,0.0,0.0
388639335,XAUUSD,SELL,70.4668641762231,35.75060685922044,-1.374564804090369,27.18030275964962,39.43319710200775,0.39433197102007755,1.3069073729645764,7.543540346253879,0.8247890979882807,0.003498238948855116,30.833333333333336,0.7127886967342641,-0.33724217614737206,0.21916801011250606,0.7721722365038506,0.5143430565738366,0.8333333333333334,20.0,0.7358269765004567,0.7233115468409573,-1.8611311786930909,-1.2883352859961674,0.1217998590993223,-2.7388018376989334,0.2661934338952672,0.0,0.1732485198896121,-0.7046685621426926,0.5514839433564983,-0.34473493849045994,0.0,0,1,0,21589.9221961,12.0,15.0,0.0,0.0,0.0
388639337,XAUUSD,SELL,70.46686417622308,44.1359180203952,-1.1640917103199173,27.176709705388944,41.64988760730885,0.4164988760730885,1.2137172916336532,7.005642134848232,0.4840909090908472,0.003569089537635119,30.0,0.7286489835698395,-0.18138001806585793,0.09212020338212305,0.8724659049023213,0.39703113868344353,1.6666666666666667,20.0,0.7359242607663482,0.7231134878193646,-1.5155121788221393,-1.3046306233435023,0.11936105556676549,-2.0368308832597295,0.29504785684561885,0.0,0.17324851812623007,-0.7046685560294482,0.5515399866955905,-0.23439187705407788,0.0,0,1,0,21584.738654866665,12.0,15.0,0.0,0.0,0.0
388639341,XAUUSD,BUY,65.5354279187095,48.34516893634905,-0.6359005000695296,25.640845926654315,46.80446379702964,0.4680446379702964,1.237771160734546,5.945089881700883,0.27201346045982794,0.0038609057217020805,23.333333333333332,0.7387043689707019,0.17427093457090617,0.017851189828354482,0.9476646032639614,0.36894258586711154,5.833333333333333,20.0,0.7800054669494928,0.7510398098633304,-0.8381671094919397,-1.136663053398794,0.23492738247182,-0.2925889726749378,0.1845310596833521,0.0,0.2082005448469143,-0.6553541879484948,0.576616435619217,0.1345509430488159,0.0,0,1,0,21569.821995816666,12.0,15.0,0.0,0.0,0.0
388639343,XAUUSD,BUY,50.96980973216787,46.80995406088257,-0.45935809476069756,25.305071217607615,47.101988506682375,0.47101988506682374,1.8166530720509728,5.593691705839264,0.31447225244830046,0.0039060502787300975,22.5,0.7430429476279493,0.14839902431427152,0.04282347457484333,0.5931232091690435,0.40308126036426356,6.666666666666667,20.0,0.7903554124788919,0.8126361655773439,-0.10552346267087921,-0.23966701758777503,0.5074340068747911,-0.09472832550044662,0.05522565320661363,0.0,0.32476812145124917,-0.5096980285397199,0.5824141546008177,0.14898199525225242,0.0,0,1,0,21564.989676133333,12.0,15.0,0.0,0.0,0.0
388639368,XAUUSD,BUY,8.638935581428312,46.87038345811522,0.3343933356223996,112.69084848205443,53.89522987486764,0.5389522987486763,2.8171279239523237,2.369093588390822,0.27792915531334106,0.005288787650862513,3.3333333333333335,0.7393957038789879,-0.043760588162826734,0.015898801542340156,0.4350327633051044,0.4245242683359374,1.6666666666666667,20.0,0.17747670080933786,0.8675132900177185,0.522731704665335,0.6319390590248263,0.7429294763162554,0.09240091057731142,9.303198031980221,0.0,1.189115849471347,0.08638933915681121,0.16337375971423135,-0.056171375806154784,0.0,0,1,0,21449.704765833332,12.0,15.0,0.0,0.0,0.0
388639379,XAUUSD,BUY,6.628126510983639,51.17951541441087,-0.5126995882701376,95.9354374586717,37.466347382632364,0.37466347382632365,2.338365250030304,2.047654323875333,0.12996031746030712,0.003338829990069155,58.333333333333336,0.7313160933694962,0.00667200527400215,0.007981434748452369,0.6643323996265088,0.5332753084285379,10.833333333333334,20.0,0.20847353730591844,0.7065979381443295,-1.0739691083003207,-1.137492651873183,-0.273191381774438,-0.6767621213303682,0.48143851508120244,0.0,1.1419720998770349,0.06628124999789974,0.1893580237813308,0.01104909747721785,1.0,0,1,0,21419.722410566665,12.0,15.0,0.0,0.0,0.0
388639381,XAUUSD,BUY,6.628126510983641,51.80097348353365,-0.28996138613728106,92.79219192590939,35.26361732037174,0.35263617320371743,2.2448911695425298,1.9658011552659458,0.15225088517957266,0.0027544342366624622,70.83333333333334,0.7340387851164544,0.024039503557242794,0.010683547837268737,0.6516464471403919,0.5477831587444935,12.5,20.0,0.21553537625201424,0.7362886597938152,0.20429243747067968,-0.027975654065089665,0.36601576792399054,-0.44292707929182495,0.5052705551651633,0.0,1.1419720766553068,0.06628124936866032,0.19518461863025166,0.010453465748225435,1.0,0,1,0,21414.989305083334,12.0,15.0,0.0,0.0,0.0
388639383,XAUUSD,BUY,6.628126510983642,53.7233667828108,-0.07096748975963216,89.14274964548729,33.21822511970117,0.33218225119701167,2.1698814943368228,1.9001168547635072,0.04236855538539669,0.0027183453327336926,79.16666666666666,0.7202780532638382,0.04510598274466647,0.020211374055555592,0.658513189448445,0.5589910587026916,14.166666666666666,20.0,0.22435924491378384,0.7379896907216499,0.3205814536004813,0.03442328660658107,0.4066343151172137,-0.09028437778753509,0.5345744680850815,0.0,1.1419720565737703,0.0662812488245107,0.20241764177377145,0.036234018053581396,1.0,0,1,0,21409.856165816665,12.0,15.0,0.0,0.0,0.0
388639385,XAUUSD,BUY,10.005399064106918,49.96746661440279,-0.04113729984367802,85.72183895652391,31.56016611573015,0.31560166115730154,2.2427853935928246,1.8348060931410501,0.22855675398047046,0.002731789761146692,75.0,0.7108290151962149,0.04340487618214139,0.0005456473008619985,0.5364848484848511,0.6017136429627937,15.0,20.0,0.2333127735412154,0.7431443298969076,0.5903492534930691,0.21969394363526312,0.528501464276925,0.5507531510237245,0.5185724690458763,0.0,1.2223548742409462,0.10005396610355323,0.20970386074140415,0.026480999796933042,1.0,0,1,0,21404.672171583334,12.0,15.0,0.0,0.0,0.0
388639387,XAUUSD,BUY,10.340831520675566,53.15199855175723,0.08117157646452557,82.48742188820074,30.044499358940538,0.30044499358940535,2.1789676626762486,1.770554255269341,0.1390977443609179,0.0027006643467576814,82.5,0.7003172901053386,0.08382388527749195,0.017843242153626565,0.7232937685460012,0.6061530213390286,16.666666666666664,20.0,0.24246120853561146,0.7341237113402066,0.015250775027748506,-0.11373584117067471,0.3283964858577438,0.4930848440622578,0.8639855399909533,0.0,1.230669111393973,0.10340828902427301,0.21709425800679924,0.06425222026193923,1.0,0,1,0,21399.989412066665,12.0,15.0,0.0,0.0,0.0
388639389,XAUUSD,BUY,15.451417347630972,53.08291149344285,0.15210122320397534,79.78832032475783,29.002136358132713,0.29002136358132713,2.3209506217581857,1.6997026973252303,0.11368015414261205,0.0026338126101228157,84.16666666666667,0.6844066763074701,0.014165090792385135,0.01634981978548113,0.6293064876957545,0.6270341297619187,18.333333333333332,20.0,0.25066325395239736,0.7422680412371134,0.4854400227434862,0.18504198042939832,0.5259373497088595,0.5489874316799536,0.3825641025640889,0.0,1.3655030729241762,0.15451413504620326,0.2236740137560454,0.086353490986605,1.0,0,1,0,21394.98977025,12.0,15.0,0.0,0.0,0.0
388639391,XAUUSD,BUY,71.54777574404825,56.36114408005822,0.2914234141504302,86.43844030156087,32.041110599983824,0.32041110599983824,1.9893610852412547,11.994509330971368,0.2914572864321967,0.0026116484513609545,85.0,0.6642706867114833,0.027888844839100466,0.030506692070279878,0.16837295390132234,0.5601674420671577,15.0,20.0,0.23137853864814412,0.7421134020618569,0.4411894498045808,0.1733632095084634,0.5309971618588472,0.43240456500986735,0.5890508354070261,0.0,0.16585596496627866,-0.7154777062759847,0.20813430492677654,0.03169885979479322,1.0,0,0,1,21389.872369766665,12.0,15.0,0.0,0.0,0.0
388639393,XAUUSD,BUY,71.54777574404825,59.32667077065539,0.46245413125112744,92.35355170859224,34.86301525313129,0.34863015253131285,1.7289492861991451,10.424401331635073,0.4188136608748268,0.0026076747399502104,86.66666666666667,0.6422790182249005,0.03216918640768221,0.04111635344087672,0.15084194977843277,0.5073979195500717,13.333333333333334,20.0,0.21655907791296428,0.7504123711340203,0.8993899283497108,0.472372741938844,0.7470911589822257,0.7509416806012849,4.939196152524984,0.0,0.16585596288357748,-0.715477698569664,0.19602644590357385,0.04298697696572616,1.0,0,0,1,21384.989545350003,12.0,15.0,0.0,0.0,0.0
388639395,XAUUSD,BUY,71.54777574404824,59.72346012735645,0.5571855527812026,97.65472658654998,37.48335528819678,0.37483355288196785,1.518301094007334,9.154334411385388,0.5598705501618542,0.002556997887007923,88.33333333333333,0.6185755148193345,0.05049644096307595,0.03712671546218404,0.1545296271837647,0.47770345205620346,10.0,20.0,0.20480319487940285,0.7584536082474244,1.2971070142723122,0.7484922985665252,0.9644729683030931,0.9804207860479254,5.629455542499087,0.0,0.16585596067618405,-0.7154776904019622,0.1863162298523091,0.032563707985828035,1.0,0,0,1,21379.854406383336,12.0,15.0,0.0,0.0,0.0
388639470,XAUUSD,BUY,37.331021727911654,65.63376155360254,3.4842722549068466,207.0839493703262,23.299841003336997,0.23299841003336996,0.6574287847632835,0.3000078912207055,0.4080259222332985,0.01796540285530041,0.8333333333333334,0.7381603981402631,0.054165417149231114,0.09227578254724594,0.019798882681565547,0.06673621998238762,0.8333333333333334,20.0,0.09657918955483216,0.9952146865619682,1.715614937629397,2.649262636296144,4.791224752873777,0.8513581185390104,27.17319848293356,0.0,2.1913643361977475,0.37330982737361496,0.09219550656429036,0.08272007585371427,1.0,0,0,1,20949.989234016666,12.0,15.0,0.7199999999999999733546474089962430298328399658203125,1.1999999999999999555910790149937383830547332763671875,78.0
388639504,XAUUSD,BUY,66.94127951535246,45.39303404019339,-0.17422843757061868,195.2058031565296,44.110880815915586,0.4411088081591559,0.6191914824297334,0.12261603722904647,0.02109375000000053,0.004006334602141297,59.166666666666664,0.7619549753615139,-0.043281722669466706,0.022148338487672576,0.0685366941780057,0.16941094714014152,62.5,20.0,0.10245597045064592,0.8834601005543385,0.25582055522531366,0.5291903537184522,1.4260674016320212,0.3762713945383142,29.708542713566516,1.0,5.04979973764245,0.6694118927470714,0.0975403914422094,-0.038882040786020866,0.0,1,0,0,20779.704932833334,12.0,15.0,0.0,0.0,0.0
388639506,XAUUSD,BUY,66.94127951535243,52.24627434591182,-0.2390261188354199,193.8675315024918,45.741623580161075,0.4574162358016107,0.5789325046858171,0.11464371129445713,0.10171821305842876,0.0038042225596178064,60.83333333333333,0.758719124119449,-0.014329885260149715,0.00399728029693285,0.029353431178105533,0.14386111889830225,64.16666666666667,20.0,0.10316322617303732,0.8578917966567844,-0.9563679737790716,0.18708406676013872,1.0179870308350016,-0.7611075845433796,13.590724165988629,1.0,5.049796873742117,0.6694118299937992,0.09818171316058658,-0.016970350705464453,1.0,1,0,0,20774.98924256667,12.0,15.0,0.0,0.0,0.0
388639508,XAUUSD,BUY,74.22538872197225,52.98233757197791,-0.24524142480201583,193.15342210945667,47.77617823314758,0.4777617823314758,0.7222499907586833,0.10684845012497586,0.07175071750718214,0.003694699989513094,62.5,0.7566009883372748,-0.017690888683568957,0.006440455006627443,0.03225104693533635,0.14128665028018605,65.0,20.0,0.1035446319385755,0.8801512612264177,0.18050984964416694,0.49372754388003437,1.3394379797040379,-1.3733590429877798,33.0675675675657,1.0,6.759510600325108,0.7422529919665712,0.09852739169518202,-0.011286364881306235,1.0,1,0,0,20769.856141199998,12.0,15.0,0.0,0.0,0.0
388639510,XAUUSD,BUY,76.50506777297191,56.08073109583196,-0.08940921699407767,192.61532053020977,49.828241771706466,0.49828241771706466,0.7474430456177563,0.09949359484080361,0.08998035363458325,0.0037665826932972613,61.66666666666667,0.7580402732366361,-0.01421566671128988,0.017821339288250717,0.044661135653485444,0.12844253474696765,66.66666666666666,20.0,0.1038339003613329,0.8827295775858366,0.29833347924729287,0.5319277710284815,1.3574078668960161,-1.1917619969104256,30.0067453625617,1.0,7.512398505805296,0.7650497744156601,0.0987894839645237,-0.004516774665717415,1.0,1,0,0,20764.6716468,12.0,15.0,0.0,0.0,0.0
388639512,XAUUSD,BUY,77.94052158839267,56.60010151994802,0.024732585630164117,192.180654778052,51.83626175861262,0.5183626175861262,0.7469150634956705,0.09259586614340827,0.048088779284804685,0.003707756768345058,63.33333333333333,0.7580744296480885,0.014629711934076162,0.018184922507556368,0.04181632981289956,0.12649556235551304,67.5,20.0,0.10406874731016943,0.8936874221133609,0.8074429895682892,0.7028335494599104,1.498757253983563,-0.0815538410960144,21.39083232810624,0.0,8.066310390449877,0.7794042874811388,0.09900221703042211,-0.012019940314326651,1.0,1,0,0,20759.521784616667,12.0,15.0,0.0,0.0,0.0
388639514,XAUUSD,BUY,78.97312279348543,58.64549846120316,0.18583768062768713,191.84632229390544,53.77460897538925,0.5377460897538925,0.733121815574813,0.08613171717015902,0.0780254777070138,0.003711976984645686,63.33333333333333,0.7572459016166191,0.054438270547917694,0.02435754549188774,0.0280533333333345,0.11801112332670217,68.33333333333333,20.0,0.10425010894584846,0.895535215504274,0.8350069629346087,0.737534775093914,1.5010823565352276,0.256923241160768,22.91410256410209,0.0,8.511537075122083,0.7897302639716457,0.09916647015498607,0.023352024403867782,1.0,1,0,0,20754.989780233336,12.0,15.0,0.0,0.0,0.0
388639516,XAUUSD,BUY,83.98247102389212,56.932516934800844,0.19775451474056505,192.04444213005505,55.93231340742517,0.5593231340742517,0.9177218810402615,0.07989694202803548,0.057812499999986236,0.003693789931974824,65.83333333333333,0.7589404027013411,0.022199643096744888,0.017350945327239548,0.05759942451957683,0.1230444356416082,68.33333333333333,20.0,0.10414256084774239,0.9027115293713192,1.1150861259354383,0.8460650085567076,1.5806276159507262,0.6304115119688262,34.64638783269814,0.0,11.486176711763628,0.8398238684105104,0.09906907072085269,0.04915528872013233,1.0,1,0,0,20749.939007183337,12.0,15.0,0.0,0.0,0.0
388639518,XAUUSD,BUY,84.81181565582638,58.64088738431924,0.26123006465237375,192.38483912076543,57.99513499659668,0.5799513499659669,0.9011565560343354,0.07405874915216021,0.06001558846453729,0.003591662270329875,68.33333333333333,0.7591612839110027,0.025804241276061887,0.021784436044815277,0.08495503277272609,0.11606943718669407,67.5,20.0,0.10395829573371648,0.8984573073782816,0.7989838066472703,0.7672147580486389,1.4917588766146503,0.5305037059243438,16.361284567350513,0.0,12.16796662628245,0.8481172868864258,0.0989021715378698,0.02890040621397526,1.0,1,0,0,20744.98970921667,12.0,15.0,0.0,0.0,0.0
388639522,XAUUSD,BUY,86.6459943981204,57.81253562954291,0.4011539577223946,192.9662133235171,61.941937057010676,0.6194193705701068,0.8898231404512918,0.06366438905151404,0.22158626328701006,0.0031721082698440263,71.66666666666667,0.7481335747359933,0.013532668843527615,0.019299364784147042,0.09670781893004227,0.11245491957505913,66.66666666666666,20.0,0.10364508716595397,0.9178376520132359,1.6616811325616248,1.0988311006217535,1.7162642829461034,0.7373547083322524,12.779778393352153,0.0,13.97656016413098,0.8664590352550713,0.09861841715310106,0.015754053249224815,1.0,1,0,0,20734.588345566666,12.0,15.0,0.0,0.0,0.0
388639524,XAUUSD,BUY,86.64599439812041,56.94216782013457,0.28403069010756354,192.82576951469446,63.70651258137566,0.6370651258137566,0.8268661507390824,0.059159990250964224,0.5734597156397864,0.0028795384508294736,76.66666666666667,0.7414208377795116,0.0023858114553128047,0.015221829691397707,0.06403141361256792,0.11502611946433873,68.33333333333333,20.0,0.10372057661346909,0.9067508916677418,1.0393698304846575,0.9120353815808335,1.5281983212129318,0.746296439581141,9.340425531914775,0.0,13.976543449179434,0.8664589660654001,0.09868681492586998,0.011046241409335024,1.0,1,0,0,20728.987727199998,12.0,15.0,0.0,0.0,0.0
388639527,XAUUSD,BUY,76.70122726677405,62.6561803398249,0.464995048708448,192.60321454935917,64.63470648747555,0.6463470648747556,0.7686914884552283,0.10135508716328627,0.5583424209378464,0.0029620404813015793,74.16666666666667,0.7262294648612735,0.03107935109049086,0.03506791578183189,0.03805808866163799,0.09163917664248747,70.0,20.0,0.10384042679035621,0.9046882385802059,0.9023045120106374,0.8875685222298967,1.4731379441113306,0.5494752469863778,14.617334423548048,0.0,7.5840683077756745,0.7670113910926473,0.09879539645708935,0.025908186484197463,1.0,1,0,0,20723.987448566666,12.0,15.0,0.0,0.0,0.0
388639531,XAUUSD,BUY,77.3863451583641,60.97758803692741,0.5633517759668498,191.8073125451107,66.39130977377144,0.6639130977377143,0.6883732447631624,0.08775554254412185,0.3752735229759173,0.003490677122099541,70.0,0.69163370395681,0.006466502886143376,0.027098172425552278,0.03583765112262703,0.0887870215896722,75.0,20.0,0.10427131132081446,0.9302995144170846,1.9519692574815923,1.4429983727576403,1.770468660786182,1.1659231192461998,26.081896551723965,0.0,7.844124492678881,0.7738624545036882,0.09918567067056369,0.02320036676888027,1.0,1,0,0,20714.98916611667,12.0,15.0,0.0,0.0,0.0
388639535,XAUUSD,BUY,73.18048806253542,54.45375155678489,0.21496523519195687,190.9103868373659,67.32655372171342,0.6732655372171342,0.5963348880529669,0.09235111199760522,0.07770114942531077,0.0037148915184140874,63.33333333333333,0.7058252626674215,0.0064444768244688085,0.00717309601134034,0.05842538444877597,0.10528499959052717,77.5,20.0,0.10476119362241794,0.9285376649048167,1.3913908609573198,1.5042015489158402,1.6821247951026201,0.9764626682582461,31.284722222221006,0.0,6.457187336099367,0.7318038180165339,0.09962919724478826,0.0039285447608406725,1.0,1,0,0,20704.738328766667,12.0,15.0,0.0,0.0,0.0
388639539,XAUUSD,BUY,82.72577069977994,62.390076951843675,0.22641073472690687,190.80844579344304,69.16565811052469,0.6916565811052469,0.8427637523273107,0.07967181776201074,0.29457666796723175,0.0040190816134307045,59.166666666666664,0.7127531095750668,0.007549092642833313,0.03458503015911102,0.03425945268435088,0.07745988359445904,78.33333333333333,20.0,0.10481716318600863,0.9151733917751718,0.5535515305828855,1.2388269072911124,1.449141430319509,-0.5659474922305004,32.587188612100334,1.0,10.57780778941088,0.8272568101798135,0.09967985809909126,0.015041262917191666,1.0,1,0,0,20694.48851565,12.0,15.0,0.0,0.0,0.0
388639541,XAUUSD,BUY,79.89538555321687,57.70853694158062,0.13475890568264104,189.86212823676857,69.93206721357413,0.6993206721357413,0.7864668363746138,0.08789337465143311,0.06826347305389317,0.0041244404940927225,55.833333333333336,0.7194443760619718,0.0024757325344981476,0.018914276649952908,0.016332507321466714,0.09169811884910835,80.0,20.0,0.1053395966101196,0.9364874736796883,1.4525174279350752,1.8654495744322803,1.7065754113362162,-0.35085699480091725,28.189024390246104,0.0,8.947863153854186,0.7989529417749645,0.10015261500334763,-0.006267705998300009,1.0,1,0,0,20689.98885028333,12.0,15.0,0.0,0.0,0.0
388639544,XAUUSD,BUY,83.26798923003457,60.691740706269044,0.20160994163993262,189.2441190769994,70.88463307189274,0.7088463307189273,0.896862546426279,0.08188180515882378,0.27105052125100565,0.004187779880701278,55.00000000000001,0.7276567662672999,0.00893336036266319,0.028977686427368782,0.001765906958775503,0.07894565005700828,80.83333333333333,20.0,0.10568360114726962,0.9251858536375753,0.7701998356438118,1.546927706751366,1.526490464438518,0.0355325238408042,60.22758620690437,0.0,10.953002216847382,0.8326790415377946,0.10046378726085693,0.015535489368651324,1.0,1,0,0,20684.90625,12.0,15.0,0.0,0.0,0.0
388639546,XAUUSD,BUY,83.26798923003457,63.19344181272838,0.3472509584690462,188.60882485721368,71.76915851176001,0.7176915851176001,0.8356060731142227,0.07628920835294661,0.3543307086614436,0.0037315306884608762,65.83333333333333,0.7327390095301981,0.04363375190838764,0.036907649920809214,0.003105073468253354,0.0674941907391492,82.5,20.0,0.10603957696645956,0.9357999226505109,1.1582015737059383,1.817149395442452,1.6377542399377407,0.48183101634222253,565.2812500005151,0.0,10.952992410879272,0.8326789791703011,0.10078568633555701,0.020677717508462506,1.0,1,0,0,20679.988695066666,12.0,15.0,0.0,0.0,0.0
388639548,XAUUSD,BUY,84.82247291713294,59.00305603763351,0.2466703237733432,188.12676593884126,72.7015381121438,0.7270153811214379,0.8648556056830106,0.07102150063703903,0.10765452312726845,0.003505825084188896,75.83333333333333,0.7383194727179725,0.025110362264347885,0.02246485758922378,0.023864511162433485,0.07983978210141207,83.33333333333334,20.0,0.10631129440933389,0.9452967212410315,1.6495885317459467,2.024604470790012,1.7294915390716485,0.46829288423122484,321.05357142886334,0.0,12.17720578585174,0.8482238228302968,0.10103132318073933,0.03152129879236421,1.0,1,0,0,20674.921942549998,12.0,15.0,0.0,0.0,0.0
388639554,XAUUSD,BUY,72.83897998303944,48.854084251461686,-0.6941713797825804,187.51008191240314,74.53751584270802,0.7453751584270801,0.828461510521281,0.13018972729854103,0.17678300455234264,0.002784504936585338,90.0,0.7253398237436938,-0.03380447724184241,0.010195121355594857,0.08381317978247078,0.1135405615680215,85.83333333333333,20.0,0.10666093148710352,0.9103605345709266,-0.5029555238800287,0.8403377848649889,1.2015283153798473,-1.560885785905352,10.693579148124902,1.0,6.36344482984208,0.7283890400243134,0.10134731185568734,-0.020692220708498663,0.0,1,0,0,20659.989014983334,12.0,15.0,0.0,0.0,0.0
388639560,XAUUSD,BUY,43.12826373533716,41.594987528079834,-1.419271451035809,189.93798949749709,67.77843945194968,0.6777843945194968,0.7013250113472431,0.27867012454581097,0.7116764514024898,0.0033035851521213385,79.16666666666666,0.7194820935264444,-0.02397903082480212,0.02447101379705885,0.1337959891820194,0.15826217851166902,80.0,25.0,0.1316219049498228,0.8700731190239271,-1.4794798311497874,0.10207451115319734,0.855242180872736,-1.5427236377875087,5.919611919611992,1.0,2.5166762881884153,0.4312821972673125,0.12365191776041554,-0.026271732227988266,0.0,1,0,0,20634.989209366668,12.0,15.0,0.0,0.0,0.0
388639566,XAUUSD,BUY,45.10164434909514,45.82519972527155,-1.0738417329833088,190.4146293462103,63.00553000709164,0.6300553000709165,0.5882485755785195,0.22256039659725013,0.6785388127853696,0.003673542335949296,74.16666666666667,0.7416669985144133,-0.005932865022962415,0.010138322942095353,0.11134267701766248,0.1486230343601665,80.0,25.0,0.13129243318035827,0.8688978134761265,-0.7776807034574004,0.1934939648418275,0.8566775299208763,-0.6902538827264642,7.241036717062753,0.0,2.6430844907170554,0.4510158872367624,0.12336072532220348,-0.008665300589906512,0.0,1,0,0,20619.922476633332,12.0,15.0,0.0,0.0,0.0
388639568,XAUUSD,BUY,28.234327071896683,44.31424490529192,-0.9438054981534358,190.66429867862382,60.52187265457772,0.6052187265457772,0.5455155468689873,0.3052949331721877,0.5300400534045244,0.003754671010416408,65.0,0.7416263601767181,0.005193463273932539,0.012672289026826423,0.11629106286421638,0.15230958391926658,80.0,25.0,0.13112050957237154,0.8713636363636356,-0.4646815220472854,0.35528832408705213,0.9024532384931284,-0.39689207837283513,7.98128217126815,0.0,1.7868418396563284,0.28234293886722606,0.12320874280383219,-0.009807814116012819,0.0,1,0,0,20614.755238583333,12.0,15.0,0.0,0.0,0.0
388639574,XAUUSD,BUY,28.234327071896672,64.14661141850814,1.110948377342168,190.52762179188647,54.08554341488147,0.5408554341488148,0.43708360448232186,0.24461156164470713,0.4765957446808249,0.0049910700936527125,54.166666666666664,0.6910822426007466,0.0732069520293914,0.04217936826867083,0.02244615056515274,0.08109060436851445,82.5,20.0,0.10497165614047302,0.9388636363636372,2.0419116403836175,2.34607194886628,1.6219285541663273,1.255935643986052,56.21621621621739,0.0,1.7868403876869312,0.2823428565413833,0.09981968408912699,0.07521219162464854,1.0,1,0,0,20599.98911733333,12.0,8.0,0.0,0.0,0.0
388639594,XAUUSD,BUY,54.54962384665318,42.75741008238262,-1.6273099852358328,186.1935929838843,54.951456601793474,0.5495145660179347,0.8889179327481568,0.26141541730924167,0.3500363108206154,0.006171967910154392,45.83333333333333,0.7717447339624673,-0.0008055862018981399,0.02680880774145127,0.17146495404717238,0.20655920208451473,100.0,25.0,0.1342688521090188,0.8299489002443917,-0.9490066828589446,-0.5746290436832747,0.5673308369268385,-1.2197507458708874,3.930499866345911,0.0,3.400390617765274,0.5454957642598471,0.12598826019438256,-0.08496532961458553,0.0,1,0,0,20524.78909011667,12.0,8.0,0.0,0.0,0.0
388639596,XAUUSD,BUY,62.035148630757405,43.69643530856234,-1.4302644264511684,186.14690777074972,55.457434603862325,0.5545743460386232,1.0362939148065582,0.24280376685514712,0.3202707516921936,0.006146766403381124,46.666666666666664,0.7785611483182152,0.010641019755467128,0.02139399249469383,0.1903093672523418,0.23293430183325917,100.0,20.0,0.107442021140803,0.8301311779515036,-0.7145827517105555,-0.37781516076581645,0.6191519625749464,-0.8474299198153448,4.832095576364172,0.0,4.268013055216466,0.6203510013164665,0.10205287045238713,0.0023637244651004024,0.0,1,0,0,20519.98692243333,12.0,8.0,0.0,0.0,0.0
388639598,XAUUSD,BUY,64.66105099932055,46.008255505189986,-1.1401286701551225,186.40570007283907,56.11483577496649,0.5611483577496649,1.049070387910327,0.22514762727124238,0.36803248431157387,0.006019583500805589,47.5,0.7794329670447195,0.017016205925179967,0.012388770297531146,0.20951678347473324,0.23727815180929207,98.33333333333333,20.0,0.10729285634604997,0.811494652638902,-0.572443222710715,-0.2703517217176987,0.6425922016342103,-0.5942734087331513,4.254602095723666,0.0,4.659457180018622,0.6466100025368717,0.1019181682842,0.018293432007000742,0.0,1,0,0,20514.97203138333,12.0,8.0,0.0,0.0,0.0
388639602,XAUUSD,BUY,50.11074214631802,46.9675253586996,-0.6143203118951903,187.56282302198872,55.02250855768409,0.5502250855768409,0.9976087740358365,0.3315549617125798,0.5317269076305211,0.005788393697820185,51.66666666666667,0.7790780611201088,0.020007224086392873,0.007882840910567259,0.20524816924328618,0.24205223225221567,89.16666666666667,20.0,0.10663093931815754,0.809504880526478,-0.16254047735551158,0.15634302204963685,0.7520138416855524,-0.027206093037475253,3.569431279620871,0.0,3.008869962352378,0.5011070444539142,0.10132020999050323,0.012955659127157692,0.0,1,0,0,20504.989607233332,12.0,8.0,0.0,0.0,0.0
388639604,XAUUSD,BUY,50.110742146318024,49.8886756072391,-0.3344650057055265,188.06476423470377,54.671668099729374,0.5467166809972938,0.9238785915754071,0.3070507588036236,0.37842778793423026,0.005650095303165367,53.333333333333336,0.777136485055369,0.02282897605728726,0.0011135905432124757,0.22375250526748616,0.23231358717188896,83.33333333333334,20.0,0.10634634340667937,0.799141706853074,-0.22573575315142175,0.06152303715256998,0.7170600852556533,0.09464803951338406,3.8721506442022053,0.0,3.008869238121766,0.5011070143666932,0.10106300363301482,0.02903255175002366,1.0,1,0,0,20499.85568375,12.0,8.0,0.0,0.0,0.0
388639615,XAUUSD,BUY,44.25777475293831,55.07748402219657,0.9321550514929243,189.0970536366314,49.42140818264154,0.4942140818264154,0.810048156473126,0.3130083413280458,0.4340190667335429,0.005010518686815842,57.49999999999999,0.7409448091219184,0.02461085081539712,0.014403654897040843,0.1991919621498067,0.20656059546574448,76.66666666666667,20.0,0.105765793889269,0.8395676733532015,0.9998983139826565,1.5734391036398325,1.096202151492857,0.840777684796653,5.398466155385186,0.0,2.5879360438133525,0.4425773534464903,0.1005381210821252,0.026177033987593114,1.0,1,0,0,20469.889529616667,12.0,8.0,0.0,0.0,0.0
388639623,XAUUSD,BUY,48.2041264695311,48.313542806776766,-0.10382508427042753,186.13264626498935,48.47171895922741,0.4847171895922741,0.6764637395631273,0.23641737336890664,0.03138173302108015,0.003778590056979597,70.0,0.7342176589567746,-0.0372644326378675,0.005756213974809652,0.2256319744932831,0.23284469903414354,100.0,20.0,0.10745025336139491,0.8032422829224958,-0.491200424159848,0.0547550653389472,0.6761052843850436,-0.6509856295755281,3.506352087114382,0.0,2.8612993564065134,0.48204073665203145,0.10206030397020353,-0.03911189222354638,0.0,1,0,0,20448.987672933334,12.0,8.0,0.0,0.0,0.0
388639635,XAUUSD,BUY,31.18897990702927,38.748859053559926,-0.8036005071796668,184.1354714707078,37.4575486378892,0.374575486378892,0.6966452534850714,0.3654031807336694,0.560439560439556,0.0031594421397893166,90.0,0.6681770892974435,-0.04652830098503998,0.032037111245408,0.23801625476861948,0.26795488998353656,100.0,20.0,0.10861568300913489,0.7826719396336177,-1.454498263218743,-0.657933374569899,0.46717044225441845,-0.9020270151465972,3.225947521865823,0.0,1.9065059739774362,0.31188950540241905,0.1031121045832215,-0.03215024217070432,0.0,0,1,0,20419.62119895,12.0,8.0,0.0,0.0,0.0
388639637,XAUUSD,BUY,43.22586598774705,37.55436960480417,-0.9861819151859779,184.4000806513715,37.86957130573619,0.3786957130573619,0.8547417738892742,0.33881606288079247,0.5383727639930737,0.0034212020871967875,83.33333333333334,0.6328262338275835,-0.053088310747985604,0.03316396728690493,0.254099233390118,0.30146407639104134,98.33333333333333,20.0,0.10845982241088162,0.7754312502844652,-1.6504374246828881,-0.9088481145167951,0.3908455988331699,-1.4844183413219867,3.201393728222976,0.0,2.5227235211291643,0.4322582977179803,0.10297150441139244,-0.051247266089140577,0.0,0,1,0,20414.98911335,12.0,8.0,0.0,0.0,0.0
388639639,XAUUSD,BUY,52.83603334459255,37.32384568353786,-1.0568786131439176,185.0829320334164,38.93860430851164,0.38938604308511643,1.0157561908754862,0.31345416436228196,0.43100995732576297,0.003701606093177611,71.66666666666667,0.6707542031333602,-0.04682750961694797,0.03067693706304509,0.2840276345638283,0.33271571464451277,97.5,20.0,0.10805966698425241,0.7530430919591321,-1.5801049925722412,-1.0203630699996225,0.34647233509181025,-1.6709059603233325,2.9354703540750253,0.0,3.240515092300429,0.5283599359468135,0.10261043794399519,-0.053921773825144514,0.0,0,1,0,20409.889072583333,12.0,8.0,0.0,0.0,0.0
388639641,XAUUSD,BUY,56.41981375533495,33.55314265119739,-1.2147064839122397,185.53986545960092,40.187262126141874,0.40187262126141876,1.0421282686117892,0.29034776954772534,0.5209580838323301,0.004164684396756221,54.166666666666664,0.7451829495496289,-0.042478501014887204,0.04095070948408929,0.32771046584499763,0.36073110128762376,95.0,20.0,0.10779354588006188,0.7333391070887277,-1.355968897943204,-1.000349542868201,0.3355803282544563,-1.4915000276547243,2.5207841713559542,0.0,3.589229154423856,0.5641977141328166,0.10237024053026306,-0.06149621792457452,0.0,0,1,0,20404.755420666665,12.0,8.0,0.0,0.0,0.0
388639643,XAUUSD,BUY,31.708725974944326,32.7411769197757,-1.2820872321989794,186.37273221248654,39.58165240105634,0.3958165240105634,0.9633660974160809,0.49950751294645096,0.628361858190706,0.004624935984318335,50.0,0.7428164157879287,-0.031498215465750386,0.03989491063758822,0.3301217038539529,0.3624457247478909,90.0,20.0,0.10731183560263353,0.7134355197807865,-1.6129209164236065,-1.4145868996215993,0.20379291444896677,-1.3640712991661335,2.0514741035856505,0.0,1.9286279862048261,0.3170870429931625,0.1019353083694288,-0.04571484196671935,0.0,0,1,0,20399.989025383333,12.0,8.0,0.0,0.0,0.0
388639645,XAUUSD,BUY,33.963167997949924,30.750630814675247,-1.345035380771097,187.24682276873756,39.180332086548745,0.39180332086548747,0.9365359108634546,0.4616631984287154,0.9514116874589784,0.005128392022935338,44.166666666666664,0.7391646053522357,-0.031457688266129095,0.04336805646598269,0.34258093751573776,0.3737847134871979,83.33333333333334,20.0,0.10681089112364457,0.7107809556430921,-1.4214669604922643,-1.4330745803376868,0.17255548917134206,-1.1664830348073718,2.029185867895568,0.0,2.028608486538432,0.33963143707315296,0.10148280907344148,-0.03962684060687253,0.0,0,1,0,20394.938934183334,12.0,8.0,0.0,0.0,0.0
388639647,XAUUSD,BUY,24.523753068596733,33.5747006836157,-1.236742941947116,188.3463354281135,38.13343358526646,0.3813343358526646,0.8645637733397048,0.5240287674961632,0.8738965952080753,0.005311214373864307,40.833333333333336,0.738430523667921,-0.02142738489372392,0.03420499251773907,0.3249111725227006,0.37399187958655816,70.0,20.0,0.10618735933746605,0.7014842617077511,-1.4002345548960817,-1.596383442970391,0.09795628094553022,-1.0707657219301319,1.9190182245737513,0.0,1.649837140875847,0.24523735407738934,0.10091929140907015,-0.02601590303768208,0.0,0,1,0,20389.839100233334,12.0,8.0,0.0,0.0,0.0
388639657,XAUUSD,BUY,42.26188240693294,39.361759506587205,-0.47898501980766817,193.8138206738832,33.73317261957294,0.3373317261957294,1.0478282632636373,0.42526944293200747,0.30243519245875455,0.0051113416500399985,44.166666666666664,0.7591970748216075,0.0009803631974607291,0.01603935231480833,0.34233507356430876,0.42489229980438226,32.5,20.0,0.10319181537447003,0.6932879131970714,-0.7080286818996853,-1.1189506746054483,0.11340464191897764,-0.19306179965449785,1.8871354093278696,0.0,2.4639103908548963,0.42261853717828657,0.09820762848327577,0.006139913014783595,0.0,0,1,0,20363.988569333334,12.0,8.0,0.0,0.0,0.0
388639659,XAUUSD,BUY,48.08103455090583,54.28264219816607,0.2040299224048443,195.2871191971773,34.758019900382436,0.34758019900382436,1.1177998546942365,0.39191387479753076,0.16401028277636967,0.005017545842038238,45.0,0.7575942873381061,0.04670944188051216,0.01747260902001477,0.3487688864017897,0.4077585881104599,30.0,20.0,0.1024133085797964,0.6679569372202722,-0.5384219898389843,-0.950318179865517,0.15096646376654158,0.058597911910293454,1.9211146540967754,0.0,2.8521496033334004,0.48081002703144393,0.09750169357357782,0.03620310458296119,1.0,0,1,0,20359.989501316668,12.0,8.0,0.0,0.0,0.0
388639661,XAUUSD,BUY,50.13658231722585,59.672474132064416,0.8694356060916917,196.76518211166467,35.856488644442685,0.35856488644442686,1.0875163274238164,0.3611863280369116,0.46435643564353213,0.005049657415775975,43.333333333333336,0.7599425339950877,0.06723088931336395,0.0316454879349459,0.34748587832206274,0.3950902246307081,28.333333333333332,20.0,0.10164399913318992,0.6842209620494107,0.6020602182616694,0.05990001902518815,0.47708383270525245,0.6357498747797039,1.8672282390694026,0.0,3.010948178427449,0.5013654770933201,0.09680360875050528,0.0639340754547807,1.0,0,1,0,20354.989431749997,12.0,8.0,0.0,0.0,0.0
388639671,XAUUSD,BUY,31.354971419604983,53.422417425944346,1.4546685844192704,198.14276228965775,33.50848073536475,0.3350848073536475,0.7266997907821316,0.37976733859774703,0.2805879809770894,0.007079396893348834,10.833333333333334,0.7551485076712471,-0.017144784320599078,0.012227944220785639,0.28480849528326235,0.3831580781588952,25.0,20.0,0.10093732301340748,0.721578366445916,1.011350416166826,1.2989569097748832,0.9189492280116961,0.44364798875804107,2.7583671890114343,0.0,1.9135344285555531,0.3135494308171563,0.09616192879351579,-0.0016654658297208563,1.0,0,1,0,20319.988977883335,12.0,8.0,0.0,0.0,0.0
388639673,XAUUSD,BUY,34.48136511632772,57.91337680589985,1.3774837978776788,197.9225649832536,33.57797247686211,0.33577972476862106,0.7246246425722093,0.35303342841093655,0.3350649350649244,0.007359720764385077,10.0,0.7551762919474269,-0.033335889627301454,0.032103631338480834,0.273761919409416,0.3603429452626337,25.833333333333336,20.0,0.1010496200960826,0.7007253232418796,0.30286432378712724,0.5319886177993437,0.6596979085381934,0.18671033870787648,2.5111312217194532,0.0,2.0525608389919894,0.3448133311978444,0.09626392493216127,0.0060629772057640375,1.0,0,1,0,20314.9391188,12.0,8.0,0.0,0.0,0.0
388639675,XAUUSD,BUY,41.7873230348225,48.989291249163024,0.7323731314198472,197.9266674844498,34.16435465957356,0.3416435465957356,0.7984394317504397,0.3278099601706499,0.035519125683054584,0.007338296139445314,10.0,0.753927672075612,-0.03157366002723378,0.007844023936063666,0.3025053035660177,0.40110815287807355,25.0,20.0,0.10104752560223502,0.7186254783603561,0.7639040037058114,1.1449658824769342,0.8695629745516636,0.269917678555827,2.652808988763998,0.0,2.4356703367538195,0.417872859317739,0.09626202266018234,-0.07416888379204198,0.0,0,1,0,20309.821419666663,12.0,8.0,0.0,0.0,0.0
388639677,XAUUSD,BUY,33.75611876248895,49.364140521574804,0.3014289725861763,197.78904837841768,34.13519495263895,0.3413519495263895,0.7419239060620828,0.367444267785005,0.0268024101392249,0.007234465920635911,10.0,0.7532193283635986,-0.015005018210911136,0.005455135881267011,0.31709183673469665,0.3995671178355507,25.833333333333336,20.0,0.10111783318627038,0.6861683203541912,-0.18718652321904802,-0.0004975686288465476,0.48067724261746114,-0.12132342811074083,2.305727166471855,0.0,2.0191412738405115,0.33756088334278433,0.09632587579798478,-0.02982976078995252,0.0,0,1,0,20304.705372916666,12.0,8.0,0.0,0.0,0.0
388639681,XAUUSD,BUY,38.60406137749334,48.90978848681191,-0.3031771367389162,197.6312713058805,34.30657177778525,0.3430657177778525,0.7461278814382223,0.33050417973365803,0.15374621048071782,0.006828487108910624,11.666666666666666,0.7447030650648796,-0.018704247167181217,0.006328659312405609,0.2847608453837586,0.40287146600787366,25.833333333333336,20.0,0.10119855966035525,0.677899343544858,-0.3400718744974318,-0.22768539451351827,0.39787931066932647,-0.5162361716514869,2.1407907425264927,0.0,2.2575376338715762,0.38604025521208807,0.09639918631266217,-0.04548875256732858,0.0,0,1,0,20294.9062582,12.0,8.0,0.0,0.0,0.0
388639683,XAUUSD,BUY,38.60406137749334,54.26170503552463,-0.09868377530894401,197.6011804983176,34.613535320621544,0.34613535320621547,0.6929385377282016,0.3069434727144183,0.23048498845267554,0.006659067743912029,11.666666666666666,0.7446240284656783,-0.017040218927371488,0.016846323415731067,0.2894376552913134,0.3779835718169529,26.666666666666668,20.0,0.1012139702281297,0.6800739341825052,-0.1620136747791332,-0.02818220775572215,0.45822964767750324,-0.43996512086820144,2.5117187500000138,0.0,2.2575371095635037,0.3860402276891516,0.09641318057356067,0.006224659169027767,1.0,0,1,0,20289.722016116666,12.0,8.0,0.0,0.0,0.0
388639685,XAUUSD,BUY,44.3067143821148,54.21208403799924,0.02142703313801153,197.9432390341521,35.30590525358535,0.3530590525358535,0.7372355688035813,0.2845264080527824,0.04581901489119255,0.006281169610623822,15.833333333333332,0.7450489825070503,0.02356199786810248,0.01503274007115459,0.2906270072632073,0.37753247024065795,20.833333333333336,20.0,0.10103906603523499,0.6998834732993107,0.4421043310467064,0.7038599322769068,0.6877019969371974,-0.2242564431884872,2.4549754730203275,0.0,2.5910880566796486,0.4430667101910852,0.09625433943189132,-0.01722716075900683,1.0,0,1,0,20284.55534113333,12.0,8.0,0.0,0.0,0.0
388639687,XAUUSD,BUY,15.106184612532813,53.01133211334081,0.02614370438167346,198.84872196028408,33.863068064938744,0.33863068064938745,0.6814585820245048,0.5025934901007445,0.012458219386201123,0.005719226540863763,29.166666666666668,0.7482550361684838,0.017008908112460332,0.00935311541131203,0.29517614661475694,0.38043996086185594,9.166666666666666,20.0,0.10057897180749588,0.6956380075754479,0.41889675050556363,0.6780162769974888,0.6799261875921739,0.02019055246299862,2.4408364501869806,0.0,1.3558815216774605,0.15106171854502817,0.09583637934387551,0.018808267728000632,1.0,0,1,0,20279.98910815,12.0,8.0,0.0,0.0,0.0
388639689,XAUUSD,BUY,21.917457050856942,58.37503064363486,0.33411276337704354,199.65667039169244,33.00981013536147,0.33009810135361467,0.7257434122064125,0.46480538984688846,0.0015408320493123261,0.005073577795183282,42.5,0.7508360092580894,0.05155970032091875,0.030950093720591813,0.28135706128663823,0.35400770663628794,4.166666666666666,20.0,0.10017195999894919,0.6870863666446042,0.2874994723081378,0.5336836122754737,0.6308354093899409,0.14894816086404974,2.3878076242560664,0.0,1.5613886298884125,0.2191743864133135,0.0954664948582622,0.04182179329956311,1.0,0,1,0,20274.9895804,12.0,8.0,0.0,0.0,0.0
388639691,XAUUSD,BUY,23.209674125624595,64.40575974667809,0.9352259944792827,200.2854796494287,32.30980042038026,0.32309800420380264,0.6903337873754725,0.4302499529428536,0.35548368127023566,0.004977187309287692,46.666666666666664,0.7435485597360973,0.07894809114865575,0.05885847612166893,0.2657104480475842,0.3186950951797668,1.6666666666666667,20.0,0.09985746363144828,0.7067098219843132,1.076531311928307,1.2708306471044393,0.8625263132810631,0.27403529301958185,2.5542026044309214,0.0,1.6044910131022148,0.23209653413514847,0.09518059289143835,0.08552791760033598,1.0,0,1,0,20269.989573983334,12.0,8.0,0.0,0.0,0.0
388639693,XAUUSD,BUY,22.038509910923523,65.09741058350724,1.3048037657960554,200.85651681732665,31.576136812561924,0.3157613681256192,0.6392017925732435,0.40833933692727215,0.27608982826951467,0.004790162337820414,48.333333333333336,0.7344483044826704,0.058484390322350345,0.057020439532045816,0.2597945073938916,0.3134575915067789,0.8333333333333334,20.0,0.09957356782299195,0.7351342379351841,2.0929045092012974,2.1901906387510834,1.1792853597255677,0.7240649742462842,2.763495215742954,0.0,1.5653652964661418,0.2203848887261939,0.09492243902712258,0.08294478199655157,1.0,0,1,0,20264.872801566667,12.0,8.0,0.0,0.0,0.0
388639695,XAUUSD,BUY,22.038509910923512,66.53811867581013,1.5656240580317355,201.3110513303748,30.89487774815918,0.3089487774815918,0.5922043743342654,0.37831611918293373,0.7591666666667061,0.0051735230906012905,37.5,0.7228379078273505,0.06745759566048624,0.05951832083718458,0.24080687192355746,0.3038581319592485,0.8333333333333334,20.0,0.0993487434883924,0.7378850957535383,2.1121299956511015,2.1729575430441934,1.2062170880232352,1.3115164222581208,2.8491960820550917,0.0,1.5653649922405637,0.22038487203018473,0.09471795309851433,0.06715975059815543,1.0,0,1,0,20259.738892549998,12.0,8.0,0.0,0.0,0.0
388639699,XAUUSD,BUY,31.177814358968682,56.01416601729739,0.8172706015886737,202.38738609608845,30.162222143242406,0.30162222143242406,0.6515520904093967,0.3418355393408924,0.41928864569084506,0.005168940782835222,36.666666666666664,0.7022971907291803,0.009787180736602471,0.01780987822018809,0.26022550360900026,0.305107947639991,0.8333333333333334,20.0,0.09882038789959223,0.7106758246417383,0.7609867454082438,1.2363533443570482,0.9271663347581587,1.118742149959872,2.6419229409685356,0.0,1.906034070160195,0.3117778297365439,0.09423722976250644,0.03434008479511189,1.0,0,1,0,20248.988964966666,12.0,5.0,0.0,0.0,0.0
388639701,XAUUSD,BUY,23.43268823486231,57.18716899166468,0.5971724887365659,203.2754299463679,29.681541149786685,0.29681541149786683,0.6023695530234485,0.3736596684697853,0.4150878401653378,0.005247762033707619,34.166666666666664,0.6864710467096923,-0.018381448680855502,0.021072839170435974,0.2765571175868196,0.30416858553104054,0.8333333333333334,20.0,0.09838867395472631,0.7087255151360992,0.6157757076453092,1.1185441252784123,0.8961096998980579,0.4028467591206576,2.842820884699072,0.0,1.6120764208078724,0.23432664226703834,0.09384426401526244,0.01529943879995833,1.0,0,1,0,20243.987866833333,12.0,5.0,0.0,0.0,0.0
388639704,XAUUSD,BUY,37.611108028313545,54.87666494332511,0.05700155915257987,205.6176411272254,30.538805066597185,0.30538805066597186,0.7025505729278136,0.3185160880328169,0.21048632218845806,0.005087907376163996,41.66666666666667,0.6479113211730093,-0.038915882831579436,0.01073824753855367,0.2618712866796714,0.33649836473510253,0.8333333333333334,20.0,0.09726791869781762,0.7008649997848249,0.3701494176292061,0.9153241519701939,0.8378162654511594,-0.497482312402562,2.6828451882845217,0.0,2.2056919371793007,0.3761107119323448,0.09282338000453223,-0.030298956674372487,1.0,0,1,0,20234.9562368,12.0,5.0,0.0,0.0,0.0
388639706,XAUUSD,BUY,29.31940165988105,55.776019043104476,-0.06479673285530385,206.7049524752807,30.451704823260318,0.30451704823260317,0.6489367947701581,0.3546818215251858,0.2751626482970046,0.005059361764663292,43.333333333333336,0.6631374977258508,-0.0010642669121649153,0.012859712030346002,0.28346314073537254,0.3311967090299251,0.8333333333333334,20.0,0.09675626907096843,0.7015485485053681,0.38319046926672284,0.9215495932950736,0.8445876788888231,-0.547470876567311,2.818669899549656,0.0,1.829625669435128,0.2931937244622163,0.09235697709158668,-0.035267660076367814,1.0,0,1,0,20229.85548588333,12.0,5.0,0.0,0.0,0.0
388639712,XAUUSD,BUY,41.2539214745983,49.10101311939356,-0.5761416376834045,209.74064525808737,30.783263822229742,0.3078326382222974,0.7075345409064412,0.2942564657010138,0.3324287652646075,0.005086413179392011,42.5,0.6944982027145952,-0.015482979345635584,0.008545680048453266,0.29205150976909633,0.3592055317046142,0.8333333333333334,20.0,0.09535586188070441,0.7133244187551221,0.7509906580607063,1.1870510673716075,0.9506738695229046,-0.5174628696518211,2.489821882951656,0.0,2.404474391910062,0.41253880294471895,0.09107929849020471,-0.024744846158040887,0.0,0,1,0,20214.504080183335,12.0,5.0,0.0,0.0,0.0
388639716,XAUUSD,BUY,36.22347850814357,52.06667407544611,-0.7234205011488295,211.5049441255957,31.118340277801607,0.3111834027780161,0.696162356576838,0.32592629392729777,0.09287257019441313,0.004514664611577219,57.49999999999999,0.6874162752383348,-0.00912094457071045,0.003233732187674767,0.2920290824746883,0.34500375535746,0.8333333333333334,20.0,0.09456043726393278,0.6782560470969663,-0.31055043557257955,0.30340007931312374,0.6350234868262025,-0.7841067107414819,2.243425885118271,0.0,2.1359437198043496,0.36223443067535704,0.0903528555187885,-0.005673626235835107,1.0,0,1,0,20204.938910899997,12.0,5.0,0.0,0.0,0.0
388639718,XAUUSD,BUY,36.223478508143565,53.844541316172375,-0.5810364529684588,212.39244811662462,31.48299300854032,0.31482993008540316,0.643735271752559,0.30138120714292876,0.00952380952382961,0.003966348031082757,65.83333333333333,0.7041980144041,0.0160187475354281,0.009132926408943745,0.2978162818738017,0.3366880538084579,0.8333333333333334,20.0,0.09416530661682475,0.688707819632267,0.13372717658993996,0.611263196716776,0.7462345373026947,-1.0049373158835715,2.4243164808308957,0.0,2.135943186079566,0.36223440181184935,0.08999179552531483,-0.0022128847054965805,1.0,0,1,0,20199.989404983335,12.0,5.0,0.0,0.0,0.0
388639720,XAUUSD,BUY,36.22347850814356,56.63273830588952,-0.3305301432567238,213.04370182258003,31.821599115654838,0.31821599115654836,0.5959269049962732,0.27899849189211734,0.039022467481304515,0.003463559192731862,85.83333333333333,0.7126675568543182,-0.0005632497528232625,0.018217931606913016,0.28147713421515685,0.32462823077302416,0.8333333333333334,20.0,0.09387745250810435,0.6949362228573855,0.4316394801797833,0.7754689971307003,0.8099533757083968,-0.5471060767348648,2.3577747788273893,0.0,2.135942617510947,0.3622343710639978,0.08972867990823596,0.02698976759608,1.0,0,1,0,20194.9562558,12.0,5.0,0.0,0.0,0.0
388639722,XAUUSD,BUY,43.207766481655995,60.15172342202053,0.028973333271835156,213.91200883525286,32.63489678465492,0.3263489678465492,0.6506213768984181,0.25801841671467285,0.22990232907587962,0.0034579090736635088,85.83333333333333,0.7117626283526985,0.04386550845776375,0.029908402619377723,0.2596358792184738,0.3083978331053303,0.8333333333333334,20.0,0.09349638717760471,0.7049613924320639,0.9888846355391897,1.0402795059764025,0.9163459863728783,0.038254088526877734,2.552686447473972,0.0,2.5215985106186745,0.43207718929568534,0.08938025722214454,0.014351695431760961,1.0,0,1,0,20189.85616668333,12.0,5.0,0.0,0.0,0.0
388639724,XAUUSD,BUY,43.207766481655995,59.46753042700621,0.20750055357552766,214.4104367755919,33.39010176301214,0.3339010176301214,0.6027439913887925,0.2390315717626658,0.2013473053892237,0.0033491131369162634,87.5,0.7104059302367274,0.04217442294153449,0.025224776707961836,0.25985784779754945,0.30963977779442703,0.8333333333333334,20.0,0.09327904135997155,0.712811806190413,1.6325299619178095,1.383751300878009,1.059917432405922,0.6169009785607535,2.8515478022917535,0.0,2.5215977343341054,0.4320771515239788,0.08918147520226954,0.04174237100858642,1.0,0,1,0,20184.738852633334,12.0,5.0,0.0,0.0,0.0
388639734,XAUUSD,SELL,45.23572670918779,59.29850657061855,0.6734372395032713,214.3963288019817,34.62051254649244,0.34620512546492443,0.5697004673258189,0.21481788808759325,0.48715509039008414,0.004622486059008876,57.49999999999999,0.6657302074110459,0.00797871755885108,0.020712920391839893,0.16679045585368246,0.2925889652613336,4.166666666666666,20.0,0.09328517942334812,0.7350183984580346,1.4030540525976396,1.483084949350073,1.2829840041812157,1.3276768070640714,4.256523879862161,0.0,2.6520036128923694,0.45235669048753535,0.08918708954765966,0.017071187834472028,1.0,0,1,0,20154.972380416664,12.0,5.0,0.0,0.0,0.0
388639736,XAUUSD,SELL,33.68080394641545,59.082236057842294,0.4333152168723009,214.64159103041158,34.5533905036298,0.345533905036298,0.5284031013301085,0.2621413683783671,0.44004065040649015,0.004702420079848627,56.666666666666664,0.6865393372037553,0.0021433212832837178,0.018213020960433448,0.10471468576412986,0.2928137072516176,1.6666666666666667,20.0,0.0931785862375866,0.7252058875065684,0.8471263423341068,1.1763327696164483,1.1729744760015475,0.7427085897099402,4.995546896743622,0.0,2.0157104118607414,0.3368076134190346,0.08908958673282227,0.007407697605888813,1.0,0,1,0,20149.988511066666,12.0,5.0,0.0,0.0,0.0
388639738,XAUUSD,SELL,7.58735547936253,57.6666286807797,0.18234718855337562,215.21862024252505,32.627245144753566,0.32627245144753564,0.4893444990998925,0.4203246658676559,0.30752212389377837,0.004753191901434446,55.833333333333336,0.7046845866949285,-0.009891950443132312,0.013281326517970073,0.1470456178160918,0.29551346406891255,0.8333333333333334,20.0,0.09292876228582103,0.7247525619689922,0.7329919537091458,1.106695265451383,1.1756517849047545,-0.09191299282459833,8.549758877685056,0.0,1.1642032329616723,0.0758734713858609,0.08886103075360942,-0.001347467053144236,1.0,0,1,0,20144.805459416664,12.0,5.0,0.0,0.0,0.0
388639740,XAUUSD,SELL,7.587355479362533,58.35436200824819,0.015817373108947486,215.54300451091612,30.838681597225637,0.30838681597225637,0.4537074784220119,0.38971408612986025,0.18542615484711877,0.004735998917943823,56.666666666666664,0.7149433433206464,-0.0248330059776671,0.014013198839809048,0.17246086639970695,0.2928417934194807,0.8333333333333334,20.0,0.09278890792759227,0.7278445804270606,0.5301873504815067,0.9792438718133345,1.1486743383589866,-0.5400795684671698,5.800610687022909,0.0,1.1642030154070768,0.07587346483450165,0.0887330596434102,-0.007655084904024674,1.0,0,1,0,20139.6378515,12.0,5.0,0.0,0.0,0.0
388639742,XAUUSD,SELL,7.587355479362522,56.58079279900755,-0.17461015875148655,215.72207561727927,29.177872588806842,0.2917787258880684,0.42095008001388706,0.3615769709361365,0.15243516761541143,0.004674297519436406,59.166666666666664,0.7224039628371615,-0.016164390302061363,0.009061150185206009,0.1800045861041044,0.2965853161616608,0.8333333333333334,20.0,0.09271188376419463,0.7298985835936508,0.5622249392403099,0.9807227568490509,1.181084707987456,-0.613681415016554,4.798416886543597,0.0,1.1642027829406598,0.07587345783409169,0.0886625731318314,-0.02883339585066571,1.0,0,1,0,20134.48776745,12.0,5.0,0.0,0.0,0.0
388639752,XAUUSD,BUY,43.52603056103143,44.207835130975646,-1.3004799950286077,217.8152830148274,29.6352943492952,0.296352943492952,0.6282983892186668,0.24721999133251282,0.8126984126983854,0.0035391721593681993,82.5,0.7524309094845244,-0.030933620055917113,0.016567120754209668,0.20806172675269485,0.3112270133743796,0.8333333333333334,20.0,0.09182092148528684,0.6966494073345022,-0.9340321621375868,0.10250246910956799,0.8115782738103501,-1.5621749846684638,3.3559156579461047,0.0,2.5414443402728852,0.43525980846505946,0.08784687256082763,-0.03493786062515432,0.0,0,1,0,20109.8211483,12.0,5.0,0.0,0.0,0.0
388639754,XAUUSD,SELL,43.526030561031426,38.826280708522134,-1.5483602255073703,218.24704851376828,30.627489792990644,0.3062748979299064,0.5822657335102773,0.22910727142025486,0.8284883720929836,0.003642882808553256,81.66666666666667,0.7536507393676183,-0.03365583831776026,0.029054638228815016,0.23528097918341886,0.3261899782141087,0.8333333333333334,20.0,0.0916392690586067,0.6973340750566976,-0.8985477492194593,0.11661805847520605,0.8317271394250314,-1.4409610326263484,3.806265984654709,0.0,2.5414435275548097,0.43525976916189096,0.08768048305861831,-0.046506929047241234,0.0,0,1,0,20104.688027383334,12.0,5.0,0.0,0.0,0.0
388639758,XAUUSD,BUY,43.52603056103143,52.661793504964905,-1.1546886941390573,218.5344021913563,31.548814133564985,0.31548814133564984,0.5399643830822941,0.21246272853170067,0.1743638077285473,0.003446748542442914,86.66666666666667,0.7442444529208326,0.0061792766869634185,0.005129258503912721,0.2072704368560742,0.2910754524786471,0.8333333333333334,20.0,0.09151877141287489,0.6827848859600327,-1.5340222679944073,-0.2359655885243749,0.6331751161011717,-1.5507321872432276,3.2502373267514595,0.0,2.541442658537025,0.4352597271360403,0.08757009467296745,0.001006706485542789,1.0,0,1,0,20099.988677766665,12.0,5.0,0.0,0.0,0.0
388639762,XAUUSD,BUY,52.63154105062955,59.11099825933098,-0.37654860558548764,219.45991821601638,34.64203502840797,0.3464203502840797,0.6370958851974897,0.1977196199229861,0.05993690851735197,0.0034992544585786827,81.66666666666667,0.7112089078216828,0.043260262364662974,0.026039103374203672,0.1988209351514305,0.27982330668488375,0.8333333333333334,20.0,0.0911328144226948,0.7079464247507388,-0.13533631273323543,0.3814335640979891,1.0121781548008333,-0.4671835253883503,5.061803713527874,0.0,3.2222025474411526,0.5263147800498931,0.0872164358510945,0.027112012290755022,1.0,0,1,0,20089.805717833333,12.0,5.0,0.0,0.0,0.0
388639764,XAUUSD,BUY,57.45464721280944,62.33897388925175,0.19398414021992183,219.8799240577295,36.27150732729379,0.3627150732729379,0.6781692163971076,0.18324609067924827,0.1808093994778144,0.003731899369733916,73.33333333333333,0.6657242860965601,0.05598704811189036,0.035735142855293986,0.1846099227833511,0.26578142706951763,0.8333333333333334,20.0,0.0909587361634207,0.7372159698746215,1.4390266295124172,1.1383891069405552,1.45468440652748,0.417985632450429,4.02965142598468,0.0,3.700845748127921,0.5745458051492278,0.08705688410396764,0.05662181326172856,1.0,0,1,0,20084.98765738333,12.0,5.0,0.0,0.0,0.0
388639768,XAUUSD,BUY,42.94975310843862,69.26227890398704,1.2395944448490241,220.57865900896067,38.15352905916997,0.3815352905916997,0.5828956196899336,0.23262956592932588,0.4945827232796766,0.004843559192628734,53.333333333333336,0.5804736323703701,0.0705747856716517,0.0589602148367489,0.12283038132019362,0.23125537270551644,0.8333333333333334,20.0,0.09067060290355437,0.7573280842141302,1.8827338128260358,1.666662047866431,1.7881753544096008,1.3013398853952496,4.335154394299349,0.0,2.505670814844769,0.42949700443357025,0.08679273908502975,0.10481521695650836,1.0,0,1,0,20074.822444766665,12.0,5.0,0.0,0.0,0.0
388639774,XAUUSD,BUY,36.96527345414526,61.1742957593226,1.011609584758308,221.68302618173698,38.888438400514374,0.38888438400514375,0.5471655169211131,0.2518187848979888,0.4227208976157407,0.005398548700558925,30.833333333333336,0.6566994870027685,0.012547437878933554,0.027917295551618457,0.17314519390643862,0.25107921413148465,0.8333333333333334,20.0,0.09021890554491027,0.7595104625786311,1.0661972899286078,1.6616212889156188,1.8652292569722408,1.0862754631236982,4.6905236907731345,0.0,2.1728456210967213,0.3696522718887183,0.08637850685239888,0.025937935344161705,1.0,0,1,0,20059.922631916666,12.0,5.0,0.0,0.0,0.0
388639778,XAUUSD,BUY,47.24680475789472,59.505649527284035,1.0423477781027968,222.06097665670185,39.67039267658863,0.3967039267658863,0.6050288203314822,0.21675990551052046,0.34058167980428805,0.006318411748515386,10.833333333333334,0.7007662971162183,-0.013545047008397567,0.02682633667635037,0.17576670803049016,0.2432665154108251,0.8333333333333334,20.0,0.09006535187368499,0.7912619281954741,1.7077132388020362,2.405169154246285,2.4128482934572424,0.6795870516001087,5.6227367171268465,0.0,2.79122666934106,0.4724674726532299,0.08623765029118978,0.012113789827008828,1.0,0,1,0,20049.988594933333,12.0,5.0,0.0,0.0,0.0
388639788,XAUUSD,BUY,66.10190483022102,66.48348282855028,1.5929766524720765,221.75548358960742,46.762747345536035,0.4676274734553603,0.6843447439739908,0.13966115129070855,0.40057940479322257,0.009898504948578477,0.8333333333333334,0.739104171850851,0.041727786154621194,0.05283402188196458,0.12167007034263883,0.1797475280194993,6.666666666666667,20.0,0.09018942700426327,0.840729171124138,1.4179010943161705,2.4811650938397323,3.177942257520703,0.8039428738282124,13.336201191264367,0.0,4.900001450998119,0.6610182461013401,0.08635146738441599,0.06385411431901773,1.0,0,1,0,20019.488176466668,12.0,5.0,0.0,0.0,0.0
388639790,XAUUSD,BUY,66.101904830221,61.28714712119757,1.0770194676862852,221.42294904749266,48.144115737299245,0.4814411573729924,0.6364173193145741,0.12988011714779532,0.3101749199309906,0.009555565382331148,2.5,0.7472284448817403,-0.0016708730700749027,0.03255103025294142,0.13201289728236165,0.19695338801872223,9.166666666666666,20.0,0.09032487412002733,0.8294321537079015,1.0406423317223727,2.085132610544073,2.9571024873508924,0.48143625022024045,7.21894815367386,0.0,4.899998808836678,0.6610181856891382,0.08647570148447985,0.024794177945946516,1.0,0,1,0,20013.988354449997,12.0,5.0,0.0,0.0,0.0
388639792,XAUUSD,BUY,68.84224532110346,65.14422587012018,0.9597749130423381,208.09630982981457,49.62255356471383,0.49622553564713834,0.6953944262410894,0.12832646768399578,0.37750111160513655,0.009286878043249281,3.3333333333333335,0.7501343308030441,0.004854557636801481,0.05277166348927335,0.7385939741750411,0.18587547290787418,35.833333333333336,20.0,0.09610934483343991,0.8133852539689311,0.6629546948400917,1.6440229936164865,2.677669622869249,0.21405350478173307,6.575017445917466,0.0,5.418905545253074,0.6884216174648219,0.09176695073320483,0.02191293062202185,1.0,0,1,0,20009.989058699997,12.0,5.0,0.0,0.0,0.0
388639794,XAUUSD,BUY,73.42221133032025,56.48901325896485,0.33249690685024635,196.04443055625637,51.32252911940001,0.5132252911940001,0.8253293745976662,0.12648569945377378,0.06778910057597268,0.008138408623886725,5.833333333333333,0.7522140172984243,-0.018652097635360517,0.01819076956561224,0.8752857505715045,0.23321244000798363,59.166666666666664,20.0,0.10201769029220575,0.8344815781590987,1.0389517850173675,1.9721598614054083,3.010028438324607,0.01880967689456004,0.3539238539238442,0.0,6.525028941080826,0.7342213419124546,0.09714276349861481,-0.030758333623098735,1.0,0,1,0,20004.989138066667,12.0,5.0,0.0,0.0,0.0
388639798,XAUUSD,BUY,72.67597057245014,62.43428111553745,0.09773396574391491,174.4662181837108,54.15457806275063,0.5415457806275064,0.8561509907441233,0.13547626104526866,0.25471698113207647,0.006759752780573005,15.0,0.7505699691596958,0.008944376346165912,0.053903032266383,0.7329617430960418,0.21419619447846194,100.0,20.0,0.11463537301496525,0.8156960075313466,0.6542098550579528,1.4996842151504695,2.63336749785889,-0.3264532165061491,0.21052631578947958,0.0,6.31951800721781,0.7267589728291807,0.10852733171195407,-0.006190310142807707,1.0,0,1,0,19994.688080633336,12.0,5.0,0.0,0.0,0.0
388639800,XAUUSD,BUY,74.1255389446921,59.216686406491995,-0.09439015137388562,164.68648831344575,55.5810752686036,0.555810752686036,0.8968567025738782,0.13326984636246,0.057893394542196504,0.006273931561497145,22.5,0.7527189229329693,0.016038362415488342,0.036996965129724446,0.9041278295605767,0.2431286282806172,100.0,20.0,0.12144287126903969,0.8361076639993149,1.2212470385154726,1.83515684736829,2.9450070034454265,-0.37771903657365996,0.3643276875215675,0.0,6.729579101904065,0.7412546698706024,0.1146161341078038,-0.006740079355429714,1.0,0,1,0,19989.571843316666,12.0,5.0,0.0,0.0,0.0
388639804,XAUUSD,BUY,25.90674035186975,57.94886666570831,0.5648002219524031,24.758300543990583,47.36008851282098,0.4736008851282098,3.120491897738942,5.302654586997171,0.22844509948414676,0.0071074415035918825,30.0,0.6945620159025054,-0.037134744784005795,0.34752449013890596,0.6607629427792041,0.8599136262269642,100.0,20.0,0.8078098884236409,0.4959243085880678,0.5861359471576298,1.2487302998199226,1.1946065005646886,-0.2519153011917434,0.7257383966246135,0.0,0.5884771972350628,-0.25906737276209446,0.5921161062331508,-0.10178404594139638,1.0,0,0,1,19508.440578233334,12.0,5.0,0.0,0.0,0.0
