signal_id,symbol,signal_dir,adx_14,rsi_14,macd,atr_14,h1_adx,h1_trend_strength,plus_di,minus_di,er,bbw,bbw_pct,hurst,mm,ema20_dist_atr,body_ratio,pullback_depth,atr_pct,spread_num,spread_atr,donchian_q,dev_z_ema20,dev_z_ema60,dev_z_ema200,macd_slope3,body_wick_ratio,extreme_reversal,di_ratio,di_net,spread_atr_log,close_mom_atr,trend_aligned,session_asia,session_eu,session_us,event_proximity_min,macro_risk_score,sentiment_risk_score,ds_fake_prob,ds_sl_coeff,ds_continuity,r_dist_atr,sl_mult_used,entry_atr_ratio
1515903,XAUUSD,BUY,35.23,56.8,1.5459,2.78,21.16,0.539,1.224713130707793,0.6444507138880039,0.4516889238020579,0.002115688348809752,92.5,0.7265198382367154,-0.003984896037643213,0.004542674356164562,0.007964844822849898,1.1178206334292813,95.83333333333334,20.0,0.39851002974306315,0.39822485207100844,0.01640513825115173,0.7614612106591991,0.3290196144287509,-0.979167823896009,70.37254901957837,0.0,1.9003954901741944,0.31043940211986476,0.33540740542040487,-0.05718618926812739,0.0,0,1,0,1988.9900564166667,12.0,6.0,0.61999999999999999555910790149937383830547332763671875,1.149999999999999911182158029987476766109466552734375,55,2.0,2.0,-87.28039565205717
1515905,XAUUSD,BUY,33.34,47.77,1.0983,2.72,21.16,0.539,1.340239746373409,0.6118258891688939,0.4931009440813505,0.0021293640361740853,91.66666666666666,0.7243057181808468,-0.004685260875187164,0.03737925900182995,0.051739005461344745,1.1795345015884457,96.66666666666667,20.0,0.4074385152291721,0.39536489151874055,-0.0990228322322796,0.7149944392368145,0.30906213601737476,-0.5616816723074906,124.55172413794628,0.0,2.190553847991205,0.37315009843511554,0.34177139640378135,-0.040743851522917214,0.0,0,1,0,1984.9906870833333,12.0,6.0,0.61999999999999999555910790149937383830547332763671875,1.149999999999999911182158029987476766109466552734375,55,2.0,2.0,-90.52187496671961
1516542,XAUUSD,BUY,24.0,64.58,3.0929,3.88,34.64,0.988,33.01529573992235,11.689979937917933,0.20308250226653068,0.004447340315018162,32.5,0.7097136996875412,0.9900286505022882,1.5338073782718504,0.6666666666667778,0.9811800714229609,59.166666666666664,17.0,4.310093337000208,0.9136661211129417,1.7945061016643744,2.875308711991349,2.3376588862220484,1.819232846732318,1.3937499999994103,0.0,2.8242386292378856,0.4770201056059015,1.6696094126888565,2.5378843707866485,1.0,1,0,0,26204.6064094,15.0,8.0,0.7199999999999999733546474089962430298328399658203125,1.1999999999999999555910790149937383830547332763671875,68,2.4,2.4,-48.33749998754167
1516544,XAUUSD,BUY,24.73,57.67,2.9332,3.89,34.64,0.988,30.237729140994418,17.297557702328568,0.10860484544692973,0.004449810279309287,32.5,0.7156017148580498,-0.18293584477231356,0.6221202580235227,0.711252653927885,1.7929805289880856,57.49999999999999,17.0,4.251139329539351,0.8416530278232425,1.2365501735770963,2.283720299991114,2.1181891669885617,1.2088802617592849,0.49999999999975014,0.0,1.7480922979566975,0.27222242729058144,1.6584450682095033,1.7804771780188067,1.0,1,0,0,26199.48939601667,15.0,8.0,0.61999999999999999555910790149937383830547332763671875,1.149999999999999911182158029987476766109466552734375,58,2.3,2.3,-49.035861169913396
1516588,XAUUSD,BUY,31.12,58.21,0.854,3.71,37.21,1.0,29.508311431848334,11.80585907812368,0.33263157894738504,0.002848627122953842,40.833333333333336,0.6676645076569323,0.828545019741288,1.2478071599825113,0.8964346349745784,0.592426545641965,60.0,20.0,5.19672408457922,0.328028747433289,0.009562031398084165,0.14718580846333632,0.7398074951826588,0.36119214164839053,1.0616438356178208,0.0,2.4994630832977083,0.42848377945693056,1.8240207789576377,1.5434270531201606,1.0,0,1,0,25989.7250481,15.0,15.0,0.61999999999999999555910790149937383830547332763671875,1.1999999999999999555910790149937383830547332763671875,55,2.4,2.4,-51.919002681423144
1516593,XAUUSD,BUY,33.41,57.97,1.4791,3.42,37.21,1.0,26.74766755247467,11.215748565899382,0.3651791326210007,0.003097812003559567,35.0,0.7012617886105367,0.7025948344666713,0.8044270702812181,0.529680365296834,0.8632791500069497,85.83333333333333,20.0,5.679468092151053,0.6216632443531799,1.2838203528431633,1.4430193581615152,1.2301671700756924,0.9452454438229322,4.18367346938999,0.0,2.384831026701852,0.4091285812903796,1.8990383574546674,0.19594164917909768,1.0,0,1,0,25974.9904525,15.0,15.0,0.419999999999999984456877655247808434069156646728515625,1.149999999999999911182158029987476766109466552734375,55,2.0,2.0,-56.254239749633065
1516595,XAUUSD,BUY,33.2,53.76,1.3635,3.33,37.21,1.0,24.59835137191595,17.385768202028594,0.1065440778799449,0.0029102500899406266,38.333333333333336,0.7024002668726852,0.35271284141799275,0.09599315834406467,0.7975000000001273,1.7577716396199214,83.33333333333334,20.0,5.6248692467837484,0.5600616016427156,0.8314854395116458,1.1069263981953898,1.1082024908972166,0.6136228949851079,0.8879310344826504,0.0,1.414855511198537,0.17179312252555567,1.8908306353429933,-0.03937408472757832,0.0,0,1,0,25969.9902882,15.0,15.0,0.419999999999999984456877655247808434069156646728515625,1.149999999999999911182158029987476766109466552734375,51,2.0,2.0,-58.30315313564428
1516609,XAUUSD,SELL,28.3,34.17,-4.7095,4.43,35.32,1.0,16.499751494529285,28.990571249644844,0.30912364945978366,0.0074536310233106915,0.8333333333333334,0.7181788700953816,-0.3120751465862988,1.2982338290388231,0.8589385474860002,4.328452187062978,1.6666666666666667,20.0,4.194236615371036,0.024919093851146375,-1.6240070609586397,-3.079360060975507,-1.2245198508907007,-1.2747552337171637,9.451612903245207,0.0,0.5691419732058383,-0.27458190505217583,1.6475496677229655,-1.7993275079941593,0.0,0,1,0,25899.987800266666,15.0,15.0,0.61999999999999999555910790149937383830547332763671875,1.149999999999999911182158029987476766109466552734375,58,2.3,2.3,-48.3791196279051
1516611,XAUUSD,SELL,26.99,40.23,-4.3474,4.44,35.32,1.0,17.963325872208447,27.69068237608386,0.23821417421168187,0.007567394800519657,0.8333333333333334,0.7263707477440963,-0.692877315987298,1.0735586413752807,0.2405498281785685,4.3035554199681405,5.0,20.0,4.314341273150861,0.2412112774103786,-0.7561746029882519,-1.8616192286340663,-0.6253392225634639,-0.7267912817285175,0.16422764227646797,0.0,0.6487137073591753,-0.2130668623421998,1.6704090667943003,-0.18335950410899005,0.0,0,1,0,25894.937760133336,15.0,15.0,0.61999999999999999555910790149937383830547332763671875,1.1999999999999999555910790149937383830547332763671875,55,2.4,2.4,-47.48637386317854
1516613,XAUUSD,SELL,25.59,39.24,-4.251,4.49,33.57,0.952,19.189958966081388,24.968603133891623,0.295417614559654,0.0073570162420900686,2.5,0.7345345001692304,0.6137164235725145,0.9621557775259895,0.01522070015212251,4.199950275861099,0.8333333333333334,20.0,4.18947658440006,0.2672746404770197,-0.5988537265923858,-1.6635040565922166,-0.5557621551930906,-0.2167221869207126,3.1571428571450286,0.0,0.7685635473724188,-0.13086123646568035,1.6466328413020452,-0.8504637466331055,0.0,0,1,0,25889.820280683332,15.0,15.0,0.61999999999999999555910790149937383830547332763671875,1.1999999999999999555910790149937383830547332763671875,55,2.4,2.4,-47.144654777918625
1516615,XAUUSD,SELL,24.5,39.52,-4.0632,4.5,33.57,0.952,18.05532363235853,23.49229672805245,0.3043193717277688,0.007010143064909669,4.166666666666666,0.7418701555796336,0.9075882567203061,0.7533915594893295,0.1692307692307477,4.113385938459639,2.5,20.0,4.244980328647694,0.2637670992634296,-0.5686332905798168,-1.5832202064438798,-0.5624477550037094,0.1543773104847595,64.70000000036471,0.0,0.7685635454380623,-0.13086123627945137,1.6572714913450775,0.8659759870441142,0.0,0,1,0,25884.58646101667,15.0,15.0,0.7199999999999999733546474089962430298328399658203125,1.1999999999999999555910790149937383830547332763671875,58,2.4,2.4,-46.96877776733997
1516619,XAUUSD,SELL,21.85,39.07,-3.6491,4.55,33.57,0.952,20.345008401176777,24.625872117282086,0.0013026487190511526,0.005908020327325435,6.666666666666667,0.7536702343634242,0.3115301923410031,0.587602007041428,0.13636363636366322,3.703408018428286,5.0,20.0,4.266599099571838,0.31778323395301056,-0.34136756972291477,-1.2004265449322757,-0.4058080299665976,0.3134473845256843,3.9444444444412445,0.0,0.8261639416512278,-0.09519190132726606,1.661384822087296,1.6362407546858155,0.0,0,1,0,25874.989783166668,15.0,15.0,0.419999999999999984456877655247808434069156646728515625,1.1999999999999999555910790149937383830547332763671875,58,2.4,2.4,-46.66142856117298
1516627,XAUUSD,BUY,22.25,74.75,1.6897,5.98,34.69,0.99,41.0041638311877,11.307893396042452,0.7500807232806399,0.006574266231791221,5.833333333333333,0.7502074746007069,0.9966001449463989,2.7082350801480493,0.4837398373983572,1.198732352294483,0.8333333333333334,20.0,3.179661411921721,0.8057029177718932,2.0960761902804155,1.3691621202243132,1.167169222724211,1.6172551722303696,0.9876733436055578,0.0,3.626153764359382,0.567675435482815,1.4302302413232286,3.565990273470112,1.0,0,1,0,25834.921993816668,15.0,15.0,0.61999999999999999555910790149937383830547332763671875,1.1999999999999999555910790149937383830547332763671875,55,1.68,1.68,-30.476505011625832
1516631,XAUUSD,BUY,27.32,66.85,3.0921,5.94,34.42,0.981,36.62749665583309,10.10092119554545,0.5925925925926182,0.008370858498351596,0.8333333333333334,0.7455332163950783,0.9968605084987902,1.79160217711375,0.7506849315069265,1.8117247192246364,2.5,20.0,3.2940449440447934,0.7874743326488773,1.745458811658134,2.052172751365745,1.8065596329888438,1.9839078338251952,6.5844155844102925,0.0,3.626153726041567,0.5676754341861298,1.4572291661099632,2.760409663109423,1.0,0,1,0,25824.604695583334,15.0,15.0,0.7199999999999999733546474089962430298328399658203125,1.1999999999999999555910790149937383830547332763671875,68,2.4,2.4,-31.922474742100402
1516633,XAUUSD,BUY,29.17,68.45,3.736,5.86,34.42,0.981,37.815502826175994,9.061900837241668,0.65852417302802,0.009562398791167577,0.8333333333333334,0.738424371503623,0.9919001258944936,2.5954948049431,0.7878453038673996,0.6126370534206809,1.6666666666666667,20.0,3.182530147640352,0.7176591375770023,1.1841340439129904,1.5775415381402131,1.5130461055761353,1.4095544808466451,0.332116788321031,0.0,4.173020576184764,0.6133787097512495,1.4309163618959846,4.242312686804566,1.0,0,1,0,25818.987393966665,15.0,15.0,0.7199999999999999733546474089962430298328399658203125,1.1999999999999999555910790149937383830547332763671875,65,2.4,2.4,-31.945307161783873
1516636,XAUUSD,BUY,38.0,70.76,7.2515,6.76,35.09,1.0,40.40606618142633,8.022966121775212,0.5500741839762577,0.012429828368907212,0.8333333333333334,0.7298400832694506,0.8957137845157277,2.24713975126163,0.5561797752808936,1.341596988703457,0.8333333333333334,20.0,2.8423665014904955,0.9300198807157154,1.7557026297579907,3.143531637245002,3.323278887528187,1.011700912126448,0.7920277296359381,0.0,5.03629960937517,0.6686712050787589,1.3460884532091169,1.3415969887035863,1.0,0,1,0,25804.63720695,15.0,15.0,0.81999999999999995115018691649311222136020660400390625,1.1999999999999999555910790149937383830547332763671875,78,2.4,2.4,-26.059097629281027
1516643,XAUUSD,BUY,42.57,66.35,7.9353,6.79,35.09,1.0,33.345203294967924,8.185214605353016,0.35688405797102063,0.013250934463598828,1.6666666666666667,0.7621817833859473,-0.14827817490641768,1.5699351560337298,0.07623318385653424,1.4999987112832909,3.3333333333333335,20.0,2.92968498297524,0.8021868787276385,0.8307264300802022,1.8574281777473367,2.5146189967933124,0.27640794886723696,0.5870535714288561,0.0,4.073833225988651,0.6058207298607449,1.36855926566467,0.7250970332863452,1.0,0,1,0,25789.98901361667,15.0,15.0,0.81999999999999995115018691649311222136020660400390625,1.1999999999999999555910790149937383830547332763671875,78,2.4,2.4,-25.964580261271664
1516645,XAUUSD,BUY,42.93,61.45,7.433,6.6,35.09,1.0,31.33608903609019,11.112318192040034,0.22960969044416524,0.01308451941177597,3.3333333333333335,0.770206787960776,-0.7661614610524053,1.4227600028264298,0.01581722319846087,1.5343604145007077,5.0,20.0,2.964947660871089,0.7964214711729674,0.7349207664885473,1.7132384763054949,2.4555453279247734,0.1393155127722061,12.117647058818022,0.0,2.8199414086788317,0.4764317836221719,1.3774926547149677,-0.16751954283909787,1.0,0,1,0,25784.754097433335,15.0,15.0,0.7199999999999999733546474089962430298328399658203125,1.1999999999999999555910790149937383830547332763671875,78,2.4,2.4,-27.390833329183017
1516647,XAUUSD,BUY,43.38,65.8,7.5313,6.53,35.09,1.0,31.080468595211453,10.480103029232009,0.22335297268345242,0.012766600842282594,4.166666666666666,0.7756610709543854,-0.27006106554249376,1.1807169582009986,0.17958412098295362,1.6984067309081494,5.833333333333333,20.0,3.011359451964872,0.7942345924453397,0.6662334587769478,1.6000739336237486,2.408600626617602,-0.03831166014832678,62.222222222754446,0.0,2.9656641297184776,0.4956708790355678,1.3891301993183103,-1.1684074673624032,1.0,0,1,0,25779.502476233334,15.0,15.0,0.7199999999999999733546474089962430298328399658203125,1.149999999999999911182158029987476766109466552734375,78,2.3,2.3,-27.094869827397304
1516649,XAUUSD,BUY,43.45,61.55,6.9498,6.43,35.09,1.0,29.773519606344195,11.459584462986376,0.3374578177727832,0.012271408028918107,5.833333333333333,0.7779591948088305,-0.643064340514232,1.2341713601662974,0.24802110817931633,1.6061290735117146,7.5,20.0,3.1066326373533695,0.775745526838972,0.557737459737248,1.4313888742810201,2.286746821442865,-0.11395699031573912,4.568421052632607,0.0,2.5981323410441406,0.4441561001181992,1.4126033830441744,-0.1397984686809864,1.0,0,1,0,25773.98660941667,15.0,15.0,0.7199999999999999733546474089962430298328399658203125,1.1999999999999999555910790149937383830547332763671875,78,2.4,2.4,-28.05590979345921
1516651,XAUUSD,BUY,43.53,64.34,6.879,6.2,35.29,1.0,29.40084849074817,10.91321875180638,0.20539629005059765,0.01168094087349019,7.5,0.7791705819812262,0.13461299734729343,1.3239170633885355,0.27923627684968605,1.4496727359178259,10.0,20.0,3.1860939250943137,0.7944333996023836,0.5877027385924887,1.4314608872720829,2.352715342111919,-0.15367388647155122,3.031914893618699,0.0,2.6940581386058575,0.45859002935919774,1.4317680616828112,-0.5862412822172552,1.0,0,1,0,25769.988482666668,15.0,15.0,0.7199999999999999733546474089962430298328399658203125,1.149999999999999911182158029987476766109466552734375,78,2.4,2.4,-28.72733870504376
1516653,XAUUSD,BUY,43.87,63.12,6.6546,6.01,35.29,1.0,28.726714558579957,10.43253131831065,0.052924791086345936,0.01079014604391703,9.166666666666666,0.7785325137007627,-0.0507934142828803,1.0179965057649558,0.3829787234044612,1.7302249027024046,11.666666666666666,20.0,3.280047208914455,0.8190854870775462,0.6455552568717451,1.4543015919800513,2.4468189416996475,-0.16231856672298708,2.5811965811960165,0.0,2.7535706271583065,0.4671740316605888,1.453964039653074,-0.09840141626749331,1.0,0,1,0,25764.8204995,15.0,15.0,0.81999999999999995115018691649311222136020660400390625,1.100000000000000088817841970012523233890533447265625,78,2.4,2.4,-29.675457565777535
1516657,XAUUSD,BUY,44.89,64.97,6.4893,5.9,35.29,1.0,29.26494016618506,9.215562269956658,0.2118598382748972,0.008920258667124521,11.666666666666666,0.7767514373424805,0.7490209879797879,1.5593601600133284,0.21657754010682834,0.925770217640863,14.166666666666666,20.0,3.360327468750731,0.873359840954277,0.8511469291560456,1.5193158161505333,2.643454998177832,-0.13227049149465878,0.4439461883409096,0.0,3.1755997228721426,0.5210269124857029,1.4725471620521504,0.8131992474375485,1.0,0,1,0,25753.98598655,15.0,15.0,0.81999999999999995115018691649311222136020660400390625,1.1999999999999999555910790149937383830547332763671875,78,2.4,2.4,-29.764322028853275
1516666,XAUUSD,BUY,47.62,61.01,5.8468,5.32,35.29,1.0,25.663779239443723,10.00555930158196,0.16019682886824227,0.004090789762034951,39.166666666666664,0.7524374119943729,-0.48037536954249427,0.49901854551069796,0.578602620087266,1.5400708902359113,19.166666666666668,20.0,3.6887925514635014,0.8874751491053711,1.1066099664938516,1.1674735868511272,2.433878166698712,-0.25384616072721283,3.2674418604668256,1.0,2.5649517334262706,0.4389826147426196,1.5451750975982674,-0.36519046259480614,1.0,0,1,0,25728.98559526667,15.0,15.0,0.7199999999999999733546474089962430298328399658203125,1.25,68,2.4,2.4,-32.894642850959464
1516668,XAUUSD,BUY,46.4,59.58,5.328,5.24,35.29,1.0,23.460330276899203,10.728782025397027,0.29863013698629226,0.0030023866042576354,59.166666666666664,0.7449676885341324,0.11032420253214811,1.191954407781615,0.6858006042296131,0.6899792458943851,18.333333333333332,20.0,3.6314697152334316,0.8339960238568703,0.5986871372295489,0.9286128419888791,2.149526294598252,-0.8379322473236901,0.7283018867926626,0.0,2.186672078404814,0.3723860323293934,1.5328742508226905,0.310490660652465,1.0,0,1,0,25724.98780103333,15.0,15.0,0.7199999999999999733546474089962430298328399658203125,1.149999999999999911182158029987476766109466552734375,78,2.5,2.5,-33.51135495543647
1516670,XAUUSD,BUY,45.73,63.74,5.4763,5.21,35.29,1.0,25.537577504006673,10.1921034573201,0.3396388650042804,0.0028443922801673557,63.33333333333333,0.7358158419920414,0.16928848393576132,1.5402725670613249,0.6896551724138097,0.2229111343803778,20.833333333333336,20.0,3.7151855730068597,0.9244532803180882,1.9787646389756723,1.1905532476762026,2.514802790265973,-0.9967567376848852,0.45814977973567045,0.0,2.5056236041287097,0.42948812316035356,1.5507882733187324,0.5962872844676077,1.0,0,1,0,25719.905237000003,15.0,15.0,0.7199999999999999733546474089962430298328399658203125,1.1999999999999999555910790149937383830547332763671875,68,2.4,2.4,-32.98071016641424
1516673,XAUUSD,BUY,45.59,63.07,5.5493,5.0,35.51,1.0,24.74558283536789,11.906796826313904,0.20347155255547175,0.003200737207811829,54.166666666666664,0.7124593055413443,0.5991946082368691,1.1492816665648355,0.4869358669834119,0.5337703569522436,23.333333333333332,20.0,3.9392646269537748,0.9932699920823408,2.450473569884174,1.2987757210581667,2.7299762572389303,0.016168460152297705,0.6504065040654193,0.0,2.0782735372125325,0.35028518686308113,1.5972164591784102,0.5219525630714826,1.0,0,0,1,25709.57309228333,15.0,15.0,0.7199999999999999733546474089962430298328399658203125,1.1999999999999999555910790149937383830547332763671875,68,2.4,2.4,-34.073899993184995
1516675,XAUUSD,BUY,44.54,63.81,5.4026,4.87,35.5,1.0,23.513132838623818,11.204022143349029,0.2432432432432725,0.0033826293175984617,49.166666666666664,0.6957173131788424,0.9260183060511996,1.4058601661264494,0.4758454106280432,0.18362706248146127,24.166666666666668,20.0,3.9918926626401467,0.946716476602438,1.6493950456612723,1.1047192270831836,2.50917508148257,-0.07090416791735772,1.0536585365852014,0.0,2.098633012248084,0.35455412020691995,1.6078151289609874,1.0897866969007675,1.0,0,0,1,25703.989731983333,15.0,15.0,0.7199999999999999733546474089962430298328399658203125,1.1999999999999999555910790149937383830547332763671875,68,2.4,2.4,-34.86437370947322
1516683,XAUUSD,BUY,41.08,56.76,4.3147,4.39,35.54,1.0,20.50209311842763,13.612525566844981,0.16210045662102565,0.0032100396423907305,57.49999999999999,0.7032027463386387,-0.15079322500385095,0.631560069110418,0.1077586206896687,0.9141184444602797,39.166666666666664,20.0,4.536567962582319,0.926616191030873,0.8921723069849269,0.8790295296271718,2.3677622790531974,-0.965873727120171,2.879999999999806,1.0,1.5061196037158198,0.20195352066483385,1.7113748074500186,-0.6124366749485719,1.0,0,0,1,25684.7566864,15.0,15.0,0.81999999999999995115018691649311222136020660400390625,1.100000000000000088817841970012523233890533447265625,72,2.3,2.3,-39.29145784981944
1516685,XAUUSD,BUY,39.52,56.4,4.0124,4.26,35.54,1.0,19.579684145018227,13.40000458990459,0.30095846645362534,0.002896507446455132,67.5,0.7026487469180323,-0.6650875966649038,0.41460394257572664,0.3000000000000674,1.1314394770564533,40.833333333333336,20.0,4.665729802294303,0.9217627645117505,0.7844439582609454,0.8254947696786024,2.3260940736275995,-1.0626405518071886,8.279999999998836,1.0,1.461169849046133,0.18737834117856658,1.7344357127128718,-0.3475968702710868,1.0,0,0,1,25679.60662345,15.0,8.0,0.7199999999999999733546474089962430298328399658203125,1.1999999999999999555910790149937383830547332763671875,68,2.4,2.4,-40.51866196231925
1516687,XAUUSD,BUY,38.2,61.67,3.9308,4.2,35.54,1.0,21.214183293904036,12.5614543255882,0.20378457059680066,0.0026735121600529937,75.0,0.7231157559453181,0.1588155532567921,0.9412254242596848,0.7096774193548782,0.520476975828363,41.66666666666667,20.0,4.710198876274701,0.9058435255290168,0.5548642724471976,0.7422432503462437,2.237389207906551,-1.1382165244391866,2.3333333333325847,1.0,1.6888316476109162,0.2561825422694529,1.7422538525315623,-0.18840795505103086,1.0,0,0,1,25673.989660950003,15.0,8.0,0.7800000000000000266453525910037569701671600341796875,1.149999999999999911182158029987476766109466552734375,72,2.4,2.4,-40.35702379991475
1516689,XAUUSD,BUY,37.43,61.48,3.7998,4.07,35.54,1.0,20.30909374940683,12.025527921245496,0.13698630136987344,0.0024361138664885807,87.5,0.7237490855608157,-0.2788492488525428,0.43860235139331616,0.8089430894307936,1.0222103066422417,44.166666666666664,20.0,4.856105969796831,0.9570957095709566,1.3516802243474666,0.8623513951226354,2.4529344015853067,-0.8712915965723846,0.4090909090908308,0.0,1.6888316416192526,0.25618254193142936,1.767484872430532,-0.32050299400652016,1.0,0,0,1,25668.98932611667,15.0,8.0,0.7199999999999999733546474089962430298328399658203125,1.1999999999999999555910790149937383830547332763671875,68,2.3,2.3,-41.621498761272015
1516691,XAUUSD,BUY,36.02,55.87,3.3241,3.94,35.54,1.0,19.465621001061503,14.784182662298598,0.25907990314769586,0.0019338123126757512,97.5,0.7293803523242606,-0.18817124730260237,0.33477847282586465,0.14224137931033132,1.1378274709387861,52.5,20.0,5.012455819113636,0.9182682974179768,0.6704354853582134,0.7122369011031446,2.2530292187013914,-0.7996590428720698,0.23618090452276694,0.0,1.3166517303692,0.13668511060943467,1.7938332872325133,-0.3784404143431342,1.0,0,0,1,25664.99020288333,15.0,8.0,0.7199999999999999733546474089962430298328399658203125,1.1999999999999999555910790149937383830547332763671875,68,2.4,2.4,-43.626776638673235
1516693,XAUUSD,BUY,34.37,55.49,3.0376,3.84,35.54,1.0,19.731513198844592,13.988620509568099,0.19473684210527617,0.0018336309627085886,98.33333333333333,0.7280180344317196,-0.37626082563197,0.06834316243396112,0.35254237288136536,1.4250070507023795,58.333333333333336,20.0,5.10755215305519,0.9118617744127365,0.6244950274765824,0.6661499370139499,2.2095798367353727,-0.6804485625742391,6.030303030303698,0.0,1.4105402155136162,0.1703104907182866,1.8095260632954842,-0.45967969377501355,1.0,0,0,1,25659.856845066664,15.0,8.0,0.61999999999999999555910790149937383830547332763671875,1.149999999999999911182158029987476766109466552734375,58,2.4,2.4,-44.799348946666505
1516695,XAUUSD,BUY,33.2,57.47,2.8176,3.78,35.54,1.0,18.906968257765328,13.404060868469848,0.31467181467181804,0.0017645389790489467,98.33333333333333,0.7212862004132847,0.04740166356978537,0.2807805662484643,0.41441441441439963,1.2306820914700027,65.0,20.0,5.270587115503141,0.8916715200931876,0.1319461889841712,0.5825950763764123,2.0930141628395686,-0.8378118846579273,1.836538461538386,1.0,1.410540211116145,0.17031049049802205,1.8358699890972139,-0.1686587876961868,1.0,0,0,1,25654.690244216665,15.0,8.0,0.61999999999999999555910790149937383830547332763671875,1.1999999999999999555910790149937383830547332763671875,58,2.3,2.3,-45.20357141661252
1516724,XAUUSD,SELL,35.18,34.29,-4.3483,4.19,32.22,0.907,14.011521965863887,36.18800330480336,0.5693641618497128,0.006014800736517303,21.666666666666668,0.72691277935795,-0.9964584195550891,2.4051969565431164,0.2514285714286026,5.467066574294321,42.5,20.0,4.6449163757810785,0.3962946226841364,-1.6521937295852556,-1.341845853181924,-0.03707281229940575,-0.9689550799068508,0.5211267605631998,0.0,0.38718692105394964,-0.441766745354681,1.73075538363558,-2.8821706111721257,0.0,0,0,1,25549.54007766667,15.0,8.0,0.61999999999999999555910790149937383830547332763671875,1.149999999999999911182158029987476766109466552734375,55,2.3,2.3,-45.99033411790178
1516726,XAUUSD,SELL,35.55,34.06,-4.6292,4.22,32.22,0.907,14.745501406307984,32.66872180567656,0.27513966480446994,0.005874129920385462,23.333333333333332,0.7256134185524672,-0.6386045862269827,1.212682119516977,0.7330016583747252,3.987409212288758,40.0,20.0,4.515752222297611,0.3795752372345255,-1.5605719456015676,-1.5215874354217502,-0.09800698009384444,-0.8999125872426826,2.977272727272234,0.0,0.45136448994405703,-0.378013574981962,1.7076080391066137,-2.0907932789238433,0.0,0,0,1,25543.990066299997,15.0,8.0,0.61999999999999999555910790149937383830547332763671875,1.149999999999999911182158029987476766109466552734375,58,2.3,2.3,-45.8174170507538
1516728,XAUUSD,SELL,34.7,42.12,-4.1256,4.27,32.22,0.907,16.34509668782516,31.371916542632626,0.177215189873422,0.005544041653420595,27.500000000000004,0.7326116372108599,0.05598532899887421,0.9931361486083771,0.28151260504203446,3.9158564521468007,45.0,20.0,4.670073288189518,0.32729927007299375,-0.8288702708454476,-0.9702361007583257,0.2691197484060536,-0.3936755069660248,0.3642533936652841,0.0,0.5210104439938399,-0.3149153419833181,1.7352020432627426,-0.6257898206174634,0.0,0,0,1,25538.990084766665,15.0,8.0,0.419999999999999984456877655247808434069156646728515625,1.149999999999999911182158029987476766109466552734375,58,2.4,2.4,-44.20597188660263
1516729,XAUUSD,SELL,34.64,38.56,-3.9381,4.03,30.15,0.838,14.553277253863396,34.39141096706657,0.38149466192167997,0.005452531809431663,29.166666666666668,0.7401020025382515,0.22518848403319544,1.5853905959957957,0.6806083650189694,4.226864174029463,48.333333333333336,20.0,4.822434881950398,0.2790243902439001,-0.6193562498614376,-0.8073360862165647,0.33590360194947017,0.30907705023830356,4.950000000007958,0.0,0.4231660295831909,-0.40531739048656373,1.7617185388495682,0.7426549718205631,0.0,0,0,1,25529.87359776667,15.0,8.0,0.419999999999999984456877655247808434069156646728515625,1.25,58,2.4,2.4,-47.50607939267809
1516748,XAUUSD,BUY,21.26,54.97,1.6392,3.67,28.97,0.799,26.481582967359145,22.72719472555544,0.14266577361017668,0.006479870956456304,20.833333333333336,0.7552728589010578,-0.518260187634034,0.6372712288555675,0.7083333333332632,1.1348571186927183,85.83333333333333,20.0,5.442959801883446,0.6718699186991822,0.5797247841751298,0.7144481632954119,1.2130160036904813,0.31108856837347787,2.018518518518924,0.0,1.1651935983277564,0.07629509086646545,1.8629880310998619,0.18778211316486998,1.0,0,0,1,25464.82362831667,15.0,8.0,0.61999999999999999555910790149937383830547332763671875,1.149999999999999911182158029987476766109466552734375,58,2.3,2.3,-48.6129427660452
1516750,XAUUSD,BUY,20.23,55.04,1.6022,3.48,28.97,0.799,25.832632294336584,22.170248098488496,0.11784975878703677,0.006107864324468762,24.166666666666668,0.7552509170011774,-0.5934222832174187,0.7505706979735203,0.4583333333335544,1.0320999017502317,94.16666666666667,20.0,5.718004995846678,0.6221138211382149,0.32766516436967297,0.49194847692821775,1.0740562446479582,0.18335472493273458,0.4117647058824928,0.0,1.1651935970398175,0.07629509082751643,1.9047912348407143,-0.44314538717790947,1.0,0,0,1,25459.673541416665,15.0,8.0,0.7199999999999999733546474089962430298328399658203125,1.1999999999999999555910790149937383830547332763671875,62,2.3,2.3,-51.272844812852426
1516752,XAUUSD,BUY,19.34,55.44,1.6122,3.3,28.97,0.799,25.548796910414307,21.815220182670462,0.26364335126827315,0.005791490278668027,30.833333333333336,0.7556466521514197,-0.030286256492650675,0.7497660043063744,0.18918918918945493,1.060367260309577,99.16666666666667,20.0,6.0592414874832965,0.6403252032520491,0.38965260011473485,0.5498807343537815,1.107299102966363,0.05023983858344235,1.1818181818171296,0.0,1.1711454445719631,0.07882728024481002,1.9543376076997443,-0.6907535295730187,1.0,0,0,1,25454.52327885,15.0,8.0,0.61999999999999999555910790149937383830547332763671875,1.1999999999999999555910790149937383830547332763671875,55,2.4,2.4,-53.9665151351614
1516754,XAUUSD,BUY,18.52,55.17,1.5858,3.1,28.97,0.799,24.921542691037168,21.870677809081144,0.06129303106629491,0.0052611017045863726,39.166666666666664,0.7556447276018962,-0.7021265600650902,0.4822483965391679,0.7407407407409591,1.3685033758512843,100.0,20.0,6.365131980703379,0.6439024390243961,0.3873106452835227,0.5480425183214029,1.103750805479359,-0.011515926203661734,4.285714285706861,0.0,1.1394956191615435,0.06520025731089321,1.9967569697409135,-0.2864309391315363,1.0,0,0,1,25448.9901507,15.0,8.0,0.7199999999999999733546474089962430298328399658203125,1.1999999999999999555910790149937383830547332763671875,58,2.3,2.3,-57.46758062662291
1516787,XAUUSD,BUY,23.38,58.52,2.3567,2.95,25.24,0.675,33.34302952970096,9.77021478431736,0.7667386609072491,0.00445208352121445,45.83333333333333,0.7382480072753888,0.869783544701663,1.8515912802721586,0.04819277108429368,1.4957031400136966,74.16666666666667,20.0,6.460920691203721,0.9932118613790782,1.4889049476332208,1.7206200760702695,1.4837014731877627,0.8746656942765603,0.27004219409259383,0.0,3.4127219158476976,0.5467650271671586,2.009678823651849,1.0692823743943451,1.0,1,0,0,25229.704798833336,15.0,4.0,0.7199999999999999733546474089962430298328399658203125,1.1999999999999999555910790149937383830547332763671875,68,2.4,2.4,-58.965932183400966
1516789,XAUUSD,BUY,25.62,64.95,2.6421,3.09,25.24,0.675,28.947832721846293,8.482328907185689,0.15913312693498802,0.004331529953330096,50.0,0.7440982762476961,-0.6103065418431471,0.15348674597681705,0.8346972176760453,2.9599622393408866,71.66666666666667,20.0,6.040739263960881,0.8549953022236121,1.1656836068900374,1.5352831582142692,1.4242989344495007,0.6528018572291758,19.7500000000188,0.0,3.4127218628131333,0.5467650252416197,1.9517131737422353,-0.3171388113580012,1.0,1,0,0,25224.570847233335,15.0,4.0,0.7199999999999999733546474089962430298328399658203125,1.1999999999999999555910790149937383830547332763671875,68,2.5,2.5,-55.598543671327064
1516791,XAUUSD,BUY,27.15,54.27,2.1164,3.23,25.23,0.674,26.788154667071762,10.128523810942145,0.22532800912726697,0.004225292193964219,50.83333333333333,0.7507512182680004,-0.5572254180690913,0.5632387097002075,0.4553314121039541,2.4802687048466505,70.83333333333334,20.0,6.0200696719580495,0.6930786094581869,0.10621712706883317,0.6170893301013586,0.9873280973223556,0.18344574737519642,0.19803921568612484,0.0,2.6448229300017836,0.4512765257246775,1.9487731427688184,-0.237792752042332,1.0,1,0,0,25219.988070333333,15.0,4.0,0.7199999999999999733546474089962430298328399658203125,1.1999999999999999555910790149937383830547332763671875,65,2.4,2.4,-54.23823527732519
1516793,XAUUSD,BUY,28.65,59.87,2.1934,3.3,25.23,0.674,34.309238364811456,8.655506080442612,0.3290513833992354,0.004386943949636951,46.666666666666664,0.7541870726958434,0.7364022935327479,1.7672584211950206,0.7074829931972192,0.8476643998698151,68.33333333333333,20.0,5.5402901952268255,0.741935483870977,0.40090751535483343,0.8466659693403146,1.1039177854013416,-0.202986722347677,1.1962025316445677,0.0,3.9638623186311355,0.5970879617349759,1.877981536843525,0.8559748351625848,1.0,1,0,0,25214.921432533334,15.0,4.0,0.7199999999999999733546474089962430298328399658203125,1.1999999999999999555910790149937383830547332763671875,68,2.4,2.4,-52.278636347793906
1516795,XAUUSD,BUY,31.51,64.28,2.6408,3.65,25.23,0.674,34.97360068804485,7.311041905865363,0.3014403292181572,0.004604552100329885,42.5,0.7582258368944217,0.4752324371661707,1.6778999966611121,0.11471610660494538,0.9121842701562802,52.5,20.0,5.039692100311092,0.90416536172877,1.3162787195327657,1.6158263490353924,1.5099258397810913,-0.12008878766475309,0.41346153846165784,0.0,4.783667821178685,0.6541986979444098,1.7983530338776772,1.1036925699681568,1.0,1,0,0,25209.987869616667,15.0,4.0,0.7199999999999999733546474089962430298328399658203125,1.1999999999999999555910790149937383830547332763671875,68,2.3,2.3,-46.39438354893281
1516801,XAUUSD,BUY,40.13,62.6,3.7969,4.05,25.49,0.683,28.43829170189888,8.478827008540941,0.24366312346688584,0.004914362446782552,39.166666666666664,0.75270414771877,0.5568307662099852,1.2116139679017677,0.7697368421052435,0.9810387503381895,43.333333333333336,20.0,4.905193751690947,0.985329341317372,1.577614173465326,2.1815495726480387,1.8810824403194113,0.8012805417871427,0.9151515151507935,0.0,3.3540356843247983,0.5406560655303123,1.7758322605743686,1.8983099819043432,1.0,1,0,0,25189.855238666663,15.0,4.0,0.7199999999999999733546474089962430298328399658203125,1.149999999999999911182158029987476766109466552734375,68,2.3,2.3,-41.11839505157539
1516803,XAUUSD,BUY,40.9,63.61,3.7379,3.9,25.49,0.683,27.504273163590337,8.382815976716536,0.1433644030181744,0.004571156748203385,45.0,0.7525742927380786,0.29269610045711425,1.0493245058061886,0.21111111111125708,1.12398417994822,55.833333333333336,20.0,5.109018999764003,0.8802395209580858,0.9089915994133259,1.6188716800534595,1.576119504855291,0.43729684049956924,0.2991452991453324,0.0,3.2810299019988247,0.5328227257243514,1.8097662037894922,0.5517740519744752,1.0,1,0,0,25184.704757533334,15.0,4.0,0.7199999999999999733546474089962430298328399658203125,1.1999999999999999555910790149937383830547332763671875,68,2.4,2.4,-42.61525639932911
1516805,XAUUSD,BUY,41.74,63.63,3.6209,3.71,25.49,0.683,27.093279577213412,8.067353063050689,0.17306823316763448,0.004185277459623465,53.333333333333336,0.7507423677319631,-0.5261469755118239,1.007896417672171,0.05025125628157239,1.13841810139794,61.66666666666667,20.0,5.294967913478567,0.8678678678678522,0.8124377256397396,1.5069906702593152,1.521194959729545,0.12473662425127777,3.736842105259883,1.0,3.358384839126303,0.5411144380622095,1.8397505703393275,0.33887794646256086,1.0,1,0,0,25179.5715379,15.0,4.0,0.7199999999999999733546474089962430298328399658203125,1.149999999999999911182158029987476766109466552734375,78,2.4,2.4,-44.72493260249983
1516808,XAUUSD,BUY,42.71,61.95,3.4189,3.64,25.49,0.683,32.131471128629535,7.169410518024812,0.6455921638468116,0.004306971383498462,50.0,0.7431955039300134,0.6921121156855561,2.1336063610358345,0.8829268292682617,0.07601366276487803,51.66666666666667,20.0,5.0675775176554625,0.8708708708708661,0.8222448265336201,1.4746720194640186,1.5082495063351722,-0.25219657826379904,18.899999999934515,1.0,4.481744568274109,0.6351526716342012,1.8029594344175957,0.8336165016543143,1.0,1,0,0,25173.981959083336,15.0,4.0,0.7199999999999999733546474089962430298328399658203125,1.1999999999999999555910790149937383830547332763671875,65,2.4,2.4,-45.81579669070953
1516812,XAUUSD,BUY,46.38,63.92,3.7868,4.29,25.29,0.676,26.611254749194813,5.820665165529941,0.17694235588969703,0.003915284277696333,55.00000000000001,0.7370840338869143,0.21816920559502986,0.7688256719876339,0.11388888888897766,1.31182352408887,26.666666666666668,20.0,4.570813672782969,0.865347086701981,0.9957506196034859,1.6516097834189425,1.6123259624668473,0.07890478340976141,1.1393188854491605,0.0,4.571857239775578,0.6410532893913639,1.7175411245599417,-0.5804933364436367,1.0,1,0,0,25164.9886262,15.0,4.0,0.7199999999999999733546474089962430298328399658203125,1.1999999999999999555910790149937383830547332763671875,68,2.4,2.4,-38.00454544568634
1516814,XAUUSD,BUY,47.43,58.95,3.4107,4.27,25.29,0.676,25.13954612151971,6.22950258581845,0.06905116741179074,0.003788803991190748,56.666666666666664,0.7351956989032741,0.04879049237032751,0.4636592761858633,0.3603603603605867,1.604314010791221,28.333333333333332,20.0,4.6501855385249105,0.8237642001842007,0.7763262367142922,1.5195538633974945,1.527728244587569,0.03936398289835636,7.780487804871204,0.0,4.035561706513859,0.6028248771360657,1.7316883832961474,-0.04417676261610507,1.0,1,0,0,25159.92353265,15.0,4.0,0.7199999999999999733546474089962430298328399658203125,1.1999999999999999555910790149937383830547332763671875,68,2.4,2.4,-38.81955502603739
1516816,XAUUSD,BUY,46.49,51.48,2.8755,4.37,25.29,0.676,21.92757623724877,14.684504116012702,0.2969052224371359,0.0035888800397602797,60.0,0.7334346603337865,-0.6949990844463398,0.4042643432244537,0.4761904761905132,2.389326434889503,20.833333333333336,20.0,4.368055639651539,0.751440922190184,0.47551495421893575,1.299387911352224,1.416134306909172,-0.643124751826391,1.7749999999982569,0.0,1.4932458441066474,0.1978328424256831,1.680465764677426,-0.8364826549932538,0.0,1,0,0,25154.805534133335,15.0,4.0,0.61999999999999999555910790149937383830547332763671875,1.149999999999999911182158029987476766109466552734375,68,2.3,2.3,-38.69324941906313
1516846,XAUUSD,SELL,40.51,42.0,-5.8421,4.37,21.8,0.56,19.479351260404254,27.6946792821752,0.10082805650266162,0.007968193753478207,10.833333333333334,0.7768756709636908,0.9087906603030117,0.4831236874529816,0.7535545023696918,5.288743092704104,25.0,20.0,4.559261286813919,0.13592001904308515,-0.5694697354826191,-1.2335989376412069,-0.7728406362318649,0.1789486549949026,0.6108374384236144,-1.0,0.7033607559983828,-0.17414937314305565,1.715465237351715,1.543309945586611,0.0,1,0,0,25049.990457533335,15.0,4.0,0.61999999999999999555910790149937383830547332763671875,1.1999999999999999555910790149937383830547332763671875,55,2.4,2.4,-44.09828374276905
1516848,XAUUSD,SELL,38.78,40.35,-5.3787,4.25,21.8,0.56,18.229461443663215,26.360736248517313,0.13174273858919905,0.006767637825820071,13.333333333333334,0.7734223157975039,0.900493248150294,0.7897455685587491,0.4271099744245869,5.716087852379515,26.666666666666668,20.0,4.594925926350073,0.2113782432754121,-0.2415093995646067,-0.8977489525503336,-0.5260931286623111,0.3915966263040447,0.32704402515719133,0.0,0.6915383766320325,-0.18235565311082644,1.7218601024179956,1.1441365556610679,0.0,1,0,0,25044.90701085,15.0,4.0,0.419999999999999984456877655247808434069156646728515625,1.149999999999999911182158029987476766109466552734375,68,2.3,2.3,-45.61399998926698
1516874,XAUUSD,SELL,36.56,40.43,-3.3416,2.96,21.46,0.549,15.283274561480237,24.84517323130099,0.174968071519763,0.0028657656301005223,80.0,0.729902933930189,0.5924277633244491,0.38916691761603556,0.5112219451371747,3.302902193985671,71.66666666666667,20.0,6.612416804776263,0.05431107354185513,-0.8983637007641755,-0.8211232324237899,-1.1823430068412895,1.1033240492834187,6.446428571435474,0.0,0.615140566904366,-0.2382822899334414,2.029780704211273,0.400051216688976,0.0,1,0,0,24949.639311366667,15.0,4.0,0.61999999999999999555910790149937383830547332763671875,1.1999999999999999555910790149937383830547332763671875,55,2.3,2.3,-68.41537159850805
1516877,XAUUSD,SELL,33.7,44.26,-2.625,2.89,21.46,0.549,16.18814992121851,22.141388355393627,0.5590361445783405,0.0018178636866608175,84.16666666666667,0.7271945728518187,0.765237254055211,0.21208287876906362,0.3586956521739829,2.3065675884393224,73.33333333333333,20.0,6.83427433611651,0.12383770076078837,0.02483647136417973,-0.5616829393331867,-0.9110826475790698,1.401377969235168,1.3500000000008716,-1.0,0.7311262026687178,-0.15531724478117206,2.058508253282085,1.0012211902411683,1.0,1,0,0,24938.989272299998,15.0,4.0,0.419999999999999984456877655247808434069156646728515625,1.149999999999999911182158029987476766109466552734375,55,2.5,2.5,-69.68494807277314
1517015,XAUUSD,SELL,29.53,36.67,-9.9722,9.12,21.29,0.543,11.934456201830436,26.539684492545643,0.3092913385826779,0.015628665827935328,0.8333333333333334,0.7434400976183113,-0.5576122524981753,1.5512584436124293,0.6526315789473419,5.1049988464665645,6.666666666666667,20.0,2.188169244091976,0.05926060166726187,-1.2464723729174545,-2.7404786209349634,-2.9039239768312326,-0.7272551269310891,16.711111111118836,0.0,0.44968340733286144,-0.37961154290935395,1.159446847377069,-1.7166187719902108,0.0,0,1,0,24299.739727466665,15.0,15.0,0.419999999999999984456877655247808434069156646728515625,1.1999999999999999555910790149937383830547332763671875,55,1.5,1.5,-25.838760962078933
1517021,XAUUSD,SELL,30.9,39.56,-9.2035,8.31,21.29,0.543,13.064027861723568,22.921680907747056,0.05422222222223354,0.014505446954879788,4.166666666666666,0.7618711471537323,0.8151628617657651,0.7957662996582227,0.8436532507739609,4.829862593260822,10.0,20.0,2.3571803773844637,0.12703878216745526,-0.778089263648007,-1.9297802723125077,-2.4410903778528867,0.08554069703129258,1.1619433198386888,-1.0,0.5699419403123379,-0.2739324334346317,1.211101448274527,1.0536596286908082,0.0,0,1,0,24284.97382308333,15.0,15.0,0.7199999999999999733546474089962430298328399658203125,1.25,68,1.4997,1.4997,-28.076955471952072
1517023,XAUUSD,SELL,29.97,42.01,-8.4065,8.2,21.29,0.543,13.853526229769917,21.836783441824974,0.30473047304729783,0.014018802999351189,5.833333333333333,0.7662669318214298,0.8244822003272184,0.6850568401772851,0.08394160583942939,4.895955776444524,10.833333333333334,20.0,2.4183530631980985,0.2254440014497922,-0.4256666658649188,-1.437423465519933,-2.027107994578731,0.219266926519427,0.18532110091747742,0.0,0.6344123726951133,-0.22368135950155096,1.229158874618641,1.2285233561047264,0.0,0,1,0,24279.840367250003,15.0,15.0,0.61999999999999999555910790149937383830547332763671875,1.1999999999999999555910790149937383830547332763671875,58,1.5,1.5,-28.1889634111963
1517025,XAUUSD,SELL,29.26,41.32,-7.8839,7.86,21.29,0.543,13.510459098242656,21.2960198461225,0.033345822405408045,0.012603386729290452,7.5,0.7693003702831333,0.5505380010467413,0.6210877097035904,0.06959706959691095,4.823242848176287,12.5,20.0,2.5398856493818993,0.23432403044581773,-0.36969719536619106,-1.3294904452981573,-1.956123321361159,0.31695246510434005,10.91304347825898,0.0,0.6344123719573926,-0.22368135934240763,1.2640944241894565,1.2597832820934312,0.0,0,1,0,24274.990396283334,15.0,15.0,0.61999999999999999555910790149937383830547332763671875,1.25,55,1.5,1.5,-29.52283714637103
1517028,XAUUSD,SELL,26.81,44.78,-6.317,7.28,22.97,0.599,17.534264591494654,19.452598497599787,0.7168063520070554,0.009859058331282033,10.833333333333334,0.7680584081527644,0.9377395583664159,0.22371923971025137,0.6846473029046434,3.349901695340063,19.166666666666668,20.0,2.6906840926426603,0.29557810801013784,-0.1310008312349921,-0.9786159186387551,-1.6725261500009105,0.5528190943580924,0.4363057324844122,0.0,0.9013841360203898,-0.05186527577694138,1.305811831829726,1.3803209395257139,1.0,0,0,1,24264.890359716668,15.0,15.0,0.61999999999999999555910790149937383830547332763671875,1.149999999999999911182158029987476766109466552734375,45,1.5,1.5,-31.398282962719865
1517030,XAUUSD,SELL,24.88,47.29,-5.2633,7.1,22.97,0.599,16.80888661469562,18.64786063887502,0.5203125000000353,0.00868231248455691,12.5,0.7667574525168276,0.46789345564910423,0.2509569187214236,0.8824940047959994,3.1041758671364987,22.5,20.0,2.7777860108604693,0.35791953606378935,0.1544542164511272,-0.7059269441023083,-1.4280203964922633,0.7216648013011141,0.4606060606058919,0.0,0.9013841340207229,-0.051865275716427496,1.3291381266229856,1.261114848930643,0.0,0,0,1,24259.7568677,15.0,15.0,0.61999999999999999555910790149937383830547332763671875,1.1999999999999999555910790149937383830547332763671875,55,1.5,1.5,-31.81401408002607
1517032,XAUUSD,SELL,24.03,43.52,-5.1265,6.96,22.97,0.599,16.14315208748911,20.956704251186657,0.4795161919625404,0.00798775726877974,14.166666666666666,0.7634554845778224,0.3609908452172014,0.3037207135612892,0.13471502590686027,3.122931113965687,23.333333333333332,20.0,2.8729817055801172,0.2915911562160214,-0.1906204464025497,-0.923316198354779,-1.6511674293498881,0.7920737166038948,0.13315217391325368,0.0,0.7703096404705608,-0.12974584025366395,1.354024676942868,0.44818514607048265,0.0,0,0,1,24254.623380983332,15.0,15.0,0.61999999999999999555910790149937383830547332763671875,1.1999999999999999555910790149937383830547332763671875,45,1.4999,1.4999,-33.11343390328819
1517034,XAUUSD,SELL,22.95,46.85,-4.438,6.64,22.97,0.599,16.983290728302734,20.27127596172666,0.38354898336414306,0.0074726629436156706,15.0,0.7586557080819639,0.47279673151530444,0.14274275112343474,0.3529411764706232,3.0945405936560024,26.666666666666668,20.0,2.992785873941933,0.2819862268937914,-0.242492926577659,-0.9195221711050054,-1.6654684659395413,0.7464555892638619,6.423076923070061,0.0,0.8378007345254158,-0.08825723763005584,1.3844892012842984,0.5521689937422267,0.0,0,0,1,24249.973641166664,15.0,15.0,0.419999999999999984456877655247808434069156646728515625,1.1999999999999999555910790149937383830547332763671875,55,1.5,1.5,-34.188177705694436
1517036,XAUUSD,SELL,22.04,44.61,-4.1758,6.42,22.97,0.599,15.949667353631128,22.38869117527741,0.12332112332110985,0.005918426498310264,17.5,0.7524709654132319,-0.5176244940150948,0.6920255347671813,0.7353463587922286,3.7502603712646874,27.500000000000004,20.0,3.0268445288656887,0.3011960855382349,-0.11696119797727597,-0.8109211718674585,-1.578414356594644,0.6079290331087199,1.8333333333330526,0.0,0.7123983495223298,-0.16795251285572144,1.392983073938962,-0.10139929171701159,0.0,0,0,1,24244.84045918333,15.0,15.0,0.419999999999999984456877655247808434069156646728515625,1.149999999999999911182158029987476766109466552734375,55,1.5,1.5,-35.708644854250835
1517039,XAUUSD,SELL,21.72,42.06,-4.0529,6.19,22.97,0.599,15.017412489427006,20.739678603921995,0.06133333333335946,0.005058957677531957,20.0,0.7353782853651918,-0.3815415017732693,0.4682197133807536,0.12807881773386104,2.0088551206144754,31.666666666666664,20.0,3.216741586252218,0.255527364987303,-0.48840150389786074,-0.8939291712560405,-1.7038605114949321,0.40356224445726496,1.196202531645832,0.0,0.724090862357735,-0.16003164070378528,1.4390626938382243,-0.9907564085656598,0.0,0,0,1,24234.99043261667,15.0,15.0,0.61999999999999999555910790149937383830547332763671875,1.149999999999999911182158029987476766109466552734375,58,1.5,1.5,-37.5572697839162
1517041,XAUUSD,SELL,20.89,46.7,-3.5068,6.02,22.97,0.599,16.162959390535693,19.88123529877952,0.13683178028444917,0.0044520292964918785,21.666666666666668,0.7224905895637349,0.026561092644521368,0.11734834597339212,0.6103151862464877,1.7201723404182057,32.5,20.0,3.320796023973475,0.24628488582819996,-0.5274669288715547,-0.8884585610398438,-1.7211453780075572,0.26871084449688093,6.8076923077001785,0.0,0.8129755689050341,-0.10315879816805165,1.463439650090019,-0.06143472644349116,0.0,0,0,1,24229.890350483336,15.0,15.0,0.61999999999999999555910790149937383830547332763671875,1.25,45,1.5,1.5,-37.93679401363161
1517079,XAUUSD,SELL,28.08,42.76,-2.7348,3.75,28.48,0.783,14.317640301612823,21.31661446764171,0.21229050279325742,0.0031626116045604972,46.666666666666664,0.7630844364366918,-0.856009289920553,0.8811847737012645,0.10864197530856268,3.526228730516133,65.0,20.0,5.212459320792608,0.04747180793015084,-1.0753463976425786,-0.9901274926862955,-2.014437476333191,-0.502644983547431,3.9999999999937987,0.0,0.6716657399645256,-0.19641140287452413,1.8265568434403607,-1.2848712225754537,0.0,0,0,1,24089.823548233333,15.0,8.0,0.7199999999999999733546474089962430298328399658203125,1.1999999999999999555910790149937383830547332763671875,68,1.5,1.5,-63.93053331628486
1517081,XAUUSD,SELL,27.0,43.05,-2.6328,3.64,28.48,0.783,13.704935627096713,20.404397855543237,0.26530612244887947,0.0027617698470283115,55.00000000000001,0.7592138008769094,0.26992710735656217,0.6954499380150279,0.013761467889795344,2.957945975978404,68.33333333333333,20.0,5.373198866446121,0.058405091725943215,-0.9812575250259805,-0.9826192375364147,-1.9444180899565155,-0.0770217016358167,8.204545454552173,-1.0,0.6716657385558561,-0.1964114026281057,1.8521015203716078,-1.1794171511847673,0.0,0,0,1,24084.556634633333,15.0,8.0,0.61999999999999999555910790149937383830547332763671875,1.149999999999999911182158029987476766109466552734375,58,1.5,1.5,-65.86799448739868
1517094,XAUUSD,SELL,32.2,30.05,-3.8093,4.48,31.17,0.872,6.9890567632825,28.565112590273227,0.6966471527408478,0.0044162082052073195,24.166666666666668,0.6791330478780131,-0.9838134110396025,1.8276691831835463,0.4496124031007315,3.7456285602872423,50.83333333333333,20.0,4.370628425072777,0.17993874425727743,-1.7450890842968019,-2.555761266493837,-2.10985278801072,-3.179325065984403,28.11111111116426,0.0,0.24467106497564778,-0.6068502122939547,1.6809449268270815,-2.229020496787076,0.0,0,0,1,24029.990455533334,15.0,8.0,0.7800000000000000266453525910037569701671600341796875,1.25,72,1.5,1.5,-55.95970980893729
1517096,XAUUSD,SELL,34.17,28.93,-4.0923,4.32,31.17,0.872,6.772740788396804,27.876481179265433,0.6712802768166575,0.004628956498684337,21.666666666666668,0.6965069837970567,-0.9157450869322992,1.9196462585787433,0.5105263157897054,4.025215810844825,55.00000000000001,20.0,4.561151060447253,0.13680449208781373,-1.7401193836057505,-2.7283409556349643,-2.1621024266559976,-2.1739201036074753,1.2241379310346991,0.0,0.2429553608968056,-0.6090682151967602,1.7158051120960163,-2.729848909677739,0.0,0,0,1,24024.9403411,15.0,8.0,0.7199999999999999733546474089962430298328399658203125,1.1999999999999999555910790149937383830547332763671875,78,1.5,1.5,-58.30312498650364
1517098,XAUUSD,SELL,36.31,26.78,-4.3771,4.18,31.17,0.872,6.431977673787408,29.606030836747255,0.6588868940754329,0.0048145052616434285,21.666666666666668,0.7172781326501217,-0.7194502375740356,1.9725737693836645,0.3278145695364029,4.256690619120984,60.0,20.0,4.664866431913406,0.13345410628019588,-1.671185608977084,-2.66049979600131,-2.1685301002320103,-1.4949356114681964,0.9587628865970489,0.0,0.2172522717415977,-0.6430447596220759,1.7342833164285596,-1.8169654752302633,0.0,0,0,1,24019.80688075,15.0,8.0,0.81999999999999995115018691649311222136020660400390625,1.1999999999999999555910790149937383830547332763671875,78,1.5,1.5,-60.636244004632246
1517105,XAUUSD,SELL,45.6,21.81,-5.3543,4.09,31.34,0.878,6.484794869312007,32.794207605281,0.753209700428014,0.006097516497062105,16.666666666666664,0.7597682368665206,-0.7056859783595582,1.777385586425227,0.44444444444427933,4.624573199941666,64.16666666666667,25.0,5.941126926954853,0.11605973277443758,-1.4969669459353048,-2.4568662513184085,-2.246412124201799,-0.8096627258707702,12.533333333364459,0.0,0.1977420753574072,-0.6698085595014348,1.9374641427418782,-1.1026731576428985,0.0,0,0,1,23999.840252183334,15.0,8.0,0.81999999999999995115018691649311222136020660400390625,1.1999999999999999555910790149937383830547332763671875,78,1.5,1.5,-63.20036673271355
1517107,XAUUSD,SELL,46.97,25.61,-5.2467,4.02,31.34,0.878,6.24945535122018,31.604073889478684,0.7006920415225302,0.006311758070458145,16.666666666666664,0.7645835008722672,-0.7768346398704755,1.9902961357980147,0.703883495145406,5.154727580664332,69.16666666666667,25.0,6.165942082134476,0.15116583704481074,-1.1283559739818543,-2.1308331305552817,-2.120856401450383,-0.6176202696124723,1.250000000000836,0.0,0.1977420751303398,-0.6698085588592754,1.9693395365356257,-1.2677176920867048,0.0,0,0,1,23994.98988455,15.0,8.0,0.7199999999999999733546474089962430298328399658203125,1.149999999999999911182158029987476766109466552734375,78,1.5,1.5,-64.10932834226118
1517114,XAUUSD,SELL,53.16,26.58,-5.868,4.14,31.46,0.882,8.082367911540617,34.30793568968937,0.5068153655513764,0.006768538554029716,18.333333333333332,0.7668836730224126,-0.7898569932577558,1.6959174899081175,0.10000000000011736,5.509170526923013,67.5,25.0,5.983026202131979,0.12117647058824814,-1.1058561364213557,-1.979238931889601,-2.165599203081356,-0.4998890061305837,2.1811594202891817,0.0,0.2355830367953788,-0.6186690099270437,1.943482376131236,-0.7514680909876372,0.0,0,0,1,23974.50663956667,15.0,8.0,0.7199999999999999733546474089962430298328399658203125,1.1999999999999999555910790149937383830547332763671875,78,1.5,1.5,-63.12548307653953
1517117,XAUUSD,SELL,48.87,46.87,-4.6493,4.47,33.73,0.958,19.22296190340622,27.83135963242121,0.026048565121419648,0.0058446992022966205,25.0,0.7631302345253246,0.9802649751216738,0.11872713728174907,0.4604316546762684,3.4629517003592163,55.833333333333336,25.0,5.62898520864628,0.2917647058823658,-0.03978421438484315,-1.1385795375502203,-1.7101235236659922,0.6152853915343782,0.0584415584415362,0.0,0.690694291137641,-0.18294594981067913,1.8914517319468058,1.0357332783907927,1.0,0,0,1,23904.689947783332,15.0,8.0,0.7800000000000000266453525910037569701671600341796875,1.1999999999999999555910790149937383830547332763671875,72,1.5,1.5,-56.724720345251406
1517119,XAUUSD,SELL,46.61,47.15,-4.0111,4.25,33.73,0.958,18.124271454855304,26.240655288731677,0.1364303178484102,0.005211246587611876,27.500000000000004,0.7596309241911556,0.9405570941885243,0.2591167714078511,0.45714285714270125,3.9231265591371227,59.166666666666664,27.0,6.172751579061959,0.31200000000000516,0.08311537291963642,-1.0330312875743626,-1.636282208027016,1.204796616111053,1.1718749999999556,0.0,0.6906942896332311,-0.1829459495749908,1.970289343763579,1.9272702152405226,0.0,0,0,1,23899.48981636667,15.0,8.0,0.7199999999999999733546474089962430298328399658203125,1.1999999999999999555910790149937383830547332763671875,68,1.5,1.5,-59.62105880950077
1517121,XAUUSD,SELL,44.79,41.38,-3.7909,4.22,33.73,0.958,17.002957033115088,26.910440152539806,0.03960396039604406,0.004291875575185244,36.666666666666664,0.7571134807456095,0.7771560067608917,0.621369918102629,0.4906666666667055,4.388511275991995,63.33333333333333,25.0,5.77435694209473,0.28345679012346847,-0.20039635236294104,-1.1637201870787466,-1.6942686767525243,1.598164745747619,1.187500000000746,0.0,0.6318349423086418,-0.22561412982749254,1.9131444459649471,1.3327215822353544,0.0,0,0,1,23893.990020300003,15.0,8.0,0.7199999999999999733546474089962430298328399658203125,1.1999999999999999555910790149937383830547332763671875,78,1.5,1.5,-60.8292653884288
1517123,XAUUSD,SELL,44.1,35.18,-3.9063,4.37,33.73,0.958,15.146131577319256,31.63190692952206,0.17160243407706394,0.003905597000204669,48.333333333333336,0.7542548382968887,0.05534095822562861,1.2951100914941334,0.5449275362318126,4.083672487438128,53.333333333333336,25.0,5.539436363860912,0.23802469135803278,-0.5776584372870784,-1.291623298091027,-1.7521754901466235,1.3363795559792926,1.0380434782607084,0.0,0.4788244708812955,-0.3524255297144668,1.8778509788592632,0.1595357672792507,0.0,0,0,1,23889.99038906667,15.0,8.0,0.7199999999999999733546474089962430298328399658203125,1.1999999999999999555910790149937383830547332763671875,78,1.5,1.5,-59.76418762934436
1517125,XAUUSD,SELL,43.56,34.9,-3.9374,4.46,33.73,0.958,14.033856512201316,29.308978387654342,0.06339468302659278,0.003715793293289238,52.5,0.7498351066410323,-0.823689552490418,0.9211814582674923,0.27526881720446345,2.3569087218465863,53.333333333333336,25.0,5.527459479002389,0.1468601451088507,-1.3794289211855948,-1.5841286071642124,-1.8998086421044864,0.6703421665950419,0.835106382978964,0.0,0.47882446968155834,-0.3524255291173482,1.8760178138357453,0.3294365849484941,0.0,0,0,1,23884.990186450003,15.0,8.0,0.81999999999999995115018691649311222136020660400390625,1.1999999999999999555910790149937383830547332763671875,78,1.5,1.5,-58.60078474022374
1517127,XAUUSD,SELL,42.95,37.02,-3.7565,4.24,33.73,0.958,13.637245316133177,28.48067656172671,0.1798042246264713,0.0035330992355031743,57.49999999999999,0.7452464498840948,-0.9141881875255431,0.9915197491372778,0.2397660818717867,2.5011835131257567,65.83333333333333,20.0,4.627536564524818,0.17913832199547722,-1.0336226297592692,-1.4044196722552467,-1.8034837174403955,0.3043121568133784,2.6328124999978573,0.0,0.4788244692064266,-0.3524255288808717,1.727671791249844,-1.3558682134059064,0.0,0,0,1,23879.873392483332,15.0,8.0,0.7199999999999999733546474089962430298328399658203125,1.149999999999999911182158029987476766109466552734375,68,1.5,1.5,-61.44091979682978
1517215,XAUUSD,SELL,30.63,34.27,-3.4224,3.36,35.14,1.0,17.139748037532232,34.63196829399525,0.35646140503036045,0.005305430871585029,22.5,0.7452181128869624,-0.963879768645704,1.6178926096994417,0.7307692307692913,4.9771046992486285,87.5,20.0,5.717524065765273,0.35099866844205907,-1.7054403895808998,-1.6607747444405951,-1.0592559795956766,-0.8406848332859144,1.4065040650397547,0.0,0.49491115830089544,-0.33787212706213937,1.9047196440489556,-0.9662615671143624,0.0,1,0,0,23469.904667216666,15.0,5.0,0.62,1.15,58,2.0,2.0,-75.99687497738142
1517217,XAUUSD,SELL,30.12,36.76,-3.3533,3.37,35.14,1.0,20.710605435282773,31.319204629485913,0.05812973883740813,0.004979238013347862,30.0,0.7507182159856409,-0.49710374719970407,0.478465729979095,0.7754677754679559,3.6890294002136192,84.16666666666667,20.0,5.568346264473387,0.4513981358189011,-0.9811517640407433,-1.0777405570557628,-0.8649482251758105,-0.6389218415907717,0.3684210526314656,0.0,0.6612749276049479,-0.2038946322714329,1.8822620906863923,-0.902072094844628,0.0,1,0,0,23464.73989375,15.0,5.0,0.62,1.15,58,2.0,2.0,-75.46869433962321
1517219,XAUUSD,SELL,28.96,38.78,-3.1362,3.83,35.14,1.0,17.48935099128522,33.04918324607217,0.27004909983632425,0.005094393646303012,28.333333333333332,0.7528767351095702,-0.7767543233591634,1.9606261826393983,0.7988372093022791,4.600624073275971,60.0,20.0,5.063978066346673,0.5515312916111834,-0.31749719640013113,-0.525329650356815,-0.6722740523758772,-0.1670361136852844,0.2895442359246329,0.0,0.5291916091200889,-0.30788055454534297,1.8023660313062653,-2.2281503491925823,0.0,1,0,0,23459.988903766665,15.0,5.0,0.62,1.15,58,2.0,2.0,-66.54817230638405
1517223,XAUUSD,SELL,29.46,41.42,-3.1593,3.98,35.14,1.0,15.63183618632793,27.686106212128006,0.07656065959953744,0.0047243286679617595,36.666666666666664,0.7584971544873422,0.8058960394689083,0.792481819389925,0.1756756756758318,3.1291073568886842,57.49999999999999,20.0,4.896881622673747,0.4900133155792156,-0.5466304686314707,-0.7713538390596908,-0.7815893284174041,0.10339318877466136,0.35869565217407423,0.0,0.5646093929550465,-0.2782742919007034,1.7744236726560758,0.8104339085523804,0.0,1,0,0,23449.80521866667,15.0,5.0,0.62,1.15,58,2.0,2.0,-64.05766330048772
1517235,XAUUSD,SELL,27.95,49.33,-3.0106,4.51,35.52,1.0,20.194150223837347,18.8139097367399,0.0015688735487976802,0.0038763712621827364,55.00000000000001,0.7487699116934213,0.9688133903712223,0.6763213111920939,0.8436830835117758,1.143232183642839,20.833333333333336,20.0,4.2030594986872165,0.1503448275861956,-1.0031338411962818,-1.170796741437477,-1.0463875520110866,0.32438247505938717,2.202614379085857,0.0,1.0733627105183456,0.03538346826550439,1.6492468177006365,1.7211528647125223,1.0,1,0,0,23414.989219316667,15.0,5.0,0.62,1.2,55,2.0,2.0,-56.15953435561845
1517254,XAUUSD,BUY,23.41,60.56,3.455,4.41,34.28,0.976,30.717966704654405,19.216536985840637,0.284868977176662,0.005991369099236418,15.0,0.7404199790301439,0.6308426748438124,0.94860842708715,0.6143141153081001,1.8857764303946167,29.166666666666668,20.0,4.315277872756668,0.8009950248756371,1.1887666012527618,1.4239908197707132,0.1453638298334695,0.6265706274443155,2.223404255318691,0.0,1.5985172109194896,0.23033030546917688,1.670585291284637,0.8544250188058281,1.0,1,0,0,23329.989086716665,15.0,5.0,0.62,1.2,45,2.0,2.0,-54.35362810558847
1517256,XAUUSD,BUY,22.51,59.2,3.3241,4.39,34.27,0.976,29.284161263457197,18.319577380532813,0.30111524163568576,0.005890529933224899,15.833333333333332,0.7471032780458543,0.44164757993348935,1.2739633020072836,0.6644067796608654,1.501873908130521,36.666666666666664,20.0,4.43030651365952,0.6894100923951684,0.6750698205520294,0.9433164383513171,-0.07605071142070015,0.3670906379756249,0.6278317152104912,0.0,1.5985172068466285,0.23033030524333326,1.691995580540462,1.1961827586879898,1.0,1,0,0,23324.97162098333,15.0,5.0,0.62,1.2,45,2.0,2.0,-54.733371285937444
1517258,XAUUSD,BUY,22.62,59.86,3.407,4.39,34.28,0.976,28.781799528110383,17.437124076694133,0.314142678347921,0.005482324043550346,18.333333333333332,0.7521356011246131,-0.23394564155969486,1.0109902336216647,0.299663299663476,1.7279553887808108,49.166666666666664,20.0,4.541275660396544,0.7590618336887034,0.8980043555833699,1.1823357418646843,0.0671369919174471,0.13245347292954487,0.5051020408166698,0.0,1.6506046381796706,0.24545520148768146,1.712224737862081,0.297453555755858,1.0,1,0,0,23319.803415916667,15.0,5.0,0.62,1.2,45,2.0,2.0,-54.5579726527201
1517260,XAUUSD,BUY,22.76,58.79,3.2809,4.18,34.28,0.976,27.961313174272682,17.19456970368314,0.09619238476953816,0.005479427757653913,18.333333333333332,0.7583913698060434,-0.8051043994387267,0.785038230055181,0.476190476190502,1.9978743363592142,61.66666666666667,20.0,4.751187482423897,0.7295664534470565,0.7468328188220414,1.0248841912188853,0.00533316605339229,-0.01959174509703872,2.33707865168343,0.0,1.6261710545808081,0.23843500660266442,1.7494063521696284,-0.4394848421242969,1.0,1,0,0,23314.988978716665,15.0,5.0,0.62,1.2,45,2.0,2.0,-57.440071756592914
1517262,XAUUSD,BUY,21.68,52.94,2.8644,4.34,33.11,0.937,24.93566855482757,21.10290902710012,0.32862190812719777,0.00556062145314429,16.666666666666664,0.7590477835538136,-0.13378338979236803,1.1403949774934077,0.3343373493976122,1.4122479653441593,49.166666666666664,20.0,4.562998272517772,0.701137171286424,0.5545298917624673,0.8810112344529961,-0.0574371417227822,-0.058323972787421664,1.0999999999998864,0.0,1.1816222749756058,0.08325103957992278,1.7161372205624181,-0.563530286656003,1.0,0,1,0,23309.78827365,15.0,5.0,0.62,1.15,55,2.0,2.0,-56.09205067831948
1517268,XAUUSD,BUY,21.05,58.46,3.6238,4.07,33.11,0.937,27.052766800202203,21.342975691605805,0.03344867358707391,0.004527392756321464,41.66666666666667,0.7572048927209593,0.8581557758864795,1.2755866654607468,0.07142857142857142,0.7654869543402716,65.0,20.0,4.875713084970787,0.8816631130063968,1.0146260680722077,1.3230546104459688,0.3718448181405258,0.31841263743030424,0.517045454544791,0.0,1.2675254811500618,0.11798126646329755,1.7708274288299723,1.0897218744910329,1.0,0,1,0,23289.9050344,15.0,5.0,0.62,1.15,55,2.0,2.0,-58.383169518824495
1517270,XAUUSD,BUY,20.6,59.15,3.6076,3.98,33.11,0.937,27.12037703539467,20.285442342654683,0.2063492063491887,0.004064353704923196,50.0,0.7562341713462909,0.7580164201066389,1.3889991069897418,0.3273381294963805,0.5539560579103923,68.33333333333333,20.0,4.990595116311312,0.8884150675195636,1.0616156721738164,1.2892881487607804,0.3907706253553416,0.15339018775212596,13.0,1.0,1.336937851309762,0.14417923027664376,1.7901907588302595,1.5445891884984781,1.0,0,1,0,23284.7372417,15.0,5.0,0.62,1.15,55,2.0,2.0,-59.575251241312415
1517272,XAUUSD,BUY,19.98,56.76,3.5196,3.98,33.11,0.937,24.990579652445437,21.16861189784348,0.15894428152491016,0.003714653299028878,58.333333333333336,0.7534031518359234,-0.7237238526269746,0.3935155413003428,0.8671171171170996,1.4931551751251406,67.5,20.0,4.952421808043794,0.921108742004286,1.2578137393801432,1.3498499580306873,0.48118214990076946,0.009206833219420474,2.0549450549452635,1.0,1.1805487574006945,0.08279970994808995,1.78379816330668,0.039619374464314315,1.0,0,1,0,23279.570574766665,15.0,5.0,0.62,1.15,55,2.0,2.0,-59.74610551262634
388638946,XAUUSD,BUY,16.37,50.85,2.6806,3.85,33.11,0.937,20.921620927135596,26.1376086345179,0.26310432569970543,0.0024157566871077702,81.66666666666667,0.7344133443259048,-0.35949510495212433,0.3518355854902458,0.7232876712330385,1.9205762710943202,73.33333333333333,20.0,5.121536722918187,0.8212508884150729,0.3123036519404699,0.7662314876514706,0.20962745204695185,-0.44938109036193497,0.10174418604633793,0.0,0.8004412499720726,-0.11083878008903494,1.8118131635203223,-1.352085694850569,0.0,0,1,0,23254.771876433333,15.0,5.0,0.62,1.2,55,2.0,2.0,-62.17649349034353
388638975,XAUUSD,BUY,34.16,63.16,3.4155,3.05,28.13,0.771,28.586975447569586,10.842623129567514,0.12472324723249986,0.003966889790295365,50.0,0.7721328528123353,0.7536085112375488,1.2383889080753636,0.6412556053810873,1.1902338807689374,92.5,20.0,6.451132145089792,0.9782491944146215,1.5259981904941744,1.7523035339641708,1.5106988343221779,0.5424667993584804,0.5720930232554657,0.0,2.6365366082933517,0.45002618612163076,2.008365986629703,0.6354365162914266,1.0,0,1,0,23114.70512935,15.0,3.0,0.72,1.15,68,2.0,2.0,-73.84901636922943
388638978,XAUUSD,BUY,34.12,60.31,3.2264,3.01,28.13,0.771,26.92987581277274,12.037263307227743,0.32565789473682466,0.0037433927798131007,55.833333333333336,0.7728131641407282,0.8302194535907554,1.266960182750612,0.18951612903239412,1.0635064514465544,94.16666666666667,20.0,6.54465508582495,0.9004854368932145,0.8866728484080868,1.3431699192155728,1.2111544158933312,0.27731535651203304,0.5594405594407507,1.0,2.2372089808315305,0.382183872352006,2.020839376903836,1.1387699849333985,1.0,0,1,0,23109.988785366666,15.0,3.0,0.72,1.15,68,2.0,2.0,-75.152657782341
388638982,XAUUSD,BUY,34.73,59.15,3.0086,3.04,28.13,0.771,27.768215451805826,14.896669680556695,0.1087999999999659,0.0032201293768354183,65.0,0.7721927628139785,-0.5190546991056519,0.6038997534478745,0.45370370370381286,1.5395186611659857,92.5,20.0,6.537234230004135,0.9126213592233067,0.8974087112987352,1.3298715854916143,1.2090744093119772,-0.3416315651456913,289.9999999937245,1.0,1.8640551333425945,0.3016894438981217,2.019855301730722,-0.48375533302046053,1.0,0,1,0,23099.738079916668,15.0,3.0,0.72,1.15,68,2.0,2.0,-74.41759865973057
388638984,XAUUSD,BUY,34.18,57.86,2.7595,2.95,28.13,0.771,25.802481234347788,17.673703814527986,0.035502958579913105,0.002963647102929014,70.0,0.7697407826996459,-0.940370830642365,0.12357351159427987,0.4587458745874677,2.008309328094204,92.5,20.0,6.5417241957462435,0.8674359696031503,0.5254490903267217,1.1582801768795385,1.0516969294093725,-0.5785587798193514,1.204081632652531,1.0,1.4599361879767196,0.18697080306633748,2.0204508290540337,-1.0434050092216924,1.0,0,1,0,23094.988720033332,15.0,3.0,0.62,1.25,45,2.0,2.0,-76.837118618021
388638988,XAUUSD,BUY,29.09,50.02,1.7104,3.14,28.13,0.771,20.882571555493133,21.817696130898227,0.004863813229589369,0.0021899334937101433,80.83333333333333,0.7536088596410536,-0.7942624513641625,0.03489635785036447,0.900237529691195,2.08153540518076,81.66666666666667,20.0,6.140222434161765,0.6825539568345249,-1.2898295825579797,0.3477713341699164,0.4786047428566583,-2.162356568275928,0.08783783783769666,0.0,0.9571391256467315,-0.02189973515794574,1.9657439291101855,-0.9486643660780373,1.0,0,1,0,23084.62168766667,15.0,3.0,0.62,1.25,45,2.0,2.0,-73.12085984932406
388639002,XAUUSD,BUY,21.7,53.8,1.0211,3.54,26.28,0.709,24.705432459484953,15.191780454596783,0.06896551724141044,0.0023714127707478443,67.5,0.6357308721222608,0.8994644683693988,0.5088086523766515,0.2882352941175495,1.3423157732129263,58.333333333333336,20.0,5.569774992585092,0.8315972222222172,1.1462475286102636,1.4085193968904157,1.0049524143463229,0.21500200412245946,1.6851851851854502,0.0,1.6262366947103164,0.23845404406873444,1.8824795842061097,1.2894029107834792,1.0,0,1,0,23044.806142016667,15.0,3.0,0.62,1.15,45,2.0,2.0,-64.21454800445879
388639004,XAUUSD,BUY,21.92,59.74,1.2707,3.51,26.28,0.709,39.91800440915709,11.272521929821767,0.7017719826145153,0.004043145572014337,38.333333333333336,0.46168086954204035,0.9988558662997571,3.432321077847179,0.9377695625384973,0.06453610490201107,21.666666666666668,20.0,4.4507658553116665,0.7907986111111234,0.7054631584750778,1.1943443316616877,0.9049586421601281,0.21323660061898625,2.4693877551032153,0.0,3.541177485969261,0.5595856102369807,1.6957561227129905,4.559809618766956,1.0,0,1,0,23039.988916450002,15.0,3.0,0.62,1.15,45,2.0,2.0,-63.97991451168627
388639006,XAUUSD,BUY,27.72,84.31,4.8773,5.74,28.21,0.774,59.768767397086776,7.139288488947511,0.8353939841299107,0.009711803975428254,0.8333333333333334,0.5513204170138426,0.9999975032083767,5.975602199729201,0.830869308101706,0.608650034067645,0.8333333333333334,20.0,3.0356610177935752,0.9914023124814717,3.492314082610817,3.446047867942114,2.1932015987635523,1.3877795784815918,0.0663600525624311,0.0,8.371808915945502,0.7865940419968258,1.395170109319232,6.799880679857498,1.0,0,1,0,23034.738453949998,15.0,3.0,0.62,1.15,45,1.4,1.4,-33.30304877468568
388639008,XAUUSD,BUY,31.76,86.11,7.9359,6.97,28.87,0.796,55.22262878040984,6.121519623857955,0.8997029529966831,0.013466445261923582,0.8333333333333334,0.617836708315283,0.9999982307656404,5.579470456919511,0.32724719101123073,0.4695232286775579,0.8333333333333334,20.0,2.8031237532985487,0.9388159902349676,3.709219947801542,5.417537236915686,4.2989872972329675,3.4856434051133873,0.20355871886122298,0.0,9.0210639110135,0.8004204090102821,1.3358227693839524,6.862046948074853,1.0,0,1,0,23029.52165225,15.0,3.0,0.62,1.15,45,1.4,1.4,-26.292611187045424
388639012,XAUUSD,BUY,38.55,88.6,12.4153,7.62,28.97,0.799,49.53042546867912,4.702529232894822,0.9655172413793212,0.019299522033083678,0.8333333333333334,0.6889533516082581,0.9999993675588204,5.330017304246299,0.6458576429405138,0.01997900627255953,0.8333333333333334,20.0,2.497375784072213,0.9505219505219502,2.057637392849437,3.8146064762031413,4.055991113004462,3.1604484533703285,189.5999999993197,0.0,10.532718135910585,0.8265803634686152,1.2520129112934126,7.266114843758166,1.0,0,1,0,23019.9886022,15.0,3.0,0.62,1.15,45,1.4,1.4,-22.586548553466155
388639014,XAUUSD,BUY,42.05,91.4,15.6062,8.47,29.51,0.817,54.37325835478835,4.081192667353733,0.9686221009549891,0.022706632162517122,0.8333333333333334,0.7085041487116968,0.9999946356147873,5.603200924633483,0.6586750788643704,0.4014695583293577,0.8333333333333334,20.0,2.3341253391244443,0.9979357502257792,2.02031211169994,3.8458118613646204,4.463219803602001,2.1583303765046296,0.5483288166214426,0.0,13.32288119275757,0.8603633076294066,1.204210377840447,8.112252616127032,1.0,0,1,0,23014.938476683335,15.0,3.0,0.62,1.15,45,1.4,1.4,-18.263223138339473
388639019,XAUUSD,BUY,50.11,84.78,20.5047,10.2,31.28,0.876,49.4541355319727,4.28677443233232,0.7790876938423824,0.029553898423438994,0.8333333333333334,0.7477820728254222,0.9989304347351468,5.0199388087238805,0.7496167603474855,0.4536822909388392,0.8333333333333334,20.0,1.9346792790566736,0.9912211592571779,1.4605924269863266,3.0680966065610873,4.2778618362478955,0.8711495533138525,0.23330940416360535,0.0,11.536441857665968,0.8404651184577195,1.0765981727117706,3.7639185374047446,1.0,0,1,0,22998.98606525,15.0,3.0,0.7199999999999999733546474089962430298328399658203125,1.1999999999999999555910790149937383830547332763671875,78,1.4,1.4,-13.425441175154232
388639041,XAUUSD,BUY,58.5,69.27,19.7076,9.86,33.77,0.959,35.80090402074212,12.728677730315605,0.4317573595004286,0.011547869611403005,21.666666666666668,0.7254057860269232,0.07814233480731057,1.50517570790069,0.88650042992264,1.963230583218633,13.333333333333334,20.0,2.007393234374839,0.935451766545817,1.9439397107084155,1.4798194403318983,2.8446274229374886,0.057003152424987706,23.489361702114856,0.0,2.812617458517192,0.4754260181625742,1.1010736684443247,0.7738500918515042,1.0,0,1,0,22903.988070283332,15.0,3.0,0.7800000000000000266453525910037569701671600341796875,1.149999999999999911182158029987476766109466552734375,82,1.0425,1.0425,-11.738286002866175
388639046,XAUUSD,BUY,44.39,66.4,11.6869,7.8,35.93,1.0,26.420425786807197,15.635016360300543,0.2605820105820239,0.006614267307191737,30.833333333333336,0.77067072512205,0.25540985212995887,1.2574293174843585,0.6280323450134513,1.4947707471464182,28.333333333333332,20.0,2.5595389505931183,0.8974903051145079,0.9724714248754912,0.9231927991047126,2.055772361389103,-0.9230038501219204,4.831683168314995,1.0,1.6898238855744598,0.25645692018462046,1.2696310282166603,0.632206120796449,1.0,0,1,0,22854.8052212,15.0,3.0,0.81999999999999995115018691649311222136020660400390625,1.100000000000000088817841970012523233890533447265625,78,1.4305,1.4305,-13.894807690526191
388639048,XAUUSD,BUY,43.0,66.4,11.1422,7.49,35.93,1.0,28.656689218588713,14.472442914831017,0.17031539888683975,0.005070876788686589,40.833333333333336,0.7682056664497462,0.47052807651759065,1.5045956656810062,0.3897058823529838,1.0805462144290934,28.333333333333332,20.0,2.551466858155988,0.9145386697885397,1.3258054244161877,0.9378676109756701,2.0574715320298527,-0.6508544353335173,0.5922746781116534,0.0,1.9800863895020535,0.3288785392435042,1.2673607176244874,0.6697600502659469,1.0,0,1,0,22849.638095766666,15.0,3.0,0.81999999999999995115018691649311222136020660400390625,1.100000000000000088817841970012523233890533447265625,78,1.4064,1.4064,-14.467222962020218
388639052,XAUUSD,BUY,41.91,68.52,10.6784,7.21,35.93,1.0,27.480412581118745,14.53816647934801,0.28753412192907213,0.004314305680967738,53.333333333333336,0.7577276560837709,0.7694894724091939,1.4176173941051895,0.10588235294134767,1.0309789426446043,30.833333333333336,20.0,2.7202610623868453,0.9411721665325239,2.1100469784530937,0.9466651892955213,2.036769462971523,-0.30825558833753186,9.65853658536937,0.0,1.8902253409967702,0.3080124574211271,1.3137938438836703,1.3601305311934226,1.0,0,1,0,22839.855406583334,15.0,3.0,0.7199999999999999733546474089962430298328399658203125,1.0500000000000000444089209850062616169452667236328125,68,1.4364,1.4364,-14.557489595761655
388639054,XAUUSD,BUY,41.3,69.14,10.3601,7.0,35.93,1.0,27.81619641689919,14.047285599642441,0.5341841385597104,0.0036027771567972793,67.5,0.7487727836513346,0.8596379645699606,1.677805927391567,0.7994011976047773,0.6934962665554406,33.33333333333333,20.0,2.830597006348422,0.9445379380990713,2.154553727522745,0.9275395909348887,1.9998311098506172,-0.2483706283883278,8.444444444429173,0.0,1.9801828787067832,0.3289002688050634,1.3430206673762823,1.4379432792249776,1.0,0,1,0,22834.67178176667,15.0,3.0,0.7199999999999999733546474089962430298328399658203125,1.1999999999999999555910790149937383830547332763671875,78,1.4364,1.4364,-14.844214283593518
388639057,XAUUSD,BUY,40.38,69.87,9.8933,6.6,38.0,1.0,28.064982342548277,14.784093389566749,0.49440715883670927,0.004028173564293297,57.49999999999999,0.7270044684014112,0.7750112195646539,1.8866671836902649,0.6132511556240445,0.207689962952885,35.0,20.0,2.9252107458151317,0.9601960927782213,2.6288109684911527,0.9151955168633278,1.9539847732226883,-0.20423363379777643,7.153846153838889,0.0,1.8983227246136871,0.30994574366237426,1.367420042994251,1.5006331126031944,1.0,0,0,1,22824.83947075,15.0,3.0,0.7199999999999999733546474089962430298328399658203125,1.1999999999999999555910790149937383830547332763671875,68,1.4364,1.4364,-15.489318179471097
388639061,XAUUSD,BUY,37.9,66.1,9.1563,6.05,38.03,1.0,26.52798724479927,16.75573089765983,0.6076099881094521,0.004895904150563083,43.333333333333336,0.6721413948783255,0.17876031301657794,1.2322366993343303,0.06060606060600215,0.721001106485095,38.333333333333336,20.0,3.2550840021904994,0.9687568276163427,1.6063328613209418,0.8744914056236132,1.8639042016676934,-0.15057747274825373,0.6425855513306197,0.0,1.5832186505982628,0.2257721041709967,1.4481145038258838,0.6168384184150938,1.0,0,0,1,22809.83873295,15.0,3.0,0.7199999999999999733546474089962430298328399658203125,1.1999999999999999555910790149937383830547332763671875,68,1.4364,1.4364,-16.821404955897044
388639063,XAUUSD,BUY,36.25,64.72,8.6445,5.99,38.03,1.0,24.932906538708497,19.172370214860845,0.2222829055161017,0.004495685882491337,51.66666666666667,0.6675879649359252,-0.3428353479052342,0.5590934485973118,0.7514677103717629,1.359062551903244,39.166666666666664,20.0,3.294697095523016,0.967737236909188,1.3780936843552536,0.8527700878563734,1.8238312554058862,-0.2819903400007098,15.500000000015916,1.0,1.30046024350825,0.13060877557633033,1.4573810280418902,-0.4464314564433746,1.0,0,0,1,22804.672071566667,15.0,3.0,0.7199999999999999733546474089962430298328399658203125,1.25,68,1.4364,1.4364,-17.11343906225138
388639065,XAUUSD,BUY,34.35,64.82,8.0778,5.94,38.03,1.0,23.52161620016733,17.995685171047842,0.27049180327868205,0.004600119747443322,47.5,0.7014828580529447,-0.28638326555817456,1.177239585255893,0.8546511627906935,0.637766252695349,40.0,20.0,3.330372076738178,0.9399169761852739,0.6726588408517238,0.7591705529754367,1.7162567427843936,-0.498619021077633,0.3307291666667678,0.0,1.307069704183318,0.1330994721119148,1.4656534682852584,0.37466685863304505,1.0,0,0,1,22798.98815985,15.0,3.0,0.7199999999999999733546474089962430298328399658203125,1.100000000000000088817841970012523233890533447265625,68,1.4364,1.4364,-17.01843434056914
388639067,XAUUSD,BUY,32.91,60.91,7.5519,5.83,38.03,1.0,22.856317201764643,17.095674869956458,0.24752475247526443,0.0047255319425997065,44.166666666666664,0.7157281751167273,-0.3668843642614302,1.0742734077326301,0.04622871046219342,0.6695112171192223,40.833333333333336,20.0,3.4071817665105733,0.9721069113684369,1.3692322733694708,0.838549736524052,1.7661493485708895,-0.5082215439507626,0.17006802721088995,0.0,1.3369648193863923,0.14418911020200628,1.4832354299629136,-0.31857149516872,1.0,0,0,1,22794.989728216668,15.0,3.0,0.7199999999999999733546474089962430298328399658203125,1.1999999999999999555910790149937383830547332763671875,68,1.4364,1.4364,-17.632847338313262
388639069,XAUUSD,BUY,31.65,64.03,7.3559,5.63,38.03,1.0,22.394497330090573,16.513551907416357,0.20776495278070992,0.004693586531545845,46.666666666666664,0.7273483093953182,0.005316481392759729,0.9581741232952956,0.13754646840146686,0.7549424322045042,41.66666666666667,20.0,3.544330667627355,0.9713786322918987,1.1887974666640675,0.8257398583722875,1.7304226765553012,-0.5232827439216862,20.631578947412258,0.0,1.3561283544277767,0.15114983626203532,1.513880448935701,-0.4589908214576071,1.0,0,0,1,22789.989622750003,15.0,3.0,0.7199999999999999733546474089962430298328399658203125,1.149999999999999911182158029987476766109466552734375,68,1.4364,1.4364,-17.896891648686022
388639071,XAUUSD,BUY,30.58,64.28,6.9608,5.44,38.03,1.0,21.931872978484883,15.806781778795427,0.04931669637551579,0.004404951935956304,55.00000000000001,0.7478280749396744,-0.05110276258737405,0.819270789853695,0.137195121951452,0.8604245415714383,42.5,20.0,3.653607395207778,0.9689753113393101,1.0261118779489085,0.8135094407685027,1.6913504235218375,-0.4295946951320761,6.270270270271333,0.0,1.3874975879282772,0.16230284510088416,1.5376427027501167,-0.07672575529937663,1.0,0,0,1,22784.85598235,15.0,3.0,0.7199999999999999733546474089962430298328399658203125,1.1999999999999999555910790149937383830547332763671875,68,1.4364,1.4364,-18.529319849534897
388639075,XAUUSD,BUY,28.74,64.21,6.1353,5.09,38.03,1.0,21.506523015359942,15.808762010774988,0.29160530191460404,0.004106384412427434,62.5,0.7525133529971719,-0.40377921475775047,0.48827125370016744,0.5853658536583959,1.1775142411396218,44.166666666666664,20.0,3.912007445646891,0.9648241206030155,0.8271411643200794,0.7972925910177872,1.618228892098866,-0.5578195565418227,60.833333332921534,1.0,1.3604178265371842,0.15269241137785597,1.5916827066512844,0.4361888301897209,1.0,0,0,1,22774.48763576667,15.0,3.0,0.7199999999999999733546474089962430298328399658203125,1.100000000000000088817841970012523233890533447265625,68,1.4364,1.4364,-19.77396856193019
388639081,XAUUSD,BUY,26.56,53.81,4.6542,5.18,39.86,1.0,21.403869335077303,18.13870299643058,0.12506948304613827,0.002346530993743192,85.0,0.7547833761846692,-0.36152018402816627,0.19260447165066744,0.10099009900976048,1.2844574054263742,45.0,20.0,3.8456808545703383,0.9532304002398457,0.46733778078297045,0.7923099279476077,1.5070893527410254,-0.5671763901264396,0.597826086956425,1.0,1.180010950026488,0.08257344081461203,1.5780877627287988,-0.46532738340302493,1.0,0,0,1,22759.9892056,15.0,8.0,0.7199999999999999733546474089962430298328399658203125,1.149999999999999911182158029987476766109466552734375,68,1.3881,1.3881,-20.306853277932767
388639083,XAUUSD,BUY,25.18,52.46,4.1459,5.04,39.85,1.0,19.747718531775522,19.314406269720372,0.10159817351596995,0.0021087101859523457,98.33333333333333,0.7533735700837473,-0.7583512108705585,0.4059258016620875,0.553791887125271,1.916255870487277,44.166666666666664,20.0,3.821048595189084,0.9499325438465044,0.37997520243417304,0.8030824910634493,1.4738254429288318,-0.5484573186354079,8.901960784327503,1.0,1.022434613498829,0.011092900172846101,1.5729914552708548,-1.0163989263202409,0.0,0,0,1,22754.80519805,15.0,8.0,0.7199999999999999733546474089962430298328399658203125,1.1999999999999999555910790149937383830547332763671875,78,1.4364,1.4364,-20.97807539266279
388639085,XAUUSD,BUY,21.67,46.92,2.7698,4.92,39.63,1.0,18.053915054839536,20.01626936897515,0.5131034482758972,0.0023869607053108102,79.16666666666666,0.7488616885150077,-0.944601800970216,0.5993105972410713,0.4023323615160327,2.3032276363013,49.166666666666664,20.0,4.051411849254744,0.9243518588915088,-0.7577418601844308,0.783016433504629,1.36979430660127,-0.7595555007655456,16.933333333380222,1.0,0.901961990023015,-0.05154569887931433,1.6196677783235598,-1.0837526696757178,0.0,0,0,1,22743.98856786667,15.0,8.0,0.61999999999999999555910790149937383830547332763671875,1.149999999999999911182158029987476766109466552734375,58,1.4364,1.4364,-22.176727637768685
388639088,XAUUSD,BUY,20.27,50.5,2.0008,4.8,39.49,1.0,16.923892215064118,20.19353902418258,0.43723554301834194,0.0027609360382978435,74.16666666666667,0.7465717436808635,-0.7044752015542307,0.4199147320842408,0.07440476190476915,2.261840504202489,50.83333333333333,20.0,4.146362060866212,0.9044269045984946,-0.8529560957014991,0.8809832046764349,1.3075292378329504,-0.6612545536084775,29.81250000002416,1.0,0.8380844663588985,-0.0880892511109982,1.6382900691121602,-0.9681755412122758,0.0,0,0,1,22734.989605666666,15.0,8.0,0.61999999999999999555910790149937383830547332763671875,1.1999999999999999555910790149937383830547332763671875,68,1.4364,1.4364,-22.28531249535707
388639090,XAUUSD,BUY,17.54,49.68,0.7803,5.1,40.85,1.0,22.44000628806668,14.725700306704576,0.06741050674103868,0.003057060584305697,67.5,0.7359894860468214,-0.07385820227435116,0.35283713412211365,0.20665083135389153,2.1596084733612146,48.333333333333336,20.0,3.894695172878605,0.8206231709416386,-0.2933550989985263,1.2234963432015264,1.1927894522524738,-0.0010622619724564096,0.5362962962962802,0.0,1.5238667293794559,0.20756515833018632,1.5881520008827672,-0.14020902622367937,0.0,0,0,1,22699.988964350003,15.0,8.0,0.7199999999999999733546474089962430298328399658203125,1.1999999999999999555910790149937383830547332763671875,68,1.4668,1.4668,-20.99990195666638
388639092,XAUUSD,BUY,16.95,43.25,0.234,5.08,40.78,1.0,20.67757574297542,18.772919088355877,0.13646147223417496,0.0031573409958668554,64.16666666666667,0.7374831118531919,-0.2854729298244982,0.8657843442631938,0.5413005272407986,2.7498544433725334,47.5,20.0,3.864869210642926,0.8007689619014371,-0.5278796256589908,1.1518988045513596,1.159389598376166,0.022282054969544905,3.8390804597707637,0.0,1.1014576126492397,0.04827966327122508,1.5820398315444106,-0.6802169810732394,0.0,0,0,1,22694.906091233333,15.0,8.0,0.61999999999999999555910790149937383830547332763671875,1.149999999999999911182158029987476766109466552734375,68,1.4364,1.4364,-21.96446849961308
388639094,XAUUSD,BUY,15.79,41.93,-0.1898,4.97,40.69,1.0,19.51162311550004,19.481727978333303,0.2581377744133371,0.003496339372539724,60.0,0.734643595080435,-0.78831980160626,1.4036535383358295,0.8432835820897329,3.4659953635222154,50.83333333333333,20.0,3.9274734997417657,0.7458930443900711,-1.263987773480584,0.9039796671964142,1.0909860695043208,-0.35909912816368184,0.8474025974025111,0.0,1.0015344704363756,0.0007666726649916367,1.5948263819971493,-0.9700859544363162,0.0,0,0,1,22689.722097283335,15.0,8.0,0.7199999999999999733546474089962430298328399658203125,1.1999999999999999555910790149937383830547332763671875,68,1.4364,1.4364,-22.647786715764727
388639126,XAUUSD,BUY,38.94,68.38,6.3763,4.56,42.74,1.0,26.264528978224213,13.63974481214456,0.5319148936169964,0.005451296737345045,48.333333333333336,0.7228120643889239,0.3297085534066448,1.3372478480637742,0.07715133531161915,1.4063646370581653,80.83333333333333,25.0,5.417429264476937,0.8881081081081075,1.1458551239551062,1.93345562987274,1.1356341213172443,0.019693855749956028,3.747572815532935,0.0,1.9255878621168143,0.316376734883721,1.8590176114159984,0.29470815198747435,1.0,0,0,1,22464.838895983336,15.0,8.0,0.81999999999999995115018691649311222136020660400390625,1.1999999999999999555910790149937383830547332763671875,78,1.5,1.5,-16.07225876840498
388639128,XAUUSD,BUY,37.7,64.75,5.9197,4.42,42.75,1.0,25.041497042853734,15.483875168321456,0.21579305650101857,0.005409377647176817,50.0,0.7324126062587306,-0.21461292679983116,1.034937805686856,0.28327645051189243,1.6731945317278516,85.0,25.0,5.562481820904112,0.883063063063067,1.002917516551117,1.8031481089068397,1.1175563436365954,-0.7961098439270452,11.961538461530658,1.0,1.6172628074930144,0.23584290821279075,1.8813688577659604,0.12237460005993094,1.0,0,0,1,22459.70449535,15.0,8.0,0.81999999999999995115018691649311222136020660400390625,1.25,78,1.5,1.5,-17.054185516503374
388639130,XAUUSD,BUY,36.69,64.18,5.5615,4.25,42.74,1.0,24.301155416062198,15.026100726500548,0.10070257611247004,0.005075139594262486,52.5,0.7468966234272402,-0.7066958668135624,0.9806918245268528,0.039325842696982284,1.746304007996664,88.33333333333333,25.0,5.813262343531375,0.864504504504513,0.7617171761948214,1.631182501564751,1.0892447813296875,-1.5377848021224192,2.530120481928371,1.0,1.617262804310971,0.235842908035494,1.9188710573662504,-0.22555457892886505,1.0,0,0,1,22454.520951466668,15.0,8.0,0.7800000000000000266453525910037569701671600341796875,1.1999999999999999555910790149937383830547332763671875,82,1.5,1.5,-17.802235289928614
388639132,XAUUSD,BUY,35.8,64.82,5.2694,4.05,42.74,1.0,24.143641646826065,14.439795894771178,0.0034843205574879767,0.0047873297297471515,55.833333333333336,0.7585411642372073,-0.37524773459790495,1.214371002607446,0.5638766519821582,1.4799753149395463,89.16666666666667,25.0,6.01615981682778,0.8646846846846972,0.7360229860425832,1.5507338505428672,1.0768335287846447,-1.8829317895203375,24.428571428343126,1.0,1.6720208617040013,0.25150287581530767,1.9482160337197652,-0.5847707341957302,1.0,0,0,1,22449.988843983334,15.0,8.0,0.7199999999999999733546474089962430298328399658203125,1.100000000000000088817841970012523233890533447265625,78,1.5,1.5,-18.575185180598364
388639134,XAUUSD,BUY,34.97,62.41,4.9956,3.96,42.74,1.0,23.509553176260827,13.921798696462798,0.11500974658862104,0.0046815683134853,60.0,0.7699352796701641,-0.11442103005259302,1.0232336743466544,0.26865671641786315,1.666572335409139,90.0,25.0,6.2465229962860604,0.8891891891891958,0.9334610220459936,1.5710330962870391,1.0841457255082272,-1.840789629172428,0.7734375000006939,0.0,1.6886863544110646,0.2561423444244428,1.9805217671089266,-0.5396995868793065,1.0,0,0,1,22444.905332033333,15.0,8.0,0.81999999999999995115018691649311222136020660400390625,1.100000000000000088817841970012523233890533447265625,78,1.5,1.5,-19.10088383356021
388639136,XAUUSD,BUY,34.41,66.25,4.877,3.85,42.75,1.0,21.8350639913504,15.57216936258166,0.034599156118130116,0.00452023408117442,63.33333333333333,0.7793071799746837,-0.4598435338046988,0.5167185994030868,0.4736842105261958,2.1192830475487887,90.83333333333333,20.0,4.9983090744077785,0.8798198198198185,0.774560452044072,1.4628447631949208,1.0643915023594044,-1.5879368209080122,2.7222222222228774,0.0,1.4021850187188958,0.16742469035566154,1.7914776085770365,-0.5673080799451646,1.0,0,0,1,22439.989469766668,15.0,8.0,0.81999999999999995115018691649311222136020660400390625,1.1999999999999999555910790149937383830547332763671875,78,1.5,1.5,-19.153116878141727
388639138,XAUUSD,BUY,32.45,59.17,4.2461,3.81,42.74,1.0,20.860563486116437,15.722031426501328,0.2629727352682121,0.0043087400608253015,70.0,0.7779264561285645,-0.47506964222595105,0.2367279338435227,0.4279835390947442,2.4504297828364674,91.66666666666666,20.0,5.142559880034696,0.8472072072072151,0.40498008959856446,1.2700847585105697,1.026751615786686,-1.525802587757068,1.1111111111116458,0.0,1.3268363097224958,0.14046384438898635,1.815241573845078,-0.7816691017652645,1.0,0,0,1,22434.838757033333,15.0,8.0,0.7800000000000000266453525910037569701671600341796875,1.1999999999999999555910790149937383830547332763671875,72,1.5,1.5,-20.183595795227042
388639140,XAUUSD,BUY,30.95,58.5,3.8244,3.7,42.75,1.0,20.20902659797223,15.230986041378078,0.5728368017525094,0.003905326724765595,76.66666666666667,0.7772235999291125,-0.36805294962285995,0.3642256712952888,0.3926380368102096,2.400913095428997,92.5,20.0,5.365168928333063,0.8282882882882929,0.18916943894244936,1.1435800187675471,1.0004610037653776,-1.6336447907273024,1.3365384615379485,0.0,1.3268363070016602,0.1404638442651968,1.8508407718509106,-0.3836095783758921,1.0,0,0,1,22429.672045933334,15.0,8.0,0.7199999999999999733546474089962430298328399658203125,1.1999999999999999555910790149937383830547332763671875,78,1.4364,1.4364,-20.805270264646833
388639142,XAUUSD,BUY,29.87,60.96,3.598,3.6,42.74,1.0,22.2006937152944,14.232439490465392,0.36247334754802835,0.003524427319621792,78.33333333333333,0.7746868906855341,-0.442177027753836,0.5856337696992743,0.3205882352941947,2.13533440679396,93.33333333333333,20.0,5.399075617683943,0.838738738738742,0.3077632647712966,1.1367818281164148,0.9981947858948512,-1.4950246295531715,1.5468749999974465,0.0,1.5598655571521347,0.21870899659160506,1.8561535451970412,-0.10798151235382618,1.0,0,0,1,22424.487701116665,15.0,8.0,0.81999999999999995115018691649311222136020660400390625,1.1999999999999999555910790149937383830547332763671875,78,1.4364,1.4364,-21.013749994162463
388639144,XAUUSD,BUY,30.2,63.2,3.4588,3.58,42.74,1.0,22.01299319858715,13.397796602388713,0.21032258064520004,0.002433237600585236,90.83333333333333,0.7703640861908648,-0.309607941392332,0.5544868683745452,0.05333333333328483,2.1455774431518435,94.16666666666667,20.0,5.473411844775009,0.8574774774774802,0.5448303842572749,1.161460981198825,1.0030694023961446,-1.1224556199264686,2.1192660550451214,0.0,1.6430307317571675,0.24329297373277012,1.8677033025625618,-0.4625033008836276,1.0,0,0,1,22419.989236633333,15.0,8.0,0.81999999999999995115018691649311222136020660400390625,1.1999999999999999555910790149937383830547332763671875,78,1.5,1.5,-20.790363122684052
388639146,XAUUSD,BUY,29.76,58.98,3.0795,3.46,42.74,1.0,20.442246132361674,17.075007759083555,0.26176115802175154,0.001467419798184616,100.0,0.7628519106118671,-0.049222811711841494,0.2986645960087584,0.21917808219179788,2.370173952615608,95.0,20.0,5.4738428466874085,0.8587387387387361,0.7369362323070495,1.1193306049583163,0.9944021433523508,-0.7787629102308572,17.750000000017053,0.0,1.1972026732628653,0.08975172578647074,1.8677698806785916,-0.5446473632453375,1.0,0,0,1,22414.904987666665,15.0,8.0,0.7800000000000000266453525910037569701671600341796875,1.1999999999999999555910790149937383830547332763671875,82,1.5,1.5,-22.101011554305845
388639148,XAUUSD,BUY,28.46,66.33,3.1716,3.82,43.68,1.0,24.707862693092608,15.055876908267848,0.11298838437167719,0.0013079956522116184,100.0,0.7539194982637268,0.6646019662065692,0.7762541575503782,0.3485086342229659,1.6763004932702659,92.5,20.0,5.197830986884692,0.8439639639639666,0.6580776108686602,1.0215649020526683,0.9733370312753934,-0.6281725907487529,3.5624999999996447,0.0,1.6410775142859275,0.2427333454764196,1.824199390017419,0.52757984516873,1.0,0,0,1,22409.989329033335,12.0,8.0,0.7800000000000000266453525910037569701671600341796875,1.1999999999999999555910790149937383830547332763671875,82,2.0,2.0,-18.897774864162518
388639150,XAUUSD,BUY,28.4,64.76,2.9882,3.73,43.68,1.0,23.47812224810104,14.306527561507572,0.17888563049853426,0.0012961502820016942,100.0,0.7459018961605246,0.70152445222294,0.9039863778700398,0.2633587786261596,1.51061348643775,93.33333333333333,20.0,5.319061571964488,0.8837837837837871,2.020669037601794,1.1278948470328207,0.9958391036202877,-0.4482957672849405,1.869369369368991,0.0,1.6410775085767557,0.24273334515668304,1.8435707116850535,1.0239193526032606,1.0,0,0,1,22404.821839683333,12.0,5.0,0.7800000000000000266453525910037569701671600341796875,1.1999999999999999555910790149937383830547332763671875,82,2.0,2.0,-19.651340477305048
388639152,XAUUSD,BUY,27.49,58.21,2.7402,3.62,43.68,1.0,22.30971138288692,16.82156003177515,0.17636684303350744,0.0012985447799558484,99.16666666666667,0.7342620183004296,-0.06522161217555983,0.2287658380467168,0.9726562500001082,2.218083577582902,95.83333333333334,20.0,5.443149883639267,0.8976576576576688,2.3204714219286022,1.1354395722759851,0.9970630023095721,-0.28359097637067454,2.7971014492724016,0.0,1.3262568997458029,0.1402497545430038,1.8630175329061438,0.21772599534562018,1.0,0,0,1,22399.588358983332,12.0,5.0,0.7800000000000000266453525910037569701671600341796875,1.1999999999999999555910790149937383830547332763671875,82,2.0,2.0,-20.82859115446686
388639158,XAUUSD,BUY,23.12,48.67,1.8419,3.57,43.58,1.0,18.153192053168286,20.99282835506915,0.034852546916920586,0.0014121906331352714,95.83333333333334,0.6794479554886005,-0.7438411465282059,0.27671587772387835,0.4617940199336301,2.743753365607022,99.16666666666667,20.0,5.531760817756052,0.8457657657657749,0.17172486624601266,0.8478853521651956,0.9292845122266427,-0.4383163329591939,3.989795918368976,0.0,0.8647329879230797,-0.07253958894794156,1.876676557437808,-0.34850093151869166,0.0,0,0,1,22384.989300633333,12.0,5.0,0.7800000000000000266453525910037569701671600341796875,1.1999999999999999555910790149937383830547332763671875,82,2.0,2.0,-22.123109237500124
388639168,XAUUSD,BUY,18.85,48.28,-0.3976,3.51,43.69,1.0,24.509037729239232,20.224017946529464,0.32753623188410685,0.002631537822942824,85.0,0.7209132324394919,0.22197261035734173,0.36874172899737967,0.36448598130838145,2.3901227982800206,90.0,20.0,5.4382771291923335,0.7156756756756802,-1.527274459812535,0.2666550610316262,0.7795804265778022,-0.5702716989940323,0.6694915254235329,0.0,1.2118777080875458,0.0957909005362226,1.8622609778017287,0.04622535559815462,0.0,1,0,0,22349.604256450002,12.0,5.0,0.32,1.15,78,2.0,2.0,-22.920085463555193
388639170,XAUUSD,BUY,18.77,52.12,-0.2992,3.68,43.69,1.0,22.49521216491502,18.56227810982079,0.3889310083396713,0.002584397545004912,85.0,0.7334322538597109,0.1677478171693315,0.3005847384792701,0.0350467289718797,2.3302308813255053,88.33333333333333,20.0,5.375388422896161,0.7717117117117104,-0.4562864142771945,0.4977941344253194,0.819699910237504,-0.44737532521529966,1.7435897435899679,0.0,1.211877702723122,0.09579090034452029,1.8524450182701395,0.2553309500875187,0.0,1,0,0,22343.988172183334,12.0,5.0,0.32,1.15,78,2.0,2.0,-21.437364124609225
388639176,XAUUSD,BUY,17.11,41.41,-0.4475,4.18,43.69,1.0,23.21084156050003,21.76353119247106,0.17129071170080845,0.002743590280716954,80.83333333333333,0.7493731932446739,0.023493003215456516,0.940247674840878,0.7528373266077082,2.7726231022503716,80.0,20.0,4.699361190255157,0.8250450450450444,0.5347268167799061,0.7351069504461109,0.8469752831510124,0.1825391326974054,3.4936708860763868,0.0,1.0665015841743581,0.03218077868028917,1.7403540966749214,-0.26786358784440717,0.0,1,0,0,22329.972803733333,12.0,5.0,0.32,1.15,78,2.0,2.0,-20.04533492343388
388639200,XAUUSD,SELL,29.5,41.74,-5.7125,5.73,40.58,1.0,17.30374752226908,25.09400988609632,0.11637487126674613,0.006693022930250865,20.0,0.7595000626110702,0.3750051677954896,0.2061600984247504,0.8083416087388111,2.5545472702763488,15.0,20.0,3.311143577804862,0.11991633743899338,-1.192015354883263,-1.4715823656086526,0.3504543510193626,-0.6634255580477866,0.2982456140352487,0.0,0.6895568668082653,-0.18374231695914756,1.4612032001987685,-0.12251231237874376,0.0,1,0,0,22229.955540916664,12.0,5.0,0.42,1.15,68,2.0,2.0,-17.753839438437122
388639323,XAUUSD,SELL,33.0,28.62,-7.3672,5.57,27.4,0.747,1.9139765256527697,9.631223869588142,0.6713286713286835,0.010250519866055173,0.8333333333333334,0.7225827586784185,-0.3702286341476267,0.5885739426753152,0.13809990205679232,1.7365036352676835,0.8333333333333334,20.0,0.9004426420884913,0.12755000990295942,-1.789124977981907,-3.4640712946362533,-1.908811704632362,-1.2913831128860458,41.45945945947208,0.0,0.19872617985448582,-0.6684376547226389,0.6420868285594687,-0.5479193477108503,0.0,0,1,0,21619.889154333334,12.0,15.0,0.62,1.15,55,2.0,2.0,-24.095062832298733
388639325,XAUUSD,SELL,32.79,33.94,-7.2206,5.73,27.4,0.747,1.7071108777175446,8.590265770317801,0.4479708636836741,0.010264319990358286,0.8333333333333334,0.7360644585885238,-0.005621626691993977,0.33543050402492575,0.12860817376393335,1.4733570230334148,0.8333333333333334,20.0,0.8648999254672075,0.23608635373341078,-1.1388465319669718,-2.503506043318074,-1.4576303971378193,-0.9542634058523621,6.2411347517738225,0.0,0.1987261773541393,-0.668437647706696,0.623207392389156,-0.17946673453446915,0.0,0,1,0,21614.738638533334,12.0,15.0,0.62,1.15,55,2.0,2.0,-22.8707678843156
388639327,XAUUSD,SELL,33.02,34.75,-6.9984,5.84,27.4,0.747,1.5277160718046476,7.79768992627769,0.5124572545188246,0.010275767419897799,0.8333333333333334,0.7491248755097976,-0.12307271839409964,0.410510892561302,0.0858356940510096,1.5504023039693513,0.8333333333333334,20.0,0.8335496257899575,0.3252129134482046,-0.6749726519130962,-1.8390548381360394,-1.097286399851466,-0.3530234381189017,6.775555555555507,0.0,0.19591903375605052,-0.6723539096751906,0.6062537743151067,-0.13586858900377216,0.0,0,1,0,21609.554957366665,12.0,15.0,0.62,1.15,55,2.0,2.0,-22.54785958518004
388639335,XAUUSD,SELL,36.15,40.97,-7.0371,6.36,27.4,0.747,1.058169130763811,7.238043835334479,0.009791400595999353,0.010096602983489151,5.833333333333333,0.7738392634265688,-0.011753517032924429,0.1014240374609484,0.10567915690865597,1.225362055860475,0.8333333333333334,20.0,0.7124197999188695,0.24737571796396357,-0.5692073996568001,-1.5673077192957474,-1.2366720948419867,-0.15652577984876526,3.4642126789362915,0.0,0.14619543741951851,-0.7449030039273522,0.5379074578934194,0.1485395282830869,0.0,0,1,0,21589.9221961,12.0,15.0,0.62,1.15,55,2.0,2.0,-20.784512575348124
388639337,XAUUSD,SELL,35.18,45.89,-6.0625,6.49,27.4,0.747,1.2298133172064394,6.668162802889953,0.0874391431353439,0.009514284036397716,7.5,0.7736043800998581,0.2581100739517822,0.05796065096268587,0.15133055466493325,1.051033644924726,0.8333333333333334,20.0,0.7068148251006736,0.3186769657357878,-0.2522873507031131,-1.1829926753498232,-0.9671503262405101,0.16956811335686361,8.46260387811716,0.0,0.18443057992568263,-0.6885749860993696,0.5346289581978253,0.15302540963429326,1.0,0,1,0,21584.738654866665,12.0,15.0,0.62,1.15,55,2.0,2.0,-19.6732665609131
388639341,XAUUSD,BUY,29.59,58.36,-2.5945,6.76,26.07,0.702,1.2763353524002277,5.600510838463597,0.36946953903173796,0.008065106669397666,10.833333333333334,0.7629800274441055,0.5169283954848667,0.27066265093024766,0.18642350557241247,0.8385785561288663,5.0,20.0,0.7414487675763366,0.4791047732224238,0.4519936039089708,-0.4011523700658393,-0.3886500323719338,1.1692804520812146,7.315985130109909,0.0,0.22789619756439405,-0.6288020318101898,0.5547173918303672,0.9290353057731309,1.0,0,1,0,21569.821995816666,12.0,15.0,0.62,1.15,55,2.0,2.0,-16.880103547798605
388639343,XAUUSD,BUY,28.24,54.44,-2.04,6.55,26.07,0.702,1.2044136207457976,5.516349667462407,0.1532443626323053,0.007475405573650484,11.666666666666666,0.7545576857161197,0.25780563189748934,0.0855879616434441,0.22874880611269566,1.0326561374524905,5.833333333333333,20.0,0.7534886081375131,0.551990493166954,0.8102585983328581,-0.07819151365228086,-0.13839996437769092,1.2860015650797516,4.364130434783451,0.0,0.21833521713003126,-0.6415841802817038,0.5616072939345704,0.3989722180087844,1.0,0,1,0,21564.989676133333,12.0,15.0,0.62,1.15,55,2.0,2.0,-18.067099233882754
388639368,XAUUSD,BUY,40.24,83.66,10.6387,7.99,25.16,0.672,2.6386298538552264,2.3898631456917667,0.893436838390952,0.013595938772399164,0.8333333333333334,0.7056277497678711,0.33897730573411883,0.34514298863844095,0.3166054019498095,0.007092883139313056,2.5,20.0,0.17513291701998895,0.9981689308919055,2.003164137517164,2.4081333732578165,2.486283513838026,1.1879918962263472,27.588737201366897,0.0,1.1040919872419996,0.04947141394339351,0.16138126206651507,0.3622624388558462,1.0,0,1,0,21449.704765833332,12.0,15.0,0.72,1.25,78,1.4,1.4,-8.027471838794973
388639379,XAUUSD,BUY,49.79,63.73,13.9726,9.6,25.45,0.682,2.208290912958542,2.066552189540139,0.27555704848281337,0.01822738223397069,1.6666666666666667,0.754072303882779,-0.007119373477276635,0.12702621971381944,0.1330532212885178,0.17564096475715765,10.833333333333334,20.0,0.20639361311063825,0.9563917525773195,1.0724100543955655,1.9369072927548223,3.260274649655452,0.2794531723347983,10.912313432836616,1.0,1.0685865353651716,0.033156466065173154,0.18763542408532408,-0.12208182215494177,1.0,0,1,0,21419.722410566665,12.0,15.0,0.72,1.15,78,2.0,2.0,-7.105156249259778
388639381,XAUUSD,BUY,48.51,60.81,12.9245,9.57,25.45,0.682,2.120862278291657,1.9847351448115096,0.12246798603027595,0.01753983757537893,3.3333333333333335,0.75936060687498,-0.16854965084954165,0.06730069778104202,0.1034084344309639,0.23865960814013618,12.5,20.0,0.21347013250459718,0.9122680412371111,0.5993335629354901,1.4216052608596301,2.6382864414040523,-0.16012361452762794,6.515789473684076,1.0,1.0685865140492392,0.03315646574543875,0.19348413319484575,-0.06436124495013333,1.0,0,1,0,21414.989305083334,12.0,15.0,0.72,1.15,78,2.0,2.0,-7.535997909348263
388639383,XAUUSD,BUY,46.26,56.36,11.3733,9.47,25.45,0.682,2.050653391465054,1.9190326017519501,0.015063221550301495,0.016692540234291203,5.0,0.762202988690602,-0.30247089491735485,0.007990170543954275,0.17002398081535194,0.3274193505228082,14.166666666666666,20.0,0.22228061814175679,0.8847422680412388,0.31891462327083364,1.1037199073216053,2.2505199755980136,-0.37715980820850453,8.670391061452595,1.0,1.068586495615785,0.03315646546894106,0.20071847280041513,-0.25673411395373313,0.0,0,1,0,21409.856165816665,12.0,15.0,0.72,1.15,78,2.0,2.0,-8.279778246221653
388639385,XAUUSD,BUY,43.46,55.84,9.9885,9.67,25.45,0.682,2.126966294816841,1.8536619614706458,0.04559982953334587,0.01594730604944739,5.833333333333333,0.7661003857191664,-0.0793684298365543,0.0837971976333164,0.2113939393939235,0.23966453381639743,15.833333333333332,20.0,0.23122482760867533,0.848144329896907,-0.03819560569301544,0.7341296874893913,1.756247612784373,-0.7817845503711863,4.88152327221424,0.0,1.1474396041928594,0.06865857525277076,0.20800946871338172,-0.22590665657367537,1.0,0,1,0,21404.672171583334,12.0,15.0,0.72,1.15,78,2.0,2.0,-8.103360909192896
388639387,XAUUSD,BUY,41.84,56.81,9.505,9.4,25.45,0.682,2.0677206054996304,1.789310563044551,0.22341696535245387,0.014953388827443624,7.5,0.7683710252617871,-0.16106617432920883,0.06478694000901293,0.031404549950555125,0.26464375767006604,16.666666666666664,20.0,0.24036671904637671,0.8931443298969047,0.4029227709624405,1.0844203629281217,2.336432834050956,-0.80732074491572,3.7305045871563185,1.0,1.1555956202403124,0.07218245280027416,0.21540707706057977,-0.09830998808997157,1.0,0,1,0,21399.989412066665,12.0,15.0,0.72,1.15,78,2.0,2.0,-8.099946807648868
388639389,XAUUSD,BUY,40.33,57.24,8.8737,9.23,25.45,0.682,2.212940524176574,1.7183024267590414,0.04454409566517981,0.01346289743061969,10.0,0.7703996672560022,-0.0284407699496572,0.09109580995612485,0.05794183445188471,0.24000769975345113,18.333333333333332,20.0,0.2485838423132534,0.8864948453608225,0.3194662128941568,0.9749261492176138,2.2258380299512264,-0.756034980398768,30.84251968502811,0.0,1.287863650688567,0.12582228515730018,0.2220099829188585,-0.13485673445494448,1.0,0,1,0,21394.98977025,12.0,15.0,0.72,1.15,68,2.0,2.0,-8.140790898359537
388639391,XAUUSD,BUY,39.24,59.24,8.6847,8.9,25.78,0.693,1.8990328704138364,11.937183032560092,0.2536908196165131,0.012434370275810892,10.833333333333334,0.7699463509651295,0.012063114876530051,0.0553841092532222,0.011568049048527944,0.24477878466006553,15.833333333333332,20.0,0.22973137931493282,0.9004639175257712,0.4822233308267655,1.0418103640010066,2.386248941830644,-0.5150692968134684,16.25868725869228,0.0,0.15908549832473035,-0.7254981786234267,0.20679575473271497,-0.049277380863052674,1.0,0,0,1,21389.872369766665,12.0,15.0,0.72,1.15,68,2.0,2.0,-8.026910111457491
388639393,XAUUSD,BUY,38.01,56.48,7.7366,8.62,25.78,0.693,1.6519846859975291,10.384256044731568,0.36435826408125016,0.011235319142410863,11.666666666666666,0.767152371728874,0.09181274032286307,0.05074080138834002,0.0024224519940907207,0.22511800068581905,13.333333333333334,20.0,0.21521797388701555,0.8901546391752557,0.3433715609481003,0.9077636188838655,2.2252227516087166,-0.5407749231018761,85.44500000000016,1.0,0.15908549633174385,-0.7254981707820087,0.19492346307797442,0.015495694119860813,1.0,0,0,1,21384.989545350003,12.0,15.0,0.72,1.15,68,2.0,2.0,-8.792285381810519
388639395,XAUUSD,BUY,35.84,52.14,6.7611,8.5,25.78,0.693,1.451808945260479,9.125965841815944,0.3157057654075557,0.010180564045113485,18.333333333333332,0.7607892020241003,-0.09112244982252495,0.037638454590892045,0.052890676592425814,0.3026812244853838,10.833333333333334,20.0,0.20368857636970472,0.8921649484536078,0.3715182738329035,0.8813901608767168,2.2263426028522066,-0.5224502819106032,411.804878048927,0.0,0.15908549421943646,-0.7254981624711214,0.18539065592876333,-0.0026479514928083843,0.0,0,0,1,21379.854406383336,12.0,15.0,0.72,1.15,68,2.0,2.0,-9.562294116521935
388639470,XAUUSD,BUY,23.43,62.56,2.3258,3.28,26.68,0.723,0.6580976785769038,0.29885095497708064,0.4318637274549036,0.011615742492218776,30.833333333333336,0.7792634377904282,0.02233784716727369,0.038690004430363384,0.011977653631286217,0.05805741202555243,4.166666666666666,20.0,0.0962011798269326,0.9591268805983145,0.7931817543293579,1.2516397133169859,1.421738446858702,0.19654782492813694,794.8928571435823,0.0,2.2020859078113584,0.3754081834648165,0.09185072991732442,0.023713590827340286,1.0,0,0,1,20949.989234016666,12.0,15.0,0.7199999999999999733546474089962430298328399658203125,1.1999999999999999555910790149937383830547332763671875,78,2.0,2.0,-20.16448170116916
388639504,XAUUSD,BUY,34.41,45.96,1.1531,5.96,27.04,0.735,0.6017463212712523,0.1244593255625411,0.11235721703010781,0.007081953524929241,35.0,0.7486222303183387,-0.052834105977112626,0.013039236458542743,0.01061888169902145,0.11602753431782684,62.5,20.0,0.10222690248266764,0.9107043100855152,-0.11000605439503822,0.21896422736073298,0.6803528671961615,-0.33591856683346366,501.2162162163636,1.0,4.834844506082187,0.657233031107119,0.09733259015558009,-0.025045591108251712,0.0,1,0,0,20779.704932833334,12.0,15.0,0.62,1.15,58,2.0,2.0,-12.773406038125115
388639506,XAUUSD,BUY,32.97,48.57,0.9747,5.75,27.04,0.735,0.5626351371108221,0.11636995063744668,0.15232358003441732,0.0068326051280744055,36.666666666666664,0.7445253477059532,-0.018665559915892384,0.005546171292001212,0.007748868778279918,0.10983170141222366,64.16666666666667,20.0,0.10293505286993712,0.9024536977353796,-0.3186528498708456,0.0721532999110938,0.5809777784626704,-0.677562913131772,93.17187499999665,1.0,4.834841805698658,0.6572329681951562,0.09797485628020064,-0.0463722413179078,0.0,1,0,0,20774.98924256667,12.0,15.0,0.62,1.15,58,2.0,2.0,-12.817304345596783
388639508,XAUUSD,BUY,32.15,50.09,0.8575,5.45,27.04,0.735,0.6945846960138703,0.10847362629078533,0.22985074626865598,0.006663041084587198,36.666666666666664,0.7444360635394076,-0.0175513114314496,0.01782105363648244,0.026703649317451773,0.08498987504986932,65.0,20.0,0.1033311550758301,0.9082978814833907,-0.13950233742188597,0.17568814564742288,0.6418221314339791,-0.5762814650909914,128.05109489052137,1.0,6.403199713746086,0.7298477876342149,0.0983339264673995,0.006509862769778424,1.0,1,0,0,20769.856141199998,12.0,15.0,0.62,1.15,58,2.0,2.0,-13.286146786552788
388639510,XAUUSD,BUY,32.88,56.27,1.4452,5.47,27.04,0.735,0.7216300482445294,0.10102123934054588,0.047970479704809624,0.0062867678339676245,40.0,0.7448347638198526,0.0241670205561661,0.015889856062539377,0.0003232410300635719,0.08555030818014729,66.66666666666666,20.0,0.10363453443991055,0.9293111598126431,0.4578280140813349,0.5584906690478285,0.8723208654558179,-0.3161758535256718,36.44806517311718,0.0,7.143279073550479,0.7543999065824062,0.09860885540483845,-0.017928774458104712,1.0,1,0,0,20764.6716468,12.0,15.0,0.62,1.15,58,2.0,2.0,-12.157129796680413
388639512,XAUUSD,BUY,33.16,55.91,1.4837,5.55,27.04,0.735,0.7228893844616641,0.09403011823751535,0.012681159420291745,0.005723144495427516,41.66666666666667,0.7480842433531387,0.017671504534159867,0.010322442378779198,0.004664129094515026,0.09027411730129456,67.5,20.0,0.10388275868963635,0.9290533281766997,0.4313068375874221,0.5598619962909491,0.8609485094976791,-0.028556461100202244,3092.6666666460314,0.0,7.687767603015219,0.7697924879426341,0.09883374537652248,0.019685782771685898,1.0,1,0,0,20759.521784616667,12.0,15.0,0.82,1.15,78,2.0,2.0,-12.073783781608185
388639514,XAUUSD,BUY,33.41,54.02,1.3436,5.32,27.04,0.735,0.7107935216396748,0.08747675749934944,0.0027598896044202367,0.005077064910561239,49.166666666666664,0.7507015002842479,0.0535657835636605,0.0327096430637963,0.026453333333333526,0.06463168108323095,68.33333333333333,20.0,0.10407678113241638,0.925314769455545,0.30699337540948834,0.49916740962121353,0.8109775463259493,0.12103447803370702,213.40229885060236,0.0,8.125420014853043,0.7808332586042728,0.09900949356373344,0.04350409451334834,1.0,1,0,0,20754.989780233336,12.0,15.0,0.82,1.15,78,2.0,2.0,-12.896522553966566
388639516,XAUUSD,BUY,34.32,60.43,2.1168,5.41,27.04,0.735,0.8967226252060915,0.08115438657593921,0.35508524397412616,0.004978449044829059,50.83333333333333,0.743578166311542,0.08177849729699398,0.06150724841900502,0.034888500667968184,0.02927091221582704,68.33333333333333,20.0,0.10398192616634626,0.9466288513600616,1.0942937088212257,0.9838795186844835,1.0441629313082317,0.26470237241036415,36.802419354838435,0.0,11.049452945024232,0.834018383483136,0.09892357649475794,0.08874857398297502,1.0,1,0,0,20749.939007183337,12.0,15.0,0.82,1.15,78,2.0,2.0,-11.545194082893499
388639518,XAUUSD,BUY,35.89,61.45,2.947,5.54,27.04,0.735,0.8817132409154725,0.07523278971317106,0.27614648630814187,0.004788425624904108,50.83333333333333,0.7343871722853612,0.061174319696090024,0.06001855660030678,0.004725369645848176,0.024291457064206094,67.5,20.0,0.10380964557352386,0.9758067981608005,2.099806338164542,1.7070686845190601,1.3601932199548123,0.7783084678467053,27.662739322533273,0.0,11.719644115722545,0.8427639413568203,0.09876751050068741,0.08647343476274462,1.0,1,0,0,20744.98970921667,12.0,15.0,0.82,1.15,78,2.0,2.0,-10.786913355453482
388639522,XAUUSD,BUY,38.7,61.95,4.0653,5.57,27.04,0.735,0.8731193298219153,0.06468663163326091,0.3533442088091372,0.0051611511107965006,45.0,0.71320414453907,0.03850089672847821,0.023515213014346465,0.03626543209876643,0.05150003580648226,65.83333333333333,20.0,0.10351765991252905,0.987581109535472,2.0625990548516713,2.178378803056524,1.4534263784092025,1.8983531880328361,110.16201117318637,0.0,13.49746941999616,0.862045955528231,0.09850295013216193,0.0339537924513116,1.0,1,0,0,20734.588345566666,12.0,15.0,0.82,1.15,78,2.0,2.0,-10.389497305136334
388639524,XAUUSD,BUY,38.44,59.13,3.8327,5.85,27.38,0.746,0.8114147547583148,0.06011513609892181,0.4224965706447109,0.005175696051520907,42.5,0.7019817362354208,0.010571774562873405,0.019277710266735394,0.002251308900525084,0.05376947358879438,68.33333333333333,20.0,0.10360206857185707,0.9572429203729972,0.7773748678168972,1.5017422815821537,1.0973913380422406,1.2143492198762678,26.57446808510562,1.0,13.497453552622249,0.8620458856259422,0.09857943774475476,0.03626072400014997,1.0,1,0,0,20728.987727199998,12.0,15.0,0.72,1.15,78,2.0,2.0,-10.141794870061046
388639527,XAUUSD,BUY,38.62,56.35,3.4456,5.66,27.38,0.746,0.7543878270532208,0.10219828197837477,0.41810642709053736,0.005256724925585691,42.5,0.6861612531749998,-0.018706210278727955,0.022812806262190108,0.006272732064733061,0.04792331557064571,70.0,20.0,0.10373012028278539,0.9553951269820803,0.6349327540468662,1.3759705673097395,1.0643986085741013,0.39508943003207403,443.1860465113273,1.0,7.38153744771757,0.7613814616147693,0.09869546170500736,0.016493089124964385,1.0,1,0,0,20723.987448566666,12.0,15.0,0.72,1.15,78,2.0,2.0,-10.973409892053931
388639531,XAUUSD,BUY,38.99,55.24,3.0764,5.36,27.38,0.746,0.6760609257548225,0.08849821367593218,0.21366223908919263,0.0050983929278446945,48.333333333333336,0.6480883924059625,-0.041520954944170005,0.011923425421702976,0.0019430051813453858,0.05224396082472525,75.0,20.0,0.10417539546306395,0.9516995402002502,0.3781366402051789,1.1449359288501992,0.9972250335157908,-0.589854278086255,94.19696969699058,1.0,7.639174379903906,0.7684977044661968,0.09909880793802303,-0.03229437259354888,1.0,1,0,0,20714.98916611667,12.0,15.0,0.72,1.15,78,2.0,2.0,-11.677145520209326
388639535,XAUUSD,BUY,39.04,52.75,2.6203,5.04,27.38,0.746,0.58574081751225,0.09299090149991181,0.06693069306929349,0.005069019662017168,50.83333333333333,0.671766052047803,-0.019503854889114783,0.0058261422962304224,0.021388347411738205,0.06940131607286633,77.5,20.0,0.10467770146737547,0.9564694254651708,0.4787191426224582,1.2023888826948357,1.0274708114930182,-0.7140376372183066,250.29729729737147,1.0,6.298836867130904,0.7259852106871967,0.09955361954470544,-0.02177296190521334,0.0,1,0,0,20704.738328766667,12.0,15.0,0.72,1.15,78,2.0,2.0,-12.682440473673932
388639539,XAUUSD,BUY,37.19,50.95,2.2065,5.24,27.38,0.746,0.8334537365189152,0.08023254679772565,0.3313131313131484,0.0050955542162820664,49.166666666666664,0.6946625510213233,-0.01716407734928086,0.009373142964594395,0.03290160852308437,0.07604493364911027,78.33333333333333,20.0,0.10474508767094765,0.9646770658759819,0.7501976089076184,1.3790808049229717,1.098546036519205,-0.6131266271772498,30.99322033898506,0.0,10.387846104075518,0.8243752577873612,0.09961461846616523,-0.027652703145133607,0.0,1,0,0,20694.48851565,12.0,15.0,0.72,1.2,78,2.0,2.0,-12.37585877626385
388639541,XAUUSD,BUY,35.65,48.37,1.6376,5.15,27.38,0.746,0.7778144610229888,0.08841139483718932,0.4179478012155972,0.004822148318176019,56.666666666666664,0.6919134167620717,-0.019456966744082874,0.008808861084953943,0.00039423293534415863,0.07674328611618972,80.0,20.0,0.10527199741589863,0.9376047441020995,-0.31008660714449504,0.5103678870497742,0.7883610330437317,-0.9789941791795177,29.393650793649847,1.0,8.797572585329553,0.7958689591783787,0.10009145618700492,-0.01758042356845584,0.0,1,0,0,20689.98885028333,12.0,15.0,0.72,1.2,78,2.0,2.0,-13.023203880966115
388639544,XAUUSD,BUY,34.68,51.2,1.4901,5.0,27.38,0.746,0.8887356052474327,0.08236801001734195,0.09519725557462988,0.004520165250311095,59.166666666666664,0.6874916987694808,-0.010768018654546819,0.0035188401771070713,0.013520225153136238,0.06427002377333005,80.83333333333333,20.0,0.10562041704737825,0.9373469124661599,-0.30637802339759623,0.48539284717971043,0.7782070028347631,-0.8837014615273318,2535.5714285819804,1.0,10.789684191424888,0.8303612016201077,0.10040664079941275,-0.0068125168995557045,1.0,1,0,0,20684.90625,12.0,15.0,0.72,1.2,78,2.0,2.0,-12.959899997407854
388639546,XAUUSD,BUY,34.76,53.66,1.527,4.95,27.38,0.746,0.8280680225876764,0.07674533885761553,0.011475409836055736,0.003971966080760621,65.83333333333333,0.7041130197934815,0.018293520715507435,0.010434044754661427,0.008372608816191975,0.05648761060100134,82.5,20.0,0.10598050769418782,0.9477031498431521,0.1301209924467035,0.781592387141766,0.8855346020797032,-1.0975420578015578,72.96326530612795,1.0,10.789674594431904,0.8303611389743488,0.10073227879853201,-0.0028084834538946277,1.0,1,0,0,20679.988695066666,12.0,15.0,0.72,1.2,78,2.0,2.0,-12.680707068145011
388639548,XAUUSD,BUY,34.48,53.91,1.5237,4.7,27.38,0.746,0.8578226125080884,0.07144888389740722,0.03518373729474991,0.00347079712775848,85.83333333333333,0.7125835285652422,-0.0006375200105808354,0.020616717364996335,0.01286704058066727,0.0443088190506146,83.33333333333334,20.0,0.10625616079283892,0.9541919126810199,0.43753569785361374,0.9454840851020709,0.949410118915083,-0.5967204983385589,118.43708609269761,0.0,12.005934309701756,0.8462251187379817,0.10098148640276743,0.030654902388731517,1.0,1,0,0,20674.921942549998,12.0,15.0,0.72,1.2,78,2.0,2.0,-13.299893614191342
388639554,XAUUSD,BUY,36.74,58.27,2.3955,4.51,27.76,0.759,0.8228265697877397,0.130508423258144,0.23290598290600484,0.003188882203315919,89.16666666666667,0.7013883196094766,0.04579302612939584,0.035628749740824625,0.01055662188099573,0.019137660504429086,85.83333333333333,20.0,0.10661649306088196,0.976064629796744,1.4244631930562983,1.404014635165704,1.1603952115363747,0.882125431398155,417.0454545458338,0.0,6.304729185418372,0.7262058199624429,0.10130715563691904,0.05858576293695347,1.0,1,0,0,20659.989014983334,12.0,15.0,0.72,1.2,78,2.0,2.0,-12.904545451683871
388639560,XAUUSD,BUY,43.01,60.86,3.9216,4.43,28.12,0.771,0.697520186990734,0.2788451897419564,0.4890580399619399,0.004619743716371426,58.333333333333336,0.6654070909440613,0.008950859067365896,0.02342676059519455,0.011532377404705954,0.03210662431520181,80.0,20.0,0.10526762070557343,0.9832994418725407,1.4061793517631564,1.5894503332770895,1.394480845483381,1.2740256248356734,73.23791821562436,0.0,2.501451383058946,0.42880931505428366,0.10008749633006382,0.019369242209822255,1.0,1,0,0,20634.989209366668,12.0,15.0,0.82,1.15,78,2.0,2.0,-11.945711058251321
388639566,XAUUSD,BUY,42.23,58.45,3.3547,4.0,28.12,0.771,0.5852353200625645,0.22271294757184393,0.18741808650069078,0.0047373865937841144,59.166666666666664,0.7147591270224073,-0.027945114163211184,0.01588423207849719,0.0022925024748632872,0.03407578480821377,80.0,20.0,0.10501012267554673,0.9690763052208823,0.5384837317645021,1.074829272736787,1.254983055765285,-0.559820937349073,271.5428571429276,1.0,2.6277443619635767,0.44869447502830034,0.09985449572010632,-0.008610830059391776,1.0,1,0,0,20619.922476633332,12.0,15.0,0.82,1.15,78,2.0,2.0,-13.537374996615313
388639568,XAUUSD,BUY,42.24,58.96,3.216,3.84,28.12,0.771,0.5427301305329799,0.3054190015383029,0.15414012738853253,0.004677634614101863,60.83333333333333,0.7222639495409818,-0.018336818401196,0.010225311074832991,0.004486617502964734,0.038593758234752897,80.0,20.0,0.10487434302922449,0.970500000000001,0.5629589276704311,1.0678651118883435,1.2811735406927585,-0.6392043363326901,435.20454545403913,1.0,1.7769960310373314,0.2797984932397937,0.09973161178784627,-0.03251104633905864,1.0,1,0,0,20614.755238583333,12.0,15.0,0.72,1.2,78,2.0,2.0,-13.986848954690672
388639574,XAUUSD,BUY,35.71,48.27,1.7812,3.8,28.75,0.792,0.43487002658243484,0.2447212009167632,0.38775510204071856,0.0042349114616956965,67.5,0.7494248240097696,-0.019974298008411728,0.005568151780894416,0.0026658136063126537,0.056360278597556386,82.5,20.0,0.10495396386882222,0.9488181818181808,-0.3495516552284729,0.501383874355605,1.0499398210932114,-1.4383945945825956,166.1315789473202,1.0,1.7769945879587206,0.2797984114170818,0.09980367244467074,-0.02366711885241578,0.0,1,0,0,20599.98911733333,12.0,8.0,0.72,1.2,78,2.0,2.0,-15.634078943253886
388639594,XAUUSD,BUY,35.4,63.89,4.4738,5.43,30.11,0.837,0.8881469297107412,0.2614513816098994,0.4778717056190983,0.006807238266473422,31.666666666666664,0.7140436534163545,0.03236158045962161,0.05293464463463491,0.02740560292326332,0.01364094117626207,100.0,20.0,0.10740898563986036,0.9728060431015334,0.8286195422379894,1.7163517649356494,1.9329401861140683,0.5583344363403094,34.06653992395288,0.0,3.3969739508278907,0.5451425917965317,0.10202303955103625,0.010150149142968561,1.0,1,0,0,20524.78909011667,12.0,8.0,0.82,1.2,78,1.4,1.4,-7.390331490351523
388639596,XAUUSD,BUY,36.72,65.43,4.8483,5.39,30.17,0.839,1.0355700324925134,0.24283815184395718,0.46319018404907825,0.007657748275603472,25.833333333333336,0.7206809054407608,0.06959638626472534,0.07614331099206348,0.03142179583917176,0.011925435700574874,100.0,20.0,0.10743635766282437,0.9887814142484874,1.2748181838656525,2.168863405342473,2.241035376309421,0.6965654978052883,35.48888888889021,0.0,4.264427810050773,0.6200924479903559,0.10204775642171815,0.06354860555756023,1.0,1,0,0,20519.98692243333,12.0,8.0,0.82,1.2,78,1.4,1.4,-7.103803338199471
388639598,XAUUSD,BUY,39.04,70.74,5.9419,5.68,30.43,0.848,1.0483985176027144,0.22518037499897,0.4719637918028602,0.008613058982157366,24.166666666666668,0.7245685875960426,0.08549062386743682,0.08617167088639906,0.01860146493123116,0.005042517762792711,98.33333333333333,20.0,0.10728761197425486,0.9903486653334481,1.6293123404848373,2.5905801707284213,2.5877069259483365,0.6942786202401912,30.825042881647047,0.0,4.65579587835588,0.6463812340206349,0.10191343206271684,0.08861956749073198,1.0,1,0,0,20514.97203138333,12.0,8.0,0.82,1.2,78,1.4,1.4,-5.399559858204138
388639602,XAUUSD,BUY,41.7,68.02,6.5743,5.43,30.45,0.848,0.9970351827380793,0.3315785672950941,0.3486725663716949,0.009677315112478983,23.333333333333332,0.7330708508338594,0.08986861487267728,0.0833054616780204,0.024816924328723167,0.0008530117838065247,90.83333333333333,20.0,0.10662647297591256,0.9853363367342445,1.2005229721845603,2.281626186647811,2.6060898209511554,0.9480379349993272,79.68200836822045,0.0,3.006925881686652,0.5008649914705297,0.10131617400063582,0.06173672785305298,1.0,1,0,0,20504.989607233332,12.0,8.0,0.82,1.2,78,1.4,1.4,-5.874677715308278
388639604,XAUUSD,BUY,43.25,68.82,7.1632,5.33,30.51,0.85,0.9233502510205088,0.3070735703670497,0.39889850511410224,0.009903717945836218,23.333333333333332,0.7391698479131265,0.04892373526661356,0.06213362596787205,0.013978107816435919,0.015260108309516593,84.16666666666667,20.0,0.10634221818478866,0.9992921293633595,1.4200308373692074,2.520816909715909,2.8781324516204374,0.8054112905459931,39.29508196721209,0.0,3.006925158005816,0.5008649613866533,0.10105927493665663,0.07513077714755377,1.0,1,0,0,20499.85568375,12.0,8.0,0.82,1.2,78,1.4,1.4,-5.485834895781038
388639615,XAUUSD,BUY,41.89,63.43,6.2708,5.46,31.79,0.893,0.8097141231318545,0.31302273771730676,0.05798936439605037,0.006275965097742489,42.5,0.752653178403522,0.013967911835126507,0.03212369898362231,0.014300143533041843,0.022633320128987378,76.66666666666667,20.0,0.10576317817282203,0.9943957656896353,1.2221758963537943,1.863525161433305,2.6067423199923327,-0.3793908366776801,38.81120331949703,0.0,2.5867499028559657,0.4423930133066723,0.10053575555449248,-0.00576409321041957,1.0,1,0,0,20469.889529616667,12.0,8.0,0.82,1.15,78,1.4,1.4,-5.12445054851174
388639623,XAUUSD,BUY,39.69,60.87,5.0244,5.2,31.79,0.893,0.6762139356607655,0.23642967782916852,0.01211922698984258,0.0050272134130107836,64.16666666666667,0.7488395184304102,-0.010632363217187558,0.026443102286314104,0.0008540195855137594,0.019125787826330863,100.0,20.0,0.10744824621532985,0.9835220963801908,0.8597235861601562,1.4471579325548851,2.2856224073200737,-0.7167046984659067,85.04455445542715,0.0,2.8600938840490047,0.48187898260843404,0.10205849156564824,0.015203926839468782,1.0,1,0,0,20448.987672933334,12.0,8.0,0.82,1.15,78,1.4,1.4,-5.7075961527484
388639635,XAUUSD,BUY,36.04,57.79,3.3662,4.99,32.98,0.933,0.6964831344614804,0.3654095927878494,0.09637939826620902,0.0019339887063074563,99.16666666666667,0.7448685690081711,-0.002660760171933045,0.023253242267571937,0.021120141538119707,0.013413874479727306,100.0,20.0,0.10861436825689005,0.9712714214282481,0.3958162803898119,0.9277380562490825,1.8727429529250876,-0.9116033634999519,526.0909090910269,1.0,1.9060288568751087,0.3117765301535639,0.10311091864201156,0.006353940543028463,1.0,0,1,0,20419.62119895,12.0,8.0,0.72,1.2,78,2.0,2.0,-6.158216431631329
388639637,XAUUSD,BUY,36.57,60.95,3.5564,5.07,32.98,0.933,0.8545896762250267,0.33882230680334463,0.4430583501006059,0.002636142952768991,97.5,0.7245001146620902,0.059181937612974,0.05623686423825614,0.038224020442931855,0.0036875925723655876,98.33333333333333,20.0,0.10845860506967474,0.9887579081516533,1.940594753621472,1.1905749397889307,2.048523626577007,-0.6783625810764947,46.34816753927059,0.0,2.522228132083713,0.43217844682138884,0.10297040618315652,0.036279403395808964,1.0,0,1,0,20414.98911335,12.0,8.0,0.72,1.2,78,1.4,1.4,-5.518639052165663
388639639,XAUUSD,BUY,38.52,66.81,4.464,5.41,33.27,0.942,1.015613806351808,0.3134602042555306,0.5278062094848189,0.0037495903851030355,78.33333333333333,0.6888129212599061,0.07248443364227106,0.07493957219616153,0.025469168900806912,0.008374537231346185,97.5,20.0,0.10805854492064666,0.99697912039094,3.447812634297888,1.6737268254988455,2.392702538920853,0.12180372541195657,25.16155988857822,0.0,3.239998419465936,0.5283024633616571,0.10260942530522915,0.08569042612207595,1.0,0,1,0,20409.889072583333,12.0,8.0,0.72,1.2,78,1.4,1.4,-3.8668207016880296
388639641,XAUUSD,BUY,40.3,70.42,5.4128,5.46,33.42,0.947,1.0419961262625854,0.2903535864565909,0.5227586206896502,0.004710717030180839,63.33333333333333,0.6558657099113313,0.09606683323729957,0.07592530034906686,0.00887821182368823,0.013366271126989899,95.0,20.0,0.1077925090886472,0.9932880093534868,3.241543585890827,1.9391043594430517,2.5983299401113618,1.0588483507939705,38.2631578947328,0.0,3.588702141677269,0.5641476621962228,0.10236930462311347,0.08138334436193059,1.0,0,1,0,20404.755420666665,12.0,8.0,0.72,1.2,78,1.4,1.4,-2.899175823644641
388639643,XAUUSD,BUY,41.85,70.35,5.8717,5.27,33.44,0.948,0.9632446423623513,0.49951103050917717,0.5430835259161386,0.0056044367338623155,35.0,0.6118105516622853,0.10276336655857246,0.07537792374233755,0.007150101419877565,0.005580165835525243,90.0,20.0,0.10731088145241229,0.9893817434492226,2.6202200711395305,1.9600174077996058,2.6153585945662665,1.7209874755654395,111.63529411765886,0.0,1.9283712574058902,0.3170271723613618,0.10193444668746923,0.10328672339794683,1.0,0,1,0,20399.989025383333,12.0,8.0,0.72,1.2,78,1.4,1.4,-3.03026565407381
388639645,XAUUSD,BUY,43.22,71.79,6.4261,5.16,33.46,0.949,0.936423878047806,0.46166676048655647,0.4487821154487722,0.006076323650515011,31.666666666666664,0.654707910796718,0.07453539995196824,0.061406036871289565,0.006696540959673898,0.017516842194157636,83.33333333333334,20.0,0.10681001337898866,0.9955471827367701,2.195931598300654,1.941305254420382,2.616817048151687,1.8868334157196018,138.8581560283831,0.0,2.0283501647611244,0.3395751068641992,0.10148201603371718,0.09506091190729601,1.0,0,1,0,20394.938934183334,12.0,8.0,0.72,1.2,78,1.4,1.4,-2.705329456839863
388639647,XAUUSD,BUY,43.56,70.74,6.5963,5.33,33.46,0.949,0.8644608960997898,0.5240315826953655,0.7177700348432,0.006776671844456394,23.333333333333332,0.6910283438775564,0.051563953086767644,0.06935635843722053,0.013866956178446485,0.009503696563007204,70.0,20.0,0.10618655377661897,0.9860104068924309,1.6573748444020846,1.7643660238004655,2.4782873283461346,1.493759748686752,148.33082706757565,0.0,1.6496319592446498,0.24517890692567515,0.10091856317697312,0.089621451387467,1.0,0,1,0,20389.839100233334,12.0,8.0,0.12,1.2,88,1.4,1.4,-2.5777673541127584
388639657,XAUUSD,BUY,48.72,76.07,7.6417,5.08,35.31,1.0,1.0477583114202005,0.42527183425187004,0.8088857545839162,0.009025261049630732,8.333333333333332,0.761431826626253,0.06840302588553263,0.10115641436531167,0.04542002847650534,0.003353716930823873,32.5,20.0,0.10319129017910945,0.9999579443182764,1.3071710616486294,1.7805702142165276,2.4835951927863573,0.35684886969827784,104.07692307693269,0.0,2.463732049246438,0.42258880879556765,0.09820715241422026,0.08348175375490105,1.0,0,1,0,20363.988569333334,12.0,8.0,0.12,1.2,88,1.4,1.4,-0.9644685037468811
388639659,XAUUSD,BUY,50.8,79.86,8.7796,5.23,35.47,1.0,1.1177350612364336,0.39191623500578937,0.7997783524196479,0.009997016306442695,3.3333333333333335,0.7579088282572541,0.09370314591103,0.1078350041686269,0.017254243611265666,0.0058375312090456,30.833333333333336,20.0,0.10241282822884076,0.9973791379379842,1.8998677437498175,2.2408259889322095,2.853077007742383,0.9068967702920361,21.016718913271383,0.0,2.851967102747912,0.4807854285634703,0.09750125784674421,0.08659004626748412,1.0,0,1,0,20359.989501316668,12.0,8.0,0.12,1.2,88,1.4,1.4,0.4169216060390785
388639661,XAUUSD,BUY,52.6,81.34,9.6129,5.26,35.55,1.0,1.0874567449019488,0.3611886360189086,0.44055944055942964,0.010283634351474492,1.6666666666666667,0.7618407283446613,0.05984821734678152,0.0688293487683865,0.028335957033058048,0.04477398807816972,29.166666666666668,20.0,0.10164355976882562,0.9954792401951051,1.8415840805166144,2.2850113700597743,2.9294730556456035,1.229939868891447,56.956756756759745,0.0,3.0107639767521444,0.5013425763859467,0.09680320992433979,0.06195174967909718,1.0,0,1,0,20354.989431749997,12.0,8.0,0.12,1.2,88,1.4,1.4,1.0267110264210735
388639671,XAUUSD,BUY,39.46,53.83,4.5301,5.08,35.57,1.0,0.7266654921200421,0.37976865542172356,0.048162859980127225,0.005370167519674245,42.5,0.7537918613840238,0.009138158261912565,0.012429287104520069,0.014175988453013058,0.0904396103301476,25.833333333333336,20.0,0.10093706510061075,0.9186376537369902,0.00027265985901766534,0.8563186168485314,1.814723082807536,-1.1431972683157816,113.27647058824725,1.0,1.913437479129554,0.31352658804182093,0.0961616945269308,-0.013878846451333977,1.0,0,1,0,20319.988977883335,12.0,8.0,0.82,1.2,78,2.0,2.0,-2.742027558515207
388639673,XAUUSD,BUY,38.42,56.69,4.4028,4.97,35.57,1.0,0.7245927633048268,0.3530347160378502,0.40589147286819866,0.004861820422858592,62.5,0.7454051217712283,-0.0012630476736397306,0.004126859542189727,0.00799753921870401,0.09842209619052211,25.833333333333336,20.0,0.10104938007240218,0.9293598233995582,0.40018308584877715,0.9804328208944587,1.8955827893526889,-1.1897577303836484,69.5418181818181,1.0,2.052463052285454,0.3447923420635807,0.09626370693680283,0.0012631172509050272,1.0,0,1,0,20314.9391188,12.0,8.0,0.82,1.2,78,2.0,2.0,-2.2574446675536817
388639675,XAUUSD,BUY,37.74,60.01,4.2843,5.28,37.47,1.0,0.7984096673765969,0.32781121143239134,0.4541372674791179,0.0046574572134501155,70.0,0.7367078505481824,-0.001717675086710199,0.015618836053168744,0.013233659965652513,0.08528392350606569,25.0,20.0,0.10104730273230467,0.9231467234781219,0.1465856569509385,0.8673214105140067,1.7989022382315714,-1.1125994943725606,124.03846153842913,1.0,2.4355702427554706,0.4178558992672713,0.09626182024389444,0.011873058071047637,1.0,0,1,0,20309.821419666663,12.0,8.0,0.82,1.2,78,2.0,2.0,-1.4014204542797735
388639677,XAUUSD,BUY,37.39,55.37,3.7346,5.09,37.47,1.0,0.741896364307538,0.36744534924987515,0.36869436201776395,0.0045340638135507195,73.33333333333333,0.7252154076270019,0.001061783323211738,0.0055870928209764605,0.009540816326530055,0.09479777432578214,25.833333333333336,20.0,0.10111762594750094,0.9332727200853853,0.5790871768851539,0.9931941563671621,1.8731866529916872,-0.7403027283747137,74.56488549618653,0.0,2.019060376629365,0.3375431329574271,0.0963256875903446,-0.011173497667199038,1.0,0,1,0,20304.705372916666,12.0,8.0,0.72,1.15,78,2.0,2.0,-2.308349704850813
388639681,XAUUSD,BUY,34.51,53.3,2.7376,5.23,37.23,1.0,0.7461041073004293,0.33050517829680953,0.0787971069661351,0.004494435162812892,75.83333333333333,0.6940554122100053,0.001315652806678783,0.011559787318845178,0.02851653352209695,0.08935817014424287,25.833333333333336,20.0,0.10119838068430759,0.9072210065645491,-0.5907810832977097,0.5917663710843706,1.5502826675417485,-0.7295697834320284,41.66812227073438,1.0,2.2574588806336746,0.38602541194659906,0.09639902378424199,0.015078558721964223,1.0,0,1,0,20294.9062582,12.0,8.0,0.72,1.15,78,2.0,2.0,-2.489388144839221
388639683,XAUUSD,BUY,34.24,54.18,2.6907,5.36,37.23,1.0,0.6929165457414165,0.3069444387911151,0.12031988367866396,0.004460992927934261,78.33333333333333,0.678483005477553,0.01802809962597348,0.018427421476939487,0.00856954515491359,0.0805661879724146,27.500000000000004,20.0,0.10121380398544501,0.9290392574436458,0.44344332401984476,0.927227358143206,1.7502778927947116,-0.6196382639388043,34.06737588652274,1.0,2.257458356346404,0.3860253844241873,0.09641302961044022,0.010121380398544502,1.0,0,1,0,20289.722016116666,12.0,8.0,0.72,1.15,78,2.0,2.0,-2.2088619398862446
388639685,XAUUSD,BUY,34.05,57.88,2.9382,5.28,37.23,1.0,0.7372151155159357,0.2845273377046013,0.1125779244590926,0.004410096032037184,79.16666666666666,0.6613334891712661,0.01723823870436926,0.02784209936723971,0.012055931617172765,0.06804970736674477,20.833333333333336,20.0,0.10103891220006457,0.9360308594848713,0.712053584840951,1.030457097600154,1.7873279222305911,-0.3961211054244158,115.69230769227255,0.0,2.5910077058170424,0.4430542484852355,0.09625419971370518,0.030362193116120508,1.0,0,1,0,20284.55534113333,12.0,8.0,0.72,1.15,78,2.0,2.0,-1.6305871209030443
388639687,XAUUSD,BUY,33.78,56.75,3.0103,5.13,37.23,1.0,0.6814397546651042,0.5025940425231581,0.27734229189992116,0.004411917976262804,78.33333333333333,0.6475498767583896,0.03635013224544227,0.03390275545638743,0.009258380020889845,0.05798369564403836,13.333333333333334,20.0,0.10057883025851702,0.9451390868732936,1.0900564841261877,1.1944898044850678,1.849695084412345,0.028371273823491534,81.94672131148914,0.0,1.3558425710769033,0.15104768252305809,0.0958362507306714,0.02690483709415056,1.0,0,1,0,20279.98910815,12.0,8.0,0.72,1.15,78,2.0,2.0,-1.7425925922526309
388639689,XAUUSD,BUY,34.04,61.56,3.4971,5.04,37.23,1.0,0.7257259427649918,0.46480594991712104,0.4324228449804719,0.004615310070499711,71.66666666666667,0.628968303572732,0.07458088930042182,0.04450707194532173,0.01475066615911854,0.042322598015389415,5.833333333333333,20.0,0.10017182962222562,0.9523080741230946,1.3327292019450465,1.3097191011325797,1.8893261749508012,0.20133270974846001,107.01025641026644,0.0,1.5613491641947153,0.21916235532144987,0.09546637635248671,0.05158849225544711,1.0,0,1,0,20274.9895804,12.0,8.0,0.72,1.15,78,2.0,2.0,-0.9562499998100095
388639691,XAUUSD,BUY,34.76,62.12,3.8942,5.02,37.23,1.0,0.690317659338974,0.43025051300664374,0.35007727975264674,0.004783502856687647,64.16666666666667,0.6049008771465271,0.043993157414182846,0.038289766159217704,0.0020147750167901404,0.04423680309356269,1.6666666666666667,20.0,0.09985734332632006,0.9649363044109721,1.6791077913909056,1.510202960500336,1.969511196601501,0.3820967688670933,66.79354838708906,0.0,1.604451439380097,0.23208486611134227,0.09518048350896034,0.07219685922492958,1.0,0,1,0,20269.989573983334,12.0,8.0,0.72,1.15,78,2.0,2.0,-0.6493027887151204
388639693,XAUUSD,BUY,35.12,60.89,3.9847,4.85,37.23,1.0,0.6391869161544779,0.408339879950038,0.3066566940912135,0.004518259130067128,74.16666666666667,0.5720239440544932,0.023120293605036646,0.02364371137292765,0.011666986748609056,0.05615942960439225,0.8333333333333334,20.0,0.09957345674537055,0.9632349890036906,1.398038091321572,1.4548622424082982,1.9138168254591614,0.41875996055102294,495.3333333332474,0.0,1.5653267834283082,0.22037318442804107,0.09492233800830013,0.03176393270176922,1.0,0,1,0,20264.872801566667,12.0,8.0,0.82,1.2,78,2.0,2.0,-0.8163917524087904
388639695,XAUUSD,BUY,34.51,58.22,3.7669,4.69,37.23,1.0,0.5921906402780038,0.3783166533093032,0.21338229294162092,0.0038053731438736174,84.16666666666667,0.5387185826491947,0.009044065631423513,0.019680723845841196,0.0018337998262721198,0.05787058327189887,0.8333333333333334,20.0,0.09934864081012215,0.9530391340549514,0.9166138509698091,1.261193780754335,1.7869861458840344,0.29031542573039926,84.71193415636823,0.0,1.5653264792109591,0.22037316773270882,0.0947178596993308,0.021210934812958732,1.0,0,1,0,20259.738892549998,12.0,8.0,0.82,1.2,78,2.0,2.0,-1.2131130061376278
388639699,XAUUSD,BUY,33.12,61.06,3.6183,4.83,38.77,1.0,0.6515402586604073,0.341836029775898,0.5982636148382057,0.003875957479625417,82.5,0.6022216712684563,0.0014329838348576397,0.03243137073538818,0.025380950134453472,0.005978628168449059,0.8333333333333334,20.0,0.09882030030494016,0.9425930636818455,0.4584683906468184,1.0491218686818282,1.6432604784436091,-0.2693956204900242,108.60638297871677,1.0,1.905996723314455,0.3117689849463146,0.0942371500455149,0.016651220601386373,1.0,0,1,0,20248.988964966666,12.0,5.0,0.82,1.2,78,1.4,1.4,-0.5340579709036972
388639701,XAUUSD,BUY,33.59,62.33,3.8078,4.85,38.81,1.0,0.6023586547003373,0.3736600958046063,0.3718852844381614,0.003937804115482264,80.83333333333333,0.6434324801570089,-0.004377416075268692,0.022137531232405087,0.0074015454799373475,0.019726912961854977,0.8333333333333334,20.0,0.09838859332595462,0.9654032052912752,1.4769204389868824,1.4164210353337918,1.8128069901989858,-0.16483138772244957,38.39962825278735,0.0,1.6120454108375277,0.23431755225999668,0.0938441906088476,-0.0063952585661879455,1.0,0,1,0,20243.987866833333,12.0,5.0,0.82,1.2,78,1.4,1.4,-0.27206185561373936
388639704,XAUUSD,BUY,32.42,60.2,3.4939,4.83,38.81,1.0,0.702541212963752,0.3185164908236649,0.3139582480556685,0.004247485182848476,76.66666666666667,0.6988188122408958,0.028479400978758104,0.036008483047771385,0.02562474488638778,0.02820767671776184,0.8333333333333334,20.0,0.09726785075089985,0.9507251366355389,0.5659894490386659,1.1443068994448047,1.6302239318844927,-0.07935644600337055,129.20710059174692,0.0,2.205659761876899,0.37610444993576064,0.09282331808080448,0.026651391105748858,1.0,0,1,0,20234.9562368,12.0,5.0,0.82,1.2,78,1.4,1.4,-0.4077639750706996
388639706,XAUUSD,BUY,33.5,65.08,4.0455,4.97,38.91,1.0,0.6489281836871043,0.35468217024207893,0.31367731367733237,0.004572690309568155,66.66666666666666,0.7246530570615879,0.04684590256921625,0.04085547085502487,0.009011048723060579,0.018722325984727933,0.8333333333333334,20.0,0.09675620663942357,0.9749816676012587,1.5197973693706002,1.540268459500682,1.8040263724749452,0.010281324747955166,38.02477876106442,0.0,1.8295995923465915,0.29318721065982273,0.09235692016777561,0.03763816438273893,1.0,0,1,0,20229.85548588333,12.0,5.0,0.82,1.2,88,1.4,1.4,0.6178068409221155
388639712,XAUUSD,BUY,34.31,67.38,4.6253,5.37,39.03,1.0,0.7075277163439513,0.2942567716273769,0.2648253452477947,0.004624812938037074,63.33333333333333,0.753421655887712,0.03193214361256408,0.02717706347605815,0.009902309058612634,0.03499558349247502,0.8333333333333334,20.0,0.09535581333099272,0.9695466505629108,0.7441592993004195,1.319168033224884,1.658379961207676,0.8708151910954501,62.05747126435939,1.0,2.404448699624846,0.41253436956196204,0.091079254166972,0.023791275426081643,1.0,0,1,0,20214.504080183335,12.0,5.0,0.82,1.2,88,1.4,1.4,1.5587523274566386
388639716,XAUUSD,BUY,34.52,61.52,3.9847,5.06,39.03,1.0,0.6961565261689617,0.32592654172312346,0.45091779728651243,0.004603994229601116,65.0,0.7532354707100315,0.007709251496893898,0.03287796058163208,0.011954146036845067,0.0227890554595364,0.8333333333333334,20.0,0.09456039609766713,0.9683034000255949,0.9537223151674379,1.3930180882961403,1.6752841801892653,-0.4319511780354332,2758.750000002507,1.0,2.135924207228701,0.36223046232330897,0.09035281790892703,0.016831750505386642,1.0,0,1,0,20204.938910899997,12.0,5.0,0.82,1.2,88,2.0,2.0,0.37164031613230836
388639718,XAUUSD,BUY,35.16,61.97,4.1383,5.07,39.03,1.0,0.6437299015299248,0.3013814461584079,0.18081180811808212,0.003806421776110385,82.5,0.7533612890631437,-0.0032011347594131066,0.021102712626323687,0.008931362479346212,0.03211035663004012,0.8333333333333334,20.0,0.09416526870979908,0.9794377372978981,1.315632653247436,1.533343444172469,1.7335034803845948,0.2395886681407033,82.65298507461763,0.0,2.135923673509431,0.3622304334599724,0.0899917608806171,-0.0017420574711307691,1.0,0,1,0,20199.989404983335,12.0,5.0,0.82,1.2,88,2.0,2.0,0.5878698223695492
388639720,XAUUSD,BUY,35.04,60.7,3.9606,4.9,39.03,1.0,0.5959219514208127,0.27899872149778643,0.2331406551059776,0.003426164304371857,93.33333333333333,0.7487333371047485,0.010096201330475008,0.016189186002653858,0.003069838833458448,0.0351570928625855,0.8333333333333334,20.0,0.09387741752359552,0.9709056780854072,1.0254494083851782,1.3287968607022318,1.634019036534841,-0.04126966699970483,110.96500000000015,0.0,2.1359231049466865,0.3622304027123033,0.08972864792612562,-0.006336725682840136,1.0,0,1,0,20194.9562558,12.0,5.0,0.82,1.2,88,2.0,2.0,0.48377551010553604
388639722,XAUUSD,BUY,35.48,62.72,3.9286,5.03,40.7,1.0,0.6506167769710469,0.25801863628503907,0.24817162359819386,0.003059836314897054,96.66666666666667,0.7429869950370701,-0.007476965864477704,0.008454987265995667,0.006394316163412569,0.04179287066496919,0.8333333333333334,20.0,0.09349635495518302,0.9680474382492223,0.876554719365255,1.246446834404316,1.5829447358135427,-0.4318497942150191,324.7500000002966,1.0,2.521578536961809,0.4320739681553569,0.08938022775481154,0.0032723724234305553,1.0,0,1,0,20189.85616668333,12.0,5.0,0.82,1.2,88,2.0,2.0,0.8708747513181403
388639724,XAUUSD,BUY,35.96,55.9,3.2837,5.19,40.7,1.0,0.6027397452431061,0.23903178123754226,0.14779499404053884,0.00283375180228382,96.66666666666667,0.7371646631057039,-0.0159840531936745,0.0004699808036481923,0.008465752184348795,0.050650503286910724,0.8333333333333334,20.0,0.09327901157809947,0.9610813634582712,0.5146337155326537,1.0980832788009895,1.5075603475941832,-1.9246613105274784,155.38888888883343,1.0,2.5215777606843175,0.43207393038376285,0.08918144796139932,-0.016417106037747542,0.0,0,1,0,20184.738852633334,12.0,5.0,0.82,1.2,88,2.0,2.0,-0.04229287089729295
388639734,XAUUSD,SELL,28.68,26.28,-2.1341,5.92,39.11,1.0,0.5696977519182801,0.21481802733651867,1.0,0.007380563882939456,16.666666666666664,0.6953001408554317,-0.13003017282415438,0.10866546754562875,0.06104354284653064,0.18633710775750498,4.166666666666666,20.0,0.09328516032916437,0.8825127036972151,-2.2304206772315935,-0.48265681975254965,0.8092202889278631,-1.9164089513309703,29.72230215827425,1.0,2.651989253381341,0.4523545371698188,0.08918707208269785,-0.13568326569876601,0.0,0,1,0,20154.972380416664,12.0,5.0,0.32,1.25,68,1.4,1.4,-4.197550674966367
388639736,XAUUSD,SELL,30.32,33.75,-3.5418,6.44,38.66,1.0,0.5284005906016161,0.26214148854890074,0.5686553030303163,0.008158550488026673,11.666666666666666,0.6950577951076432,-0.06557995526845799,0.05980337179806766,0.04223477023366764,0.14368135270066065,1.6666666666666667,20.0,0.09317856854776911,0.8249956194147544,-2.749762254312963,-1.6703903297640283,0.37034686473896916,-1.9888827058926888,15.381749049430116,0.0,2.0156999101007886,0.33680530394222896,0.08908957055082067,-0.0889855329631212,0.0,0,1,0,20149.988511066666,12.0,5.0,0.32,1.25,68,1.4,1.4,-3.739052794450289
388639738,XAUUSD,SELL,30.81,40.85,-3.6288,6.59,38.66,1.0,0.48934218082697856,0.4203247493443631,0.37600678253499203,0.008450024476390804,11.666666666666666,0.700258021223463,-0.028668425028097626,0.030378755060605358,0.025233477011493734,0.11722961301280563,0.8333333333333334,20.0,0.09292874594752551,0.8649382499781023,-1.3708735390463636,-0.7995169409027562,0.6647978599503723,-1.6249491099186495,22.677173913043937,1.0,1.1641974863311835,0.0758710175367132,0.08886101580451464,-0.03963411014662267,0.0,0,1,0,20144.805459416664,12.0,5.0,0.32,1.25,68,2.0,2.0,-2.782928679395479
388639740,XAUUSD,SELL,30.63,41.05,-3.6935,6.43,38.66,1.0,0.4537053347889385,0.3897141685171624,0.34184335785373204,0.008685432560687965,10.0,0.7079403507727708,-0.02265880783811621,0.025387355463267862,0.0021842009464892267,0.1147798603960083,0.8333333333333334,20.0,0.09278889280194771,0.8920364585562052,-0.6742542821105948,-0.2540470650727555,0.8408110681419493,-1.0374646697629455,38.62989323843498,0.0,1.1641972687777435,0.07587101098555094,0.08873304580208684,-0.026398440002152267,0.0,0,1,0,20139.6378515,12.0,5.0,0.32,1.25,68,2.0,2.0,-2.909720061755724
388639742,XAUUSD,SELL,30.58,39.84,-3.7734,6.43,38.66,1.0,0.4209480961040633,0.3615770516306418,0.3411306042884985,0.008859817742506722,10.0,0.7209422076900666,0.0009735189817833297,0.03079342803653629,0.00862187571657926,0.12335314269208142,0.8333333333333334,20.0,0.09271186974226135,0.8941332534554336,-0.5490886568759169,-0.20796327486006466,0.8473179638058485,-0.2886074283955831,456.8333333328827,0.0,1.1641970363125609,0.07587100398535143,0.08866256029959853,-0.03133661197288535,0.0,0,1,0,20134.48776745,12.0,5.0,0.32,1.25,68,2.0,2.0,-3.146111974627129
388639752,XAUUSD,BUY,25.75,51.78,-2.0659,6.66,38.31,1.0,0.628297011324062,0.24722005833099864,0.12293577981650267,0.00785794201747785,20.0,0.7524596827396199,0.023666063231258045,0.0025256645294639284,0.010420823910249528,0.08502616450296267,0.8333333333333334,20.0,0.09182091199024281,0.8980700928580613,-0.3159096293575061,-0.1308658962677988,0.8303087731966164,0.24307353922786493,52.76144578313738,1.0,2.541438077992731,0.43525880984181314,0.0878468638643062,0.015058629566398652,0.0,0,1,0,20109.8211483,12.0,5.0,0.72,1.15,78,2.0,2.0,-1.4038288286178098
388639754,XAUUSD,SELL,24.69,47.19,-2.1531,6.36,38.31,1.0,0.582264460979334,0.22910733524583557,0.6191989828353139,0.007246659666178056,25.0,0.7563939598803638,0.013937508365290953,0.0018235254003326697,0.004422406861430283,0.0803218116324657,0.8333333333333334,20.0,0.09163926027663077,0.9081689417604519,-0.06107730536677783,0.18316392146740917,0.8981623050730181,0.2843610553603337,94.96170212764443,0.0,2.5414372652769632,0.4352587705386802,0.0876804750138583,0.028133252904927145,1.0,0,1,0,20104.688027383334,12.0,5.0,0.72,1.15,78,2.0,2.0,-2.174449685192526
388639758,XAUUSD,BUY,23.46,48.84,-1.7512,6.38,38.31,1.0,0.5399632067594733,0.21246278919957956,0.010188329731395945,0.006934898964982095,27.500000000000004,0.757036213369922,-0.03156155118227464,0.03991926376542427,0.04512529806091567,0.12615861518094687,0.8333333333333334,20.0,0.09151876327961421,0.9124053232915392,0.047920476516318165,0.31019823969806615,0.9206274894644125,0.24717700745310456,225.12121212126164,1.0,2.541436396261645,0.4352587285128673,0.08757008722164282,-0.032031567147864974,0.0,0,1,0,20099.988677766665,12.0,5.0,0.72,1.15,78,2.0,2.0,-1.8980407520533888
388639762,XAUUSD,BUY,23.85,52.89,-1.2779,7.42,38.31,1.0,0.6370948677850219,0.19771967313791386,0.19669255825605872,0.005892628502735056,35.833333333333336,0.7493806379105638,0.03161475048987976,0.01840068826952986,0.0015300841546291592,0.07696165590745156,0.8333333333333334,20.0,0.0911328074688574,0.9262270529333744,0.5628514093421344,0.7547827822353048,1.0099115354588986,0.20260334870275484,16.169797145003223,0.0,3.222196534505202,0.526314105462572,0.08721642947805051,0.013214257082982664,1.0,0,1,0,20089.805717833333,12.0,5.0,0.72,1.15,68,2.0,2.0,-1.1373989216794056
388639764,XAUUSD,BUY,23.18,55.1,-0.6064,7.46,38.31,1.0,0.6781682705569031,0.18324614102227182,0.29796727813585505,0.005637177803172327,37.5,0.7459691243042961,0.031280949366896106,0.02608048031463845,0.009984911689003277,0.06635439333871461,0.8333333333333334,20.0,0.09095872973093069,0.9277247635756759,0.5982395368206094,0.7788143174973718,1.0153916528728173,0.3427815906547609,652.5588235291322,0.0,3.7008395698488887,0.5745452459775753,0.08705687820778678,0.04197745377082253,1.0,0,1,0,20084.98765738333,12.0,5.0,0.72,1.15,68,2.0,2.0,-0.7881367291167508
388639768,XAUUSD,BUY,22.98,50.07,-0.6394,7.84,38.31,1.0,0.5828948125185546,0.23262960619812406,0.000867302688637548,0.004993179885613798,45.83333333333333,0.7172674031987208,0.03154543685570522,0.012092996925199221,0.000976605850757998,0.10680996372807929,0.8333333333333334,20.0,0.09067059739225591,0.9001240960246476,-0.4606462719843004,-0.13283288089493334,0.791585223785316,0.6521177982674347,24.728522336771007,1.0,2.5056669113526775,0.42949636918934103,0.08679273403190148,-0.0140086072971042,0.0,0,1,0,20074.822444766665,12.0,5.0,0.72,1.15,68,2.0,2.0,-1.4195790814514693
388639774,XAUUSD,BUY,20.52,53.93,0.2273,7.73,37.99,1.0,0.5471648756042577,0.25181881604959777,0.13725490196078508,0.005416206499668602,40.0,0.6999950450460821,-0.0022552230118371183,0.020533797073441933,0.00916730328495019,0.0680701609373772,0.8333333333333334,20.0,0.09021890117611205,0.926740553725021,0.5005749374328253,0.6781019769753932,0.9886261357587625,0.5456647724400724,222.71568627461315,0.0,2.172842805573687,0.3696517125294471,0.08637850284513188,0.008119701105850904,1.0,0,1,0,20059.922631916666,12.0,5.0,0.72,1.15,68,1.4,1.4,-0.8809184992390117
388639778,XAUUSD,BUY,18.94,60.71,1.4649,7.52,38.18,1.0,0.6050282658885618,0.21675993378646677,0.5409383624655169,0.004753721838765297,53.333333333333336,0.7011912233167336,0.07474935666104153,0.04949948657229757,0.03266264846658744,0.03147783916777228,0.8333333333333334,20.0,0.09006534811952294,0.9385510719329002,0.9590498551307448,1.0220707376250686,1.0790736319300696,0.7775748161798214,304.64383561662225,0.0,2.7912237473777486,0.47246706607440614,0.08623764684721089,0.07362842208771163,1.0,0,1,0,20049.988594933333,12.0,5.0,0.72,1.15,68,1.4,1.4,0.16363031912737422
388639788,XAUUSD,BUY,16.02,52.88,1.2823,8.12,38.39,1.0,0.684344385936423,0.13966117150494262,0.023123732251527855,0.005592977257377649,42.5,0.6764760929855201,-0.06058021605962255,0.00800080471483938,0.00871341048332234,0.06750678430638139,6.666666666666667,20.0,0.09018942459102237,0.9442423723736586,0.6091688477694797,0.9577406032735751,1.099493762144896,-0.7361033272853527,22.85682819383039,0.0,4.899998178191037,0.6610180580634988,0.0863514651708182,-0.03598558041182006,1.0,0,1,0,20019.488176466668,12.0,5.0,0.72,1.15,68,2.0,2.0,-0.5738300491902726
388639790,XAUUSD,BUY,15.63,52.5,1.2374,8.2,38.39,1.0,0.6364169875444257,0.12988013618973177,0.08288610614191938,0.005502721742165283,44.166666666666664,0.6834927294515846,0.006912045846617251,0.015503667458163357,0.009212344541685843,0.05848535453739439,9.166666666666666,20.0,0.09032487187242504,0.9359407762420291,0.27662348726950825,0.6748352363049058,1.0211132907053035,-0.2526552003342329,113.76562499999537,0.0,4.899995536031813,0.661017997651291,0.08647569942307379,-0.0518013140188328,1.0,0,1,0,20013.988354449997,12.0,5.0,0.72,1.15,68,2.0,2.0,-0.6292073169962971
388639792,XAUUSD,BUY,15.24,51.72,1.2825,8.02,38.47,1.0,0.6854395893403019,0.12648950374145745,0.07609130957148727,0.005527286740647985,44.166666666666664,0.6793796163457877,0.053699948038618314,0.021825816980629922,0.02138413685848301,0.053477086359378985,33.33333333333333,20.0,0.09473354536648212,0.9445847062347563,0.5439414253925936,0.9183099091470539,1.0829619226232843,0.23952692775867465,107.55000000000018,0.0,5.418901570202602,0.6884214421432457,0.09051099609221859,0.01511000048595631,1.0,0,1,0,20009.989058699997,12.0,5.0,0.72,1.15,68,2.0,2.0,-0.7243765585129804
388639794,XAUUSD,BUY,13.86,57.57,2.0369,7.98,38.47,1.0,0.8019657351487263,0.12290517614106516,0.07609130957148727,0.00557661114014323,44.166666666666664,0.685755566904449,0.05757706683014068,0.023937204905314025,0.008745627186404528,0.0523405258628137,41.66666666666667,20.0,0.0991297838310828,0.9516881338525399,0.7267904041040799,1.1020081752241793,1.131638973832675,0.2616510269760299,45.76363636362081,0.0,6.525023886743273,0.7342211940036851,0.09451876110704144,0.05972569475822829,1.0,0,1,0,20004.989138066667,12.0,5.0,0.72,1.15,68,2.0,2.0,0.19304511275788594
388639798,XAUUSD,BUY,54.53,57.89,2.3701,162.62,32.86,0.929,0.8914035506788567,0.11528333451990819,0.13673318551364877,0.005052707815858577,55.00000000000001,0.6872871246112695,0.04285928602593426,0.037979198411472,0.028013887226147817,0.032890442880327726,95.0,20.0,0.10783751764042843,0.9599469382515274,0.9811758648993512,1.2874093904150734,1.1778458916628876,0.5517398848570468,67.40163934429961,0.0,7.732217515857909,0.7709640967872657,0.1024099328428473,0.032351255292128525,1.0,0,1,0,19994.688080633336,12.0,5.0,0.72,1.15,68,1.4,1.4,0.00971897675557262
388639800,XAUUSD,BUY,56.29,59.95,2.8258,151.35,32.86,0.929,0.8868091487784902,0.11137264504679062,0.38049830821284103,0.0055561341562908725,45.0,0.6806062245236345,0.06087690631200226,0.06072106386764893,0.05799669265296318,0.006619399326135987,100.0,20.0,0.11219320891753143,0.9699174119560112,1.214817137351416,1.5366207143694,1.2478843786606284,0.6946259772684442,34.69658119657926,0.0,7.962468575091722,0.7768481970722386,0.10633392976233375,0.07214023333397088,1.0,0,1,0,19989.571843316666,12.0,5.0,0.72,1.15,68,1.4,1.4,0.026564255037825463
388639804,XAUUSD,BUY,44.92,58.57,3.7738,23.08,24.81,0.66,1.2446335505608976,0.5911469790664879,0.33909754120505803,0.006327421837527234,35.0,0.6274783360331614,-0.03608603404879997,0.017825376906702665,0.6321808152832065,0.9666345170250756,100.0,20.0,0.2368911939774706,0.32949855097918296,0.9983595388579023,-0.38534075987433025,-0.844422570897564,0.5538652177695602,0.9545108005082374,0.0,2.1054517559653374,0.35597186318082735,0.21260112994383748,0.031388083202010544,1.0,0,0,1,19508.440578233334,12.0,5.0,0.72,1.15,78,2.0,2.0,0.3358102252887869
388639824,XAUUSD,SELL,25.7,25.24,-3.1696,5.46,17.79,0.0,1.068737864614042,2.5912205623500943,0.11590436590436543,0.00866891409290403,25.833333333333336,0.7669848587608403,-0.3130356669637861,0.09848862305741077,0.5232558139534679,0.9407988071900799,100.0,20.0,0.47016432143432835,0.5205745341614852,0.18419191038474506,0.5046252120100335,0.238894863479517,-0.9044793229555619,0.06407974368099904,0.0,0.4124455739881834,-0.4159834905598725,0.38537417783201744,-0.23860839312791307,1.0,1,0,0,19313.987994883333,12.0,5.0,0.62,1.25,48,1.4,1.4,1.3554029301549733
388639825,XAUUSD,SELL,27.98,25.06,-3.554,5.28,17.79,0.0,5.153956275975842,2.4372645324100524,0.06859023032143657,0.006464542289833187,37.5,0.7597452521028741,-0.13919629954873045,0.0018326444847307029,0.9584987369180933,1.085514418227224,100.0,20.0,0.5128818418271798,0.5231948757763963,0.18159130591042366,0.4793725056120344,0.24313815188930984,-0.8466449963598212,1.1033057851239638,0.0,2.1146470121700003,0.3578727920404995,0.4140163364672507,-0.30336960944077496,0.0,1,0,0,19304.485449683332,12.0,5.0,0.62,1.25,48,1.4,1.4,1.4016098482196868
388639826,XAUUSD,SELL,30.01,24.95,-3.8973,5.07,17.79,0.0,4.8968184152845105,2.4206216201493653,0.048162859980127225,0.005370167519645001,50.0,0.7537918613840238,0.04747541410842397,0.06287606746032665,0.8313298271976033,1.0393220074121032,100.0,20.0,0.5247775851613793,0.5068905279503065,-0.009648553453791476,0.3724713508360337,0.17876934557682028,-0.913125072289414,0.043298192771069985,0.0,2.0229582151811627,0.3383965491685473,0.4218485536270258,-0.07215691795968966,1.0,1,0,0,19298.988457816668,12.0,5.0,0.62,1.25,48,1.4,1.4,1.4596646939924836
388639827,XAUUSD,SELL,29.89,24.98,-3.8941,5.07,17.79,0.0,4.670751072441856,2.308870795167456,0.40589147286819866,0.004861820422826801,57.49999999999999,0.7454051217712283,-0.006737711812965528,0.02039369617599585,0.932860717264364,1.1096437053837636,100.0,20.0,0.5390545083234207,0.5332880434782593,0.38937967310330207,0.5115969878117618,0.2773326576113721,-0.9971354677062224,0.20289200180749026,0.0,2.0229581747318712,0.3383965469302499,0.4311682722434577,0.006738181354042759,1.0,1,0,0,19291.591224149997,12.0,5.0,0.62,1.25,48,1.4,1.4,1.4596646939924836
388639853,XAUUSD,BUY,22.55,73.57,3.6819,5.22,23.23,0.608,46.25589157289157,13.806484604776823,0.5856200808338683,0.006756897570784998,15.833333333333332,0.6258370805918948,0.9999143537514802,3.3505340203327894,0.661948376353012,0.7609069798930583,48.333333333333336,20.0,3.748310245778243,0.9664781906300517,1.9482831515209016,1.9881451662597942,1.2215534993899266,2.0914952734275856,1.6284722222220216,0.0,3.3503016551067692,0.5402617827151146,1.557788817025977,4.0481750654404,1.0,1,0,0,16584.673445933335,15.0,8.0,0.72,1.25,68,1.4,1.4,7.923467431432417
388639855,XAUUSD,BUY,25.06,75.2,4.8522,5.43,23.37,0.612,44.18291065729293,12.513049887396626,0.5569706618148771,0.008128504809014963,5.833333333333333,0.6531123484516954,0.9994597166268335,3.347713695503252,0.32496513249649983,0.6292579677934204,46.666666666666664,20.0,3.658476556938916,0.8871595330739204,2.2936994159433937,2.9490324990155754,1.6140876918342257,1.8819480240870547,0.5106918238994331,0.0,3.5309462939845284,0.5585911219608316,1.5386884755760317,5.31027872239679,1.0,1,0,0,16579.539523800002,15.0,8.0,0.72,1.25,68,1.4,1.4,8.12163904086183
388639882,XAUUSD,BUY,13.99,63.12,1.3844,8.15,23.84,0.628,31.62583604242066,23.131907388098703,0.2636401499375206,0.00675857183519618,28.333333333333332,0.6089980832985178,0.9403367400622461,1.315311551215548,0.8944543828264525,1.4204851389274065,6.666666666666667,20.0,2.4427947359026536,0.5224463240078143,0.21615552353085274,0.4267721556997359,0.7964010208399304,-0.010817013591571542,4.565217391299132,0.0,1.3671952833209409,0.15511830778748883,1.2362835647757051,1.7197274940754594,1.0,1,0,0,16479.990410866667,15.0,8.0,0.72,1.2,62,2.0,2.0,4.150981594582817
388639886,XAUUSD,BUY,15.63,68.12,3.3383,8.46,24.26,0.642,32.87231806566781,19.098671325998755,0.4843546284223954,0.007999338289725145,21.666666666666668,0.6271438738131049,0.9905711700867681,1.8578775917021417,0.4463276836158032,0.1964840666870383,0.8333333333333334,20.0,2.339096031988146,0.8139232270657126,1.5878172701544895,1.979619033969812,1.5948397755224863,1.688349317377471,2.2280701754385173,0.0,1.7211834155047094,0.2650256736665467,1.2057001212511846,2.639669872098589,1.0,1,0,0,16469.75481453333,15.0,8.0,0.72,1.2,62,1.4,1.4,4.793203309126239
388639888,XAUUSD,BUY,16.52,69.13,4.2852,8.21,24.31,0.644,34.08392971646673,17.687244090965144,0.5771681906345204,0.008913092046092428,5.833333333333333,0.6610443072450439,0.9935982655820584,2.27695038990635,0.6324689966177838,0.04199158378206106,0.8333333333333334,20.0,2.332865765666287,0.9162871394491499,1.7202371779651098,2.34640626084796,1.8589845584322537,2.5668474639363814,1.2405063291140042,0.0,1.9270343991488648,0.31671457498290734,1.2038325241870234,3.3196679845431305,1.0,1,0,0,16464.605392066667,15.0,8.0,0.82,1.2,78,1.4,1.4,5.125517660764363
388639890,XAUUSD,BUY,18.63,75.59,6.1758,8.66,24.97,0.666,38.92311795059309,16.260369914652784,0.9701086956521642,0.010112571345143252,0.8333333333333334,0.6989647243247852,0.9987255716287596,2.853518570223007,0.7955010224948822,0.2044033249811119,0.8333333333333334,20.0,2.309642090181486,0.9925465838509197,1.8964046277397748,2.6958799876792914,2.168316386638207,2.326283134162708,0.5811051693405362,0.0,2.393741087143228,0.4106798700473816,1.1968400536879815,3.726607512507773,1.0,1,0,0,16459.9903968,15.0,8.0,0.82,1.2,78,1.4,1.4,6.227540414985422
388639892,XAUUSD,BUY,20.28,77.01,7.5924,8.29,25.0,0.667,39.56991219131117,15.428448536406252,0.979356107151631,0.01104146282689685,0.8333333333333334,0.7175947463618614,0.995455395551504,3.0672936124738186,0.66227347611213,0.10384219990433982,3.3333333333333335,20.0,2.3600499978256124,0.9692173913043403,2.1146964821958,3.0814538345722977,2.5795328278879834,2.103238623833424,0.2570694087403683,0.0,2.564736793411335,0.4389487776821976,1.211955854169644,4.20796914612305,1.0,1,0,0,16454.89045795,15.0,8.0,0.82,1.2,78,1.4,1.4,6.891495777214672
388639894,XAUUSD,BUY,22.12,75.43,8.6748,8.27,25.1,0.67,37.64929412650272,14.679592768727904,0.9827671097981114,0.011846967805589132,0.8333333333333334,0.7273059356042283,0.9906650809898919,2.8271747742199644,0.023131672597722804,0.12453885475519803,7.5,20.0,2.418230189421919,0.9854857331354098,2.036253055836632,3.028826268371737,2.7504886389167695,1.8484931936899598,0.5099502487559825,0.0,2.5647367849311618,0.43894877727505316,1.2291229286580194,3.0820343764183193,1.0,1,0,0,16449.989019366665,15.0,8.0,0.82,1.2,78,1.4,1.4,6.9262998782435865
388639898,XAUUSD,BUY,25.24,77.2,10.0901,7.89,25.15,0.672,34.98442375043503,13.104401612954193,0.829286239882245,0.013245246302549299,0.8333333333333334,0.7450629356904009,0.8243653228135263,2.12135750333184,0.497005988024023,0.5758349598915807,15.0,20.0,2.503630260397979,0.9975308641975369,1.4950331036360964,2.496863490456321,2.6662105296560563,1.0687580208197967,4.846938775507865,0.0,2.6696694831286405,0.4549918097842879,1.2537996482137785,1.880226325558823,1.0,1,0,0,16439.822416666666,15.0,8.0,0.82,1.2,78,1.4,1.4,7.509569073826546
388639906,XAUUSD,BUY,20.95,56.97,5.8488,8.29,25.15,0.672,29.21085580937675,24.476475166070298,0.0185860058309114,0.01293112162890151,5.0,0.7534815530730958,-0.7616756575906573,0.8709367088496929,0.7651098901098768,1.5566321397826675,6.666666666666667,20.0,2.411513771932897,0.7014708259253226,0.16054303304374162,0.9110290809782282,1.548020321614212,-0.9135569178611527,0.09081419624216049,0.0,1.193425704385884,0.08818431591034617,1.2271561141794234,-1.4035010152649856,1.0,1,0,0,16412.375012466666,15.0,8.0,0.72,1.15,78,2.0,2.0,5.5875150777338005
388639910,XAUUSD,BUY,18.86,51.91,4.8825,7.97,26.36,0.712,26.21560771766504,24.763548950806832,0.3418960244648331,0.011504835943043834,8.333333333333332,0.7581803006034882,0.007529973139580416,0.09873214483616553,0.4719298245614326,2.370700680078545,20.833333333333336,20.0,2.510006013847013,0.7379990302246636,0.2489279535866781,0.9796724160339718,1.6183956690658827,-0.32143967540633295,0.861445783132507,0.0,1.0586368985764456,0.028483380920125242,1.255617750823034,-0.9437622612065316,1.0,1,0,0,16402.404236183334,15.0,8.0,0.72,1.15,78,2.0,2.0,5.131806774764084
388639912,XAUUSD,BUY,17.54,50.94,4.2709,7.83,26.36,0.712,24.759920866914833,24.50086460502056,0.34616163662142735,0.010531712225225962,10.0,0.7566137986252245,0.8045411636294217,0.03657738936055723,0.06568144499172851,2.4712923527273265,22.5,20.0,2.552987967693562,0.694682398577657,0.058984495215618445,0.760734173455678,1.4555471422917996,-0.33218978244687797,1.1189591078065608,0.0,1.0105733105952464,0.005258873851757542,1.2677889305129086,-0.05233625333769945,1.0,1,0,0,16396.862442416666,15.0,8.0,0.72,1.15,68,2.0,2.0,5.094572157714785
388639914,XAUUSD,BUY,16.56,55.15,4.1838,7.58,26.36,0.712,25.456634028283315,23.468487112050198,0.3310634888844494,0.009320435468422842,11.666666666666666,0.7531615732469479,0.08800749154996233,0.21998927661346704,0.3459821428572172,2.343835573652165,25.0,20.0,2.63352311646308,0.687085825117186,0.0234634866226342,0.6994254812838733,1.4144033319940583,-0.49600373647214446,14.22500000001421,0.0,1.084715551625683,0.04063652433059748,1.2902027330917674,1.3496805971873285,1.0,1,0,0,16391.875000066666,15.0,8.0,0.72,1.15,68,2.0,2.0,5.936741424019033
388639916,XAUUSD,BUY,15.46,55.4,3.8643,7.44,26.36,0.712,25.645584830854244,21.652540859025756,0.19194737891168398,0.008251214388961701,28.333333333333332,0.7499705274007937,-0.17095455548436392,0.6203515821117352,0.4323671497584111,1.8617462836070933,24.166666666666668,20.0,2.6166497310009142,0.7122999838370743,0.15453991261435554,0.773238090492867,1.4811859644223813,-0.5175489593407622,1.8903225806445405,0.0,1.1844145134472517,0.0844228778448185,1.2855481086348368,0.5547297429722843,1.0,1,0,0,16386.883463866667,15.0,8.0,0.72,1.15,68,2.0,2.0,6.137163977669852
388639918,XAUUSD,BUY,16.02,59.55,4.2063,7.52,26.36,0.712,28.517089383663805,20.429218370253153,0.030748663101606635,0.006950673479296714,34.166666666666664,0.7462243047117111,0.4303304058932969,0.7483031295707451,0.25378151260504767,1.6949361694831035,28.333333333333332,20.0,2.6587234031107507,0.7700016162922323,0.49530620114116153,0.9707628240645286,1.6542437300485857,-0.3602572798362801,1.3128491620114031,0.0,1.395897164097584,0.16523965175950917,1.2971142896051895,0.021269787224866662,1.0,1,0,0,16381.886293016667,15.0,8.0,0.72,1.15,68,2.0,2.0,6.718151594851502
388639921,XAUUSD,BUY,16.04,61.11,4.3399,7.3,26.36,0.712,27.265230639443004,19.532405399254504,0.2502410800385726,0.0064927504636462675,38.333333333333336,0.7410820285395892,0.8887023032040962,1.2147661273765076,0.9309576837417581,1.1730395283503459,31.666666666666664,20.0,2.7375484908993832,0.7939227412316143,0.6978462469672508,1.023556452265,1.712901353813753,-0.15549800395285754,2.94039735099329,0.0,1.3958971609603432,0.165239651604506,1.3184299127863224,1.0457435235236092,1.0,1,0,0,16376.919101966667,15.0,8.0,0.72,1.15,68,2.0,2.0,7.164452053813252
388639923,XAUUSD,BUY,16.28,62.22,4.6549,6.97,26.36,0.712,28.317607538077844,18.899602778387745,0.5830280830280903,0.006165253002210215,41.66666666666667,0.7342767373047763,0.9029782751567694,1.0962340699535924,0.12893081761000533,1.2765460632605006,32.5,20.0,2.8526169011408413,0.8614837562631368,1.177591367790896,1.2376677971274943,1.9093480268700944,0.13211889755848177,0.07416267942571031,0.0,1.4983175240139088,0.19946126628630126,1.3487526319803984,1.4177505998670707,1.0,1,0,0,16371.859982166667,15.0,8.0,0.72,1.15,68,2.0,2.0,7.737517932892939
388639925,XAUUSD,BUY,16.17,58.48,4.4451,6.73,26.36,0.712,26.7531212201831,22.18819728238681,0.1775297083183368,0.006012437390459768,41.66666666666667,0.7245401952660028,0.550266120130461,0.40646684747190875,0.8611632270169246,1.9648739820404855,33.33333333333333,20.0,2.9023249365442996,0.8553418458057244,1.073814940765156,1.15952832617726,1.8618714632887499,0.2429252884714988,6.7560975609790725,0.0,1.2057365307312926,0.09327341363480374,1.3615725130916447,0.8445765565343489,1.0,1,0,0,16368.988112416668,15.0,8.0,0.72,1.15,68,2.0,2.0,7.466641900822343
388639927,XAUUSD,BUY,15.31,55.56,3.9725,6.55,26.36,0.712,26.06358793988853,22.051323235751394,0.04428697962798951,0.006012254063045758,41.66666666666667,0.7125650482580158,0.04868519305670707,0.334869119998646,0.15611814345987676,2.1178129251833586,35.0,20.0,3.0450221785526685,0.7811540326491032,0.40125513229050475,0.8324401682936359,1.5951618528876872,0.0933724782159441,0.16122004357293207,0.0,1.1819511454841396,0.08338921391959862,1.397487033450348,0.5922568137285439,1.0,1,0,0,16364.9892676,15.0,8.0,0.72,1.15,68,2.0,2.0,7.287099235528914
388639929,XAUUSD,BUY,14.77,56.22,3.7494,6.25,26.36,0.712,25.051384206181392,22.376902695427255,0.04655674102813004,0.005890253356230592,42.5,0.6956064675251558,-0.37461058099125627,0.12254595642403132,0.3942028985506505,2.4033250786376907,35.833333333333336,20.0,3.1519017424756597,0.7751737514142577,0.3150933909942234,0.7832735109896453,1.557119945219769,-0.20122071483828718,5.4054054054069995,0.0,1.11951968633179,0.05639000750569844,1.4235664804765462,-0.16074698886632746,1.0,1,0,0,16359.88944055,15.0,8.0,0.72,1.15,68,2.0,2.0,7.788879998753988
388639937,XAUUSD,BUY,13.26,49.33,1.5492,6.1,27.39,0.746,19.367704071718,26.445314764185575,0.15513126491648746,0.00393649493669232,66.66666666666666,0.6214670800161557,-0.598590638854882,0.21690225744601205,0.8078902229845789,2.517207614773381,39.166666666666664,20.0,3.277614081736049,0.6310004848876682,-1.183421157886778,0.14573272493520192,1.02733364089913,-0.763034885226791,0.20000000000009172,0.0,0.7323680399364842,-0.15448906703418985,1.4533953966181765,-0.7522124317584471,0.0,1,0,0,16338.987524,15.0,8.0,0.61999999999999999555910790149937383830547332763671875,1.1999999999999999555910790149937383830547332763671875,55,2.0,2.0,6.9263114742745415
388639942,XAUUSD,BUY,12.08,53.53,1.2169,5.76,27.39,0.746,20.70637023868838,22.416947433320168,0.28257456828884164,0.0029840531690639993,82.5,0.6544243884758137,0.12429619182839897,0.1283543297551991,0.6099290780142301,1.6847242766935606,44.166666666666664,20.0,3.4700808994717907,0.6971068369161174,-0.400720277191623,0.38863800476107097,1.2003410903748908,-0.4805289572080993,0.25000000000029915,0.0,0.9236926381964988,-0.03966710465032295,1.4974065067775417,-0.20126469216933862,1.0,1,0,0,16324.821814366667,15.0,8.0,0.7199999999999999733546474089962430298328399658203125,1.1999999999999999555910790149937383830547332763671875,65,2.0,2.0,7.996614581945278
388639963,XAUUSD,BUY,12.97,64.19,1.1237,5.75,29.75,0.825,28.06878297609484,14.385729137983489,0.20638375045337223,0.003526284673568014,70.83333333333334,0.6149243195241474,0.9895138936911562,1.5627091842402254,0.48231132075475897,0.4580194214342149,42.5,20.0,3.392736455068487,0.7602471678681713,1.8249121149246237,0.9775125508068848,1.3373394718001639,1.8883544670801427,0.5707434052761382,0.0,1.9511545612817514,0.3222991581918277,1.47995237117686,2.6955291135518142,1.0,1,0,0,16224.68866575,15.0,8.0,0.61999999999999999555910790149937383830547332763671875,1.149999999999999911182158029987476766109466552734375,58,1.4,1.4,9.248782607087394
388639965,XAUUSD,BUY,14.6,61.37,1.5981,5.65,29.83,0.828,27.16637878591795,13.442049583046288,0.5207303157093973,0.00430595220466337,51.66666666666667,0.6276029639590261,0.9814376322818092,1.9416909841215835,0.6226765799257056,0.018777212116325548,44.166666666666664,20.0,3.4140385666148068,0.8436663233779584,2.2526115232248993,1.350836048746842,1.5352893792305984,2.9960660304801863,1.0733496332516532,0.0,2.020999595119914,0.3379674963090481,1.4847900451354785,3.2040751947680706,1.0,1,0,0,16219.554264483333,15.0,8.0,0.7199999999999999733546474089962430298328399658203125,1.1999999999999999555910790149937383830547332763671875,68,1.4,1.4,9.146991148823771
388639967,XAUUSD,BUY,16.91,70.3,2.893,5.96,30.13,0.838,33.39297706341127,12.17435608636809,0.7349746560462956,0.005308168299744448,40.0,0.6431051183542448,0.9947844408386517,2.311519772069217,0.5018915510718055,0.5877306276102273,40.833333333333336,20.0,3.329918570028999,0.9128733264675686,2.2774021071700936,1.643072656081549,1.6996125950791794,3.259099640144587,0.6059701492535895,0.0,2.7428944975502785,0.46565420981832706,1.4655487358396417,2.9319933009104786,1.0,1,0,0,16214.98877865,15.0,8.0,0.7199999999999999733546474089962430298328399658203125,1.1999999999999999555910790149937383830547332763671875,78,1.4,1.4,10.028607380867927
388639969,XAUUSD,BUY,18.9,62.39,3.2918,6.08,30.15,0.838,29.012168620506568,16.630397010766462,0.5737274220032959,0.0055697390123338976,39.166666666666664,0.6660956762156082,0.8944686175531519,1.0674196182009679,0.5343511450381438,1.5328810427295905,35.833333333333336,20.0,3.1156118754666013,0.9318795831725084,2.254367102219541,1.9731816972568448,1.9088178571369618,2.859653626514086,0.9924623115580806,0.0,1.744526414925499,0.27127684798638074,1.414787516991738,1.7883612165179028,1.0,1,0,0,16209.938664866668,15.0,8.0,0.7199999999999999733546474089962430298328399658203125,1.1999999999999999555910790149937383830547332763671875,78,2.0,2.0,9.182648024805639
388639973,XAUUSD,BUY,16.71,56.19,2.7677,6.61,30.15,0.838,25.75564264752103,18.904015790694356,0.3783603643634749,0.005741177049648152,39.166666666666664,0.6918092048247956,0.2315222815331602,0.9891571772686836,0.799407114624439,1.3444498457873664,34.166666666666664,20.0,2.910064601271138,0.6653801620995766,-0.09204178138507381,0.5607452333903088,1.1647041736200054,0.6037284233798772,0.23107569721113422,0.0,1.3624428571286202,0.1534186991798625,1.3635538959250162,0.8250033144603782,1.0,1,0,0,16199.886473583332,15.0,8.0,0.7199999999999999733546474089962430298328399658203125,1.149999999999999911182158029987476766109466552734375,68,2.0,2.0,7.939561269600896
388639975,XAUUSD,BUY,17.11,60.75,3.366,6.62,30.15,0.838,26.199534794966265,18.209038405032313,0.3087944664031654,0.005954991728268002,38.333333333333336,0.7109494225738223,-0.1703468484932575,1.010297945299424,0.1730205278592876,1.304079298487998,35.833333333333336,20.0,3.0187020798332145,0.8205128205128087,1.0203142616540821,1.5197708263599499,1.5929130525142334,0.008807896189808494,0.2509270704574594,0.0,1.4388202591140349,0.17993138788802204,1.3909589847854433,0.33507593086152526,1.0,1,0,0,16194.73842095,15.0,8.0,0.7199999999999999733546474089962430298328399658203125,1.25,78,2.0,2.0,8.73874622224511
388639979,XAUUSD,BUY,15.16,53.24,2.5037,6.68,30.15,0.838,21.671289710230372,22.956077843897493,0.17341795781221153,0.0060355064055273785,36.666666666666664,0.7260801877414286,0.005791748223787038,0.7453403500864398,0.9543010752688008,1.4189819751051274,33.33333333333333,20.0,2.895881581847145,0.6207821229050222,-0.2155626959139956,0.6090013769603038,1.1614612792529924,-0.047684266174617296,0.19087635054023522,0.0,0.9440327269128255,-0.028789242460236494,1.359919990515263,-0.9078588759090114,1.0,1,0,0,16184.988452666666,15.0,8.0,0.61999999999999999555910790149937383830547332763671875,1.149999999999999911182158029987476766109466552734375,68,2.0,2.0,7.637799400054439
388639982,XAUUSD,BUY,13.88,54.6,2.8625,6.65,30.15,0.838,22.91439344382583,20.51864504418034,0.02142708550032661,0.006338367858336604,35.833333333333336,0.7436578233849663,-0.08831513438686503,0.610941064653467,0.5393700787401222,1.4754506141376404,38.333333333333336,20.0,3.001934108113228,0.7457117062894791,0.8131405753450004,1.8746829999992909,1.6107518789811845,-0.1563855216426061,4.917910447764107,0.0,1.1167595266513695,0.0551595842217551,1.3867777712866731,1.1272262575965497,1.0,1,0,0,16174.990335783334,15.0,8.0,0.61999999999999999555910790149937383830547332763671875,1.1999999999999999555910790149937383830547332763671875,72,2.0,2.0,8.040676690520389
388639985,XAUUSD,BUY,13.82,53.71,2.7644,6.71,31.66,0.889,24.572614657090472,18.92366274741547,0.07527820205107724,0.006297460256099719,36.666666666666664,0.7474255225380633,-0.331220209862801,0.3979378480012678,0.1534246575343524,1.6323996131296072,38.333333333333336,20.0,2.9815518048027374,0.696417541692406,0.5530999021039849,1.6200013043199002,1.5284753850806871,0.18336708540727992,0.8540145985402672,0.0,1.298512538854772,0.12987207450579968,1.3816716440090242,-0.2549226793106395,1.0,1,0,0,16169.990414433332,15.0,8.0,0.61999999999999999555910790149937383830547332763671875,1.25,58,2.0,2.0,7.857004469768146
388639987,XAUUSD,BUY,13.5,52.38,2.5419,6.51,31.66,0.889,23.04265462434216,21.003735177598138,0.21887049217509644,0.0060549490333585655,39.166666666666664,0.7474635634282835,0.516127702760228,0.059842137054800536,0.385146804835851,1.9842372478041275,40.0,20.0,3.0109821666222816,0.6618282890673042,0.3650416641386006,1.394554113933805,1.459696035033266,0.021850227000957966,5.517857142852647,0.0,1.097074083844124,0.04629027281513846,1.3890361406604257,-0.6834929518232524,1.0,1,0,0,16164.8735937,15.0,8.0,0.61999999999999999555910790149937383830547332763671875,1.1999999999999999555910790149937383830547332763671875,58,2.0,2.0,7.920199691563934
388639989,XAUUSD,BUY,12.57,53.03,2.3195,6.52,31.66,0.889,21.793361752211613,19.864985451350396,0.041276272474048005,0.005504291850210484,46.666666666666664,0.7478744321894008,-0.25053664964072425,0.2923848907984301,0.3454545454545655,1.758806274599149,43.333333333333336,20.0,3.0667938528319265,0.5929586164298873,0.05652930094919909,1.0077682843597662,1.3299013307964545,-0.2840707372444383,1.5964125560543037,0.0,1.0970740808499333,0.04629027275489359,1.4028549378685788,0.8433683095287798,1.0,1,0,0,16159.740046199999,15.0,8.0,0.7199999999999999733546474089962430298328399658203125,1.1999999999999999555910790149937383830547332763671875,68,2.0,2.0,8.003144170551865
388639993,XAUUSD,BUY,10.91,51.95,1.8355,6.29,31.66,0.889,18.79547421021901,19.422026120406088,0.2510373443983236,0.004131757018863336,63.33333333333333,0.7388250093366037,-0.7704931115694981,0.42516468940082697,0.45551601423479365,2.5306784039478587,45.0,20.0,3.067488974482253,0.5676343421865363,-0.10015897090715721,0.8380830728448748,1.2806914025841674,-0.5480821111395243,1.987999999999738,0.0,0.9677400867426047,-0.016394371384112427,1.403025849469952,-1.2346643122289953,0.0,1,0,0,16149.9402684,15.0,8.0,0.61999999999999999555910790149937383830547332763671875,1.1999999999999999555910790149937383830547332763671875,58,2.0,2.0,8.167011127477567
388640001,XAUUSD,BUY,12.79,48.48,-1.4799,6.38,30.66,0.855,21.20529514664832,23.78934216311519,0.13675675675676421,0.004945125625531713,53.333333333333336,0.7279152775367834,-0.6345699524881725,0.149357979954237,0.7047146401983995,2.5442039618130186,44.166666666666664,20.0,3.0542664607597865,0.20584329349271457,-1.0879209515797275,-0.8011022636109163,0.6931910606597073,-1.6616518898485992,0.48268398268409646,0.0,0.8913779166264089,-0.05743010975390259,1.3997697737336123,-0.1679846553418438,0.0,1,0,0,16114.988758333335,15.0,8.0,0.419999999999999984456877655247808434069156646728515625,1.1999999999999999555910790149937383830547332763671875,55,2.0,2.0,7.161520375053292
388640027,XAUUSD,BUY,11.22,60.37,0.9472,4.97,31.69,0.89,28.491993588213436,17.634654261222817,0.3418217433888412,0.004103414513431345,65.83333333333333,0.6260018038530847,0.9818856762146556,1.503772011291459,0.7057416267945369,0.19840155498644504,95.0,20.0,3.9287436631006103,0.5494363929146342,1.2567044698073173,1.0037851990189204,1.3155060353694539,1.6339286207536383,0.6851851851855907,0.0,1.6156819153059956,0.23538105623997255,1.5950841205077544,2.6342226261091093,1.0,0,1,0,15989.605150933332,15.0,8.0,0.7199999999999999733546474089962430298328399658203125,1.1999999999999999555910790149937383830547332763671875,68,1.4,1.4,10.410563378187168
388640031,XAUUSD,BUY,13.2,61.38,1.7808,4.95,31.78,0.893,25.232336130550376,15.994296778212698,0.6202109938922159,0.0036993230852104897,74.16666666666667,0.6216793695314599,0.6855149020488628,1.1583510456864015,0.25000000000014827,0.386316969773848,95.0,20.0,4.003284660870174,0.5848631239935507,1.2122124944327355,1.0854293706592961,1.3639261072373956,1.39168109688904,1.2169312169311024,0.0,1.5775832412549964,0.22407939907929408,1.6100946289226499,1.7854649587481122,1.0,0,1,0,15979.989002299999,15.0,8.0,0.7199999999999999733546474089962430298328399658203125,1.149999999999999911182158029987476766109466552734375,68,1.4,1.4,10.848585856394392
388640052,XAUUSD,BUY,13.5,71.33,2.6318,5.97,33.02,0.934,36.12277949873839,11.08093397472679,0.40549450549450067,0.003708949558495149,64.16666666666667,0.6445850897827745,0.9944223855609641,2.3135711028305037,0.43539180072649836,1.5348044298854555,50.83333333333333,20.0,3.214250114943301,0.9014302280633865,2.784757556876653,1.8623768045916795,1.5012599833217724,1.1435060026399966,0.5209790209789215,0.0,3.2599035714158253,0.5305058257245514,1.4384716669531925,3.2271071154030624,1.0,0,1,0,15894.52282455,15.0,8.0,0.419999999999999984456877655247808434069156646728515625,1.1999999999999999555910790149937383830547332763671875,58,1.4,1.4,11.68852596119133
388640133,XAUUSD,SELL,30.86,35.39,-6.4313,7.16,35.25,1.0,11.893662661047523,33.10603752634361,0.2944339876310819,0.007895143710573172,4.166666666666666,0.7078982630791016,-0.3652720336759693,1.856054838777982,0.9203036053130857,3.8687034455028835,45.83333333333333,20.0,2.727320017978779,0.16332605675730144,-1.2065810673914106,-1.5141754418440672,-0.5493436743042168,-0.4818554938211034,0.5040650406503103,0.0,0.35925961517815935,-0.47138923827431495,1.3156894815758526,-1.9663977329627098,0.0,0,0,1,15523.9880373,15.0,8.0,0.419999999999999984456877655247808434069156646728515625,1.1999999999999999555910790149937383830547332763671875,55,2.0,2.0,5.65370111652902
388640135,XAUUSD,SELL,32.29,36.13,-6.7383,7.22,35.25,1.0,11.20822472530199,32.11743988252389,0.32143837496569405,0.00825026535849733,0.8333333333333334,0.7153571454184128,-0.5321601860367519,1.6604167547147735,0.06174957118363406,3.8777529087986404,50.0,20.0,2.7678464730897256,0.06707680095257168,-1.4831051872197416,-1.7893787758494444,-0.9005741559101267,-0.3991978751261665,0.0865979381443384,0.0,0.34897627012993865,-0.482605745667877,1.3265036109502946,-0.3404451161900413,0.0,0,0,1,15519.989319066666,15.0,8.0,0.61999999999999999555910790149937383830547332763671875,1.1999999999999999555910790149937383830547332763671875,55,2.0,2.0,5.52499999923495
388640137,XAUUSD,SELL,33.42,36.74,-6.8099,6.92,35.25,1.0,10.711073911717168,30.69284216440238,0.4894801980198393,0.008266574946269038,0.8333333333333334,0.7284378913670936,-0.12886282507294777,1.2380993235772881,0.5481651376144722,3.65040858454019,57.49999999999999,20.0,2.848543569676297,0.07402262353642486,-1.251391017431963,-1.6332925049991496,-0.8718755811994311,-0.5093358437315724,15.194444444418059,0.0,0.348976269625614,-0.48260574515086296,1.34769478313805,-0.27061163911932595,0.0,0,0,1,15514.889434949999,15.0,8.0,0.7199999999999999733546474089962430298328399658203125,1.25,68,2.0,2.0,5.861343929789027
388640139,XAUUSD,SELL,33.65,40.95,-6.4024,6.91,33.89,0.963,13.479920058178385,28.94548400096104,0.3291749362064371,0.008158542769729743,2.5,0.7372084724487187,-0.14503566779170238,0.6691436370287811,0.6497277676951682,3.189553255233057,60.83333333333333,20.0,2.8930188256081912,0.12145266918038998,-0.905100110011395,-1.3487052960341057,-0.6932169303371457,-0.34336449460729734,0.8242677824274661,0.0,0.4657002657834487,-0.36453544571287516,1.3591849043752164,0.38621801321857246,0.0,0,0,1,15509.7389687,15.0,8.0,0.68000000000000004884981308350688777863979339599609375,1.149999999999999911182158029987476766109466552734375,55,2.0,2.0,6.298191026585131
388640145,XAUUSD,SELL,36.88,35.16,-6.7381,7.08,33.43,0.948,10.27026570197805,33.0317060598185,0.3368700265252161,0.007761458811232488,11.666666666666666,0.7594835583162044,-0.6679153031852024,1.7631155697297693,0.5567164179103977,4.545134566912196,50.0,20.0,2.752958550522266,0.12417010586757607,-1.1325891483871167,-1.4615487778871012,-1.0504001920028316,0.05539473842959266,53.33333333324912,0.0,0.31092143325742133,-0.5256444200140896,1.322544475733319,-0.7598165599440804,0.0,0,0,1,15494.989066316666,15.0,8.0,0.7199999999999999733546474089962430298328399658203125,1.25,68,2.0,2.0,5.032556496464486
388640151,XAUUSD,SELL,36.05,44.78,-5.2715,7.15,33.43,0.948,14.799111846054627,29.888191906129695,0.1513188338732115,0.005751498033981184,38.333333333333336,0.7674788856862952,0.00930168415099583,1.0208637309100337,0.8051181102361711,3.0602961024085054,41.66666666666667,20.0,2.6576605318354662,0.27310245828099994,-0.04249868144434262,-0.7007068823432735,-0.39460324721648826,0.7053740750713678,0.45742092457427225,0.0,0.4951491009354237,-0.3376592109045805,1.296823744086471,-1.0643930430000124,0.0,0,0,1,15479.80597935,15.0,8.0,0.419999999999999984456877655247808434069156646728515625,1.149999999999999911182158029987476766109466552734375,58,2.0,2.0,5.867202796382325
388640157,XAUUSD,SELL,36.67,43.3,-5.1465,7.04,33.43,0.948,14.754166387592736,30.598814910307365,0.07497168742921075,0.004928695644934609,54.166666666666664,0.7599288306118163,-0.40368166033347413,0.663695421692064,0.41057934508816235,2.982915326189058,60.0,20.0,2.7903791638812376,0.180829493087565,-0.5439542946164699,-0.9230951441484643,-0.8013404937270051,0.3211959310834596,0.15670103092768078,0.0,0.48218095859790183,-0.34936288023220596,1.3324660573307758,0.690618843060581,0.0,0,0,1,15464.989176000001,15.0,8.0,0.61999999999999999555910790149937383830547332763671875,1.1999999999999999555910790149937383830547332763671875,55,2.0,2.0,5.402059658323679
388640201,XAUUSD,BUY,42.18,68.62,5.9832,3.05,32.24,0.908,42.477602715691816,18.100598849861022,0.4391106619504606,0.006003036446745942,40.833333333333336,0.7394717634668896,0.2664609885880014,1.7405362476878177,0.976449275362301,2.4216771191094018,91.66666666666666,20.0,6.423546735038233,0.9583978328173447,1.5478264525281993,1.5935552866176934,2.1347934792532546,0.8558195956336543,10.312500000007105,0.0,2.346751105931882,0.402405532575054,2.004656939611169,0.5106719654355862,1.0,0,0,1,15184.6881206,15.0,8.0,0.7199999999999999733546474089962430298328399658203125,1.1999999999999999555910790149937383830547332763671875,68,2.0,2.0,24.488688516561584
388640203,XAUUSD,BUY,41.23,65.84,5.5984,3.07,32.24,0.908,37.510337975617716,19.3219246821425,0.49545454545454976,0.0057805837507547975,46.666666666666664,0.7452663507282369,0.7427816676689963,2.376374050454632,0.5951492537314746,1.3317019746075507,89.16666666666667,20.0,6.108724654163535,0.8541021671826641,0.7744256893565046,1.0944748065839223,1.6788526535934483,0.32153597098695036,0.024118738404471474,0.0,1.9413353820258767,0.32003675593505343,1.961322854190425,1.2309080178141525,1.0,0,0,1,15179.989322733334,15.0,8.0,0.7199999999999999733546474089962430298328399658203125,1.1999999999999999555910790149937383830547332763671875,68,2.0,2.0,23.974104226718982
388640210,XAUUSD,BUY,42.89,74.76,6.3614,3.3,32.48,0.916,42.640669616009994,12.968868452921344,0.4870609981515621,0.00621290075904075,35.0,0.7581988030710787,0.9759317887735286,2.9679019772268482,0.203065134099474,0.8374227977789964,86.66666666666667,20.0,5.9391687785750555,0.9417897480451878,1.4625963618751299,1.4677419752305496,2.2858476872513505,0.3340554914298854,1.6359447004608585,0.0,3.2879249629893406,0.5335739454036598,1.9371819948057925,3.1447898682555353,1.0,0,0,1,15154.75430045,15.0,8.0,0.61999999999999999555910790149937383830547332763671875,1.25,68,2.0,2.0,25.181969689339216
388640216,XAUUSD,BUY,46.4,74.31,6.4132,4.54,33.33,0.944,39.10063033842928,8.865638727306663,0.49578256794749553,0.00642493042905985,30.833333333333336,0.7544555664985916,0.9897635177368125,3.362653905494063,0.7585324232082026,0.21420056757293604,69.16666666666667,20.0,3.930285643539586,0.8807626191592415,1.463302986602681,1.4188772991058822,2.325311454832113,0.012259762985831658,1.723356009070434,0.0,4.410356335369366,0.6303386018901765,1.5953969262421912,2.7570953789429695,1.0,1,0,0,15139.872098716667,15.0,8.0,0.7199999999999999733546474089962430298328399658203125,1.1999999999999999555910790149937383830547332763671875,78,2.0,2.0,19.00451541431635
388640218,XAUUSD,BUY,47.91,67.02,7.057,5.38,33.42,0.947,33.868300982328876,7.6792654803292155,0.3303695470964184,0.006117200233264063,38.333333333333336,0.7537463811231798,0.32353489906213334,1.2839491147274558,0.9148727984343661,1.9174327423109923,64.16666666666667,20.0,3.666219392564026,0.9835694905034649,2.279831476324345,1.9011632963187541,2.9052772993008946,0.6412020405616865,0.3183352080989677,0.0,4.4103562585155816,0.6303385998599729,1.5403491919032102,0.7332438785128053,1.0,1,0,0,15134.98899725,15.0,8.0,0.7199999999999999733546474089962430298328399658203125,1.149999999999999911182158029987476766109466552734375,78,2.0,2.0,16.39600371442473
388640220,XAUUSD,BUY,48.26,61.98,6.5241,5.31,33.42,0.947,32.249412590982914,9.755883424183489,0.21403508771928517,0.005687619332696504,55.00000000000001,0.7543491717750812,-0.016915867089451447,0.9548271155564534,0.39887640449435763,2.2275111483094094,66.66666666666666,20.0,3.759512486598044,0.8423274042809766,0.9799279809773419,1.2442912898379415,2.1707953058784106,0.6308224712735457,0.09304812834233701,0.0,3.305637007244682,0.5354926822366696,1.5601452442162436,0.08270927470508174,1.0,1,0,0,15129.972399083334,15.0,8.0,0.7199999999999999733546474089962430298328399658203125,1.1999999999999999555910790149937383830547332763671875,68,2.0,2.0,16.018926550655838
388640222,XAUUSD,BUY,47.71,59.32,6.0082,5.16,33.42,0.947,29.266016516331884,12.186353421225292,0.20824742268039934,0.0052939981036320026,58.333333333333336,0.7548949871853966,0.7409854835396716,1.2747671627101793,0.36595744680849085,1.7011359037610458,65.0,20.0,3.674159619354224,0.8213747362074112,0.7641797784665945,1.1086010032688154,2.033003805120324,0.10210535583821685,1.5070422535212802,0.0,2.4015399113420255,0.41203103004252695,1.542049386015842,0.459269952419278,1.0,1,0,0,15124.805326033333,15.0,8.0,0.7199999999999999733546474089962430298328399658203125,1.1999999999999999555910790149937383830547332763671875,68,2.0,2.0,16.13769379532243
388640254,XAUUSD,SELL,37.92,39.42,-6.7647,7.74,31.31,0.877,13.76673736898059,33.99970007467283,0.3958164423544645,0.011070829705725246,5.0,0.7430376083337626,0.1959379842777954,1.8217770660997235,0.7306590257879507,5.259731450428867,8.333333333333332,20.0,2.4199362550857817,0.309736030167975,-0.48348434997821854,-0.6883693174989207,0.04855086122745646,0.037821187981014186,0.8703703703704795,0.0,0.40490760017992494,-0.42358114535919594,1.2296219120370016,-0.6134538406642104,0.0,1,0,0,14999.988688066665,15.0,8.0,0.61999999999999999555910790149937383830547332763671875,1.25,55,2.0,2.0,7.330813952541341
388640258,XAUUSD,SELL,39.91,37.42,-7.8043,8.05,31.31,0.877,11.142387277886442,36.842671510282095,0.5351506456241024,0.011981854373292836,3.3333333333333335,0.7409621281112201,-0.967249824406594,2.8792994367849225,0.7118541033434358,5.57549654696688,4.166666666666666,20.0,2.2715406587764773,0.08364758313335785,-1.2761730296828853,-1.5480287846633605,-0.8205642981834406,-0.1237913353095815,1.546979865772234,0.0,0.3024315696635963,-0.5355892927059029,1.185261023426028,-1.1721149799286292,0.0,1,0,0,14989.736925950001,15.0,8.0,0.61999999999999999555910790149937383830547332763671875,1.1999999999999999555910790149937383830547332763671875,58,2.0,2.0,6.293229812882935
388640268,XAUUSD,SELL,43.95,38.31,-9.8059,8.74,29.19,0.806,11.652512250970956,26.87319887890775,0.2519319938176117,0.011621162251908576,10.833333333333334,0.7579397822533966,0.536110292153022,0.954760085927559,0.15231788079462222,4.633083271212922,5.833333333333333,20.0,2.2694505369644533,0.21888959795788726,-0.5885342403001513,-1.151502546190512,-1.1789257773589799,0.4401906246608502,1.8571428571428572,0.0,0.4336108949986557,-0.39507865751123533,1.1846219392809447,0.8975676873695279,0.0,1,0,0,14949.988133616665,15.0,8.0,0.7199999999999999733546474089962430298328399658203125,1.149999999999999911182158029987476766109466552734375,62,2.0,2.0,4.3204233404669115
388640279,XAUUSD,SELL,39.96,39.61,-6.7215,7.07,29.19,0.806,12.176904904071385,25.304314268114698,0.33955491744437,0.00739819862240002,28.333333333333332,0.7446418077466549,-0.5549124025417136,0.8939783662126303,0.10491803278678356,3.284338214581688,39.166666666666664,20.0,2.80114133439805,0.19578813018506797,-0.7843001404379238,-0.9440020395815245,-1.2090525178355322,0.6034396693545179,3.5432098765413245,0.0,0.4812185105603384,-0.3502396481154274,1.3353013727933425,-0.20168217607673092,0.0,1,0,0,14919.571226766666,15.0,8.0,0.61999999999999999555910790149937383830547332763671875,1.1999999999999999555910790149937383830547332763671875,55,2.0,2.0,5.343776519753463
388640281,XAUUSD,SELL,39.31,41.54,-6.3227,6.88,29.19,0.806,12.889196992845243,24.369638965359204,0.0945865556216653,0.007000299937029717,32.5,0.7422417356617768,-0.7507752910753615,0.8007680168190107,0.08426966292138993,3.3642075986175115,45.0,20.0,2.905187908996142,0.19157626037013592,-0.7441765794718985,-0.9130934709655927,-1.212126544482769,0.5099854180356306,8.531250000009237,0.0,0.5289038742946918,-0.3081266864393081,1.3623059022353592,-0.6071842729802359,0.0,1,0,0,14914.9874387,15.0,8.0,0.7199999999999999733546474089962430298328399658203125,1.149999999999999911182158029987476766109466552734375,58,2.0,2.0,5.696293603823434
388640283,XAUUSD,SELL,38.85,38.88,-6.1941,6.62,27.48,0.749,12.23567999663656,24.587226980854442,0.07553956834533551,0.00602081225521698,53.333333333333336,0.7377760822660732,-0.08738137426643673,0.5579477660722182,0.28242677824276896,3.2373351166854585,48.333333333333336,20.0,2.9700322171427214,0.19527760051053109,-0.6793610947008084,-0.8566133682834558,-1.1767025565546068,0.4866112236727863,10.866666666660805,0.0,0.49764373625868785,-0.33543105807309137,1.3787742098154714,-0.7959686341942007,0.0,1,0,0,14909.972424733334,15.0,8.0,0.7199999999999999733546474089962430298328399658203125,1.149999999999999911182158029987476766109466552734375,58,2.0,2.0,5.5695619326935555
388640302,XAUUSD,BUY,36.21,54.23,-3.6591,5.33,25.85,0.695,24.172165711100583,20.533088020806424,0.05627705627706234,0.003623902853532353,80.83333333333333,0.7270354810366714,0.9484071048292579,0.5988600579972998,0.6513761467889653,1.04965773118755,62.5,20.0,3.709037919390135,0.13911933631142942,-0.6534143765324951,-0.6469588943690839,-1.2082358052057127,0.31875991587378966,0.5462686567163368,-1.0,1.1772298696317265,0.0814015648074784,1.5494836237645948,1.5466688123855445,1.0,1,0,0,14844.990328066666,15.0,8.0,0.61999999999999999555910790149937383830547332763671875,1.1999999999999999555910790149937383830547332763671875,55,2.0,2.0,7.913789867183398
388640337,XAUUSD,SELL,18.46,43.75,-1.3799,4.69,22.93,0.598,15.703955373220065,20.41487811428574,0.12148642210576932,0.005028660088753113,64.16666666666667,0.7238789483695022,-0.7732887309770472,0.9326960854232417,0.5967479674796337,3.644664358088414,70.0,20.0,4.1182648113993805,0.6002849002849117,-0.23513460189912752,-0.5103090068711275,-0.4936921305904784,-0.3436614869332528,0.7173144876324373,0.0,0.7692406741821406,-0.1304284262742552,1.632815477586911,-1.134581955540574,0.0,1,0,0,14684.606547533333,15.0,8.0,0.419999999999999984456877655247808434069156646728515625,1.25,55,2.0,2.0,8.784754795568459
388640345,XAUUSD,SELL,25.76,40.27,-4.0265,4.92,21.55,0.552,15.130432184188399,29.19030781882504,0.24384615384615943,0.005959642804408206,50.83333333333333,0.7279084733176046,-0.5860058939956301,1.2701183571977308,0.3446712018139631,4.951256048049092,65.0,20.0,4.048451388429341,0.1950706342050077,-1.1655446102974834,-1.883421260992743,-1.1712296793574093,-0.7071821877843636,0.11695906432764246,0.0,0.5183375166771333,-0.31723015717811864,1.6190815405022112,-1.5323388505206308,0.0,0,1,0,14654.923396916665,15.0,8.0,0.61999999999999999555910790149937383830547332763671875,1.1999999999999999555910790149937383830547332763671875,55,2.0,2.0,6.817174795362561
388640347,XAUUSD,SELL,25.43,44.87,-3.7781,4.98,21.55,0.552,29.91592707468315,22.662175975789385,0.21466731423021085,0.005689173144539213,59.166666666666664,0.7280206329212264,0.9822504813132075,1.4600922252169894,0.8545945945946162,0.8935944689147186,38.333333333333336,20.0,3.384827533768037,0.2404568680492905,-0.9083549726107947,-1.6004178252183154,-1.0725683351831874,-0.424759899730504,1.9013157894744912,0.0,1.320081786786995,0.13796144288372403,1.4781502940969669,2.113824794838102,1.0,0,1,0,14649.8066447,15.0,8.0,0.61999999999999999555910790149937383830547332763671875,1.1999999999999999555910790149937383830547332763671875,45,2.0,2.0,7.275200801752265
388640349,XAUUSD,SELL,24.03,49.22,-2.4557,6.1,21.55,0.552,25.836025366967124,19.571532980392142,0.07094994087505675,0.005189278156690593,69.16666666666667,0.7218226195519767,0.807867574000142,0.33790594120498857,0.9063794531897152,2.39410769894819,32.5,20.0,3.148070610056784,0.7156597535317129,1.3083811133025873,0.5117211043023834,-0.143634764069637,0.4838989056899633,0.17014547754582743,0.0,1.3200817775883638,0.137961442469365,1.42264331289761,0.45489620315325685,0.0,0,1,0,14644.706685633333,15.0,8.0,0.419999999999999984456877655247808434069156646728515625,1.1999999999999999555910790149937383830547332763671875,55,2.0,2.0,6.53942622843638
388640353,XAUUSD,SELL,22.56,46.73,-2.2578,5.92,21.55,0.552,23.140057059026834,20.5757318372471,0.11307767944936005,0.005085355161758908,70.0,0.7244379665674285,0.49665262793755577,0.7551360837253275,0.8556521739130561,2.5048476969477296,35.0,20.0,3.2700361578952704,0.43943492636010245,-0.05213012082823223,-0.6650707960089186,-0.6701442265792139,1.0138345676166756,0.8440860215044668,0.0,1.124628572992437,0.05865901606408581,1.4516222950958448,1.1036372032896538,0.0,0,1,0,14634.989957200001,15.0,8.0,0.34999999999999997779553950749686919152736663818359375,1.1999999999999999555910790149937383830547332763671875,45,2.0,2.0,6.2179898638147675
388640406,XAUUSD,SELL,16.43,50.21,-0.9414,5.1,17.5,0.0,19.06436796877567,17.123894953215476,0.1621621621621548,0.0035915875042221257,65.83333333333333,0.7448623337799511,0.4832646584077935,0.13801507211617992,0.7327014218009801,1.7077482178375538,50.0,20.0,3.790784057352969,0.38582966226137855,-1.6629334971727674,-1.3116557704962044,-0.7038675578951049,-0.9564017981423046,0.8297872340423473,0.0,1.1133195401830165,0.05362161113180656,1.566694084322667,-0.15542214635141657,1.0,0,1,0,14389.990284666668,15.0,8.0,0.419999999999999984456877655247808434069156646728515625,1.1999999999999999555910790149937383830547332763671875,45,2.0,2.0,8.247156861128285
388640417,XAUUSD,SELL,24.9,39.72,-5.2938,7.32,17.98,0.0,13.479173847053742,28.567268284304255,0.3287831513260483,0.007813840201823744,0.8333333333333334,0.6857379216092774,-0.8576976594110383,1.1458468717559798,0.8196378830083537,3.165306706165552,3.3333333333333335,20.0,2.704234691299079,0.021564042608491082,-2.345391315832976,-3.771139897975204,-1.8192164262527843,-1.801731199803581,0.9578947368421435,0.0,0.4718397727450841,-0.3588435385631442,1.3094766763584975,-1.7455834932335357,0.0,0,1,0,14339.704770983333,15.0,8.0,0.419999999999999984456877655247808434069156646728515625,1.1999999999999999555910790149937383830547332763671875,55,2.0,2.0,3.3170081962682714
388640425,XAUUSD,SELL,29.6,37.99,-7.4688,7.93,18.14,0.0,13.11517870390552,21.989548015581786,0.23177332059852176,0.010236787146173218,0.8333333333333334,0.7506553983960097,-0.5458038873991596,0.7726388826695654,0.7643097643098277,3.3693626490661357,0.8333333333333334,20.0,2.4327528152102222,0.05310573731625809,-1.3574585973939945,-2.631009506674964,-1.7914384518330482,-0.6958988048995144,12.297872340444059,0.0,0.5964278164418975,-0.25279698457111044,1.2333625093228682,0.82105407513345,0.0,0,1,0,14314.990255316667,15.0,8.0,0.61999999999999999555910790149937383830547332763671875,1.25,55,2.0,2.0,2.0366330388354257
388640427,XAUUSD,SELL,27.73,45.18,-6.4729,7.96,18.73,0.0,15.434928267816183,20.520695639913583,0.0749083289680437,0.010188860645544891,2.5,0.757426142438698,0.3810146543303859,0.4415198519841543,0.31111111111114015,3.0976693478848385,1.6666666666666667,20.0,2.44488504174019,0.2671882408724599,-0.5365632227645105,-1.5600496974280833,-1.2719595181912202,-0.3334519919873945,0.30837004405275487,0.0,0.7521639512858751,-0.14144566768478162,1.236890534312383,-0.32761459559322104,0.0,0,1,0,14309.990324033333,15.0,8.0,0.61999999999999999555910790149937383830547332763671875,1.1999999999999999555910790149937383830547332763671875,45,2.0,2.0,2.9812185925904857
388640450,XAUUSD,BUY,19.11,67.08,6.5679,7.17,17.9,0.0,29.15595306029053,15.944305714924075,0.47782077999403627,0.008913357496226466,7.5,0.7459719003964,0.9096865016818593,1.7320455123994711,0.718849840255566,1.0643549401398333,19.166666666666668,20.0,2.757396217979077,0.940535549399827,1.817562246345032,2.0122179682088572,0.9541885143888145,0.8814850599935733,17.80769230767428,0.0,1.8286121548954013,0.2929394954976972,1.323726222297906,1.77852056059658,1.0,0,1,0,14204.990392133333,15.0,8.0,0.7199999999999999733546474089962430298328399658203125,1.1999999999999999555910790149937383830547332763671875,58,2.0,2.0,7.910808924977749
388640452,XAUUSD,BUY,19.17,63.66,6.5264,6.98,17.9,0.0,28.146991748556054,17.46069187430435,0.580891719745189,0.008838879373883219,8.333333333333332,0.7442811423745086,0.9086914746745419,1.4645312285076093,0.37573964497053125,1.288600508703807,23.333333333333332,20.0,2.8667419548472486,0.8574330563250342,1.2159308397901678,1.5227335159742361,0.7035507267568226,0.716944756130725,0.3911111111111596,0.0,1.6120203219414027,0.2343091950976898,1.3524122803358352,1.4004034449428133,1.0,0,1,0,14199.740091833333,15.0,8.0,0.7199999999999999733546474089962430298328399658203125,1.1999999999999999555910790149937383830547332763671875,68,2.0,2.0,7.772277935849388
388640454,XAUUSD,BUY,19.66,65.27,6.6243,6.84,17.9,0.0,28.357511143123048,16.52938491633369,0.6043295249548747,0.00842518024298832,15.833333333333332,0.7406227725031368,0.5080797450282079,1.6457019604480367,0.4344422700587861,0.9878368675746202,25.833333333333336,20.0,2.922594282765447,0.8339796860572513,0.9969524792671709,1.3450943471881933,0.6311204430693658,0.38273830986998225,1.6614173228338167,0.0,1.715581648747233,0.26350955404919035,1.366753241732726,1.8719216381113275,1.0,0,1,0,14193.989638466668,15.0,8.0,0.7199999999999999733546474089962430298328399658203125,1.149999999999999911182158029987476766109466552734375,58,2.0,2.0,8.172587718103651
388640506,XAUUSD,BUY,35.85,63.83,4.604,3.91,15.11,0.0,33.72037981011634,12.467261567525712,0.3925750394944454,0.005667620587877845,36.666666666666664,0.7456024439987781,0.04401011870620819,1.968028422552467,0.5311778290993581,0.8636118838102969,91.66666666666666,20.0,4.892985177395802,0.8491837263539823,1.009698781750542,1.7761341625139133,1.9344269887505003,-0.3244754736505265,0.9522058823529055,0.0,2.704714016206734,0.4601472850426022,1.7737626905625743,-0.4844055325623001,1.0,0,0,1,13964.990377133334,15.0,8.0,0.7199999999999999733546474089962430298328399658203125,1.1999999999999999555910790149937383830547332763671875,68,2.0,2.0,16.89015344836594
388640516,XAUUSD,BUY,37.84,66.3,5.1227,4.22,14.7,0.0,26.65338178812606,12.227594276771113,0.07427447122475389,0.005506506342597886,43.333333333333336,0.7749661006319972,0.3009690474697098,1.2723253537816142,0.8198757763975524,0.7517278811627565,84.16666666666667,20.0,4.669117274302466,0.9989761965702595,1.2697710605369517,2.008448222368892,2.2454968443100514,0.19875620098242708,0.8025477707004026,0.0,2.1797729794638987,0.37102430546630866,1.735033422075181,0.8451102266487208,1.0,0,0,1,13939.69002095,15.0,8.0,0.7199999999999999733546474089962430298328399658203125,1.149999999999999911182158029987476766109466552734375,62,2.0,2.0,16.910071086040432
388640518,XAUUSD,BUY,37.74,63.73,4.851,4.07,14.7,0.0,26.045338097984654,12.633036229485697,0.29798270893371553,0.005070136216214316,45.83333333333333,0.775870783017173,0.22229468635224872,1.2869956950189765,0.26153846153871985,0.7075540755997435,91.66666666666666,20.0,4.913569969442476,0.9187073971219318,0.8495732544912781,1.659861827771449,1.9566226316490054,-0.05774686787805355,0.21969696969691488,0.0,2.061684583434493,0.34676487197157957,1.777249704793001,0.41028309244846467,1.0,0,0,1,13933.989863883333,15.0,8.0,0.419999999999999984456877655247808434069156646728515625,1.1999999999999999555910790149937383830547332763671875,72,2.0,2.0,17.24090908667326
388640520,XAUUSD,BUY,37.66,65.82,4.8066,3.9,14.7,0.0,27.01028466184715,12.181812652217555,0.45628589661774716,0.004591631619344376,50.83333333333333,0.7757000535981181,-0.1643063046468117,1.243830247397679,0.08163265306165064,0.6964960439355489,96.66666666666667,20.0,5.102535120407767,0.9172651536914658,0.8867262437879523,1.6190422044048365,1.9398663388698214,-0.1455030874691079,2.8235294117609295,0.0,2.217262998185024,0.3783536132922019,1.8087042783536724,0.2729856289419733,1.0,0,0,1,13929.990411116665,15.0,8.0,0.7199999999999999733546474089962430298328399658203125,1.149999999999999911182158029987476766109466552734375,68,2.0,2.0,18.31294871325337
388640543,XAUUSD,BUY,30.92,65.94,3.3014,2.66,14.52,0.0,29.202400879488295,17.94664243623943,0.2932790224032513,0.004101566358491913,55.833333333333336,0.7089938532246847,-0.3095376197282232,0.6663171841037098,0.8882352941178705,1.6441205594322523,98.33333333333333,20.0,7.274869732000414,0.9620157001772607,1.0543739034226525,1.27002969853811,1.7607239515675004,0.4555816920276701,5.680851063837857,0.0,1.6271789754578985,0.23872718114658012,2.113223178782769,-0.3346440076720455,1.0,0,0,1,13764.623216366666,15.0,6.0,0.7199999999999999733546474089962430298328399658203125,1.1999999999999999555910790149937383830547332763671875,68,2.0,2.0,28.323496229954007
388640561,XAUUSD,SELL,32.32,21.46,-3.8764,3.27,13.48,0.0,11.378066188565235,34.1946322181426,0.844344904815198,0.007259067434296762,28.333333333333332,0.7522455108582581,-0.9927221908303036,3.561100558321004,0.9218989280246052,8.350665196396346,74.16666666666667,20.0,5.8828215543474816,0.19395465994960148,-0.9366240416050834,-1.0410610456074312,0.11221771931966235,-0.31335517415562786,455.99999998999556,0.0,0.33274420918567976,-0.500663035690596,1.9290286775168068,-2.809047292200976,0.0,1,0,0,13689.990300716667,15.0,6.0,0.61999999999999999555910790149937383830547332763671875,1.1999999999999999555910790149937383830547332763671875,58,2.0,2.0,15.590366967709821
388640565,XAUUSD,SELL,35.03,30.56,-4.3953,3.42,13.32,0.0,14.103580985484184,30.866426414845122,0.6704477611940217,0.007334002344409426,25.833333333333336,0.753331833278041,-0.9838820331599525,2.8215600386920725,0.27804878048778614,7.783987705533469,71.66666666666667,20.0,5.454791664704611,0.11872146118719619,-1.1362487341269127,-1.5476431265066528,-0.2075258725166477,-0.43252696735169915,2.2554744525543664,0.0,0.45692301204580305,-0.372756110697951,1.8648227487513596,-2.0346372909348296,0.0,1,0,0,13679.990156716667,15.0,6.0,0.61999999999999999555910790149937383830547332763671875,1.1999999999999999555910790149937383830547332763671875,55,2.0,2.0,15.3948830364347
388640568,XAUUSD,SELL,35.15,20.22,-5.1305,3.78,13.51,0.0,12.363151151155384,36.91496363462929,0.7442075996292761,0.0075038618744321765,22.5,0.7540199771757259,-0.9947660612072581,3.623631516861871,0.7809239940388469,8.68973265517478,65.83333333333333,20.0,5.149471203066536,0.06262230919762467,-1.2113366988939893,-1.710361593665406,-0.3252466538248656,-0.4674420164766678,2.596491228070418,0.0,0.33490892578446974,-0.49822953032949363,1.816366094880442,-3.617503520154288,0.0,1,0,0,13674.86148485,15.0,6.0,0.7199999999999999733546474089962430298328399658203125,1.1999999999999999555910790149937383830547332763671875,58,2.0,2.0,12.193253965028546
388640570,XAUUSD,SELL,36.61,17.21,-5.9027,3.81,13.7,0.0,11.531794163640512,38.55229072180361,0.7637997432605799,0.00765934478845984,20.833333333333336,0.7519889643026239,-0.9987398484223857,3.934460780154323,0.7527472527473131,9.194426163565852,66.66666666666666,20.0,5.172672947153758,0.03386454183265762,-1.6111818860326015,-2.2549571452955135,-0.6849317518478629,-0.46881487159113144,0.2805343511448762,0.0,0.29912084725999827,-0.5395026400195523,1.8201319608246258,-3.701047493688617,0.0,1,0,0,13669.655931366666,15.0,6.0,0.61999999999999999555910790149937383830547332763671875,1.149999999999999911182158029987476766109466552734375,58,2.0,2.0,10.997506558793713
388640629,XAUUSD,SELL,27.35,44.11,-2.1977,2.99,13.16,0.0,17.404487427630954,19.946902458062247,0.061365600691462546,0.0017737518820328815,100.0,0.7206108072725484,0.7691802532488722,0.2030076872756725,0.5295454545454817,2.561711014159394,75.83333333333333,19.0,6.099311938475081,0.38829268292683106,0.6169550559720762,-0.3711547833876126,-0.23656686687341247,1.0560423300854829,0.1534246575343715,0.0,0.8725408163840245,-0.06806747942029438,1.9599978692772528,0.8057512087144096,0.0,1,0,0,13399.990228083334,18.0,8.0,0.419999999999999984456877655247808434069156646728515625,1.1999999999999999555910790149937383830547332763671875,55,2.0,2.0,15.675752503118778
388640653,XAUUSD,SELL,19.91,40.39,-3.075,4.14,13.31,0.0,16.577523410615708,22.63754228932754,0.20803683549603125,0.004612419736172034,52.5,0.7325210208236695,0.6289903349633341,0.4023278519409359,0.223057644110142,3.570650137980487,35.833333333333336,17.0,3.9518914287542954,0.1882046834345254,-0.5023198528242465,-0.9340454180217352,-0.9753033855587921,0.7774021239359068,0.8579545454545631,0.0,0.732302229033447,-0.15453292289620416,1.5997696104154293,1.717910450499526,0.0,1,0,0,13294.739990516666,18.0,8.0,0.419999999999999984456877655247808434069156646728515625,1.149999999999999911182158029987476766109466552734375,48,2.0,2.0,8.8648550703227
388640685,XAUUSD,SELL,17.34,25.99,-3.3,3.65,15.22,0.0,11.651546784930318,28.522755823966218,0.7951344430217309,0.003099055615011803,70.0,0.6919425145403523,-0.9858286069355485,2.4589941629222793,0.6725663716812759,4.04297857505907,74.16666666666667,17.0,4.560758843795987,0.012924071082379274,-2.615265742283669,-2.1782121003709727,-1.8228190344771162,-2.1791860056830457,0.30136986301368723,0.0,0.40850002181907313,-0.41995025485145676,1.715734581646695,-3.0932676158215626,0.0,0,1,0,13144.990159066667,18.0,7.0,0.61999999999999999555910790149937383830547332763671875,1.1999999999999999555910790149937383830547332763671875,45,1.4,1.4,5.706986299806562
388640695,XAUUSD,SELL,14.78,39.04,-2.1548,3.34,16.05,0.0,16.778374794647537,22.838134740653636,0.049968374446555,0.0031397321963882612,69.16666666666667,0.7409504482992719,-0.029171253237226896,0.6438443378588754,0.48013245033099616,2.6262147001886027,85.83333333333333,17.0,4.960627767022916,0.21604567307693412,-0.25033623573255565,-1.031024968629361,-1.2562072461921965,1.3393179054539508,24.200000000065483,0.0,0.7346648161294855,-0.15296046683885536,1.7851758055678415,0.4727186460339166,0.0,0,1,0,13103.9894788,18.0,7.0,0.61999999999999999555910790149937383830547332763671875,1.149999999999999911182158029987476766109466552734375,45,2.0,2.0,7.374401195397222
388640697,XAUUSD,SELL,15.92,34.75,-2.2902,3.41,16.05,0.0,15.279595576566969,26.5215843838888,0.005392450569212258,0.003188555159942659,67.5,0.7447488400588737,-0.9098098188829258,1.3635976764587296,0.7070938215103485,3.4512917847017364,81.66666666666667,17.0,4.865005003310744,0.17127403846155695,-0.6078891058323106,-1.2232546806542017,-1.3418765720075987,0.8390517832929115,1.0827586206902176,0.0,0.5761192385523431,-0.2689395024020216,1.7690033351844856,-0.9043185770859554,0.0,0,1,0,13098.98978325,18.0,7.0,0.419999999999999984456877655247808434069156646728515625,1.149999999999999911182158029987476766109466552734375,48,1.4,1.4,6.516275657913487
388640699,XAUUSD,SELL,16.68,39.79,-2.2322,3.29,16.05,0.0,14.238940568439274,25.843552504069564,0.030415890751075068,0.0032204642053514972,65.0,0.7446600555348066,-0.9631203464801135,1.659097287501809,0.5090361445782373,3.9288999407602,82.5,17.0,4.882404897143419,0.07932692307693136,-1.2927830867209946,-1.6087201112036642,-1.5354281916872747,0.11476936132106463,0.41423948220054535,0.0,0.550966822971813,-0.28951820998557776,1.77196567440725,-1.9989140049481398,0.0,0,1,0,13094.99020095,18.0,7.0,0.419999999999999984456877655247808434069156646728515625,1.149999999999999911182158029987476766109466552734375,55,2.0,2.0,7.392249237874915
388640703,XAUUSD,SELL,19.67,30.44,-2.916,3.55,16.21,0.0,11.711994657815687,28.683787245439284,0.32452830188682935,0.00311986832499306,68.33333333333333,0.7422411833367326,-0.9785289692574789,1.8468145929200184,0.626617375231131,4.323290564682172,78.33333333333333,17.0,4.657537363725848,0.07499253062444575,-1.141603485071141,-1.5585168094979893,-1.4960990082345953,-0.9633010701018786,2.15199999999968,0.0,0.40831408172447,-0.4201377314129506,1.7329887027858237,-2.2191795674224153,0.0,0,1,0,13084.990219933334,18.0,7.0,0.61999999999999999555910790149937383830547332763671875,1.1999999999999999555910790149937383830547332763671875,55,1.4,1.4,5.101549294337785
388640745,XAUUSD,SELL,30.79,36.09,-2.5619,6.73,17.06,0.0,7.329830162180142,23.552246466947324,0.47572199301810675,0.0053015929939771,10.0,0.6966348694314841,-0.9496257919755747,1.1480917044341674,0.4559471365638162,3.2500829218558382,2.5,17.0,2.4632817508492435,0.027413587604274845,-1.8976910983211286,-3.1718887305975874,-1.5228782373584697,-1.8804881468430148,1.9055374592836867,0.0,0.3112157416172981,-0.5253019728655325,1.242216622448351,-1.640255848212513,0.0,0,1,0,12919.5731649,18.0,7.0,0.7199999999999999733546474089962430298328399658203125,1.1999999999999999555910790149937383830547332763671875,65,1.4,1.4,2.1843239224095847
388640747,XAUUSD,SELL,33.34,35.81,-2.9194,7.41,17.69,0.0,6.225197212617626,30.008730902322878,0.6952242070725764,0.005593212543712748,8.333333333333332,0.7062721335750941,-0.5590893041150117,0.9104989734121304,0.022613065326612496,2.928878308226038,0.8333333333333334,17.0,2.252983314019992,0.10885975367500095,-1.293681612328022,-2.52613048807396,-1.3780840966489123,-1.5288792463564778,1.1932367149761363,0.0,0.20744619375721618,-0.656388480925147,1.1795725180652068,-1.6327502605132733,0.0,0,1,0,12913.989832566667,18.0,7.0,0.61999999999999999555910790149937383830547332763671875,1.1999999999999999555910790149937383830547332763671875,55,1.4,1.4,1.8894062075724163
388640751,XAUUSD,SELL,37.6,32.79,-3.6057,7.42,17.69,0.0,5.560438170946686,25.35119691006471,0.465747522619577,0.006258961202225313,6.666666666666667,0.7155227728029657,-0.12142840530109653,0.7384680668227493,0.2772543741588586,2.9072565235521077,1.6666666666666667,17.0,2.207385480142256,0.3156714325763747,-1.195057504007972,-2.553045903683688,-1.4542113642600871,-0.7158240598965193,3.4732142857126944,0.0,0.21933630870907006,-0.6402365338169603,1.1654561130954368,-0.4090155448498414,0.0,0,1,0,12904.990257466667,18.0,7.0,0.7199999999999999733546474089962430298328399658203125,1.1999999999999999555910790149937383830547332763671875,68,1.4,1.4,1.471765498454086
388640758,XAUUSD,BUY,29.68,61.85,0.3259,7.44,17.69,0.0,19.79631754318125,16.272621076828155,0.6402630826422695,0.006151519616528517,6.666666666666667,0.7285074819143467,0.9673629998637956,1.5645911998968725,0.9469135802469864,0.271733191438582,5.0,17.0,2.210269978208408,0.7289038407625441,0.8312582184487732,0.455309093844557,-0.5319354444434782,1.2713086208360789,2.876543209876647,0.0,1.2165413447025697,0.09769337561557558,1.1663550389661417,2.6393223857430046,1.0,0,1,0,12874.806642166666,18.0,3.0,0.0,1,50,1.4,1.4,4.487970429504485
388640761,XAUUSD,BUY,27.67,55.71,1.1267,7.5,18.23,0.0,18.344935059103992,15.855933519352858,0.27700898276279956,0.005627847438275362,10.833333333333334,0.7397424742305395,0.39933254560486686,0.35109630048789453,0.22324723247232844,1.3813817060868556,4.166666666666666,19.0,2.4552153803226386,0.7308662741799735,0.5848419389092734,0.3850049265083031,-0.5273808177726272,1.1982809928879758,0.42763157894734793,0.0,1.1569759598031388,0.07277597237816896,1.2398847940096909,1.2263154715400688,1.0,0,1,0,12864.990316450001,18.0,3.0,0.419999999999999984456877655247808434069156646728515625,1.149999999999999911182158029987476766109466552734375,45,1.4,1.4,3.9693999994709395
388640768,XAUUSD,SELL,21.59,46.59,0.4356,7.26,18.23,0.0,16.68514770636604,16.30600039424085,0.0763688760806997,0.005419272815733396,12.5,0.7389503044680233,-0.7634631160516498,0.4826907847660111,0.8836291913214637,2.3044565117815727,12.5,19.0,2.583166591377602,0.649845808802897,0.09155245621841449,-0.18988055870984213,-0.6830206641226793,-0.06304996135890252,3.4186046511618193,0.0,1.0232519489578296,0.011492394853206644,1.2762469321840766,-2.027105993549456,0.0,0,1,0,12843.989676683334,18.0,3.0,0.419999999999999984456877655247808434069156646728515625,1.1999999999999999555910790149937383830547332763671875,48,2.0,2.0,2.9449724513851443
388640772,XAUUSD,SELL,19.28,42.94,-0.3609,6.97,18.23,0.0,14.937750686070526,17.999205752510097,0.26290076335877594,0.00537291101024388,14.166666666666666,0.7230687353372156,-0.43798650228971625,0.39092239774524373,0.24831081081085077,2.347553947719626,14.166666666666666,17.0,2.3997845526899204,0.5730305578917734,-0.25774183067335754,-0.6842128232793484,-0.8339648431881833,-0.44154414846132906,1.764367816092008,0.0,0.8299116117429657,-0.09294893349358199,1.223712062758446,-0.8455711453301236,0.0,0,1,0,12834.9904054,18.0,3.0,0.419999999999999984456877655247808434069156646728515625,1.1999999999999999555910790149937383830547332763671875,45,2.0,2.0,2.5165710182904455
388640774,XAUUSD,BUY,18.21,50.75,-0.0163,6.91,18.23,0.0,18.365055817783258,16.896520106559485,0.052689655172409776,0.005297338524541373,15.833333333333332,0.7218167779982005,-0.13472181315429674,0.30093723999137956,0.8402662229617301,1.645436969340683,15.833333333333332,17.0,2.4260562427400023,0.5323801513877136,-0.4464536039218666,-0.9414218210856187,-0.9136772389838558,-0.5616819777000392,3.027210884353093,0.0,1.0869134363199573,0.04164690973335264,1.2314098162120142,0.25259526762652135,1.0,0,1,0,12829.99010855,18.0,3.0,0.419999999999999984456877655247808434069156646728515625,1.1999999999999999555910790149937383830547332763671875,55,2.0,2.0,3.5890738055589173
388640782,XAUUSD,SELL,20.01,34.79,-3.2278,7.3,18.91,0.0,12.142154954815924,31.053763236205064,0.5315095261358073,0.006886857716287226,0.8333333333333334,0.6677671823612462,-0.9812299662475158,2.089576254747548,0.3537360890301687,4.4494477062298365,1.6666666666666667,17.0,2.1574618084970436,0.14213624894868793,-1.9835998094776934,-3.0469598444631707,-1.7169322412239052,-1.6254948723447482,1.0450643776824127,0.0,0.3910042873533376,-0.4378100671444965,1.149768479681486,-2.522961220760086,0.0,0,1,0,12809.990077333332,18.0,3.0,0.7199999999999999733546474089962430298328399658203125,1.1999999999999999555910790149937383830547332763671875,68,1.4,1.4,0.6740410957982251
388640784,XAUUSD,SELL,22.69,27.54,-5.0867,7.95,19.51,0.0,10.998645749828533,32.42686459520167,0.6463320463320552,0.00778892915990106,0.8333333333333334,0.68235959980249,-0.994805855502516,1.9148199469466685,0.047887323943684106,4.418439063816372,0.8333333333333334,17.0,2.1046081279035374,0.13649778652238262,-2.0711182436415574,-3.363796356920507,-1.9638640287892597,-1.9490707834035106,1.826966292135135,0.0,0.3391831294189607,-0.49344770347362815,1.1328875006263426,-2.359637112814251,0.0,0,1,0,12804.906783199998,18.0,3.0,0.7199999999999999733546474089962430298328399658203125,1.1999999999999999555910790149937383830547332763671875,68,1.4,1.4,-0.7735220124811449
388640786,XAUUSD,SELL,24.27,29.97,-5.3455,7.85,19.51,0.0,10.958979224790273,29.086335307219926,0.7010443864229756,0.009481254542576848,0.8333333333333334,0.6872923622129264,-0.9932096556611387,2.64407003643066,0.7404643449418811,5.340842516779039,0.8333333333333334,17.0,2.0330121537224355,0.21485061511422784,-1.7204918882869065,-3.0743670439444477,-1.9732431587522967,-1.8401181645212956,19.88235294116682,0.0,0.3767741357673153,-0.4526710762945435,1.109556235860445,-3.9619819207543827,0.0,0,1,0,12799.756728766666,18.0,3.0,0.7199999999999999733546474089962430298328399658203125,1.1999999999999999555910790149937383830547332763671875,78,1.4,1.4,-0.14770700635046322
388640788,XAUUSD,SELL,26.3,26.29,-6.8974,8.13,19.73,0.0,9.946120150360048,30.514123035996402,0.5884244372990666,0.010599980436244629,0.8333333333333334,0.7094695049074439,-0.9597385894401631,2.1171428304836657,0.18247515808487627,4.975800790228286,0.8333333333333334,17.0,1.9870475319210625,0.02059145673604596,-2.0210052708600212,-3.696221556957093,-2.4683683004665835,-1.7446007956775278,0.35050391937303865,0.0,0.32595135743129877,-0.5083509331011914,1.0942854520370797,-2.5469273953271583,0.0,0,1,0,12794.9899298,18.0,3.0,0.81999999999999995115018691649311222136020660400390625,1.1999999999999999555910790149937383830547332763671875,78,1.4,1.4,-0.997478474661892
388640790,XAUUSD,SELL,28.0,32.09,-7.0826,8.19,19.73,0.0,9.561242421322502,29.201352116281143,0.6253819036427628,0.011393070061787108,0.8333333333333334,0.7193005490000559,-0.8742123251432918,1.8890984227295229,0.1600000000000364,5.034060807728717,2.5,17.0,2.0478352173100802,0.15737445630682362,-1.481298901800172,-3.0265630161166373,-2.304304688726157,-1.3544276697914177,4.480198019803119,0.0,0.32742463622316376,-0.5066768471658649,1.1144315738006572,-1.9153282326605607,0.0,0,1,0,12789.8734683,18.0,3.0,0.7199999999999999733546474089962430298328399658203125,1.149999999999999911182158029987476766109466552734375,68,1.4,1.4,-0.3723443222987578
388640792,XAUUSD,SELL,29.49,34.44,-7.2751,7.86,19.73,0.0,12.426142707520436,27.310925785775837,0.5041997729852428,0.011607615021391193,0.8333333333333334,0.730238823888754,-0.42865375334444134,1.3976674459369947,0.38955823293169417,4.712414152675764,3.3333333333333335,17.0,2.0625911584832055,0.17279557137207976,-1.193591988606247,-2.644816805657355,-2.223340580512405,-1.0296949741161485,5.249999999998579,0.0,0.45498795427155764,-0.37458180152833104,1.1192613414631782,-1.0058165119897469,0.0,0,1,0,12784.73896895,18.0,3.0,0.7199999999999999733546474089962430298328399658203125,1.1999999999999999555910790149937383830547332763671875,68,1.4,1.4,-0.17805343509167573
388640799,XAUUSD,SELL,25.56,44.76,-4.3598,7.19,19.73,0.0,18.688436263876376,26.635324294682682,0.05040650406505692,0.009567891325521868,6.666666666666667,0.7579297223607881,0.6380304454719052,0.6063617346925537,0.7707317073170377,3.5450254433681208,20.0,17.0,2.2724522072872975,0.4992091735863985,0.25526494189720744,-0.5573283581624446,-1.1836622006058153,0.7313994611117853,0.3828571428571844,0.0,0.7016409995791275,-0.17533602149368813,1.1855396143522017,1.1482567329763655,0.0,0,1,0,12759.889850450001,18.0,3.0,0.81999999999999995115018691649311222136020660400390625,1.1999999999999999555910790149937383830547332763671875,72,2.0,2.0,0.8582058413272431
388640803,XAUUSD,SELL,25.95,42.62,-4.5281,7.46,21.12,0.537,15.874039448771248,29.719590002684857,0.2578386605783638,0.008505663566834753,9.166666666666666,0.7674261445799185,-0.49948556534931227,0.7967551729940983,0.14976415094334816,3.365817348140697,15.833333333333332,19.0,2.501976901982482,0.2582048240411133,-0.7627953276567457,-1.5878117542096841,-1.8870687663740426,0.33333340136565404,0.8686635944701175,0.0,0.5341271165991884,-0.3036729125717479,1.2533276381772833,-0.10402956592452998,0.0,0,0,1,12749.80618325,18.0,3.0,0.7199999999999999733546474089962430298328399658203125,1.1999999999999999555910790149937383830547332763671875,78,2.0,2.0,0.3083780160446133
388640807,XAUUSD,SELL,25.52,42.16,-4.2767,6.94,21.12,0.537,16.907102863020658,27.44983023059672,0.25625381330077696,0.007408413419660112,11.666666666666666,0.767403214711138,-0.8150738201176689,0.3685309674437563,0.20364741641339823,3.2104666917671,28.333333333333332,19.0,2.6800908235313843,0.32779754843811687,-0.37065750957232924,-1.1286888992292792,-1.6326369232063145,0.051566802419406206,1.0263157894730544,0.0,0.6159273884414742,-0.23767935234940146,1.3029374321837273,-0.6530958164710844,0.0,0,0,1,12739.539708083332,18.0,3.0,0.81999999999999995115018691649311222136020660400390625,1.149999999999999911182158029987476766109466552734375,78,2.0,2.0,0.2450288184086168
388640813,XAUUSD,SELL,25.54,40.3,-3.9351,6.34,21.12,0.537,15.164134159674319,26.744959459102677,0.23479490806220876,0.004428182052046803,39.166666666666664,0.756277158956735,-0.3611383242233159,0.9612769584292291,0.3713355048857291,2.9781579051702294,35.833333333333336,19.0,2.910751039003885,0.25543693159349906,-0.9930224004463419,-1.2899655745770664,-1.7883271465491923,0.24259477063800672,0.7432024169183501,0.0,0.5669903375951034,-0.27633203257604316,1.3637294371386397,-0.18230493349544516,0.0,0,0,1,12724.955448433333,18.0,3.0,0.7199999999999999733546474089962430298328399658203125,1.1999999999999999555910790149937383830547332763671875,78,2.0,2.0,-0.044085173494424104
388640816,XAUUSD,SELL,25.76,38.78,-4.0794,6.15,21.12,0.537,14.556867686746429,27.15586146757953,0.4098360655737577,0.004075719089941621,41.66666666666667,0.7484639587153872,-0.6858090980583215,0.9850953402263398,0.1864406779660625,2.8634188934985687,37.5,19.0,3.0091238371943043,0.23467773823645527,-1.2325835004119072,-1.313682015985639,-1.822574765834045,0.040735701514230276,1.6929824561422684,0.0,0.5360488072925462,-0.30204193621995473,1.3885727229798237,-0.48621106211503357,0.0,0,0,1,12719.805279033335,18.0,3.0,0.7800000000000000266453525910037569701671600341796875,1.1999999999999999555910790149937383830547332763671875,82,2.0,2.0,-0.2909756097086141
388640820,XAUUSD,SELL,28.06,37.21,-4.8258,6.26,21.12,0.537,12.313502576258962,30.578481955792732,0.5402504472271741,0.004723381268802077,35.833333333333336,0.7206414702345704,-0.937169246856622,1.5425636890082184,0.2131979695431894,3.2658949374662187,38.333333333333336,19.0,2.9520458521341366,0.08283906682482416,-2.3687479961334237,-1.7704934137297077,-2.202005670364717,-0.6005024604392434,0.2236467236468268,0.0,0.4026852016844843,-0.42583664880435496,1.3742333820789778,-1.8473592200985878,0.0,0,0,1,12709.989142566666,18.0,3.0,0.7199999999999999733546474089962430298328399658203125,1.1999999999999999555910790149937383830547332763671875,78,1.4,1.4,-0.9408146963352239
388640824,XAUUSD,SELL,27.87,39.33,-4.7107,6.44,21.12,0.537,15.936410420806267,25.85694877691529,0.26917712691768714,0.004679992069476297,35.833333333333336,0.685340310218073,-0.6634940747273215,1.1363973577013846,0.6799485861182695,2.9940756755759392,35.833333333333336,19.0,2.895035004373735,0.23467773823645527,-0.5512489833290918,-1.0143099112532068,-1.6893962189108025,-0.47107946701955705,0.043872919818447514,0.0,0.6163298671459718,-0.23737115917876972,1.3597026662845715,-0.9599326593448645,0.0,0,0,1,12699.623274466667,18.0,3.0,0.81999999999999995115018691649311222136020660400390625,1.1999999999999999555910790149937383830547332763671875,78,1.4,1.4,-0.9409161489219818
388640826,XAUUSD,SELL,27.64,40.48,-4.67,6.14,21.12,0.537,15.277455490460726,25.45072195650874,0.2812390003520235,0.004652348801736876,36.666666666666664,0.6607525980865084,-0.3980539034523047,0.7810955872276834,0.5434782608695222,2.7811709443338453,40.833333333333336,19.0,2.9888149288655086,0.1308817714511645,-1.3868392048982574,-1.3537857745972455,-1.9552808627696805,-0.06144619277554812,0.4706994328922115,0.0,0.6002758945813633,-0.24978446996578102,1.3834941764760782,-0.5159638403516223,0.0,0,0,1,12694.989110299999,18.0,3.0,0.81999999999999995115018691649311222136020660400390625,1.1999999999999999555910790149937383830547332763671875,78,1.4,1.4,-0.8663680780345814
388640835,XAUUSD,SELL,20.6,47.24,-2.4496,5.09,22.42,0.581,19.991636455819126,20.800303459424843,0.5,0.0032443444600446275,59.166666666666664,0.6766771537531864,0.6934415009533895,0.28774368295188474,0.26401869158877017,2.035767800744587,49.166666666666664,17.0,3.1896822684476334,0.2671016211941346,0.10892877589254217,-0.6675786751177158,-1.406637502685907,2.130415945172495,6.571428571432018,0.0,0.9611222996671426,-0.01982418549992352,1.4326249001393176,1.144533049266572,1.0,0,0,1,12664.988613983332,18.0,3.0,0.81999999999999995115018691649311222136020660400390625,1.1999999999999999555910790149937383830547332763671875,78,2.0,2.0,-0.039194499009747
388640838,XAUUSD,SELL,18.92,49.64,-1.4067,5.23,22.33,0.578,21.92357001644248,18.91098245392101,0.08530120481925806,0.0032898278007880534,53.333333333333336,0.6706505180232772,0.3336801108173231,0.005719176027302772,0.8049242424242813,1.0554701736045817,50.0,17.0,3.1870324957864193,0.35384919849592894,1.1337631396292998,-0.30301403887210737,-1.130226148092108,1.700484621468424,0.735668789809181,0.0,1.1593035375374323,0.07377545011500895,1.431992248121391,0.43306147442735327,1.0,0,0,1,12654.972528783333,18.0,3.0,0.7199999999999999733546474089962430298328399658203125,1.1999999999999999555910790149937383830547332763671875,55,2.0,2.0,0.3232313574910687
388640840,XAUUSD,SELL,18.09,49.81,-1.2526,5.04,22.33,0.578,20.821588906556045,18.549360230226924,0.4686716791979933,0.0032837880196287315,55.00000000000001,0.6643307992141415,0.19869986765390524,0.08509501848201889,0.13351498637595968,0.9913234706932661,52.5,17.0,3.2596709868056646,0.2699386503067383,0.00807200142688435,-0.6389280423334853,-1.339238979409532,1.234666797711099,0.24235294117641068,0.0,1.1224962761858577,0.05771333098223234,1.449191924154436,0.44293176350114266,1.0,0,0,1,12649.721876900001,18.0,3.0,0.7199999999999999733546474089962430298328399658203125,1.149999999999999911182158029987476766109466552734375,62,2.0,2.0,0.3731150792912709
388640842,XAUUSD,SELL,17.18,49.69,-1.098,4.88,22.33,0.578,20.032671350171668,17.846536060035167,0.4384105960264987,0.0032201209841907965,63.33333333333333,0.6662668419136458,0.3255706058242297,0.2792940373069851,0.40449438202243365,0.8066043523101841,53.333333333333336,17.0,3.3774073865201424,0.2790421531763215,0.117642383325369,-0.5880647801835446,-1.2967386535632943,0.8779384648261457,6.489795918370832,0.0,1.1224962738027224,0.05771333092450347,1.4764566282482137,0.42912940911076564,1.0,0,0,1,12644.588782416666,18.0,3.0,0.7199999999999999733546474089962430298328399658203125,1.1999999999999999555910790149937383830547332763671875,62,2.0,2.0,0.3423155737005673
388640851,XAUUSD,SELL,15.1,50.4,0.268,4.52,23.19,0.606,21.93258388608943,23.55835894803472,0.09090909090910558,0.003301230561363143,55.833333333333336,0.7085255392479369,-0.34430088486724625,0.47421113051876174,0.7985865724382603,1.8515383446484146,56.666666666666664,17.0,3.528716576123631,0.3401939441915632,0.4703837543392297,-0.2706626893331616,-1.0471654090241573,0.5677062540148883,0.9113300492613773,0.0,0.930989420930343,-0.0357384332994592,1.5104385828242333,-0.533458917684512,0.0,0,0,1,12614.738679,18.0,3.0,0.7199999999999999733546474089962430298328399658203125,1.1999999999999999555910790149937383830547332763671875,58,2.0,2.0,0.7014380529423996
388640865,XAUUSD,SELL,13.89,43.94,-1.2247,3.64,24.08,0.636,18.67202054648986,24.608654161149573,0.040832666132924515,0.0025308441798619396,80.83333333333333,0.7060298586470718,-0.583476194498255,0.3154107331819658,0.5197132616490131,2.734026058042957,82.5,17.0,4.561181843643974,0.2238873751135259,-0.9257283355908205,-0.8840057561020941,-1.3194888642186429,-1.0185335797148964,2.4520547945189097,0.0,0.7587582671306615,-0.13716591798985805,1.7158106474809012,-0.6412485062533202,0.0,0,0,1,12559.9887521,18.0,3.0,0.61999999999999999555910790149937383830547332763671875,1.1999999999999999555910790149937383830547332763671875,58,2.0,2.0,-0.6866758239868991
388640884,XAUUSD,SELL,14.64,41.91,-1.4462,3.16,25.28,0.676,20.47231620928796,33.18326487153291,0.37169811320746476,0.0020947543638141952,91.66666666666666,0.5972718333154241,-0.6731063107466257,0.5270285790816672,0.26035502958602175,3.052529388576413,99.16666666666667,19.0,5.834814726655351,0.285940594059416,-0.9713737654720913,-1.6591339555072928,-1.3216567224845162,-1.720857240417776,0.6686390532537628,0.0,0.6169469963729715,-0.23689890537574593,1.922029363247492,-0.6940358569598452,0.0,0,0,1,12479.638884049999,18.0,15.0,0.7199999999999999733546474089962430298328399658203125,1.149999999999999911182158029987476766109466552734375,58,2.0,2.0,-1.51249999952096
388640894,XAUUSD,BUY,21.32,71.76,3.0388,3.88,24.63,0.654,39.152222324901054,14.801113460014024,0.5071499833721673,0.005303123998805104,30.0,0.6751411249929763,0.9951183713839514,2.0970689340361646,0.5325034578145508,1.541477489449921,64.16666666666667,17.0,4.107385159976208,0.9459745762711949,2.4395781753437027,3.1347708236406393,-0.09146069440507737,2.228615754347174,0.2095006090133176,0.0,2.6452212386217813,0.4513364754799634,1.630687562870702,3.416378009533231,1.0,0,0,1,12369.972890966666,18.0,15.0,0.419999999999999984456877655247808434069156646728515625,1.1999999999999999555910790149937383830547332763671875,55,1.4,1.4,3.729510308317463
388640899,XAUUSD,BUY,24.01,68.14,3.8384,3.99,24.63,0.654,34.51015702663872,13.835929510750294,0.5476413620743557,0.006481958949225449,14.166666666666666,0.7202473294930891,0.8676120947642803,2.219076426967506,0.6292682926828532,0.9291506135953537,65.83333333333333,23.0,5.609045698869,0.9133401569430253,1.6340979055936558,2.537520337685189,-0.08960762310245407,1.3969777431981492,0.41019417475710473,0.0,2.49424185816956,0.42762979527350115,1.888439271106413,1.4851777524396967,1.0,0,0,1,12358.988477,18.0,15.0,0.419999999999999984456877655247808434069156646728515625,1.1999999999999999555910790149937383830547332763671875,38,1.4,1.4,3.7244360892922925
388640901,XAUUSD,BUY,25.06,65.56,3.9746,3.88,24.63,0.654,32.840611317683084,14.594713813554364,0.535450753930076,0.006876296462955712,13.333333333333334,0.7357073545878141,0.9544922213158877,2.163852129964528,0.14760147601495954,0.8347503117369216,66.66666666666666,17.0,4.248729131594925,0.8700102354145224,1.2213487551597988,2.0648659479503255,-0.16661751929893656,0.8293884841781453,0.5891472868218912,1.0,2.250171499561159,0.38464787727291083,1.657985977127424,1.4720596814762057,1.0,0,0,1,12354.98924735,18.0,15.0,0.61999999999999999555910790149937383830547332763671875,1.149999999999999911182158029987476766109466552734375,38,1.4,1.4,3.4975515454905075
388640903,XAUUSD,BUY,25.9,65.99,4.1768,3.75,24.63,0.654,31.358815209529485,13.798863582523095,0.5706106870229077,0.007219606145095871,12.5,0.7479539597917833,-0.015267024331104306,2.1683801423314844,0.25,0.6565416015706461,69.16666666666667,17.0,4.326049312674922,0.8860457181849164,1.0952756386450837,2.018406868260382,-0.13723847611071321,0.6475993495360489,5.774999999990849,0.0,2.272564892712034,0.38885858856939803,1.6726097462063545,2.10449575387197,1.0,0,0,1,12349.938829566667,18.0,15.0,0.419999999999999984456877655247808434069156646728515625,1.1999999999999999555910790149937383830547332763671875,55,1.4,1.4,3.7387999990033727
388640905,XAUUSD,BUY,27.07,65.69,4.3334,3.76,24.63,0.654,28.716812367445055,14.213759692805407,0.4554675118858893,0.007387301042211197,12.5,0.7577079104608213,0.455873728384909,1.516989374298124,0.4085106382979036,1.1092414289511223,68.33333333333333,17.0,4.266313188273477,0.9119754350051213,1.0265040216733097,2.0147438802018853,-0.08996947248098934,0.40194174639662994,3.0,1.0,2.020352881133047,0.33782574144271243,1.6613305329618162,-0.4768232386892973,1.0,0,0,1,12344.822016066666,18.0,15.0,0.419999999999999984456877655247808434069156646728515625,1.1999999999999999555910790149937383830547332763671875,45,1.4,1.4,3.824601062812904
388640912,XAUUSD,BUY,28.22,64.33,3.9303,3.8,24.02,0.634,26.33185296723194,11.809949025257557,0.021036428937907685,0.006564405417499554,19.166666666666668,0.7824596672789657,0.11878780261751075,1.589363146422584,0.6830985915493725,0.5357565483366895,70.0,17.0,4.316521953422375,0.8297509382463111,0.517081245338714,1.2475026719336229,-0.23996148379112578,-0.15950379311180343,4.20618556700913,0.0,2.2296328867537,0.38073459570943435,1.670819321400276,0.3123130589828021,1.0,0,0,1,12323.9877132,18.0,15.0,0.419999999999999984456877655247808434069156646728515625,1.149999999999999911182158029987476766109466552734375,58,1.4,1.4,4.079078946295246
388640914,XAUUSD,BUY,29.08,65.9,4.0318,3.69,24.02,0.634,30.177001413383884,10.815024586910447,0.42741935483864535,0.006473032315145108,20.833333333333336,0.781260763186701,0.9267666150482144,2.3719663960016386,0.9363057324840383,0.07512257375388084,68.33333333333333,17.0,4.256945846050667,0.9280109177754844,0.8285218925419835,1.6098252388883902,-0.053570129664431254,-0.05321047959136402,0.4639175257730315,0.0,2.7902847913654005,0.472335189141401,1.6595502204813546,1.1719121505596757,1.0,0,0,1,12319.988678933332,18.0,15.0,0.419999999999999984456877655247808434069156646728515625,1.1999999999999999555910790149937383830547332763671875,55,1.4,1.4,4.550271001477156
388640917,XAUUSD,BUY,31.07,71.53,4.6931,3.83,23.61,0.62,35.49066636426487,9.628091990898264,0.4674167838724111,0.0067393326557731534,18.333333333333332,0.7739287015611682,0.9968066351231251,3.2152341110259477,0.8203125000000466,0.0,64.16666666666667,17.0,4.081271897211184,0.9905392620624351,1.2711620343982808,2.08631883326566,0.22190730762299718,0.11503825709354377,0.06802721088439723,0.0,3.686157414330678,0.573211115354107,1.6255616037189533,2.844886587173547,1.0,0,0,1,12314.989195066668,18.0,15.0,0.419999999999999984456877655247808434069156646728515625,1.25,38,1.4,1.4,5.770365533741778
388641633,XAUUSD,BUY,34.86,49.79,4.1093,3.9,21.42,0.547,22.982199504431744,21.940265423965325,0.04288499025341761,0.005158608871031515,49.166666666666664,0.7511174054936196,-0.4403299024596035,0.5221614381880426,0.19462025316449685,1.869877462208508,55.833333333333336,19.0,4.537378260786971,0.7871252614455052,0.17613147120633627,0.8476423904088317,0.33567894138619475,-1.2663991390577554,2.00934579439358,0.0,1.0474895363772025,0.023194053552785393,1.711521150621595,-0.9767303729799669,1.0,1,0,0,12254.9891239,18.0,15.0,0.419999999999999984456877655247808434069156646728515625,1.1999999999999999555910790149937383830547332763671875,45,2.0,2.0,4.797564101334227
388641679,XAUUSD,BUY,30.58,48.97,4.4101,5.48,19.89,0.0,21.46405540123398,22.56619011681911,0.05201515673442228,0.007358310028637304,15.0,0.7386817748260028,-0.9728246596088362,0.2279270222938911,0.21088435374145556,2.6047897708663643,30.0,17.0,2.9859356779992186,0.7353395061728354,-0.03210631168153362,0.8119833552150965,0.987653055186656,-0.5636162833100807,0.41469816272935744,0.0,0.9511598696528063,-0.02503130921906689,1.3827720846807765,-2.4361722266969905,0.0,1,0,0,12114.988968133333,18.0,5.0,0.7199999999999999733546474089962430298328399658203125,1.149999999999999911182158029987476766109466552734375,45,2.0,2.0,5.5767335756249405
388641709,XAUUSD,SELL,24.7,35.71,-2.8166,3.15,17.7,0.0,11.631713025098824,26.15925664743943,0.6204651162790765,0.0051338122027891,45.0,0.7385346911560555,0.027738804329745542,1.511555369222161,0.4568965517243677,6.125563655411197,95.83333333333334,17.0,5.240794269853594,0.4545667997182558,-0.7330724028469354,-0.40415630070602315,0.08070290900501971,-0.12977372052371666,3.911764705893604,0.0,0.44464996606038554,-0.3844183772950137,1.8311074611165663,-0.527162247144108,0.0,1,0,0,11974.655634716668,12.0,8.0,0.7199999999999999733546474089962430298328399658203125,1.1999999999999999555910790149937383830547332763671875,45,1.4,1.4,7.14301587074857
388641717,XAUUSD,SELL,28.02,38.32,-2.4911,3.1,16.58,0.0,11.042666544610015,24.824766815055977,0.07835325365207095,0.003029732626841216,71.66666666666667,0.7515510067962032,0.028230460412111236,0.8068225505204936,0.009259259259461992,3.909313011248157,95.0,19.0,5.961231718596691,0.458323550129147,-0.6795482347573218,-0.3341758076633735,0.08881993291438302,0.1532211269381682,209.00000001455192,0.0,0.44482456500208417,-0.3842510766798628,1.94035642975154,-0.08471224021177416,0.0,1,0,0,11954.98926325,12.0,8.0,0.61999999999999999555910790149937383830547332763671875,1.1999999999999999555910790149937383830547332763671875,45,2.0,2.0,7.513064513705777
388641742,XAUUSD,SELL,48.94,34.57,-3.6872,4.55,17.62,0.0,7.470522234056183,25.51153170469638,0.13089005235601534,0.004540469334855313,61.66666666666667,0.7780596507854369,-0.9502403454987769,1.5890962249941798,0.5602536997884506,4.267647990087817,36.666666666666664,17.0,3.6752794240878264,0.11387163561078212,-0.9812420497318484,-1.0299958731879821,-0.8868209156993468,0.3261221332559933,0.9678456591641592,0.0,0.29282922043648696,-0.5469947067925944,1.542288930812862,-1.6776569606422937,0.0,1,0,0,11859.688481333334,12.0,8.0,0.61999999999999999555910790149937383830547332763671875,1.149999999999999911182158029987476766109466552734375,58,1.4,1.4,1.8836263732125482
388641744,XAUUSD,SELL,49.79,27.6,-4.2832,4.55,17.72,0.0,6.937502580408706,29.266453051933247,0.30695596681557746,0.004191715006714821,69.16666666666667,0.7708230232633281,-0.9172689518879094,1.7508673676269249,0.33982683982678485,4.588003069498383,37.5,17.0,3.6755915259882923,0.05244996549345851,-1.4050711719956346,-1.2045202543166404,-1.065123228406216,-0.05767165799182977,0.784905660377782,0.0,0.23704622938255948,-0.6167544254424806,1.5423556843596167,-2.1837337889695934,0.0,1,0,0,11853.988314916667,12.0,8.0,0.7199999999999999733546474089962430298328399658203125,1.1999999999999999555910790149937383830547332763671875,55,1.4,1.4,0.5539560438346136
388641746,XAUUSD,SELL,50.32,28.64,-4.3408,4.49,17.81,0.0,8.263069195857048,26.920350633951635,0.15640880858273792,0.0033471385941836363,81.66666666666667,0.7658305583438781,-0.7388279633138741,0.9898156366140547,0.56297709923663,3.904453843311733,35.0,17.0,3.6410156520185266,0.05248007085916516,-1.6771275506536978,-1.290289543315371,-1.1656145786934253,-0.5284750036339123,1.9426751592361449,0.0,0.3069450692254614,-0.5302861688277751,1.5349332328063632,-0.9188210086564322,0.0,1,0,0,11849.905309283333,12.0,8.0,0.61999999999999999555910790149937383830547332763671875,1.1999999999999999555910790149937383830547332763671875,55,1.4,1.4,0.8063474385733974
388641750,XAUUSD,SELL,48.58,34.8,-3.943,4.35,17.81,0.0,10.592268200656367,26.002878135936218,0.38136153337731604,0.002479394614527405,92.5,0.7559269237245708,-0.1512132785742648,0.7221637837354861,0.3032490974730285,2.02608176610084,45.0,17.0,3.810109515897613,0.11599099099098374,-1.4247344169215197,-0.9936779091062543,-0.9478947738020822,-0.07312478657222178,13.95833333329086,-1.0,0.40734982250553,-0.4211107498362309,1.5707198522363564,-0.8404653343891793,0.0,1,0,0,11839.655004283333,12.0,8.0,0.61999999999999999555910790149937383830547332763671875,1.149999999999999911182158029987476766109466552734375,55,1.4,1.4,1.3173563215365813
388641752,XAUUSD,SELL,48.77,30.87,-4.0707,4.52,17.84,0.0,9.311248019728373,30.875257330741398,0.6191396810052935,0.0026873198928855204,90.83333333333333,0.7432908652132757,-0.7228620710531449,1.8279400575043854,0.7882205513784847,3.040453302277687,33.33333333333333,17.0,3.6069578603434014,0.13948045869412817,-1.128669287964083,-0.9030476125657327,-0.8814290680571772,0.5692157089036003,2.2976190476179132,-1.0,0.30157635994441195,-0.5365982582051686,1.527567739036193,-1.480974462658744,0.0,1,0,0,11833.988297650001,12.0,8.0,0.61999999999999999555910790149937383830547332763671875,1.1999999999999999555910790149937383830547332763671875,48,1.4,1.4,0.3784292034563316
388641754,XAUUSD,SELL,49.28,29.72,-4.353,4.47,17.94,0.0,8.901550294016511,29.516736681052777,0.575659666128123,0.003118881183469418,85.0,0.7277899617666476,-0.6317555579262265,1.841048293892492,0.24822695035457104,3.2831714772977683,43.333333333333336,17.0,3.713500672925017,0.03692101141194117,-2.7847098046743723,-1.404894391195787,-1.3123745337340362,-0.03355913198992759,0.26868044515097134,0.0,0.3015763594948552,-0.536598257590605,1.5504308746195223,-1.0943904924326555,0.0,1,0,0,11829.989286166667,12.0,8.0,0.320000000000000006661338147750939242541790008544921875,1.1999999999999999555910790149937383830547332763671875,45,1.4,1.4,0.13210290824811052
388641756,XAUUSD,SELL,49.99,29.02,-4.5544,4.44,18.08,0.0,8.076435210975687,30.592136408907347,0.3993304638928944,0.0032557537551322463,83.33333333333334,0.7124953449101118,-0.683667287539181,1.1486486254420718,0.4144736842104535,2.678656705371527,35.0,17.0,3.628459282176518,0.022217025257245872,-2.3474762922518333,-1.4076926160262222,-1.3468081369915375,-0.5993254009252175,3.0285714285720595,0.0,0.2640036262593445,-0.5822739158040267,1.5322240442900452,-0.1984980666132481,0.0,1,0,0,11824.988864899999,12.0,8.0,0.61999999999999999555910790149937383830547332763671875,1.1999999999999999555910790149937383830547332763671875,45,1.4,1.4,-0.004391891890568426
388641758,XAUUSD,SELL,49.93,33.5,-4.3627,4.57,18.08,0.0,10.013977971218688,27.687361954455266,0.47315436241611186,0.0035975585285443513,78.33333333333333,0.6894785912177485,-0.8844693791202521,1.579466571499336,0.4726134585289205,3.236975256549068,29.166666666666668,17.0,3.536541090060151,0.12890365448504443,-1.4360354271596543,-1.144213824590227,-1.1615998618554682,-0.8231148723206079,1.4126984126988367,0.0,0.36168045283660016,-0.4687733525998093,1.5121648472433433,-1.4416605737714505,0.0,1,0,0,11819.923377666668,12.0,8.0,0.419999999999999984456877655247808434069156646728515625,1.149999999999999911182158029987476766109466552734375,45,1.4,1.4,0.2955142231303853
388641760,XAUUSD,SELL,49.77,32.82,-4.5011,4.63,18.08,0.0,9.497248588514186,26.380085301020408,0.3872666347534883,0.003814375002601707,75.0,0.679536702396229,-0.9173270933709496,1.436486863747235,0.05588235294133225,3.280597430512857,35.833333333333336,19.0,4.03700461008717,0.062236987818392535,-1.8336100781799713,-1.3345487676415484,-1.361134486683582,-0.591758508715855,1.115894039735238,0.0,0.3600158270955627,-0.47057109354660953,1.6168115820077182,-1.4023279171880587,0.0,1,0,0,11814.789061266667,12.0,8.0,0.61999999999999999555910790149937383830547332763671875,1.1999999999999999555910790149937383830547332763671875,45,1.4,1.4,0.11673866088212448
388641768,XAUUSD,SELL,44.24,50.76,-3.1003,4.37,18.42,0.0,18.096386602604525,18.689173464443492,0.06577181208054991,0.0037965743417035652,79.16666666666666,0.7425095675516054,0.9595313192271182,0.7230800319680233,0.8034321372855948,1.430364754227158,45.83333333333333,17.0,3.7067379301621304,0.1495016611295693,-0.30004015585242744,-0.783534958025348,-1.0279238768346919,2.2499629666924807,1.1552511415530216,-1.0,0.9682817524676246,-0.016114661422684588,1.5489950842516542,1.9623906689093633,1.0,0,1,0,11789.988847833332,12.0,8.0,0.61999999999999999555910790149937383830547332763671875,1.1999999999999999555910790149937383830547332763671875,45,2.0,2.0,1.855949656326026
388641769,XAUUSD,SELL,40.81,54.3,-2.3233,4.25,18.35,0.0,18.09064185287645,17.453789942435,0.31384445670157557,0.003386402036599028,87.5,0.7394385645577194,0.8257378996456589,0.24527741659272773,0.5071090047393835,1.8947025363537817,48.333333333333336,17.0,3.728002675695957,0.2615725359911516,0.7592544348551343,-0.3654292996164881,-0.6619109300461172,3.639476063095476,0.24466019417459714,0.0,1.03648782734604,0.01791706493415902,1.5535028460291778,1.4912010702782232,1.0,0,1,0,11784.921768350001,12.0,8.0,0.419999999999999984456877655247808434069156646728515625,1.1999999999999999555910790149937383830547332763671875,35,2.0,2.0,2.3883529406148716
388641773,XAUUSD,SELL,33.55,45.07,-1.7147,4.17,18.33,0.0,17.608057026071986,19.38592716620938,0.5514018691587885,0.002664480324580589,97.5,0.7324290724012692,0.6265415215803158,0.21716035638016742,0.10209424083755174,1.4797664005721143,59.166666666666664,17.0,3.9803843053365666,0.22724252491695018,0.41273074076023336,-0.46894026388460297,-0.7499544041937972,1.5386382517421204,5.3703703703717425,0.0,0.9082906361307831,-0.048058356808455986,1.6055070578054285,1.2526503549148282,1.0,0,1,0,11769.922125883333,12.0,8.0,0.419999999999999984456877655247808434069156646728515625,1.1999999999999999555910790149937383830547332763671875,45,2.0,2.0,1.2327338126543417
388641791,XAUUSD,SELL,26.02,27.26,-2.9016,4.81,19.48,0.0,12.096841433075218,37.09421997899264,0.5673701298701834,0.004044169076891505,58.333333333333336,0.6224267122314157,-0.9820951728892359,2.5337070161059305,0.5754428833231604,4.558067549450354,26.666666666666668,19.0,3.8644927906985176,0.030122591943946307,-1.2953656840188643,-1.3112856518275016,-1.2886966325332256,0.18193300472132906,0.6187989556135602,0.0,0.32611121392537007,-0.5081691128465017,1.581962453409124,-2.469207498899014,0.0,0,1,0,11693.988360133333,12.0,8.0,0.61999999999999999555910790149937383830547332763671875,1.1999999999999999555910790149937383830547332763671875,55,1.4,1.4,-2.2535343030656136
388641793,XAUUSD,SELL,27.7,24.71,-3.7712,4.68,19.48,0.0,11.482435140197353,35.21018088411173,0.6780526109148248,0.004841337279846479,44.166666666666664,0.6434777923220382,-0.9911797976635509,2.730865037312781,0.6081871345028897,5.087677406265001,30.0,19.0,3.950382947242911,0.15046878573061642,-2.679488042857257,-2.328861488962095,-1.9342163054249901,-2.109272296378324,0.737791932059423,0.0,0.32611121345495514,-0.5081691122937327,1.5994649366676061,-2.8401174241756624,0.0,0,1,0,11689.988807216667,12.0,8.0,0.61999999999999999555910790149937383830547332763671875,1.1999999999999999555910790149937383830547332763671875,55,1.4,1.4,-2.9763888882527545
388641795,XAUUSD,SELL,29.26,27.6,-4.2489,4.58,19.48,0.0,10.844190465168396,33.872325969570255,0.648089171974562,0.005426638278840788,32.5,0.6572837743349904,-0.9946425470803789,2.4517179726452256,0.08695652173904447,4.963025490494573,34.166666666666664,19.0,4.017787998269956,0.10336153670250144,-2.3605936346027248,-2.419330326358342,-2.045338655057086,-3.5244298966269234,0.6442307692308618,0.0,0.32014896629069645,-0.5149805223094617,1.6129891987994474,-2.696147209365365,0.0,0,1,0,11684.989270133334,12.0,8.0,0.61999999999999999555910790149937383830547332763671875,1.149999999999999911182158029987476766109466552734375,55,1.4,1.4,-2.72259825268049
388641797,XAUUSD,SELL,30.67,33.36,-4.4462,4.63,19.48,0.0,12.431258764958065,31.504728938032628,0.5828220858896237,0.005836315605234846,19.166666666666668,0.6747185039123469,-0.9969009897690825,2.27553692168958,0.04978354978345647,5.030514912356429,36.666666666666664,19.0,4.024411929885143,0.11067916761948532,-1.8594098884804555,-2.263791788736039,-1.9880966675436087,-3.1189249203870806,10.500000000011369,0.0,0.39458388595647037,-0.4341195165087122,1.6143084182181473,-3.033135728208109,0.0,0,1,0,11679.989273516667,12.0,8.0,0.61999999999999999555910790149937383830547332763671875,1.1999999999999999555910790149937383830547332763671875,55,1.4,1.4,-2.2309935200362685
388641799,XAUUSD,SELL,31.82,24.96,-5.0334,4.51,19.48,0.0,11.735273456551695,33.07855213092319,0.7573221757322403,0.006220654849076653,10.833333333333334,0.6903120414395251,-0.9942223535975403,2.5080350861492042,0.5741758241759559,5.101250827540497,43.333333333333336,19.0,4.09133667046311,0.10427624056712442,-1.602372696549321,-2.1885341717817726,-1.9729896415528816,-1.9470631254132058,19.086956521776784,0.0,0.35476985375098163,-0.47626548098297805,1.6275404032508816,-3.75756973155687,0.0,0,1,0,11674.9891031,12.0,8.0,0.7199999999999999733546474089962430298328399658203125,1.1999999999999999555910790149937383830547332763671875,65,1.4,1.4,-3.126274943874095
388641801,XAUUSD,SELL,33.63,18.74,-5.9778,4.79,20.79,0.526,9.789433669299624,41.43899296408825,0.8192520775623445,0.007190690785272285,9.166666666666666,0.7080755841167955,-0.981126327190011,3.422960680977783,0.6558333333333243,6.112906281132166,25.0,19.0,3.675481624731429,0.05556825977590361,-1.6302869621735518,-2.2976935857739313,-2.082159378526821,-1.2791557063906778,0.7416267942579734,0.0,0.236237242578411,-0.6178124287024024,1.5423321787672433,-4.162966556011506,0.0,0,1,0,11669.888961083334,12.0,8.0,0.7199999999999999733546474089962430298328399658203125,1.1999999999999999555910790149937383830547332763671875,68,1.4,1.4,-4.665866387334567
388641803,XAUUSD,SELL,36.15,25.43,-6.4568,5.17,20.97,0.532,8.912772843821605,37.72805901161636,0.5788502920381371,0.007590153878935213,7.5,0.7256336016092181,-0.7972905251489497,2.3089066301046035,0.6293494704992527,4.865057501153235,23.333333333333332,19.0,3.603746297150468,0.06284517234812736,-2.14336145851449,-2.918782026637726,-2.5666079150349326,-1.3193641703745442,0.5247776365946845,0.0,0.23623724201767568,-0.6178124275161847,1.5268703844652138,-1.4832261075639794,0.0,0,1,0,11664.822307016668,12.0,8.0,0.7199999999999999733546474089962430298328399658203125,1.1999999999999999555910790149937383830547332763671875,68,1.4,1.4,-3.9418762081348593
388641813,XAUUSD,SELL,35.85,33.91,-5.3552,4.54,20.97,0.532,14.06377858499046,32.99394925072484,0.21620626151012054,0.007118227156351262,15.0,0.778097773583643,-0.7711143572153485,1.7041023587458033,0.7058823529410839,5.14649286639688,49.166666666666664,17.0,3.657624528793758,0.22351598173515805,-0.7993734998253412,-1.8511623175505185,-1.9396107463345593,0.3245976211081322,0.753424657533854,0.0,0.42625325182702234,-0.402275484476144,1.538505560397312,0.04518242064981307,0.0,0,1,0,11634.905664166667,12.0,8.0,0.61999999999999999555910790149937383830547332763671875,1.1999999999999999555910790149937383830547332763671875,55,1.4,1.4,-4.013105725988136
388641816,XAUUSD,SELL,32.01,49.98,-3.9382,4.72,20.97,0.532,23.76691450870463,27.367105148894183,0.187788018433186,0.006474221436489572,18.333333333333332,0.7780092234482561,0.7373911036051092,0.3705366575256249,0.4831932773111315,2.5975137258140357,35.833333333333336,17.0,3.5185444891506905,0.38607151203553286,0.09762721033774416,-1.0193285731833615,-1.4466296854046037,0.46528579907314965,0.12814645308911818,0.0,0.8684482158763057,-0.07040695399833659,1.5081899263113334,1.2397694994126511,1.0,0,1,0,11624.9892662,12.0,8.0,0.419999999999999984456877655247808434069156646728515625,1.1999999999999999555910790149937383830547332763671875,55,2.0,2.0,-1.8685381351970678
388641817,XAUUSD,SELL,29.82,50.09,-3.3221,4.58,20.97,0.532,24.90246225745085,25.9931643816327,0.5733976567884065,0.006117441460929687,20.0,0.7738645052530743,0.9517057804127628,0.7662174708526469,0.6566265060240617,2.1890195483700903,43.333333333333336,17.0,3.5989683096996408,0.41434914699697334,0.24125580288000864,-0.867123626819718,-1.3505987692089778,0.8982860087963966,1.069565217390417,0.0,0.9580388495141664,-0.021430173371990838,1.5258319978403387,1.43323620333342,1.0,0,1,0,11619.922320399999,12.0,8.0,0.61999999999999999555910790149937383830547332763671875,1.149999999999999911182158029987476766109466552734375,45,2.0,2.0,-1.9147379908479862
388641833,XAUUSD,BUY,22.03,58.84,2.0796,3.75,21.46,0.549,29.41263120813714,16.32149708647444,0.5478696741855082,0.006001846436566755,24.166666666666668,0.7606559756375744,0.8743464174534238,1.8860265676162948,0.8561151079137868,0.007348228822746471,71.66666666666667,19.0,4.653878254445603,0.692613185067502,0.5701519299598542,0.061404585532461475,-0.689195239621045,0.26726130096483414,0.3103448275858419,0.0,1.8020791383427766,0.28624430646381854,1.732341726398182,0.862192181876345,1.0,0,1,0,11558.988822000001,12.0,8.0,0.61999999999999999555910790149937383830547332763671875,1.1999999999999999555910790149937383830547332763671875,45,1.4,1.4,0.16279999995676905
388641845,XAUUSD,SELL,19.94,53.94,1.733,3.87,21.75,0.558,25.93328208172416,21.27966784262126,0.0700570835495762,0.0027600980268937115,84.16666666666667,0.7482362909135144,-0.571612606407279,0.3825195401073792,0.2063882063882569,1.344104624941317,60.83333333333333,17.0,4.109672414388624,0.7225311093460325,0.7057552917084432,0.16387507150644592,-0.5764425207686829,-0.27621162111823927,2.5555555555554372,0.0,1.2186882358705755,0.09856647695162928,1.6311352953874225,-0.6551301319407835,1.0,0,1,0,11524.92210535,12.0,8.0,0.419999999999999984456877655247808434069156646728515625,1.25,38,2.0,2.0,-0.10581395346073105
388641869,XAUUSD,SELL,27.28,31.04,-4.8765,6.9,24.8,0.66,12.194485688670166,27.217408202865048,0.28987265009098817,0.0060542202030572315,15.0,0.7333290285254338,0.04571596615615544,0.8993164375237005,0.4361979166666975,2.9068585303019012,1.6666666666666667,17.0,2.3565376735875883,0.21514488791689193,-1.444822519997672,-2.196067735688579,-1.7354966246221797,-0.6909883880312225,20.99999999999567,0.0,0.4480399143716629,-0.3811773718452057,1.2109099884026768,0.0,0.0,0,1,0,11429.705499383334,12.0,8.0,0.7199999999999999733546474089962430298328399658203125,1.149999999999999911182158029987476766109466552734375,58,1.4,1.4,-3.6144202893310386
388642023,XAUUSD,SELL,17.5,44.57,-2.2785,4.55,22.22,0.574,20.40965753419215,18.33182705145582,0.5687772925764322,0.004645497499190444,25.0,0.7287434211283753,0.4347742125413817,0.18946640401330922,0.2900943396225535,3.4429076325649857,30.833333333333336,19.0,4.114166353379401,0.27619308831595446,-0.03822555494874971,-0.7394490745736418,-1.2242347043553408,1.2994932047905592,0.46417445482858716,0.0,1.1133454599783525,0.05363321646875807,1.6320144053542909,1.0372029911940621,1.0,1,0,0,10664.872028033333,12.0,3.0,0.7199999999999999733546474089962430298328399658203125,1.1999999999999999555910790149937383830547332763671875,55,2.0,2.0,-2.7823076916959417
388642036,XAUUSD,SELL,11.7,50.53,-0.3549,4.26,23.03,0.601,18.24113835300141,16.090880683045857,0.02200488997553055,0.0034505282362203207,50.83333333333333,0.6975525698214313,0.11157042169178984,0.3790272719812142,0.4425287356321133,0.4994453721572615,31.666666666666664,19.0,4.4343280705544466,0.39687328579265607,0.8665261599569433,-0.1635761519170003,-0.744019678751722,0.3385611062413886,0.6936170212761478,0.0,1.133631998066406,0.0626312599054139,1.6927358828575665,0.3780848144367221,1.0,1,0,0,10624.955316583333,12.0,3.0,0.419999999999999984456877655247808434069156646728515625,1.1999999999999999555910790149937383830547332763671875,45,2.0,2.0,-2.0867370887118732
388642048,XAUUSD,BUY,17.3,38.93,-2.0693,3.22,23.8,0.627,14.986833130211016,23.398096135600152,0.8217497955847333,0.003059789230252957,60.83333333333333,0.7522042849268233,-0.35413827028586403,1.0191411686463874,0.19631901840482582,3.255887228047595,71.66666666666667,17.0,5.202075458346561,0.13357282821685695,-1.2005140418799087,-1.2600172012919912,-1.551187011667444,-0.6120871241258697,10.57142857140073,-1.0,0.6405150403196072,-0.21912930275350564,1.8248839873805343,-0.7588910080410118,0.0,1,0,0,10579.988049216667,12.0,3.0,0.61999999999999999555910790149937383830547332763671875,1.1999999999999999555910790149937383830547332763671875,45,2.0,2.0,-5.065062110227769
388642050,XAUUSD,BUY,17.16,43.28,-1.9642,3.22,23.8,0.627,19.720836228042202,21.062899595560392,0.32458563535913365,0.002935861701307161,62.5,0.7497071051226746,0.8440814214204707,0.12602013581520194,0.8089171974523081,2.0291126003539106,69.16666666666667,17.0,5.0431161119906065,0.15411436541143753,-0.949779346282476,-1.197716581076037,-1.507241611114716,-0.5123924754741347,4.093750000002132,0.0,0.9362830223012556,-0.032906826888444984,1.798919791490809,0.7683335723562591,1.0,1,0,0,10574.885661600001,12.0,3.0,0.7199999999999999733546474089962430298328399658203125,1.1999999999999999555910790149937383830547332763671875,55,2.0,2.0,-4.589906830872306
