tree
version=v4
num_class=1
num_tree_per_iteration=1
label_index=0
max_feature_idx=39
objective=binary sigmoid:1
feature_names=adx_14 rsi_14 macd atr_14 h1_adx h1_trend_strength plus_di minus_di er bbw bbw_pct hurst mm ema20_dist_atr body_ratio pullback_depth atr_pct spread_num spread_atr donchian_q dev_z_ema20 dev_z_ema60 dev_z_ema200 macd_slope3 body_wick_ratio extreme_reversal di_ratio di_net spread_atr_log close_mom_atr trend_aligned session_asia session_eu session_us event_proximity_min macro_risk_score sentiment_risk_score ds_fake_prob ds_sl_coeff ds_continuity
feature_infos=[0.067060184377794499:73.188777131097922] [22.70456198403572:83.674456751310089] [-2.2385174226511984:6.0019588711905509] [10.972437244367756:111.95295498057295] [11.402173742662027:56.728022331625752] [0.1140217374266202:0.56728022331625749] [0.59610170124626793:14.261978271320476] [0.397859668851131:12.711988787131876] [0.0018105009052625:0.97162138778333296] [0.0021293640361739999:0.022983243230727399] [0.83333333333333337:99.166666666666686] [0.56962557001860947:0.7867715529502356] [-0.78420787128634484:0.91552254606036521] [0.00031025813951469997:1.1226306141140012] [0.00023889154323369999:0.91406250000007638] [0.0013305956450303999:2.5794127145090884] [0.83333333333333337:100] [17:25] [0.17864646809430421:1.8227490897946277] [0.0055701686523376001:0.99990960043392418] [-2.4307804564472169:3.218150099213346] [-2.4739657953247844:3.740213003578607] [-2.7020259913065163:3.9768143111378849] [-2.8530807095129678:4.6220277750857699] [0.094017094017002603:12479.999999727515] [-1:1] [0.16332360146397137:6.4595465368312626] [-0.71921199808397751:0.73188752470644658] [0.16436671916263187:1.0377112646250293] [-0.061811449972601872:0.050912172225180533] none [0:1] [0:1] [0:1] [123.98996941666664:4759.9905909999998] [12:18] [3:8] none none none
tree_sizes=954 974 1398 1295 1292 1391 1413 1302 1512 1399 1293 1294 1403 1396 1298 1405 1508 1520 1407 1626 1302 1410 1610 1613 1508 1405 1514 1296 1408 1304 1639 1309 1526 1736 1623 1618 1522 1518 1513 1725 1620 1517 1512 1611 1523 1409 1715 1525 1524 1407 1528 1529 1622 1731 1531 1731 1735 1631 1621 1747 1634 1633 1721 1742 1751 1417 1310 1736 1741 1632 1727 1728 1739 1548 1625 1629 1546 1548 1726 1652 1735 1750 1629 1746 1746 1758 1736 1736 1747 1425 1761 1738 1445 1756 1747 1756 1661 1538 1758 1755 1757 1744 1736 1764 1777 1772 1749 1650 1754 1748 1665 1754 1763 1658 1646 1742

Tree=0
num_leaves=8
num_cat=0
split_feature=32 10 29 2 22 0 21
split_gain=331.59 62.8761 53.7398 39.984 34.1698 26.4297 3.55271e-15
threshold=1.0000000180025095e-35 47.083333333333336 0.023434482367836251 -1.0070080039072258 0.3254733214580795 19.787085325961275 -0.90760128334321333
decision_type=2 2 2 2 2 2 2
left_child=2 4 3 -1 -2 -3 -5
right_child=1 5 -4 6 -6 -7 -8
leaf_value=-1.5390008937565876 -1.44172166391741 -1.3350222848515645 -1.4463065543318312 -1.6991233860193415 -1.6363596795750852 -1.4345238040339907 -1.6991233860193418
leaf_weight=4.8264681696891847 5.0040206015109998 15.56543353199959 3.0568617880344382 3.4030891954898932 4.104421466588974 11.682952880859373 16.879322409629815
leaf_count=23 16 23 10 25 26 36 124
internal_value=-1.51547 -1.4157 -1.64425 -1.66834 -1.52943 -1.37768 -1.69912
internal_weight=64.5226 36.3568 28.1657 25.1089 9.10844 27.2484 20.2824
internal_count=283 101 182 172 42 59 149
is_linear=0
shrinkage=1


Tree=1
num_leaves=8
num_cat=0
split_feature=32 29 20 15 2 26 0
split_gain=237.643 43.5886 40.33 87.5095 35.8485 15.6156 7.10543e-15
threshold=1.0000000180025095e-35 0.023434482367836251 0.60199261769299894 0.99961099338448489 -1.0070080039072258 0.91833672936911548 13.273833398410003
decision_type=2 2 2 2 2 2 2
left_child=1 4 5 -4 -1 -2 -6
right_child=2 -3 3 -5 6 -7 -8
leaf_value=0.089110478617982297 0.15841116490696316 0.16133054044394124 -0.060706262396808597 0.22311336680930027 -0.059142184468753738 0.23583706850339747 -0.059142184468753772
leaf_weight=5.1576666235923829 9.326313182711603 3.4639964848756781 4.7575714737176877 6.3285721987485886 5.2273952960968044 21.581819966435432 14.244652181863783
leaf_count=23 25 10 33 12 40 31 109
internal_value=0.107824 -0.00474017 0.183129 0.101313 -0.0280968 0.212474 -0.0591422
internal_weight=70.088 28.0937 41.9943 11.0861 24.6297 30.9081 19.472
internal_count=283 182 101 45 172 56 149
is_linear=0
shrinkage=0.05


Tree=2
num_leaves=12
num_cat=0
split_feature=22 22 12 3 8 3 3 11 10 1 0
split_gain=155.381 188.328 27.1701 10.6637 8.09976 1.67599 0.00681176 0.00223609 0.00196551 0.000965545 2.04434e-06
threshold=0.79146106792959725 -0.65080795000803116 -0.04165279988893094 31.778602445836484 0.76242653232580115 53.293480760349034 31.367445107371569 0.73553381142194751 10.41666666666667 63.123850825977492 35.547208767723376
decision_type=2 2 2 2 2 2 2 2 2 2 2
left_child=1 6 -2 -3 8 -5 7 -1 -4 -10 -11
right_child=2 3 4 5 -6 -7 -8 -9 9 10 -12
leaf_value=-0.062913531570970724 0.084833610788505515 0.14232350789529724 -0.0604347097093684 0.21538036978589958 0.035231106999746541 0.19223313261938499 -0.058973912457297356 -0.061087246283777034 -0.059578257796829071 -0.058617180410903483 -0.058673691610376583
leaf_weight=3.3828940540552122 5.3153824061155346 9.9995002597570402 3.0685104131698635 12.857063829898832 2.6853941977024069 19.961226418614388 2.5531280785799026 3.3219315707683563 4.5115310549736005 4.3888750672340393 2.5188771188259125
leaf_count=21 25 27 22 14 15 27 20 23 34 35 20
internal_value=0.095883 0.143314 -0.0139518 0.187528 -0.0445275 0.201301 -0.0611718 -0.0620087 -0.0593112 -0.0590093 -0.0586378
internal_weight=74.5643 52.0757 22.4886 42.8178 17.1732 32.8183 9.25795 6.70483 14.4878 11.4193 6.90775
internal_count=283 132 151 68 126 41 64 44 111 89 55
is_linear=0
shrinkage=0.05


Tree=3
num_leaves=11
num_cat=0
split_feature=16 19 18 23 11 23 32 3 22 1
split_gain=157.493 127.913 76.7857 24.9393 5.45423 1.19323 0.0106392 0.00385774 0.00102461 8.87011e-05
threshold=37.083333333333336 0.90993794372948644 0.97417219697395907 0.65490827009585117 0.75608150259356333 -0.21520784569460352 1.0000000180025095e-35 31.367445107371569 2.1202769934641963 61.466867374464762
decision_type=2 2 2 2 2 2 2 2 2 2
left_child=6 2 5 4 -4 -2 7 -1 -3 -9
right_child=1 8 3 -5 -6 -7 -8 9 -10 -11
leaf_value=-0.060217353628092121 0.18691188090546051 -0.059471013498769223 -0.062705101791493786 0.13187148144524749 0.026367104630977242 0.17039579093828169 -0.062203211413352659 -0.058121719340065547 -0.058374153047523761 -0.058462298350317493
leaf_weight=4.0002358183264715 22.214137181639671 4.4924600943922979 4.0927314609289152 3.9295536726713181 2.9628343805670738 21.539480119943619 3.2238343060016623 3.6063037812709808 4.0471854209899902 4.0685822516679764
leaf_count=29 23 34 26 10 17 27 21 30 33 33
internal_value=0.0865942 0.12103 0.149108 0.030922 -0.0253011 0.178781 -0.0596605 -0.0589584 -0.0589512 -0.0583023
internal_weight=78.1773 63.2784 54.7387 10.9851 7.05557 43.7536 14.899 11.6751 8.53965 7.67489
internal_count=283 170 103 53 43 50 113 92 67 63
is_linear=0
shrinkage=0.05


Tree=4
num_leaves=11
num_cat=0
split_feature=16 19 18 23 11 23 31 3 0 23
split_gain=133.126 104.805 59.4029 23.2092 5.63044 0.813087 0.00540615 0.0030422 0.00093846 9.53091e-05
threshold=37.083333333333336 0.90993794372948644 0.97417219697395907 0.74046368672957386 0.75965101567514115 -0.21520784569460352 1.0000000180025095e-35 31.367445107371569 41.265393141087046 0.13356808608893525
decision_type=2 2 2 2 2 2 2 2 2 2
left_child=6 2 5 4 -4 -2 -1 -8 -3 -9
right_child=1 8 3 -5 -6 -7 7 9 -10 -11
leaf_value=-0.060689430799256365 0.16349011638555735 -0.057938933893071691 -0.061984069450629391 0.12466431286917737 0.028575795638788867 0.15036472454931957 -0.0596251896040563 -0.058104986687907978 -0.059011496426966542 -0.057708697901807729
leaf_weight=3.9087364971637699 24.072760879993439 4.3624125942587835 4.2511930316686612 4.0328307300806046 2.8785524517297745 23.14233985543251 3.841972179710865 2.3866459205746651 3.8299493864178658 4.1649548932909966
leaf_count=28 23 37 28 9 16 27 29 20 30 36
internal_value=0.0792961 0.109031 0.132533 0.0288017 -0.0254216 0.157057 -0.0591043 -0.0585081 -0.0584404 -0.0578531
internal_weight=80.8723 66.57 58.3777 11.1626 7.12975 47.2151 14.3023 10.3936 8.19236 6.5516
internal_count=283 170 103 53 44 50 113 85 67 56
is_linear=0
shrinkage=0.05


Tree=5
num_leaves=12
num_cat=0
split_feature=16 9 3 1 18 16 23 32 22 3 1
split_gain=114.638 61.6643 29.0235 6.46611 9.38585 5.811 0.261337 0.00753406 0.00329177 0.00274074 6.53936e-05
threshold=37.083333333333336 0.0067078763790979013 17.349019749233982 59.624932717071481 0.60302101962447063 65.833333333333343 -0.55254461393865772 1.0000000180025095e-35 1.5080133074174282 31.367445107371569 61.466867374464762
decision_type=2 2 2 2 2 2 2 2 2 2 2
left_child=7 2 -2 6 -5 -3 -4 9 -7 -1 -11
right_child=1 5 3 4 -6 8 -8 -9 -10 10 -12
leaf_value=-0.059072491792182283 0.015909663379687449 0.029429643490355553 0.14424846252320114 0.062957047909982786 0.14214067086318841 -0.060246604025181498 0.13599710818347904 -0.060808060370004691 -0.057780940006743331 -0.057228448537045652 -0.057533572713883319
leaf_weight=3.6879218593239766 6.3555622324347487 2.8238654434680921 16.444151997566216 7.8166366070508939 7.1797623038291931 2.7617884650826454 23.042408153414733 2.9841803088784209 2.6548671051859856 3.3106399700045586 3.7393997758626938
leaf_count=29 30 15 17 31 9 20 25 21 23 30 33
internal_value=0.0734157 0.0996369 0.117023 0.128818 0.100867 -0.0287219 0.139433 -0.0585857 -0.0590381 -0.057968 -0.0573903
internal_weight=82.8012 69.079 60.8385 54.483 14.9964 8.24052 39.4866 13.7221 5.41666 10.738 7.05004
internal_count=283 170 112 82 40 58 42 113 43 92 63
is_linear=0
shrinkage=0.05


Tree=6
num_leaves=12
num_cat=0
split_feature=16 19 18 23 14 23 31 18 13 26 23
split_gain=99.7346 79.8243 40.4672 18.7952 5.25433 0.553038 0.00383049 0.00203975 0.000782509 0.000398974 6.16273e-05
threshold=37.083333333333336 0.90993794372948644 0.97417219697395907 0.74046368672957386 0.24427589887761667 -0.21520784569460352 1.0000000180025095e-35 0.63434130039478276 0.11487382852914137 2.3358420271743112 0.14931182685237862
decision_type=2 2 2 2 2 2 2 2 2 2 2
left_child=6 2 5 4 -4 -2 -1 10 -3 -10 -8
right_child=1 8 3 -5 -6 -7 7 -9 9 -11 -12
leaf_value=-0.059488132666401329 0.13427356511035676 -0.058667254856642405 -0.06151528965772312 0.10692022994177688 0.025861647794875597 0.12394290848586886 -0.057204246259025031 -0.058505968563310154 -0.057174419223594924 -0.058087643069811616 -0.056873024478409487
leaf_weight=3.6063293367624256 26.518848106265068 3.1154479682445517 4.1193313524126989 4.3645458072423935 2.9545940309762955 25.328713551163673 2.2981600165367126 3.6439531221985817 2.2998761907219887 2.4917966350913048 3.6108544394373894
leaf_count=28 23 25 28 9 16 27 21 30 21 21 34
internal_value=0.0683584 0.0917328 0.110447 0.0253239 -0.0250202 0.129227 -0.0580997 -0.0575756 -0.0580504 -0.0576493 -0.0570018
internal_weight=84.3525 71.1932 63.286 11.4385 7.07393 51.8476 13.1593 9.55297 7.90712 4.79167 5.90901
internal_count=283 170 103 53 44 50 113 85 67 42 55
is_linear=0
shrinkage=0.05


Tree=7
num_leaves=11
num_cat=0
split_feature=16 19 18 12 9 23 32 18 1 23
split_gain=88.0153 69.2825 34.3816 18.4472 5.28773 0.464726 0.00536327 0.00185458 0.000725312 4.82962e-05
threshold=37.083333333333336 0.90993794372948644 0.97417219697395907 0.36235127053212696 0.0067078763790979013 -0.19966568143928362 1.0000000180025095e-35 0.63434130039478276 65.119460783695857 0.13356808608893525
decision_type=2 2 2 2 2 2 2 2 2 2
left_child=6 2 5 4 -4 -2 7 9 -3 -1
right_child=1 8 3 -5 -6 -7 -8 -9 -10 -11
leaf_value=-0.056769416296477748 0.12339148603301622 -0.058059016753811379 -0.06229607595874153 0.10448357495129226 0.024977153834564097 0.11404108588440676 -0.059595940904958594 -0.058026190287071538 -0.057079096231365159 -0.056485266207618026
leaf_weight=2.4019380658864957 28.603846490383148 4.0102487802505484 4.1508519574999792 4.3879378214478493 2.9827706962823868 24.818496003746986 2.755300059914588 3.4941679313778877 3.5688658952713013 3.9621809422969818
leaf_count=23 24 34 28 9 16 26 21 30 33 39
internal_value=0.0642559 0.0854577 0.102153 0.0238151 -0.0258047 0.119048 -0.0576457 -0.0571007 -0.0575976 -0.0565925
internal_weight=85.1366 72.523 64.9439 11.5216 7.13362 53.4223 12.6136 9.85829 7.57911 6.36412
internal_count=283 170 103 53 44 50 113 92 67 62
is_linear=0
shrinkage=0.05


Tree=8
num_leaves=13
num_cat=0
split_feature=19 35 32 13 6 10 15 3 27 20 34 27
split_gain=73.5121 53.8691 20.0141 14.048 18.2364 5.14323 1.1708 0.0153801 0.00624063 0.00200012 0.000403628 0.000265718
threshold=0.90993794372948644 13.500000000000002 1.0000000180025095e-35 0.044413691773262057 8.6011857493701793 74.166666666666671 0.99961099338448489 19.94481215143928 -1.0000000180025095e-35 0.59063613033140827 2262.4239310666671 0.40044933521982873
decision_type=2 2 2 2 2 2 2 2 2 2 2 2
left_child=1 2 3 -1 8 7 -4 -3 -5 -2 -11 -12
right_child=9 5 6 4 -6 -7 -8 -9 -10 10 11 -13
leaf_value=0.11340774104008176 -0.058352727165116171 -0.063402533445639245 0.10193609902802346 -0.060155398261584406 0.094219899050312736 0.019479775050711069 0.11700697011051178 -0.058404688504230189 -0.056651979573151129 -0.056227353465731857 -0.056656317194776186 -0.057313046544937268
leaf_weight=4.0996859148144713 2.3635968863964072 3.1132372766733152 29.880976013839245 2.6287668421864447 3.1760650351643562 2.9369960278272629 22.659034848213196 3.0448843538761139 2.4612039253115698 2.8517760187387449 3.5019203722476959 2.7495724037289619
leaf_count=7 20 20 37 20 10 13 18 26 24 29 34 25
internal_value=0.0607429 0.0789967 0.0949659 0.0377348 0.000203476 -0.034965 0.108436 -0.0609313 -0.0584614 -0.0570568 -0.0567203 -0.0569452
internal_weight=85.4677 74.0009 64.9057 12.3657 8.26604 9.09512 52.54 6.15812 5.08997 11.4669 9.10327 6.25149
internal_count=283 175 116 61 54 59 55 46 44 108 88 59
is_linear=0
shrinkage=0.05


Tree=9
num_leaves=12
num_cat=0
split_feature=16 19 3 15 14 26 32 34 3 1 10
split_gain=72.31 36.041 25.6063 21.6692 11.5526 0.0931438 0.00602206 0.00544588 0.00205525 0.000363408 5.26426e-05
threshold=37.083333333333336 0.85800653038673558 30.19528923024367 0.20050657218851878 0.27486103233125297 1.3244695828614168 1.0000000180025095e-35 2672.2486830666671 31.367445107371569 65.119460783695857 40.416666666666679
decision_type=2 2 2 2 2 2 2 2 2 2 2
left_child=6 2 4 7 -2 -4 8 9 -1 -3 -10
right_child=1 3 5 -5 -6 -7 -8 -9 10 -11 -12
leaf_value=-0.057504526562022609 -0.022807462603835385 -0.057095728980963704 0.10393688715054264 0.10701527358159174 0.070949056289594456 0.10823420057904172 -0.059166833775853245 -0.059561999235189837 -0.055750454268818396 -0.056233992862975993 -0.056053449816651869
leaf_weight=3.1857976168394071 6.0643341913819295 2.1448869928717595 24.73619718849659 2.7631537988781929 7.1706634238362312 25.721288084983826 2.7007798776030532 2.2609211727976799 2.4051708430051804 2.8479015231132507 3.5484835356473923
leaf_count=29 35 20 21 4 21 21 21 19 26 29 37
internal_value=0.0576017 0.0760255 0.0898908 -0.0121373 0.0279894 0.106127 -0.0570925 -0.0575261 -0.0564795 -0.0566042 -0.055931
internal_weight=85.5496 73.7093 63.6925 10.0169 13.235 50.4575 11.8402 7.25371 9.13945 4.99279 5.95365
internal_count=283 170 98 72 56 42 113 68 92 49 63
is_linear=0
shrinkage=0.05


Tree=10
num_leaves=11
num_cat=0
split_feature=16 9 3 0 19 22 19 32 3 10
split_gain=65.1625 33.4927 14.3734 6.18077 3.3485 5.5104 0.028093 0.00507096 0.00174255 4.46147e-05
threshold=37.083333333333336 0.0067078763790979013 17.349019749233982 13.957382415137912 0.79198561207784646 0.13224953661519828 0.92825061512519991 1.0000000180025095e-35 31.367445107371569 40.416666666666679
decision_type=2 2 2 2 2 2 2 2 2 2
left_child=7 2 -2 -3 -4 -6 -5 8 -1 -10
right_child=1 3 4 6 5 -7 -8 -9 9 -11
leaf_value=-0.057089294802368608 0.012260817749221458 0.033271390667042058 0.099183726471329434 -0.063842406622129907 0.10214344912066962 0.048232585014453912 -0.056258358114527986 -0.058643456123323723 -0.055438635460849386 -0.055723837081955156
leaf_weight=3.0519069954752904 6.398231789469718 2.7415188252925864 40.80163711309433 2.6871050447225571 9.0083484649658221 10.003372259438036 2.2380629479885101 2.5914072766900054 2.3004116266965866 3.3948821499943733
leaf_count=29 30 18 37 17 7 38 23 21 26 37
internal_value=0.0549044 0.0720332 0.083489 -0.0269017 0.0911083 0.0737772 -0.0603961 -0.0567008 -0.0561252 -0.0556086
internal_weight=85.2169 73.8783 66.2116 7.66669 59.8134 19.0117 4.92517 11.3386 8.7472 5.69529
internal_count=283 170 112 58 82 45 40 113 92 63
is_linear=0
shrinkage=0.05


Tree=11
num_leaves=11
num_cat=0
split_feature=16 9 3 0 22 28 19 32 3 10
split_gain=58.8217 29.8692 12.9591 6.07127 3.23627 8.87027 0.024305 0.00427538 0.00147874 3.78439e-05
threshold=37.083333333333336 0.0067078763790979013 17.349019749233982 13.273833398410003 0.47774767263927381 0.45098142975992456 0.92825061512519991 1.0000000180025095e-35 31.367445107371569 40.416666666666679
decision_type=2 2 2 2 2 2 2 2 2 2
left_child=7 2 -2 -3 -4 -6 -5 8 -1 -10
right_child=1 3 4 6 5 -7 -8 -9 9 -11
leaf_value=-0.056699635132729811 0.011576669914700868 0.033795770071366221 0.093769902401488234 -0.063024562168334713 0.027344878949971726 0.098716220677278532 -0.055904321487334131 -0.05815407945568634 -0.055145331825971193 -0.055413941972546503
leaf_weight=2.9225088879466039 6.4365181624889365 2.7114011496305457 42.221856534481049 2.5883777216076851 7.5763025283813503 10.233870983123778 2.232050321996212 2.485239975154399 2.1995631381869316 3.2469139471650124
leaf_count=29 30 17 38 17 36 8 24 21 26 37
internal_value=0.0523642 0.0683077 0.0790009 -0.0260599 0.08623 0.0683554 -0.0597276 -0.0563331 -0.0557923 -0.0553055
internal_weight=84.8546 74.0004 66.4685 7.53183 60.032 17.8102 4.82043 10.8542 8.36899 5.44648
internal_count=283 170 112 58 82 44 41 113 92 63
is_linear=0
shrinkage=0.05


Tree=12
num_leaves=12
num_cat=0
split_feature=19 22 21 15 1 0 22 26 34 15 26
split_gain=52.6627 50.1386 9.24164 19.5033 4.72959 0.795464 0.0135347 0.00541841 0.00154733 0.000958344 0.000360583
threshold=0.90993794372948644 -0.65080795000803116 0.85320239587283397 0.99961099338448489 69.386136386200633 10.567568599323753 -1.0225137887609641 0.7650680797271181 2227.2904662833339 0.069285136580107362 1.6958373758868277
decision_type=2 2 2 2 2 2 2 2 2 2 2
left_child=1 6 5 4 -4 -3 7 -1 -2 10 -10
right_child=8 2 3 -5 -6 -7 -8 -9 9 -11 -12
leaf_value=-0.056280730194331975 -0.055036775247347305 0.0978046861677032 -0.060052615444614349 0.087140644919256119 0.029415619741786903 0.084630520978461007 -0.062320797805169539 -0.059580907776537864 -0.055428820102348335 -0.057034961070570024 -0.056402678253916733
leaf_weight=2.9774342924356461 2.3179527223110181 17.937072545289993 3.702197119593623 10.79659181833267 2.4578046724200249 31.722211681306362 2.2390102893114081 2.1360544264316559 1.8322853595018389 4.1108084693551064 1.9750846177339552
leaf_count=31 28 17 32 12 11 39 15 18 21 39 20
internal_value=0.0501211 0.0648306 0.0785067 0.0466363 -0.0243553 0.0893891 -0.0590788 -0.0576593 -0.056173 -0.0565056 -0.055934
internal_weight=84.2045 73.9684 66.6159 16.9566 6.16 49.6593 7.3525 5.11349 10.2361 7.91818 3.80737
internal_count=283 175 111 55 43 56 64 49 108 80 41
is_linear=0
shrinkage=0.05


Tree=13
num_leaves=12
num_cat=0
split_feature=16 9 3 6 21 18 3 18 32 3 10
split_gain=49.4696 24.4938 11.3191 5.90634 2.6878 2.83274 0.184112 0.0116088 0.00283796 0.00155853 3.01334e-05
threshold=37.083333333333336 0.0067078763790979013 17.349019749233982 7.170139363031347 0.81811835622189977 0.62384729476775325 67.404607475636666 0.48635728602096823 1.0000000180025095e-35 31.367445107371569 40.416666666666679
decision_type=2 2 2 2 2 2 2 2 2 2 2
left_child=8 2 -2 7 6 -6 -4 -3 9 -1 -11
right_child=1 3 4 -5 5 -7 -8 -9 -10 10 -12
leaf_value=-0.056281058258055877 0.0093901905365707718 -0.055429025053358186 0.08193911741028001 0.037134911690508081 0.043591022106141603 0.083943299409458841 0.088638348204423859 -0.060408819430904717 -0.057327124925648155 -0.054651495042096793 -0.05490135010868992
leaf_weight=2.7539442703127843 6.4939215481281272 2.6179222613573065 17.8791613727808 2.5170557424426079 9.3106669560074824 8.1617571860551816 24.053326487541199 2.1164629980921745 2.2936152666807175 2.023109570145607 2.9904752671718597
leaf_count=29 30 30 21 12 33 9 19 16 21 26 37
internal_value=0.04817 0.0624676 0.0720652 -0.0247525 0.0789166 0.0624405 0.0857819 -0.0576552 -0.0557818 -0.0553254 -0.0548005
internal_weight=83.2114 73.1503 65.8988 7.25144 59.4049 17.4724 41.9325 4.73439 10.0611 7.76753 5.01358
internal_count=283 170 112 58 82 42 40 46 113 92 63
is_linear=0
shrinkage=0.05


Tree=14
num_leaves=11
num_cat=0
split_feature=19 22 20 15 11 16 16 34 9 15
split_gain=45.5281 42.8421 8.94375 13.5508 5.9315 0.839309 0.0192564 0.00177994 0.00136344 0.00119245
threshold=0.90993794372948644 -0.65080795000803116 0.59063613033140827 0.54988178107744878 0.75312680755850048 77.916666666666671 37.916666666666679 2262.4239310666671 0.0067687255243590013 0.069285136580107362
decision_type=2 2 2 2 2 2 2 2 2 2
left_child=1 6 5 4 -4 -3 -1 -2 9 -9
right_child=7 2 3 -5 -6 -7 -8 8 -10 -11
leaf_value=-0.055398721289538461 -0.054704353615502903 0.073746048650658716 -0.064077641396745599 0.072525582872597708 0.038963230905873718 0.087861580921170912 -0.060767668626223494 -0.055885117847323695 -0.0553054117705057 -0.057525628274647127
leaf_weight=2.8213958963751784 2.6452369391918165 15.503879517316816 3.361742056906226 11.654357090592383 2.3892746567726135 32.831771478056908 4.092660054564476 2.0879770070314407 2.5511046499013901 2.3593838661909103
leaf_count=33 34 27 25 17 15 27 31 23 30 21
internal_value=0.0462669 0.0598158 0.0722672 0.0415343 -0.021269 0.083334 -0.0585768 -0.0558092 -0.0562269 -0.0567554
internal_weight=82.2988 72.6551 65.741 17.4054 5.75102 48.3357 6.91406 9.6437 6.99847 4.44736
internal_count=283 175 111 57 40 54 64 108 74 44
is_linear=0
shrinkage=0.05


Tree=15
num_leaves=12
num_cat=0
split_feature=19 22 21 19 15 0 10 22 34 9 15
split_gain=41.7465 39.0414 7.04374 10.4256 13.8222 0.714648 0.00871016 0.00391992 0.00150842 0.001153 0.00100422
threshold=0.90993794372948644 -0.65080795000803116 0.85320239587283397 0.48054548224867771 0.54988178107744878 10.567568599323753 53.750000000000007 -1.2617667890128066 2262.4239310666671 0.0067687255243590013 0.069285136580107362
decision_type=2 2 2 2 2 2 2 2 2 2 2
left_child=1 6 5 -4 -5 -3 7 -1 -2 10 -10
right_child=8 2 3 4 -6 -7 -8 -9 9 -11 -12
leaf_value=-0.055353722244737849 -0.054454453361486438 0.086908800261107366 0.084873514125327329 -0.060122561380400841 0.063542786267161075 0.0742869008566579 -0.060810374842373165 -0.058284600465819875 -0.05556767814398457 -0.055021182367385485 -0.057106416369239743
leaf_weight=2.174719512462616 2.5274824276566488 17.526238977909088 7.4466861486434963 4.2890447378158552 4.7752027213573456 31.140667855739594 2.0543927624821663 2.3996755629777899 1.9972040355205534 2.43890430778265 2.2603728175163269
leaf_count=26 34 17 6 39 10 39 17 21 23 30 21
internal_value=0.0446382 0.0575009 0.0692584 0.0410387 0.00502649 0.0788324 -0.0581058 -0.0568912 -0.0554952 -0.055888 -0.0563846
internal_weight=81.0306 71.8066 65.1778 16.5109 9.06425 48.6669 6.62879 4.5744 9.22396 6.69648 4.25758
internal_count=283 175 111 55 49 56 64 47 108 74 44
is_linear=0
shrinkage=0.05


Tree=16
num_leaves=13
num_cat=0
split_feature=16 19 3 1 10 26 24 32 3 9 11 8
split_gain=39.7212 20.1441 15.7005 13.9608 8.53465 0.0765899 0.00756699 0.00169339 0.00214015 0.00094524 0.000103688 7.71107e-06
threshold=37.083333333333336 0.85800653038673558 30.19528923024367 54.672698014368045 26.250000000000004 1.3244695828614168 21.551971557850649 1.0000000180025095e-35 31.367445107371569 0.0067687255243590013 0.75736044873337649 0.26362778447776797
decision_type=2 2 2 2 2 2 2 2 2 2 2 2
left_child=7 2 4 -3 -2 -4 -5 8 -1 -8 11 -10
right_child=1 3 5 6 -6 -7 9 -9 10 -11 -12 -13
leaf_value=-0.056000165991168804 0.054175942670271787 0.075793907657838624 0.077495047863590863 -0.059181460707704386 -0.025870288706195052 0.081494624978325242 -0.05618390823971408 -0.056479630384242634 -0.05393024276681601 -0.0546892939893905 -0.05451485490649445 -0.054094033863979089
leaf_weight=2.5705870613455755 7.4650321379303914 2.9504885002970678 23.234609425067902 1.87968123704195 6.0116936415433884 24.688328668475151 1.9502649158239362 2.0687106475234032 1.4858454689383509 2.3117987364530563 1.5677968487143514 1.3915573954582212
leaf_count=29 23 4 21 18 33 21 20 21 22 30 21 20
internal_value=0.0431805 0.055862 0.0661475 -0.0135959 0.0184689 0.0795555 -0.0565387 -0.0552225 -0.0548518 -0.0553732 -0.0541877 -0.0540095
internal_weight=79.5764 70.4919 61.3997 9.09223 13.4767 47.9229 6.14174 9.0845 7.01579 4.26206 4.4452 2.8774
internal_count=283 170 98 72 56 42 68 113 92 50 63 42
is_linear=0
shrinkage=0.05


Tree=17
num_leaves=13
num_cat=0
split_feature=16 19 1 18 10 26 14 32 18 10 11 8
split_gain=36.6168 14.9296 17.3607 14.8088 7.61092 0.0701051 0.0082116 0.00143378 0.00172936 0.000501046 9.56588e-05 6.57229e-06
threshold=37.083333333333336 0.82098660789963174 52.982429437277084 0.76481269734706026 26.250000000000004 1.3244695828614168 0.052075625506761612 1.0000000180025095e-35 0.63434130039478276 13.750000000000002 0.75736044873337649 0.26362778447776797
decision_type=2 2 2 2 2 2 2 2 2 2 2 2
left_child=7 3 -3 5 -5 -2 9 8 10 -4 11 -1
right_child=1 2 6 4 -6 -7 -8 -9 -10 -11 -12 -13
leaf_value=-0.053723913071267171 0.074990278734266003 0.078096042659059575 -0.054579333649696152 0.050720415347168028 -0.024899662210327574 0.078908436329437781 -0.059236921111659069 -0.056126666316141986 -0.0556291317171064 -0.0556547917252464 -0.054302573324101946 -0.053878659318323308
leaf_weight=1.4186708778142914 21.584403395652771 4.0080410391092283 2.1737965494394302 7.5720543563365919 5.935709223151207 24.234044477343559 1.6757982224225996 1.9798799455165861 2.5228420346975327 2.1582829132676125 1.4338204488158224 1.3288478553295133
leaf_count=22 20 4 29 23 33 21 16 21 30 24 20 20
internal_value=0.0418448 0.0539662 -0.00249804 0.0634989 0.0174907 0.0770626 -0.0562648 -0.0549444 -0.0545953 -0.0551151 -0.0539715 -0.0537988
internal_weight=78.0262 69.3421 10.0159 59.3262 13.5078 45.8184 6.00788 8.68406 6.70418 4.33208 4.18134 2.74752
internal_count=283 170 73 97 56 41 69 113 92 53 62 42
is_linear=0
shrinkage=0.05


Tree=18
num_leaves=12
num_cat=0
split_feature=16 34 32 13 4 16 1 32 3 11 8
split_gain=33.822 13.4227 14.785 15.661 11.1735 0.537028 0.0141262 0.00121494 0.00156046 7.52583e-05 5.60497e-06
threshold=37.083333333333336 3188.9900228333336 1.0000000180025095e-35 0.042569722908746853 26.294729131964584 81.250000000000014 62.501741007961122 1.0000000180025095e-35 31.367445107371569 0.75736044873337649 0.26362778447776797
decision_type=2 2 2 2 2 2 2 2 2 2 2
left_child=7 2 3 -2 -3 -4 -5 8 -1 10 -10
right_child=1 4 5 6 -6 -7 -8 -9 9 -11 -12
leaf_value=-0.055378063859176999 0.071936155581562536 0.04211631192143131 0.07724993655393142 -0.060138748852044156 -0.062688249624645906 0.066407883517191346 -0.054721178679711518 -0.055794846132682013 -0.053529138523393263 -0.054050733491042426 -0.053675396956162073
leaf_weight=2.3515363298356515 4.5070566087961179 6.4240419790148717 29.30437970161438 2.0844904780387878 4.2096017673611641 18.715570412576199 2.8461720421910286 1.8942367285490034 1.3542675785720351 1.4303641356527803 1.2687048949301241
leaf_count=29 8 23 25 18 28 31 37 21 22 21 20
internal_value=0.0406149 0.0522299 0.0617801 0.00456845 0.000626727 0.0730243 -0.0570115 -0.0546824 -0.0543534 -0.053759 -0.0535999
internal_weight=76.3904 68.0913 57.4577 9.43772 10.6336 48.02 4.93066 8.29911 6.40487 4.05334 2.62297
internal_count=283 170 119 63 51 56 55 113 92 63 42
is_linear=0
shrinkage=0.05


Tree=19
num_leaves=14
num_cat=0
split_feature=16 19 3 12 12 23 20 14 32 3 9 11 8
split_gain=31.2715 16.1313 13.3233 12.1357 8.78493 8.48207 0.0534096 0.00823621 0.00103043 0.00133312 0.000727404 6.42076e-05 4.78212e-06
threshold=37.083333333333336 0.85800653038673558 30.19528923024367 -0.13135857692021288 0.36235127053212696 -0.31177400016492435 -0.15369125116168861 0.052075625506761612 1.0000000180025095e-35 31.367445107371569 0.0067687255243590013 0.75736044873337649 0.26362778447776797
decision_type=2 2 2 2 2 2 2 2 2 2 2 2 2
left_child=8 2 4 -3 5 -2 -4 10 9 -1 -5 12 -11
right_child=1 3 6 7 -6 -7 -8 -9 -10 11 -12 -13 -14
leaf_value=-0.055093482546064859 0.036538498561671094 0.071474265110020405 0.071021304445025732 -0.055537443749243104 0.070136392604753059 -0.062891369054410007 0.074499353467824186 -0.059019081642778373 -0.055482701464107026 -0.053345205538002607 -0.054190395374426097 -0.053838286355889491 -0.053483485064109319
leaf_weight=2.2481124103069297 4.207480892539019 2.7865064740180969 19.491556704044342 1.7716480642557124 4.8319585770368567 4.375425279140476 25.450227841734886 1.5886895693838594 1.8117342218756673 1.2925486452877528 2.3074959777295589 1.3658376596868036 1.2110503353178499
leaf_count=29 16 3 19 20 9 31 23 16 21 22 33 21 20
internal_value=0.039445 0.0505869 0.0599383 -0.0139616 0.01621 -0.0141492 0.0729909 -0.0559649 -0.0544353 -0.0541251 -0.0547754 -0.0535625 -0.0534121
internal_weight=74.7403 66.811 58.3566 8.45434 13.4149 8.58291 44.9418 5.66783 7.92928 6.11755 4.07914 3.86944 2.5036
internal_count=283 170 98 72 56 47 42 69 113 92 53 63 42
is_linear=0
shrinkage=0.05


Tree=20
num_leaves=11
num_cat=0
split_feature=19 22 20 4 0 20 22 4 31 9
split_gain=28.7958 29.7461 5.92082 7.46446 10.2355 0.42179 0.00745666 0.00124294 0.000599409 0.000335307
threshold=0.90993794372948644 -0.65080795000803116 0.59063613033140827 40.829680326608738 23.804370573130914 -0.15369125116168861 -1.2106975396582615 39.112849239441935 1.0000000180025095e-35 0.0071590485284073512
decision_type=2 2 2 2 2 2 2 2 2 2
left_child=1 6 5 4 -4 -3 -1 8 9 -2
right_child=7 2 3 -5 -6 -7 -8 -9 -10 -11
leaf_value=-0.05592013068803231 -0.054888198515066468 0.064166970676504731 0.047195285208872902 0.071357217316479135 -0.063012249569912346 0.074014531909643966 -0.059465616771715774 -0.055387338065207938 -0.053282620213778588 -0.05388581756447347
leaf_weight=2.9454574212431908 1.5741363279521459 21.050415478646755 5.2069166637957078 7.195795200765132 3.5386251360177994 22.492327034473419 2.9867166876792899 2.0371821075677872 2.1203479953110218 1.7750766016542909
leaf_count=39 20 27 20 8 29 27 25 24 37 27
internal_value=0.038418 0.0490615 0.059709 0.0336382 0.00260306 0.0692538 -0.0577052 -0.0543331 -0.0539405 -0.0543569
internal_weight=72.923 65.4163 59.4841 15.9413 8.74554 43.5427 5.93217 7.50674 5.46956 3.34921
internal_count=283 175 111 57 49 54 64 108 84 47
is_linear=0
shrinkage=0.05


Tree=21
num_leaves=12
num_cat=0
split_feature=16 34 14 32 13 15 19 34 7 10 11
split_gain=27.7835 11.3024 13.2289 12.0896 12.6848 0.578002 0.0140089 0.00129556 0.00100127 0.000281954 1.54727e-05
threshold=37.083333333333336 3188.9900228333336 0.27486103233125297 1.0000000180025095e-35 0.042569722908746853 0.1291366950560969 0.93557599813318426 537.3403891666668 5.102283724573792 51.250000000000007 0.74746754513855052
decision_type=2 2 2 2 2 2 2 2 2 2 2
left_child=7 3 -3 4 -2 -5 -6 -1 9 10 -9
right_child=1 2 -4 5 6 -7 -8 8 -10 -11 -12
leaf_value=-0.055481146087454372 0.063619028404478195 -0.060515370655250325 0.052816319690695737 0.059497224594160458 -0.059779828061209031 0.071747409245766711 -0.054024277717549689 -0.053003456502203256 -0.054940070676872101 -0.053939829648902142 -0.053251233507087992
leaf_weight=1.5400107167661179 4.4195415973663312 4.8037267103791219 5.5496343448758125 14.061762120574711 1.770237725228071 30.546039283275604 2.6248647421598434 1.3351253010332587 1.554987486451864 1.7950522005558012 1.1931083425879476
leaf_count=19 8 38 13 27 16 29 39 25 20 28 21
internal_value=0.0373933 0.0480462 0.000232964 0.0573124 0.00380458 0.0678858 -0.0563425 -0.0541902 -0.053852 -0.0534606 -0.0531204
internal_weight=71.1941 63.7758 10.3534 53.4224 8.81464 44.6078 4.3951 7.41828 5.87827 4.32329 2.52823
internal_count=283 170 51 119 63 56 55 113 94 74 46
is_linear=0
shrinkage=0.05


Tree=22
num_leaves=14
num_cat=0
split_feature=16 22 1 7 34 2 3 14 34 7 9 10 11
split_gain=25.81 10.8353 15.384 9.36823 6.96166 9.4641 0.0670552 0.0323187 0.00110668 0.000853397 0.000671893 0.000241179 1.32113e-05
threshold=37.083333333333336 1.2635804655306389 52.982429437277084 2.3917823350301477 1626.8319531833336 0.90834592528718849 53.293480760349034 0.090620166931779003 537.3403891666668 5.102283724573792 0.0067687255243590013 51.250000000000007 0.74746754513855052
decision_type=2 2 2 2 2 2 2 2 2 2 2 2 2
left_child=8 3 -3 6 -5 -6 -2 10 -1 11 -4 12 -10
right_child=1 2 7 4 5 -7 -8 -9 9 -11 -12 -13 -14
leaf_value=-0.05519146694719973 0.070936871496961401 0.069353637602483628 -0.054970707531997925 0.060378087926532577 -0.060330050558263654 0.049637338091228222 0.06672901749708704 -0.062881321356718756 -0.052848425683899983 -0.054678710193313995 -0.053671180639211259 -0.053734799972906977 -0.053082827743618145
leaf_weight=1.4723976254463185 17.071467757225037 4.3093492984771711 2.0580386668443684 6.2571889162063581 4.2958449050784111 3.5929858833551407 21.256960220634937 1.5353658460080621 1.2736419104039671 1.4860411547124384 1.925000589340925 1.7138568796217439 1.138429310172796
leaf_count=19 16 6 26 12 35 8 24 12 25 20 31 28 21
internal_value=0.0364616 0.0467448 -0.00143733 0.0557686 0.0209935 -0.0102452 0.0686032 -0.0567183 -0.0539714 -0.0536513 -0.0543426 -0.0532813 -0.0529591
internal_weight=69.3866 62.3022 9.82775 52.4744 14.146 7.88883 38.3284 5.51841 7.08437 5.61197 3.98304 4.12593 2.41207
internal_count=283 170 75 95 55 43 40 69 113 94 57 74 46
is_linear=0
shrinkage=0.05


Tree=23
num_leaves=14
num_cat=0
split_feature=16 19 1 18 12 3 34 14 34 7 34 10 11
split_gain=24.033 10.1529 11.7446 10.9014 12.4368 4.3214 0.173468 0.00889424 0.000945746 0.000727754 0.000504722 0.000206373 1.12853e-05
threshold=37.083333333333336 0.82098660789963174 52.982429437277084 0.97417219697395907 0.39546347728992887 17.293446823131394 1626.8319531833336 0.053953439939636104 537.3403891666668 5.102283724573792 2539.5317893916667 51.250000000000007 0.74746754513855052
decision_type=2 2 2 2 2 2 2 2 2 2 2 2 2
left_child=8 3 -3 6 5 -5 -2 10 -1 11 -4 12 -10
right_child=1 2 7 4 -6 -7 -8 -9 9 -11 -12 -13 -14
leaf_value=-0.054918246811692009 0.069695104064450036 0.062999357522989893 -0.053470092836413824 -0.061779356116100519 0.078697039007456504 0.017285995924292381 0.063111941092157911 -0.058840496743667606 -0.052701814742966605 -0.05443221547424601 -0.054656713848821398 -0.053541083807012696 -0.052923628938069268
leaf_weight=1.4073796086013306 17.636973857879639 3.6573048830032331 1.8399776667356493 4.2381579801440221 4.2185424417257309 2.9181096702814102 23.129839286208153 1.3260090686380861 1.2148108407855041 1.4198054485023019 1.7469342388212679 1.6360204592347143 1.086082626134157
leaf_count=19 17 4 31 34 5 14 27 15 25 20 23 28 21
internal_value=0.0356338 0.045594 -0.00484009 0.0538836 0.0106022 -0.0295389 0.06596 -0.0553415 -0.0537648 -0.0534618 -0.054048 -0.0531118 -0.0528065
internal_weight=67.4759 60.7118 8.57023 52.1416 11.3748 7.15627 40.7668 4.91292 6.7641 5.35672 3.58691 3.93691 2.30089
internal_count=283 170 73 97 53 48 44 69 113 94 54 74 46
is_linear=0
shrinkage=0.05


Tree=24
num_leaves=13
num_cat=0
split_feature=22 16 27 3 4 6 7 16 27 32 20 6
split_gain=22.5715 14.042 9.29201 7.68622 1.45379 0.719108 0.0415877 0.0132202 0.000919585 0.000912562 0.000240213 4.02252e-05
threshold=1.6443303195639469 41.250000000000007 0.55279820547056568 17.293446823131394 32.146849351362441 2.9215261671391972 5.102283724573792 27.916666666666668 0.4470408277188524 1.0000000180025095e-35 1.0972166258215001 1.8544375161528748
decision_type=2 2 2 2 2 2 2 2 2 2 2 2
left_child=1 2 7 -3 -5 -6 8 9 10 11 -2 -1
right_child=6 3 -4 4 5 -7 -8 -9 -10 -11 -12 -13
leaf_value=-0.052661656819712882 -0.053628550860799998 0.0019636009507203278 0.06964009712258129 0.067976677272131178 0.038934890257066923 0.05892933282987331 -0.063677308800923593 -0.059149249925847074 -0.054728907234187878 -0.054440651696935807 -0.052798783532062001 -0.053069191685161832
leaf_weight=1.1449820064008229 1.7648854665458196 6.3381353840231887 2.0798227787017822 27.476576384156942 8.3314102925360221 9.7707187645137292 1.3117192387580869 1.3892680220305917 1.4168818928301332 1.5152377709746363 1.7244472652673719 1.2850649580359457
leaf_count=24 29 34 2 30 26 15 10 13 20 21 35 24
internal_value=0.0348637 0.0443621 -0.0200043 0.0535544 0.0607286 0.049727 -0.055769 -0.0549547 -0.0536547 -0.0534776 -0.0532185 -0.0528772
internal_weight=65.5492 59.3312 7.41438 51.9168 45.5787 18.1021 6.21793 5.33455 4.90621 3.94528 3.48933 2.43005
internal_count=283 189 84 105 71 41 94 82 84 69 64 48
is_linear=0
shrinkage=0.05


Tree=25
num_leaves=12
num_cat=0
split_feature=19 35 32 10 35 24 20 26 5 34 15
split_gain=21.015 15.694 6.51 5.90164 5.36773 2.54055 0.315699 0.0392922 0.00119667 0.000249702 0.000213759
threshold=0.90993794372948644 13.500000000000002 1.0000000180025095e-35 22.916666666666668 16.500000000000004 18.238666480673963 0.14550863501334119 0.93833572507117602 0.39112849239441932 2262.4239310666671 0.069285136580107362
decision_type=2 2 2 2 2 2 2 2 2 2 2
left_child=1 2 3 -1 7 -5 -4 -3 9 -2 -11
right_child=8 4 6 5 -6 -7 -8 -9 -10 10 -12
leaf_value=0.048304837031232541 -0.052596118041676257 -0.054848187115123986 0.066335369585270934 -0.068097718530341106 0.035066480568405591 0.0083137650819372633 0.057382734564986937 -0.064290664191905364 -0.054633381615104053 -0.052913048376078534 -0.053785403111823706
leaf_weight=6.8219616226851922 1.5789986141026009 1.9637091830372799 21.915295898914337 1.9734417535364626 2.2123266533017159 2.4239252842962742 17.882081668823957 2.5098826140165329 1.7884286865592001 1.3084670491516592 1.5156502947211263
leaf_count=21 34 29 23 20 13 20 32 17 24 26 24
internal_value=0.0339965 0.0433896 0.0528294 0.01919 -0.0286407 -0.025978 0.0623127 -0.0601458 -0.0535427 -0.0530997 -0.0533812
internal_weight=63.8942 57.7026 51.0167 11.2193 6.68592 4.39737 39.7974 4.47359 6.19154 4.40312 2.82412
internal_count=283 175 116 61 59 40 55 46 108 84 50
is_linear=0
shrinkage=0.05


Tree=26
num_leaves=13
num_cat=0
split_feature=16 34 4 19 1 1 34 34 3 9 2 11
split_gain=20.0633 8.72519 7.39415 5.80368 12.9349 0.72652 0.00963838 0.000892814 0.000604688 0.000195292 0.000159673 1.00748e-05
threshold=37.083333333333336 3188.9900228333336 26.294729131964584 0.80834495466163514 57.132284661803588 43.527293437043994 2672.2486830666671 537.3403891666668 28.797009017020088 0.0067687255243590013 -0.27145672014630373 0.74746754513855052
decision_type=2 2 2 2 2 2 2 2 2 2 2 2
left_child=7 3 -3 5 -5 -2 9 -1 -9 -6 -10 -12
right_child=1 2 -4 4 6 -7 -8 8 10 -11 11 -13
leaf_value=-0.054500915289808528 0.05181994636751644 0.031551207456981874 -0.059586695437091657 0.058266503986794838 -0.053601724669941953 0.066866162240014876 -0.058537755912366596 -0.053953758769814467 -0.053178480752510131 -0.052717570902866752 -0.052362516764817651 -0.052573094621083727
leaf_weight=1.3156876303255547 12.406613506376742 6.3302472792565805 3.4321437180042267 7.5378611013293249 1.3643098846077926 22.706357955932617 1.2717281207442281 1.2861958928406236 1.106274578720331 1.1518414281308649 1.373569909483195 0.96849997341632832
leaf_count=19 22 23 28 11 22 24 16 20 21 24 32 21
internal_value=0.0331648 0.0424782 -0.000489958 0.051511 0.020388 0.0615498 -0.0549901 -0.0533487 -0.0530285 -0.053197 -0.0526834 -0.0524496
internal_weight=62.2513 56.2011 9.76239 46.4387 11.3257 35.113 3.78788 6.05023 4.73454 2.51615 3.44834 2.34207
internal_count=283 170 51 119 73 46 62 113 94 46 74 53
is_linear=0
shrinkage=0.05


Tree=27
num_leaves=11
num_cat=0
split_feature=22 35 3 32 26 22 19 26 0 1
split_gain=18.9626 13.6593 4.97835 3.82342 11.392 1.51229 0.0395474 0.0357192 0.000927976 9.32339e-05
threshold=1.6443303195639469 13.500000000000002 14.311394126498513 1.0000000180025095e-35 1.1046096153801395 0.3254733214580795 0.85800653038673558 0.93833572507117602 44.549022872459879 65.395725160617886
decision_type=2 2 2 2 2 2 2 2 2 2
left_child=1 3 -3 4 -1 -5 -2 -4 9 -8
right_child=6 2 7 5 -6 -7 8 -9 -10 -11
leaf_value=-0.057653701033649751 -0.063211693474792816 0.03432315405492916 -0.053419502932181423 0.064516244502339337 0.057398597099365567 0.043206091356333826 -0.053016505079944057 -0.062797972506975983 -0.054315401159509606 -0.052457254580564806
leaf_weight=3.0538133308291417 1.2763001099228848 2.1590078026056281 1.6997001804411409 25.961089253425598 7.2820223234593868 12.255465120077131 1.3502873927354815 2.5212528109550476 1.2786362320184705 1.6631994284689424
leaf_count=38 10 8 32 29 24 39 26 19 20 38
internal_value=0.0324352 0.0413475 -0.0274332 0.0503855 0.0234054 0.0576824 -0.0554845 -0.0590214 -0.0531867 -0.0527078
internal_weight=60.5008 54.9324 6.37996 48.5524 10.3358 38.2166 5.56842 4.22095 4.29212 3.01349
internal_count=283 189 59 130 62 68 94 51 84 64
is_linear=0
shrinkage=0.05


Tree=28
num_leaves=12
num_cat=0
split_feature=22 35 15 32 20 22 9 28 34 20 24
split_gain=17.6744 12.6783 4.87394 3.66951 12.0411 1.57999 0.0413511 0.0382502 0.00123947 0.000120663 6.04073e-06
threshold=1.6443303195639469 13.500000000000002 0.4510088315469899 1.0000000180025095e-35 -0.15369125116168861 0.3254733214580795 0.0041324472398352506 0.68014916810610127 2576.990488391667 1.0972166258215001 32.631855760175931
decision_type=2 2 2 2 2 2 2 2 2 2 2
left_child=1 3 -3 4 -1 -5 -4 8 9 -2 -11
right_child=7 2 6 5 -6 -7 -8 -9 -10 10 -12
leaf_value=-0.065319008791774644 -0.052906752794272621 0.034152213069037707 -0.064282506059144956 0.063611298187221374 0.056205259634823423 0.041603680102967749 -0.054185688896788667 -0.063663720534041165 -0.054560215612123909 -0.052384417005922626 -0.052192458478907869
leaf_weight=2.8187962882220745 1.5479737371206277 2.1500004678964606 1.900616507977247 25.03730696439743 7.3620646372437459 12.095284368842838 2.1739067211747169 1.0688615068793295 1.0649543032050131 0.84539168700575806 0.79548781365156174
leaf_count=28 31 8 15 29 34 39 36 8 15 20 20
internal_value=0.0316873 0.0403263 -0.0267561 0.0491516 0.0225586 0.0564427 -0.0588955 -0.055208 -0.0530833 -0.0525901 -0.0522914
internal_weight=58.8606 53.538 6.22452 47.3135 10.1809 37.1326 4.07452 5.32267 4.25381 3.18885 1.64088
internal_count=283 189 59 130 62 68 51 94 86 71 40
is_linear=0
shrinkage=0.05


Tree=29
num_leaves=11
num_cat=0
split_feature=19 22 34 22 15 34 3 34 15 31
split_gain=16.8749 18.4978 4.34697 2.18088 3.10156 0.00840623 0.00519453 0.00122455 0.000490838 8.01632e-05
threshold=0.90993794372948644 -0.65080795000803116 2931.7733721416676 0.47774767263927381 1.0927442123306588 2887.3487686500002 19.94481215143928 2539.5317893916667 0.069285136580107362 1.0000000180025095e-35
decision_type=2 2 2 2 2 2 2 2 2 2
left_child=1 5 3 -3 -5 -1 -7 9 -9 -2
right_child=7 2 -4 4 -6 6 -8 8 -10 -11
leaf_value=-0.059578429920450253 -0.052567879991161665 0.06381514607594925 0.016759060605284499 0.011132384406182479 0.063079742403334749 -0.056631611362416047 -0.052485499478744285 -0.053170276711534764 -0.05450400353572793 -0.051989267709656874
leaf_weight=1.4306924454867829 1.71894784271717 27.240614593029022 8.5724378526210767 5.5865153856575471 5.9164669513702393 1.8662927821278574 1.2692006006836889 1.3109469003975394 1.4559925496578214 0.91844110190868367
leaf_count=14 38 32 35 37 7 21 29 25 20 25
internal_value=0.0309447 0.0397031 0.0489777 0.0561064 0.0378511 -0.0564025 -0.0549533 -0.0531373 -0.0538721 -0.0523664
internal_weight=57.2865 51.8822 47.316 38.7436 11.503 4.56619 3.13549 5.40433 2.76694 2.63739
internal_count=283 175 111 76 44 64 50 108 45 63
is_linear=0
shrinkage=0.05


Tree=30
num_leaves=14
num_cat=0
split_feature=16 34 14 32 13 15 15 34 18 2 9 16 21
split_gain=16.8124 7.03935 8.96537 7.27801 7.98837 0.535585 0.0164309 0.00138956 0.000374621 0.000135367 0.000103336 7.14604e-05 3.67117e-06
threshold=37.083333333333336 3188.9900228333336 0.27486103233125297 1.0000000180025095e-35 0.042569722908746853 0.1291366950560969 0.99961099338448489 537.3403891666668 0.70325239526956274 -0.37800286417352774 0.0067687255243590013 10.833333333333334 0.98224844321245997
decision_type=2 2 2 2 2 2 2 2 2 2 2 2 2
left_child=7 3 -3 4 -2 -5 10 -1 9 -9 -6 12 -11
right_child=1 2 -4 5 6 -7 -8 8 -10 11 -12 -13 -14
leaf_value=-0.054502612379215977 0.050462379356353143 -0.058368987823595654 0.041445282500946812 0.048725208691506428 -0.052916699394054412 0.062268836294750621 -0.059915717749631441 -0.05292174205285171 -0.053574720150325154 -0.051926603701771525 -0.052202461772851309 -0.052583420994090836 -0.052080992914873961
leaf_weight=1.3386039659380902 3.9450732544064513 3.8486535958945733 5.4149385541677475 10.680401057004927 1.0823611803352839 23.060283251106739 1.2232327982783315 0.905368112027645 0.86206459254026402 0.78389491885900564 0.95169702172279347 0.80625036731362332 0.75675994530320168
leaf_count=19 8 38 13 27 21 29 10 19 15 22 24 18 20
internal_value=0.0302802 0.0393365 -2.35715e-05 0.048242 0.00261456 0.0579817 -0.0553364 -0.0531033 -0.052648 -0.0524024 -0.0525825 -0.052202 -0.0520024
internal_weight=55.6596 50.2066 9.26359 40.943 7.20236 33.7407 3.25729 5.45294 4.11434 3.25227 2.03406 2.34691 1.54065
internal_count=283 170 51 119 63 56 55 113 94 79 45 60 42
is_linear=0
shrinkage=0.05


Tree=31
num_leaves=11
num_cat=0
split_feature=19 22 34 22 19 34 3 34 15 31
split_gain=15.1701 16.1744 4.93575 2.13001 3.11841 0.00578056 0.0041459 0.00129333 0.000446194 5.87986e-05
threshold=0.90993794372948644 -0.65080795000803116 3328.0901961750001 0.47774767263927381 0.50596798979522728 2887.3487686500002 19.94481215143928 2539.5317893916667 0.069285136580107362 1.0000000180025095e-35
decision_type=2 2 2 2 2 2 2 2 2 2
left_child=1 5 3 -3 -5 -1 -7 9 -9 -2
right_child=7 2 -4 4 -6 6 -8 8 -10 -11
leaf_value=-0.058557580009371273 -0.052312203440473652 0.062268942425645214 0.01049783067567361 0.062028118915655572 0.0085449018761881539 -0.056114467366261328 -0.052237800249505265 -0.053044672682032806 -0.054347801459876249 -0.051792230584364843
leaf_weight=1.3165470734238613 1.5626803450286382 26.164310812950134 7.6832147464156142 5.5937724709510785 5.3151390440762043 1.7153217382729056 1.1534209474921224 1.2381483577191832 1.3992294222116468 0.83376215398311604
leaf_count=14 38 33 34 7 37 21 29 25 20 25
internal_value=0.0296804 0.0381815 0.0469713 0.0545303 0.0359695 -0.0558146 -0.0545558 -0.0529721 -0.053736 -0.0521313
internal_weight=53.9755 48.9417 44.7564 37.0732 10.9089 4.18529 2.86874 5.03382 2.63738 2.39644
internal_count=283 175 111 77 44 64 50 108 45 63
is_linear=0
shrinkage=0.05


Tree=32
num_leaves=13
num_cat=0
split_feature=16 34 14 33 13 16 15 34 34 23 16 16
split_gain=15.1587 6.39575 8.14104 5.1829 6.60079 0.67835 0.00543869 0.00130823 0.000389392 0.000101915 6.36425e-05 5.05651e-05
threshold=37.083333333333336 3188.9900228333336 0.27486103233125297 1.0000000180025095e-35 0.042569722908746853 81.250000000000014 0.13211723370100487 537.3403891666668 3686.9903035666671 -0.28947047115039642 6.666666666666667 87.083333333333357
decision_type=2 2 2 2 2 2 2 2 2 2 2 2
left_child=7 3 -3 5 -5 -2 11 -1 9 -9 -11 -6
right_child=1 2 -4 4 6 -7 -8 8 -10 10 -12 -13
leaf_value=-0.054303051885454479 0.061149772408361808 -0.057929321357776446 0.038848878171512745 0.048192558493196022 -0.052038178214550271 0.046214744140370564 -0.056985415261408802 -0.052629129217574948 -0.053453282827470985 -0.051772044642698793 -0.052336203641407231 -0.052587003092595244
leaf_weight=1.28795601800084 19.074396610260013 3.6234823875129205 5.4285824447870255 3.8492062091827384 0.81366408802568935 12.641936972737311 0.99514491483569134 0.95303116552531753 0.78221425786614407 1.2156880088150508 0.84903015941381443 0.8667528759688139
leaf_count=19 25 38 13 8 22 33 12 22 14 37 21 19
internal_value=0.0290795 0.0379019 0.000109197 0.0468478 0.00626426 0.0551968 -0.054056 -0.0529259 -0.0524591 -0.0522014 -0.052004 -0.0523213
internal_weight=52.3811 47.2932 9.05206 38.2411 6.52477 31.7163 2.67556 5.08792 3.79996 3.01775 2.06472 1.68042
internal_count=283 170 51 119 61 58 53 113 94 80 58 41
is_linear=0
shrinkage=0.05


Tree=33
num_leaves=15
num_cat=0
split_feature=22 35 3 9 6 1 14 18 15 14 26 34 2 31
split_gain=13.9211 9.35429 6.18379 3.20542 5.13009 5.93485 0.0667806 0.0456029 0.0346986 0.0197914 0.00565818 0.00113275 7.73043e-05 1.94468e-05
threshold=1.6443303195639469 13.500000000000002 13.981889521878481 0.0047910868259758007 4.3096943576556024 53.944282019566096 0.012422545244802102 0.98486801992476625 1.1235553784817489 0.043046906192810458 0.79522535294006469 2576.990488391667 -0.15905979750588087 1.0000000180025095e-35
decision_type=2 2 2 2 2 2 2 2 2 2 2 2 2 2
left_child=1 3 -3 6 5 -5 -1 11 -4 -7 -10 12 -2 -14
right_child=7 2 8 4 -6 9 -8 -9 10 -11 -12 -13 13 -15
leaf_value=0.061097331696388452 -0.052436971413993998 0.055800158898619293 -0.064396660792852736 0.031545320140486235 0.055836602382863934 -0.053713742425230637 0.055038002700454516 -0.064782275871004255 -0.052420361004701356 -0.062126005185664003 -0.057538417751641396 -0.054030643704093217 -0.051996728403877847 -0.051656603691847984
leaf_weight=6.0683116763830212 0.8322063665837055 1.6817452237009991 1.7009822949767115 5.3340284600853938 8.2711729668080789 1.7791261896491053 18.140117321163416 0.98136396333575238 1.1356418151408436 1.1518559344112871 1.0296126343309877 0.99613114073872555 0.97087105922400863 0.74100718460977077
leaf_count=9 20 6 12 18 20 30 39 7 29 14 12 16 27 24
internal_value=0.0284933 0.0366724 -0.0242375 0.0449661 0.0279976 0.000137919 0.0565569 -0.0552451 -0.0590524 -0.0570197 -0.0548541 -0.0526013 -0.0520417 -0.0518495
internal_weight=50.8142 46.2926 5.54798 40.7446 16.5362 8.26501 24.2084 4.52158 3.86624 2.93098 2.16525 3.54022 2.54408 1.71188
internal_count=283 189 59 130 82 62 48 94 53 44 41 87 71 51
is_linear=0
shrinkage=0.05


Tree=34
num_leaves=14
num_cat=0
split_feature=16 19 3 12 1 12 34 14 34 22 34 23 16
split_gain=13.5353 7.00507 7.45192 7.87655 5.72999 4.16356 0.0974303 0.0151765 0.000952425 0.000848829 0.000390452 0.000104382 4.07568e-05
threshold=37.083333333333336 0.85800653038673558 20.477065779203173 0.39546347728992887 52.982429437277084 -0.33046052645869389 1626.8319531833336 0.055502774276607804 537.3403891666668 1.6933434224873869 3686.9903035666671 -0.28947047115039642 6.666666666666667
decision_type=2 2 2 2 2 2 2 2 2 2 2 2 2
left_child=8 2 3 5 -3 -2 -4 9 -1 -6 11 -10 -13
right_child=1 4 6 -5 7 -7 -8 -9 10 -11 -12 12 -14
leaf_value=-0.053938248364544708 0.024755843395638622 0.04708612527637504 0.060368563073656671 0.06321790458130376 -0.053956400140656606 -0.059575053485195317 0.054488168065105459 -0.060331798681400643 -0.05247450095273444 -0.052124164290445821 -0.053323403365799653 -0.051626535185705882 -0.052099120242630581
leaf_weight=1.1872623115777958 2.3520768880844081 2.2604202628135672 12.323147833347322 3.8553428798913956 1.1679666936397559 3.8748223297297972 16.442983463406563 0.96372542716562737 0.89534032158553634 1.3777975421398876 0.7378687486052512 1.1196778547018769 0.76995187811553467
leaf_count=19 11 3 17 5 18 38 27 14 22 37 14 37 21
internal_value=0.0278979 0.0364076 0.0440428 0.00705315 -0.0149993 -0.0277209 0.0570073 -0.0549878 -0.0527135 -0.0529648 -0.0523008 -0.0520298 -0.0518191
internal_weight=49.3284 44.6183 38.8484 10.0822 5.76991 6.2269 28.7661 3.50949 4.7101 2.54576 3.52284 2.78497 1.88963
internal_count=283 170 98 54 72 49 44 69 113 55 94 80 58
is_linear=0
shrinkage=0.05


Tree=35
num_leaves=14
num_cat=0
split_feature=16 7 1 34 34 21 12 19 34 34 34 23 16
split_gain=12.7037 5.8531 4.94537 11.507 4.70605 1.18247 0.551269 0.0366321 0.000814013 0.000334392 0.000333805 8.95768e-05 3.49415e-05
threshold=37.083333333333336 4.5895735155163218 60.40509235273479 2179.7653893916672 3982.3657344333337 -1.3097175830201853 0.056100358851057013 0.90993794372948644 537.3403891666668 3686.9903035666671 2539.5317893916667 -0.28947047115039642 6.666666666666667
decision_type=2 2 2 2 2 2 2 2 2 2 2 2 2
left_child=8 2 6 -4 5 -3 -2 -5 -1 11 -9 -10 -13
right_child=1 4 3 7 -6 -7 -8 10 9 -11 -12 12 -14
leaf_value=-0.053733998852016684 0.048917094088819758 -0.0091443653308874023 0.060243485685173875 -0.062651368119213138 0.042141133470512092 -0.060896135518614974 0.063467865573357915 -0.051838541994580878 -0.052349287228375369 -0.053153120529792125 -0.053108763584039244 -0.051544741093919759 -0.051992986232592922
leaf_weight=1.1335431337356556 15.772808849811556 2.0373809412121773 5.0356376767158491 1.5321698784828188 3.2269375696778297 2.408726952970027 11.08314400911331 1.0680702812969687 0.85365971736609969 0.70407421886920918 1.002855449914932 1.0667179767042401 0.73385819233953942
leaf_count=19 37 14 7 12 8 26 15 32 22 14 19 37 21
internal_value=0.0274497 0.0357768 0.044337 0.0114304 -0.00382194 -0.0371814 0.054922 -0.0567901 -0.0525755 -0.0521844 -0.0524537 -0.0519274 -0.0517274
internal_weight=47.6596 43.1677 35.4947 8.63873 7.67305 4.44611 26.856 3.6031 4.49185 3.35831 2.07093 2.65424 1.80058
internal_count=283 170 122 70 48 40 52 63 113 94 51 80 58
is_linear=0
shrinkage=0.05


Tree=36
num_leaves=13
num_cat=0
split_feature=22 16 22 15 1 27 18 35 19 16 23 27
split_gain=11.9733 7.873 4.05603 4.69223 2.4039 1.35857 0.0482969 0.00142268 0.000538296 0.000136497 4.36227e-05 6.20037e-06
threshold=1.6443303195639469 37.916666666666679 -0.19463075812182654 0.99961099338448489 69.386136386200633 0.29650545431608266 1.0012791253821385 12.500000000000002 0.92825061512519991 81.250000000000014 -0.24634264188964725 0.22598974166770039
decision_type=2 2 2 2 2 2 2 2 2 2 2 2
left_child=1 4 3 -3 7 -4 8 -1 -2 11 -9 -10
right_child=6 2 5 -5 -6 -7 -8 10 9 -11 -12 -13
leaf_value=-0.05405154449993417 -0.053357359421205147 0.044950887898751381 0.058359226266162106 -0.030990566680983097 0.037439599232216222 0.036053020105801477 -0.065362111299922754 -0.052138469392955078 -0.051607153844978951 -0.052268393796488503 -0.051571654277424994 -0.051373675292379288
leaf_weight=1.6993533503264182 0.84883724898099844 4.5217271372675878 19.269752971827987 3.6971961632370949 0.96281918324530114 10.570547040551899 0.91099095344543446 0.77378226444125164 0.59358835034072421 1.1444271225482223 0.60472995601594437 0.54584050737321377
leaf_count=30 17 11 33 34 6 33 6 21 20 30 21 21
internal_value=0.0269524 0.0348459 0.0418912 0.0107894 -0.0315134 0.0504575 -0.055229 -0.0530834 -0.0522823 -0.0518827 -0.0518898 -0.0514953
internal_weight=46.1436 42.0999 38.0592 8.21892 4.04068 29.8403 4.04368 3.07787 3.13269 2.28386 1.37851 1.13943
internal_count=283 189 111 45 78 66 94 72 88 71 42 41
is_linear=0
shrinkage=0.05


Tree=37
num_leaves=13
num_cat=0
split_feature=22 16 26 13 11 20 28 16 34 19 13 16
split_gain=11.1853 7.21976 5.07919 4.02778 3.0382 0.807172 0.0412225 0.00537345 0.000705723 0.000396014 4.65613e-05 8.4591e-06
threshold=1.6443303195639469 41.250000000000007 3.4722509965485768 0.23408346621007192 0.7452320108598931 0.4106649703099205 0.69378434004774969 29.583333333333336 2576.990488391667 0.31504499711478978 0.11060178795427307 42.916666666666679
decision_type=2 2 2 2 2 2 2 2 2 2 2 2
left_child=1 2 7 5 -5 -3 8 9 10 -1 -2 -12
right_child=6 3 -4 4 -6 -7 -8 -9 -10 -11 11 -13
leaf_value=-0.051631697385236187 -0.051994995022790459 0.056318502185721875 0.059532176305525181 -0.02411283351477285 0.040649201081135532 0.038730226328325693 -0.064491814944100459 -0.05697340446407282 -0.053355462530006739 -0.052893498312899682 -0.051350059769267133 -0.051602070247307043
leaf_weight=0.95287922210991371 0.72371964715421233 18.778847515583042 1.3703621625900266 3.5966236852109423 3.647683247923851 9.9952070564031583 0.87795776873826969 0.86573840864002694 0.88113580644130696 1.7898199539631603 0.55997215956449486 0.82147809863090515
leaf_count=32 21 31 2 26 15 33 6 11 17 39 22 28
internal_value=0.0263532 0.0340183 -0.0224175 0.0418193 0.00849641 0.0502089 -0.0549675 -0.0535391 -0.0521674 -0.0524551 -0.0516701 -0.0514999
internal_weight=44.8614 40.9972 4.9788 36.0184 7.24431 28.7741 3.86426 3.60844 2.98631 2.7427 2.10517 1.38145
internal_count=283 189 84 105 41 64 94 82 88 71 71 50
is_linear=0
shrinkage=0.05


Tree=38
num_leaves=13
num_cat=0
split_feature=19 34 14 9 4 16 26 34 3 1 16 26
split_gain=10.7398 7.83759 6.85918 2.09787 1.58536 4.88015 0.0106138 0.00138904 0.000871893 0.000456029 3.05166e-05 7.23009e-06
threshold=0.90993794372948644 3086.7487625916669 0.27486103233125297 0.0047910868259758007 41.937636853708661 92.083333333333343 1.257709405160405 2539.5317893916667 19.94481215143928 60.106472082466617 86.250000000000014 1.4269995468747709
decision_type=2 2 2 2 2 2 2 2 2 2 2 2
left_child=1 3 6 -1 5 -5 8 10 -3 -9 11 -2
right_child=7 2 -4 4 -6 -7 -8 9 -10 -11 -12 -13
leaf_value=0.055579332259619724 -0.051480892403405323 -0.053765593608618982 0.031059995484193512 -0.056459007998189148 0.04224237822274686 0.058261307549106925 -0.058090655854574159 -0.054145684170991706 -0.051571971726687621 -0.052721441028922712 -0.051805948949641981 -0.051233327897677206
leaf_weight=19.764538459479812 0.5517151411622756 1.2261583916842917 5.2659350372850895 1.8304615709930641 6.835197389125824 1.8782603144645691 2.0848749466240406 1.0412376429885628 0.71836791187524784 1.221223162487149 0.52670652791857708 0.63363412208855152
leaf_count=38 20 20 15 37 16 3 21 17 25 28 16 27
internal_value=0.0257899 0.0336532 -0.00651129 0.0459713 0.027961 0.00164042 -0.0556124 -0.0525638 -0.0529552 -0.0533769 -0.0514893 -0.0513486
internal_weight=43.5783 39.6038 9.29534 30.3085 10.5439 3.70872 4.0294 3.97452 1.94453 2.26246 1.71206 1.18535
internal_count=283 175 81 94 56 40 66 108 45 45 63 47
is_linear=0
shrinkage=0.05


Tree=39
num_leaves=15
num_cat=0
split_feature=22 35 12 9 18 1 7 18 22 0 26 34 13 16
split_gain=10.0194 7.16125 4.54439 2.7272 2.82707 4.54161 0.155025 0.0377907 0.028498 0.0123826 0.00340954 0.000514386 4.03438e-05 6.2877e-06
threshold=1.6443303195639469 13.500000000000002 0.37689763942008619 0.0047910868259758007 0.59239334336165184 53.944282019566096 0.8252568948535145 1.0012791253821385 -0.47221897441984256 46.523753926283185 0.78941262880728813 2576.990488391667 0.11060178795427307 42.916666666666679
decision_type=2 2 2 2 2 2 2 2 2 2 2 2 2 2
left_child=1 3 8 6 5 -5 -1 11 10 -7 -3 12 -2 -14
right_child=7 2 -4 4 -6 9 -8 -9 -10 -11 -12 -13 13 -15
leaf_value=0.057853288499788304 -0.051835355116853943 -0.052315076778912055 0.044582123243575335 0.035471962951692922 0.041938743142050164 -0.052678802325707569 0.048893909513046258 -0.064057595519837085 -0.064049502068537767 -0.059937829137802691 -0.056331494125350705 -0.053026046983470687 -0.051217090619272966 -0.051445248135518318
leaf_weight=9.3113626241683978 0.66207495890557755 1.0777316130697729 1.624349810183048 3.1602097228169432 8.8605323918163759 1.1734951157122853 10.02805260196328 0.84742484241724003 1.155363675206899 1.1764335967600343 1.0366424620151518 0.80484699830412854 0.5075584929436443 0.74549972824752331
leaf_count=16 21 32 4 10 31 27 32 6 9 14 14 17 22 28
internal_value=0.0253342 0.0327428 -0.0237758 0.0409483 0.0244503 -0.00367184 0.0532076 -0.0548379 -0.0577348 -0.0563129 -0.0542843 -0.0519654 -0.0515196 -0.0513528
internal_weight=42.1716 38.6042 4.89409 33.7101 14.3707 5.51014 19.3394 3.56741 3.26974 2.34993 2.11437 2.71998 1.91513 1.25306
internal_count=283 189 59 130 82 51 48 94 55 41 46 88 71 50
is_linear=0
shrinkage=0.05


Tree=40
num_leaves=14
num_cat=0
split_feature=19 34 14 9 6 11 22 26 34 22 20 16 26
split_gain=9.5629 7.02204 6.17139 2.01208 2.75124 3.67236 2.37274 0.0080413 0.00110698 0.000511046 0.000397087 2.24437e-05 5.32508e-06
threshold=0.90993794372948644 3086.7487625916669 0.27486103233125297 0.0047910868259758007 4.3096943576556024 0.6871629523607754 1.3488861045172744 1.257709405160405 2539.5317893916667 -1.3439936005159896 0.70687211133382177 86.250000000000014 1.4269995468747709
decision_type=2 2 2 2 2 2 2 2 2 2 2 2 2
left_child=1 3 7 -1 5 -5 -7 9 11 -3 -10 12 -2
right_child=8 2 -4 4 -6 6 -8 -9 10 -11 -12 -13 -14
leaf_value=0.054452741876261007 -0.051336117543514387 -0.051766745434916044 0.029046840650499603 0.047908992028904224 0.058664275732366572 -0.071317022174318567 0.013880751017897569 -0.057371602344441441 -0.053820805771582603 -0.053465646598460814 -0.052445163266372045 -0.051628633441264775 -0.051113031942020132
leaf_weight=18.294415825977925 0.50056415051221781 0.77537687309086312 5.194162879139185 2.7398477494716627 4.0096391383558512 1.707473546266556 1.5673627164214847 1.9409626759588716 1.0065011233091357 1.0315569154918178 1.0956114698201416 0.47820791043341149 0.57452075928449631
leaf_count=38 20 26 15 5 8 25 18 21 17 19 28 16 27
internal_value=0.0248189 0.03239 -0.00623723 0.0445871 0.0265824 0.00519522 -0.0305407 -0.055137 -0.0523559 -0.0527366 -0.0531038 -0.0513437 -0.0512169
internal_weight=40.9162 37.2608 8.94206 28.3187 10.0243 6.01468 3.27484 3.7479 3.65541 1.80693 2.10211 1.55329 1.07508
internal_count=283 175 81 94 56 48 43 66 108 45 45 63 47
is_linear=0
shrinkage=0.05


Tree=41
num_leaves=13
num_cat=0
split_feature=22 22 20 24 22 21 18 14 21 34 13 18
split_gain=9.04096 10.7952 3.7872 2.98494 1.14212 1.07593 0.0345537 0.00618886 0.00189276 0.000367163 3.85977e-05 3.7482e-06
threshold=1.6443303195639469 -0.65080795000803116 0.77832861564948475 5.6447821705610943 0.3254733214580795 1.3871419418182185 1.0012791253821385 0.24427589887761667 -1.461816409897075 2576.990488391667 0.11060178795427307 0.39831693535757806
decision_type=2 2 2 2 2 2 2 2 2 2 2 2
left_child=1 7 4 -4 -3 -5 9 8 -1 10 -2 -12
right_child=6 2 3 5 -6 -7 -8 -9 -10 -11 11 -13
leaf_value=-0.055591844611815655 -0.051722256719382347 0.055577854866012244 0.038468431421365391 -0.058328755267576415 0.033506019207478387 0.0012473185532112588 -0.063640389535357306 -0.058723571641807762 -0.052669128949426575 -0.052732993661309915 -0.051137967688778464 -0.051319050963374281
leaf_weight=1.0190575290471318 0.6126057282090186 18.017211809754375 3.2759082354605189 1.6115907616913321 8.6869701482355577 1.4305514972656963 0.81769002228975285 1.00775820761919 1.2136672176420682 0.73498123884201039 0.55966202914714791 0.58390278369188309
leaf_count=20 21 37 8 22 39 19 6 10 34 17 26 24
internal_value=0.0243964 0.0316157 0.0401616 0.00534996 0.0483978 -0.0303134 -0.054722 -0.0554711 -0.0540031 -0.0517947 -0.051402 -0.0512304
internal_weight=39.5716 36.2627 33.0222 6.31805 26.7042 3.04214 3.30884 3.24048 2.23272 2.49115 1.75617 1.14356
internal_count=283 189 125 49 76 41 94 64 54 88 71 50
is_linear=0
shrinkage=0.05


Tree=42
num_leaves=13
num_cat=0
split_feature=19 34 14 13 26 10 3 26 22 22 34 7
split_gain=8.67654 6.39078 5.51843 1.1748 1.40158 1.38766 0.234499 0.00656031 0.00102598 0.000415124 5.39243e-05 1.38326e-05
threshold=0.90993794372948644 3086.7487625916669 0.27486103233125297 0.095977194873929111 2.8443498309174724 56.250000000000007 55.915929350443342 1.257709405160405 1.6933434224873869 -1.3439936005159896 2494.7488634416673 3.3838882461492865
decision_type=2 2 2 2 2 2 2 2 2 2 2 2
left_child=1 3 7 6 5 -5 -1 9 -2 -3 11 -10
right_child=8 2 -4 4 -6 -7 -8 -9 10 -11 -12 -13
leaf_value=0.044132137551640915 -0.053108929881376554 -0.051591192180087155 0.026859331665789399 -0.018151221889641019 0.049844738983089221 0.035965930630662411 0.055914779784481596 -0.056865301138842875 -0.051057065387371772 -0.053192305388836972 -0.051819101700587115 -0.051400494163858196
leaf_weight=7.1682760789990487 1.7060028761625283 0.70228850841522217 5.123353399336338 2.2625316679477674 4.1949574816972017 2.4861839432269335 10.27655318379402 1.8140181787312029 0.72373366914689519 0.95579531788825833 0.48632666096091259 0.49288396164774895
leaf_count=22 37 26 15 32 9 9 22 21 36 19 16 19
internal_value=0.0239029 0.0313227 -0.00612157 0.0435193 0.0287854 0.0101817 0.0510732 -0.0547874 -0.0522423 -0.0525141 -0.0513741 -0.0511962
internal_weight=38.3929 34.984 8.59546 26.3885 8.94367 4.74872 17.4448 3.4721 3.40895 1.65808 1.70294 1.21662
internal_count=283 175 81 94 50 41 44 66 108 45 71 55
is_linear=0
shrinkage=0.05


Tree=43
num_leaves=14
num_cat=0
split_feature=16 9 0 7 12 11 19 4 2 0 15 11 7
split_gain=8.49086 4.65348 5.70105 3.10164 3.68445 5.82469 0.737098 0.0194938 0.00135742 0.000348135 0.000303342 5.3435e-05 2.47589e-05
threshold=37.083333333333336 0.0067078763790979013 7.8888443628837708 2.3917823350301477 0.37689763942008619 0.72145649311296489 0.78369234636373553 27.269050525655 -0.19242689065123933 22.59898065807268 0.36018008067738222 0.75312680755850048 3.5731249262653773
decision_type=2 2 2 2 2 2 2 2 2 2 2 2 2
left_child=9 3 -3 6 5 -5 -2 -4 -9 10 -1 12 -11
right_child=1 2 7 4 -6 -7 -8 8 -10 11 -12 -13 -14
leaf_value=-0.051878211738716012 0.056243922378011929 0.066103197106454126 -0.062187791619604638 0.04414042758536605 0.054042663821413012 -0.059961194990859369 0.036949424586898955 -0.055325725411806241 -0.052598547398047771 -0.051041792650053097 -0.053226296714461656 -0.051852145201426218 -0.051563468337333988
leaf_weight=0.813651263713836 12.5474024116993 1.3892013635486353 1.0595317631959917 2.4744456745684129 3.3962890133261681 2.9403880760073662 8.1749067790806276 0.77187231183052052 1.1159306745976207 0.47166743502020814 0.85661476664245129 0.80667823925614357 0.43925463408231735
leaf_count=27 25 6 12 8 6 39 34 10 30 24 19 27 16
internal_value=0.0234156 0.0309646 -0.017401 0.0380664 0.0132172 -0.0123893 0.0486323 -0.05676 -0.0537136 -0.0520556 -0.0525696 -0.0515558 -0.0512933
internal_weight=37.2578 33.87 4.33654 29.5334 8.81112 5.41483 20.7223 2.94733 1.8878 3.38787 1.67027 1.7176 0.910922
internal_count=283 170 58 112 53 47 59 52 40 113 46 67 40
is_linear=0
shrinkage=0.05


Tree=44
num_leaves=13
num_cat=0
split_feature=16 22 22 20 3 15 15 22 34 11 34 15
split_gain=7.97568 7.14871 4.99166 6.30186 1.14736 0.116135 0.0270881 0.000675908 0.000497293 0.00014125 6.57945e-05 2.62041e-05
threshold=37.083333333333336 -0.65080795000803116 1.2635804655306389 0.23457049241782538 30.19528923024367 0.15467584046424199 0.26662672823145456 1.6933434224873869 537.3403891666668 0.75521704445890314 2494.7488634416673 0.26662672823145456
decision_type=2 2 2 2 2 2 2 2 2 2 2 2
left_child=8 -2 4 -4 -3 -6 7 -5 -1 11 -9 -10
right_child=1 2 3 6 5 -7 -8 10 9 -11 -12 -13
leaf_value=-0.052964701397496844 -0.056491062339867115 0.026299606069371807 0.045302954637976289 -0.053349754716029221 0.048161434775351175 0.056029655104673004 -0.062615231852024 -0.051203655659745377 -0.051048488671169193 -0.052066466408115464 -0.051960398198532744 -0.051473494751408604
leaf_weight=0.88218604214489404 2.2072988450527182 5.3000158555805745 3.2135752141475669 0.9008976202458151 8.3168469257652777 10.753506243228911 0.92348730564117421 0.66911666654050328 0.70298772864043735 0.89450275525450695 0.50327304378151894 0.74918553605675697
leaf_count=19 31 19 5 17 23 22 7 30 36 29 16 29
internal_value=0.0230253 0.0304089 0.0366813 -0.00333541 0.0468788 0.0525982 -0.0554925 -0.0523199 -0.0519527 -0.0515722 -0.0515285 -0.0512678
internal_weight=36.0169 32.788 30.5807 6.21035 24.3704 19.0704 2.99677 2.07329 3.22886 2.34668 1.17239 1.45217
internal_count=283 170 139 75 64 45 70 63 113 94 46 65
is_linear=0
shrinkage=0.05


Tree=45
num_leaves=12
num_cat=0
split_feature=16 9 0 34 16 35 16 19 34 11 19
split_gain=7.49422 4.04932 5.10987 4.15985 1.28412 0.0315338 0.0154979 0.00133709 0.000426238 0.000121416 2.39825e-05
threshold=37.083333333333336 0.0067078763790979013 7.8888443628837708 3243.2402750750002 86.250000000000014 12.500000000000002 48.333333333333336 0.93091676938783696 537.3403891666668 0.75521704445890314 0.93091676938783696
decision_type=2 2 2 2 2 2 2 2 2 2 2
left_child=8 3 -3 4 5 -2 -4 -8 -1 10 -10
right_child=1 2 6 -5 -6 -7 7 -9 9 -11 -12
leaf_value=-0.052814108234845253 0.055526858108077143 0.062589265938845715 -0.061248189082002615 -0.0054295407529309 0.027008647497879176 0.05111450760912295 -0.054671809715960064 -0.05190802280673671 -0.051370488843433995 -0.05196321774647792 -0.050943277509676588
leaf_weight=0.8414936345070595 7.6623950302600976 1.3578976429998864 0.96604021266102824 4.8289762288331977 6.5761942192912093 8.587343605235219 0.92397516965866067 0.83137083984911442 0.84593040868639968 0.85252531990408886 0.53708055801689625
leaf_count=19 17 6 9 35 36 24 13 30 35 29 30
internal_value=0.0226477 0.0298717 -0.0166325 0.0367313 0.0456507 0.0531951 -0.056162 -0.0533628 -0.0518549 -0.0514939 -0.0512046
internal_weight=34.8112 31.7342 4.07928 27.6549 22.8259 16.2497 2.72139 1.75535 3.07703 2.23554 1.38301
internal_count=283 170 58 112 77 41 52 43 113 94 65
is_linear=0
shrinkage=0.05


Tree=46
num_leaves=15
num_cat=0
split_feature=22 35 3 9 6 1 0 7 4 14 7 34 20 34
split_gain=7.0772 5.10204 4.21962 2.29397 3.24721 3.32451 1.16973 0.152813 0.0338526 0.021677 0.00410873 0.000465065 2.60216e-05 2.86669e-06
threshold=1.6443303195639469 13.500000000000002 13.981889521878481 0.0047910868259758007 4.3096943576556024 51.525708739531154 35.547208767723376 0.8252568948535145 19.067237132272599 0.27486103233125297 3.6793727957467244 2576.990488391667 1.0972166258215001 2149.9905424000003
decision_type=2 2 2 2 2 2 2 2 2 2 2 2 2 2
left_child=1 3 -3 7 5 -5 -7 -1 -4 11 -10 12 -2 -14
right_child=9 2 8 4 -6 6 -8 -9 10 -11 -12 -13 13 -15
leaf_value=0.055571346334897166 -0.05137770693964902 0.047304362734799425 -0.067043497822827466 0.028844815834303379 0.046504606612251753 -0.01193375128280685 -0.077621656982581874 0.045394343834904483 -0.056947398982967384 -0.062350810884728415 -0.052319265226822537 -0.052710326836270666 -0.050849007530766516 -0.051050972078714923
leaf_weight=7.0487370491027885 0.73896984755992867 1.4330781251192082 0.8129772208631042 3.2303419653326255 6.0916797257959843 1.2988951001316311 1.4171731956303117 7.7377338130027056 1.0795248765498398 0.61049465090036381 0.86285151913762081 0.74295154213905323 0.34180288389325142 0.36155000329017639
leaf_count=16 31 6 7 16 20 25 21 32 15 5 31 18 21 19
internal_value=0.0221705 0.0290391 -0.0222837 0.0370527 0.0208476 -0.00543612 -0.046208 0.0502457 -0.058477 -0.0540211 -0.0548915 -0.051694 -0.0511705 -0.0509528
internal_weight=33.8088 31.013 4.18843 26.8246 12.0381 5.94641 2.71607 14.7865 2.75535 2.79577 1.94238 2.18527 1.44232 0.703353
internal_count=283 189 59 130 82 62 46 48 53 94 46 89 71 40
is_linear=0
shrinkage=0.05


Tree=47
num_leaves=13
num_cat=0
split_feature=19 16 13 27 0 24 16 4 19 12 16 16
split_gain=6.87481 5.16863 3.67967 3.30927 2.44949 0.699822 0.00643878 0.000717384 0.000332359 0.000126123 1.83869e-05 3.78097e-06
threshold=0.90993794372948644 41.250000000000007 0.24089105421080173 0.55279820547056568 19.787085325961275 17.0994064396812 36.250000000000007 39.112849239441935 0.31504499711478978 -0.0055026768767425993 85.416666666666671 36.250000000000007
decision_type=2 2 2 2 2 2 2 2 2 2 2 2
left_child=1 3 5 6 -4 -3 8 9 -1 -2 11 -11
right_child=7 2 4 -5 -6 -7 -8 -9 -10 10 -12 -13
leaf_value=-0.051014897200697067 -0.052056057043595685 0.034818521104129745 0.035032882349415893 0.055645194389196045 -0.026380773013191368 0.054465680247471171 -0.05750362730132226 -0.052987274268307717 -0.052407683643340357 -0.050888346786019181 -0.051368405339431725 -0.051100210631165412
leaf_weight=0.60278627369553239 0.47839220799505722 7.0674507617950502 3.2154537439346305 0.92581751942634571 3.2796714901924133 12.635809384286402 0.71507795713841904 1.0867860503494737 1.4799764323979614 0.51661987323313863 0.44937949255108833 0.35549238882958889
leaf_count=32 16 21 16 2 26 30 9 24 39 31 19 18
internal_value=0.0217161 0.0288251 0.0366596 -0.0262955 0.00402245 0.0474184 -0.05341 -0.0519729 -0.0520046 -0.0513604 -0.0511086 -0.0509747
internal_weight=32.8087 29.922 26.1984 3.72366 6.49513 19.7033 2.79784 2.88667 2.08276 1.79988 1.32149 0.872112
internal_count=283 175 93 82 42 51 80 108 71 84 68 49
is_linear=0
shrinkage=0.05


Tree=48
num_leaves=13
num_cat=0
split_feature=22 19 34 1 16 21 14 21 0 1 27 3
split_gain=6.80562 6.95048 3.33093 2.966 0.465692 0.0200102 0.00619062 0.00130099 0.000321503 4.16921e-05 5.04723e-06 3.10328e-06
threshold=-0.65080795000803116 0.83561403546152468 3328.0901961750001 52.982429437277084 51.250000000000007 0.82444850483215615 0.31363398257065656 -1.461816409897075 43.688889936449108 60.691656987690628 0.092453969574823172 50.340718310484512
decision_type=2 2 2 2 2 2 2 2 2 2 2 2
left_child=6 2 4 -3 -2 -5 7 -1 9 -7 -11 -12
right_child=1 3 -4 5 -6 8 -8 -9 -10 10 11 -13
leaf_value=-0.054825206518322081 0.037879800475137684 0.028206726043909242 0.0072814038106756504 -0.061600263411854574 0.055367575310633757 -0.051571018124741311 -0.058596227565552661 -0.052174817734527083 -0.052238936625212784 -0.0510927472429374 -0.050978760105918855 -0.050759280170763789
leaf_weight=0.83616249170154344 5.4424447976052859 1.6847756318747986 6.05774619616568 0.61619807779789004 12.667680978775023 0.38834372442215714 0.80676150321960438 1.0375473238527801 1.1211014445871113 0.48683479521423556 0.35747473780065775 0.29310871660709381
leaf_count=20 34 4 32 8 30 15 8 36 32 24 20 20
internal_value=0.0213042 0.0283229 0.0393765 -0.0256685 0.0501122 -0.0534853 -0.0549343 -0.0533576 -0.0515961 -0.0511237 -0.050971 -0.0508799
internal_weight=31.7962 29.1157 24.1679 4.94784 18.1101 3.26306 2.68047 1.87371 2.64686 1.52576 1.13742 0.650583
internal_count=283 219 96 123 64 119 64 56 111 79 64 40
is_linear=0
shrinkage=0.05


Tree=49
num_leaves=12
num_cat=0
split_feature=16 24 19 1 34 36 19 34 7 11 19
split_gain=6.22928 4.78488 3.61528 3.82924 2.49174 0.0478651 0.0120751 0.00036932 0.000201097 0.000118314 1.46909e-05
threshold=37.083333333333336 2.5578992769766269 0.8146245656443577 52.982429437277084 3188.9900228333336 7.0000000000000009 0.92825061512519991 537.3403891666668 1.0556311246645824 0.75521704445890314 0.93091676938783696
decision_type=2 2 2 2 2 2 2 2 2 2 2
left_child=7 -2 4 -4 5 -3 -5 -1 -8 10 -9
right_child=1 2 3 6 -6 -7 8 9 -10 -11 -12
leaf_value=-0.052629182202979498 -0.04117711528395903 0.05567438449366871 0.037555720074362031 -0.059550165062598373 0.014159839319887874 0.050142715883818127 -0.05217776764084147 -0.051160270993911773 -0.050997991075215438 -0.05182076236214285 -0.050795249134309196
leaf_weight=0.77511939406395258 2.3052466399967697 7.8678157031536156 2.3691798448562613 0.7222759481519464 5.639910301193594 7.7752486020326614 0.79950941726565339 0.70987441297620513 0.65885217674076557 0.76097064465284336 0.45062506105750799
leaf_count=19 18 18 5 11 38 22 22 35 36 29 30
internal_value=0.0208875 0.0278446 0.0340039 -0.00645128 0.0426523 0.0529249 -0.0542632 -0.0517079 -0.0516448 -0.0513362 -0.0510185
internal_weight=30.8346 28.138 25.8328 4.54982 21.283 15.6431 2.18064 2.69659 1.45836 1.92147 1.1605
internal_count=283 170 152 74 78 40 69 113 58 94 65
is_linear=0
shrinkage=0.05


Tree=50
num_leaves=13
num_cat=0
split_feature=22 19 34 1 22 21 14 21 0 1 26 3
split_gain=6.25923 6.11201 3.1874 2.63616 0.329193 0.0152897 0.00535698 0.00123801 0.000234696 3.04293e-05 3.70403e-06 2.28923e-06
threshold=-0.65080795000803116 0.83561403546152468 3328.0901961750001 52.982429437277084 0.29091423357935992 0.82444850483215615 0.31363398257065656 -1.461816409897075 43.688889936449108 60.691656987690628 1.2037450124055418 50.340718310484512
decision_type=2 2 2 2 2 2 2 2 2 2 2 2
left_child=6 2 4 -3 -2 -5 7 -1 9 -7 -11 -12
right_child=1 3 -4 5 -6 8 -8 -9 -10 10 11 -13
leaf_value=-0.054703780634129701 0.054800509010065862 0.026190309343790949 0.0068872001257021436 -0.060556340756979049 0.04036441988990682 -0.051415050156404657 -0.058247167318040277 -0.052041512843181141 -0.052014313022682425 -0.050986234098715347 -0.050883873374434258 -0.050685836964777978
leaf_weight=0.79215628094971191 10.352103292942056 1.6151378974318493 6.0267590191215268 0.56863183900713954 6.3845842462033024 0.35212282184511456 0.76427394151687611 0.97310015000403205 1.0172152826562522 0.44123824033886172 0.32399042602628469 0.26552200969308615
leaf_count=20 27 4 32 8 37 15 8 36 32 24 20 20
internal_value=0.0204987 0.027459 0.0380662 -0.0252164 0.0492935 -0.0531844 -0.0547502 -0.0532362 -0.0514378 -0.0510138 -0.0508767 -0.0507947
internal_weight=29.8768 27.3473 22.7634 4.58386 16.7367 2.96872 2.52953 1.76526 2.40009 1.38287 1.03075 0.589512
internal_count=283 219 96 123 64 119 64 56 111 79 64 40
is_linear=0
shrinkage=0.05


Tree=51
num_leaves=13
num_cat=0
split_feature=22 19 34 1 16 29 14 34 4 12 22 34
split_gain=5.86748 5.67895 3.11442 2.49869 0.505669 0.0127882 0.00456668 0.000883252 0.000348984 7.23215e-05 1.2474e-05 3.06105e-06
threshold=-0.65080795000803116 0.83561403546152468 3328.0901961750001 52.982429437277084 51.250000000000007 0.0066925548526626686 0.31363398257065656 3452.3656618416671 39.112849239441935 -0.020495995023216747 1.7041251273358993 2339.7571823750009
decision_type=2 2 2 2 2 2 2 2 2 2 2 2
left_child=6 2 4 -3 -2 8 7 -1 9 -5 -11 -12
right_child=1 3 -4 5 -6 -7 -8 -9 -10 10 11 -13
leaf_value=-0.054138529076957258 0.035447844138934419 0.025298215973072261 0.0065379464841704054 -0.05168672726556587 0.054591053580065108 -0.060974885779171928 -0.057808283775974273 -0.051841474213710693 -0.05240024681348851 -0.051159675416860964 -0.050687560741421216 -0.050899782552124566
leaf_weight=0.90711260493845036 5.0001887977123358 1.5891612581908692 6.0311544910073271 0.44708045013249487 11.1245821416378 0.43069708067923773 0.73237941041588772 0.77690365817397833 0.89483586139976967 0.37580513767897572 0.31786638032644987 0.36505075078457594
leaf_count=24 34 4 32 17 30 13 8 32 24 19 24 22
internal_value=0.0200836 0.0268661 0.03719 -0.0248785 0.0486549 -0.0530415 -0.0545123 -0.0530788 -0.0516182 -0.0511535 -0.0509283 -0.050801
internal_weight=28.9928 26.5764 22.1559 4.4205 16.1248 2.83134 2.4164 1.68402 2.40064 1.5058 1.05872 0.682917
internal_count=283 219 96 123 64 119 64 56 106 82 65 46
is_linear=0
shrinkage=0.05


Tree=52
num_leaves=14
num_cat=0
split_feature=16 24 19 24 34 12 1 10 34 5 34 5 23
split_gain=5.58561 4.31069 3.01642 3.26709 2.30355 1.49871 1.83887 0.0496763 0.000433613 0.00017753 0.000129496 3.48683e-05 2.66469e-06
threshold=37.083333333333336 2.5578992769766269 0.8146245656443577 22.904633304371824 3188.9900228333336 -0.13135857692021288 56.231751696561311 64.583333333333357 537.3403891666668 0.39112849239441932 3706.9903014416668 0.23088604111464378 0.13356808608893525
decision_type=2 2 2 2 2 2 2 2 2 2 2 2 2
left_child=8 -2 4 -4 7 -5 -7 -3 -1 -8 11 -10 -13
right_child=1 2 3 5 -6 6 9 -9 10 -11 -12 12 -14
leaf_value=-0.052673835799982464 -0.040492293503409035 0.054970026028280633 -0.084788822435266781 0.059080286356380712 0.013959633774641954 0.053766050957202244 -0.051083246053689496 0.048968631121830371 -0.051292183327698651 -0.052369647156675525 -0.05211825299604881 -0.05089105302890401 -0.050695639507402961
leaf_weight=0.7808859683573276 2.1882139630615738 7.125057548284536 0.99824770353734393 1.3387444019317629 5.5643237363547078 0.67085576057434071 0.57359500136226393 6.6817391216754913 0.67204241361469008 0.50373703427612782 0.34528577886521805 0.33065052982419729 0.36929421592503786
leaf_count=19 18 18 24 2 38 2 32 22 35 14 11 20 28
internal_value=0.019672 0.0266245 0.0328857 -0.00615865 0.0411198 0.0192687 -0.0112187 0.0520657 -0.051697 -0.0516847 -0.0512528 -0.0510349 -0.050788
internal_weight=28.1427 25.6445 23.4563 4.08518 19.3711 3.08693 1.74819 13.8068 2.49816 1.07733 1.71727 1.37199 0.699945
internal_count=283 170 152 74 78 50 48 40 113 46 94 83 48
is_linear=0
shrinkage=0.05


Tree=53
num_leaves=15
num_cat=0
split_feature=22 16 22 1 2 3 13 15 19 14 21 20 32 22
split_gain=5.40782 5.04862 3.25628 4.26077 2.45901 1.23204 0.366295 0.0899691 0.0151452 0.00398709 0.00102274 0.000408002 0.000160987 9.20133e-05
threshold=-0.65080795000803116 37.083333333333336 1.2635804655306389 50.411940658487801 -1.2688674265189184 30.19528923024367 0.08256402906033436 0.15467584046424199 0.85800653038673558 0.31363398257065656 -1.461816409897075 0.4578638786565235 1.0000000180025095e-35 1.7854985898950186
decision_type=2 2 2 2 2 2 2 2 2 2 2 2 2 2
left_child=9 11 5 -4 -5 -3 -6 -7 -8 10 -1 -2 -13 -10
right_child=1 2 3 4 6 7 8 -9 13 -11 -12 12 -14 -15
leaf_value=-0.054374690461562881 -0.053074911212217607 0.020773498599895187 0.05372354571796948 0.037473345535339229 -0.10109587756240371 0.045599135678782377 -0.061150197922979002 0.053924600808864777 -0.051809040333365752 -0.057521196193647366 -0.051825012944914532 -0.051052187446875022 -0.052209139792895265 -0.050881196171378422
leaf_weight=0.71796016488224279 0.48488933593035 4.8062905408442083 1.9887281358242024 0.75735114514828517 0.57445541769265407 5.7084390297532064 0.61328494176268566 7.5195907950401306 0.49274975433945634 0.69397002086043347 0.86979770101607123 1.0075224814936516 0.42857941612601269 0.58375387731939554
leaf_count=20 10 19 3 2 12 23 5 22 16 8 36 59 11 37
internal_value=0.0193217 0.0260558 0.0325476 -0.00311089 -0.0405177 0.0424543 -0.0666044 0.0503318 -0.0548787 -0.0543597 -0.0529779 -0.0518209 -0.0513975 -0.0513059
internal_weight=27.2474 24.9656 23.0446 5.01032 3.0216 18.0343 2.26424 13.228 1.68979 2.28173 1.58776 1.92099 1.4361 1.0765
internal_count=283 219 139 75 72 64 70 45 58 64 56 80 70 53
is_linear=0
shrinkage=0.05


Tree=54
num_leaves=13
num_cat=0
split_feature=16 24 35 19 1 23 21 34 33 34 4 23
split_gain=4.93381 3.94727 2.24051 2.58277 3.4798 0.302362 0.00882342 0.000319418 0.000119283 9.52185e-05 2.58742e-05 1.9416e-06
threshold=37.083333333333336 2.5578992769766269 13.500000000000002 0.80834495466163514 57.132284661803588 -0.28947047115039642 1.049010561408579 537.3403891666668 1.0000000180025095e-35 3706.9903014416668 23.088604111464381 0.13356808608893525
decision_type=2 2 2 2 2 2 2 2 2 2 2 2
left_child=7 -2 3 5 -5 -3 -6 -1 -8 10 -9 -12
right_child=1 2 -4 4 6 -7 8 9 -10 -11 11 -13
leaf_value=-0.052410739605542739 -0.039745159672529944 0.055975567806540075 -0.0091375412067055545 0.036573276912073176 -0.059390679774695178 0.041433630698803542 -0.051808009671495708 -0.051167268086829677 -0.050776416447672716 -0.051909861247501736 -0.050803471708246485 -0.050628123700339069
leaf_weight=0.71019475348294081 2.1068921294063356 7.1971669681370258 2.8890106398612252 3.1849116496741763 0.48236672673374403 7.1017341259867006 0.57317611575126626 0.60947346128523328 0.54826136771589518 0.31345592159777869 0.29910671804100275 0.33433129917830229
leaf_count=19 18 21 27 11 10 27 18 35 38 11 20 28
internal_value=0.0189935 0.0256308 0.0318984 0.0381094 0.00632752 0.0487531 -0.053736 -0.0515321 -0.0513037 -0.0511311 -0.0509347 -0.0507109
internal_weight=26.3501 24.0835 21.9766 19.0876 4.78872 14.2989 1.6038 2.26656 1.12144 1.55637 1.24291 0.633438
internal_count=283 170 152 125 77 48 66 113 56 94 83 48
is_linear=0
shrinkage=0.05


Tree=55
num_leaves=15
num_cat=0
split_feature=22 19 16 4 0 1 2 10 2 29 10 16 4 22
split_gain=4.95145 4.47919 2.60648 3.04958 3.05025 2.02139 2.80419 1.57617 0.635972 0.0103738 0.00430536 0.000960045 0.000173642 3.31706e-05
threshold=-0.65080795000803116 0.83561403546152468 75.833333333333357 40.829680326608738 11.152366163980167 50.411940658487801 -1.2688674265189184 17.916666666666668 -0.90524001494437234 0.0072384742140892905 62.916666666666671 77.916666666666671 38.454698375928452 1.6443303195639469
decision_type=2 2 2 2 2 2 2 2 2 2 2 2 2 2
left_child=10 2 3 4 -2 -3 -7 -6 -8 12 11 -1 13 -10
right_child=1 5 -4 -5 7 6 8 -9 9 -11 -12 -13 -14 -15
leaf_value=-0.051376998232139148 0.036658583220586981 0.058126907950396489 0.05480890376890616 0.052498924524456696 0.0071811723329119302 0.05761893359399152 -0.12262591053045641 -0.058314602977829769 -0.051294867584876752 -0.060724010727244496 -0.057465402604321494 -0.053930208682907127 -0.05187398207389441 -0.050704208891401162
leaf_weight=0.75079264305532267 2.8380670677870565 0.61962872743606512 8.938848175108431 4.0375808365643024 1.5432591848075392 0.59118598699570313 0.38231226056814804 2.2693284954875708 0.34218006860463679 0.34451672714203585 0.66918228846043337 0.72246614471077919 0.73383059073239554 0.77843268029391766
leaf_count=38 13 1 27 13 9 1 7 34 17 11 14 12 25 61
internal_value=0.0186171 0.0252731 0.0348847 0.0182215 -0.00258818 -0.0244746 -0.0406079 -0.0318032 -0.0631047 -0.0527563 -0.0541397 -0.0526291 -0.0512761 -0.0508846
internal_weight=25.5616 23.4192 19.6271 10.6882 6.65065 3.79209 3.17246 3.81259 2.58127 2.19896 2.14244 1.47326 1.85444 1.12061
internal_count=283 219 96 69 56 123 122 43 121 114 64 50 103 78
is_linear=0
shrinkage=0.05


Tree=56
num_leaves=15
num_cat=0
split_feature=22 22 1 34 13 1 21 34 10 16 1 22 4 16
split_gain=4.66706 4.35017 4.42391 2.51843 2.40609 0.560427 0.147108 0.0119661 0.0036958 0.000821939 0.000179256 3.45954e-05 3.06441e-05 4.38999e-06
threshold=-0.65080795000803116 1.2635804655306389 50.411940658487801 2931.7733721416676 0.010892092867484453 52.982429437277084 0.5644373841854905 4006.9903686749999 62.916666666666671 77.916666666666671 63.123850825977492 1.7041251273358993 33.540738073897103 86.250000000000014
decision_type=2 2 2 2 2 2 2 2 2 2 2 2 2 2
left_child=8 3 -3 6 -4 -6 -2 10 9 -1 12 -12 -7 -13
right_child=1 2 4 -5 5 7 -8 -9 -10 -11 11 13 -14 -15
leaf_value=-0.051308841057622304 0.053635706060023873 0.050254336124758103 0.044886545060697808 0.0044762196798996774 -0.11550668916931631 -0.051519308361583617 0.042741228372432979 -0.058795079524564864 -0.057078843431396881 -0.053728060472737073 -0.051321264525760163 -0.050573944847021782 -0.05206078390430955 -0.050834388516809582
leaf_weight=0.71510080713779023 7.1429511308670097 1.8640503585338581 0.63836670108139548 4.267758445814251 0.4170465245842937 0.49761006049811907 5.4725474212318659 0.73479967191815365 0.64074767753481854 0.68975134193897247 0.29059718549251545 0.43355836346745491 0.55020633712410927 0.25813008472323418
leaf_count=38 24 3 3 38 3 24 27 11 14 12 13 40 16 17
internal_value=0.018385 0.02494 -0.0128927 0.0376778 -0.0437041 -0.0614772 0.0489097 -0.0533277 -0.0539319 -0.0524966 -0.0513487 -0.0508635 -0.0518036 -0.0506711
internal_weight=24.6132 22.5676 5.68437 16.8833 3.82031 3.18195 12.6155 2.7649 2.0456 1.40485 2.0301 0.982286 1.04782 0.691688
internal_count=283 219 130 89 127 124 51 121 64 50 110 70 40 57
is_linear=0
shrinkage=0.05


Tree=57
num_leaves=14
num_cat=0
split_feature=22 22 1 34 13 1 21 14 10 16 22 34 20
split_gain=4.38368 4.04772 4.13315 2.75471 2.27123 0.48836 0.162261 0.0107306 0.00290706 0.000692241 0.00015463 6.18382e-05 2.77756e-06
threshold=-0.65080795000803116 1.2635804655306389 50.411940658487801 3121.990450291667 0.010892092867484453 52.982429437277084 0.5644373841854905 0.1732578817839581 62.083333333333343 77.916666666666671 1.6443303195639469 2622.4907929250007 1.0972166258215001
decision_type=2 2 2 2 2 2 2 2 2 2 2 2 2
left_child=8 3 -3 6 -4 -6 -2 10 9 -1 -7 12 -12
right_child=1 2 4 -5 5 7 -8 -9 -10 -11 11 -13 -14
leaf_value=-0.051242413667641332 0.053438439775105387 0.048823982969217326 0.04375309420514905 0.00069697400729535047 -0.11186770137247992 -0.051752208154454596 0.041884956965707772 -0.058491288662633027 -0.056504769045566949 -0.053536841109193947 -0.05071251257125358 -0.051461192353761821 -0.050522658348901343
leaf_weight=0.65655487775802857 7.1067651659250313 1.8237623125314701 0.62256622314453158 3.9801652729511252 0.40928350389003787 0.86885390430688891 5.3093918729573488 0.69631701987236727 0.63783621229231346 0.65839601308107376 0.3834738330915568 0.30205176118761301 0.38713239505887032
leaf_count=37 25 3 3 37 3 29 27 11 15 12 29 13 39
internal_value=0.0180456 0.0244491 -0.0126963 0.0368944 -0.0432708 -0.0610509 0.0484979 -0.0531662 -0.0537348 -0.0523912 -0.0512564 -0.0508548 -0.0506171
internal_weight=23.8426 21.8898 5.49344 16.3963 3.66968 3.04711 12.4162 2.63783 1.95279 1.31495 1.94151 1.07266 0.770606
internal_count=283 219 130 89 127 124 52 121 64 49 110 81 68
is_linear=0
shrinkage=0.05


Tree=58
num_leaves=14
num_cat=0
split_feature=16 7 8 19 1 2 16 21 34 34 6 0 11
split_gain=4.06633 2.51098 4.47962 2.7554 2.45093 2.44015 0.734028 0.356494 0.000209974 0.000107634 8.11096e-05 1.67533e-05 1.45064e-05
threshold=37.083333333333336 4.5895735155163218 0.38569268919249039 0.8146245656443577 51.525708739531154 -1.2688674265189184 75.833333333333357 0.74836952681744451 537.3403891666668 2539.5317893916667 5.5675033870518655 30.520073012997592 0.75312680755850048
decision_type=2 2 2 2 2 2 2 2 2 2 2 2 2
left_child=8 3 -3 6 -5 -6 -2 -7 -1 -9 11 12 -10
right_child=1 2 -4 4 5 7 -8 9 10 -11 -12 -13 -14
leaf_value=-0.052111479612290637 0.031442625640587425 -0.060302492920065114 0.033229267611394393 0.054952874364899519 0.056582255588462964 -0.10141941124851113 0.055684512618737338 -0.050620346982476597 -0.050724835792878488 -0.051636157686726206 -0.051761239308880359 -0.050528305001403574 -0.05118747857330283
leaf_weight=0.62497455812990921 5.7310260385274905 2.1984860822558394 3.0646977862343192 1.0800342559814446 0.52963262796402277 0.50962677597999295 6.8608433604240417 0.39342125877737977 0.35371254384517647 0.7734408238902688 0.27672639582306136 0.37012696918100119 0.32523076981306076
leaf_count=19 28 28 20 3 1 4 23 34 29 29 11 37 17
internal_value=0.0177162 0.0240897 -0.00583991 0.0340106 -0.00676167 -0.0369748 0.0446511 -0.0665311 -0.0513559 -0.0512937 -0.0509998 -0.0507989 -0.0509465
internal_weight=23.092 21.1412 5.26318 15.878 3.28616 2.20612 12.5919 1.67649 1.95077 1.16686 1.3258 1.04907 0.678943
internal_count=283 170 48 122 71 68 51 67 113 63 94 83 46
is_linear=0
shrinkage=0.05


Tree=59
num_leaves=15
num_cat=0
split_feature=22 19 34 1 2 2 34 21 10 12 34 18 20 20
split_gain=3.99793 3.66412 2.74193 1.65686 2.29585 0.463732 0.369902 0.0100802 0.00218629 0.000563718 0.000100986 7.1325e-05 4.43329e-05 1.66607e-06
threshold=-0.65080795000803116 0.83561403546152468 3328.0901961750001 50.411940658487801 -1.2688674265189184 -1.0070080039072258 1412.4071553083338 0.74836952681744451 62.083333333333343 -0.4766252670527899 2539.5317893916667 1.1821473235799667 0.84568017293047026 1.1774172592831904
decision_type=2 2 2 2 2 2 2 2 2 2 2 2 2 2
left_child=8 2 6 -3 -5 -6 -2 -7 9 -1 13 -11 -12 -9
right_child=1 3 -4 4 5 7 -8 10 -10 11 12 -13 -14 -15
leaf_value=-0.053769624243200136 0.033465035118525013 0.056573341513708922 0.0041895700787568848 0.056220159598713362 -0.11900003206464622 -0.060683864230870077 0.052765530203385917 -0.050635655852470624 -0.055980582263579895 -0.051000731521130951 -0.051654145597106731 -0.051942042828937322 -0.050952977085291964 -0.05048376897956941
leaf_weight=0.4214388271793722 3.5924240667373004 0.52908229827880804 5.5897921547293654 0.50696474313736528 0.30346373841167107 0.32165383361278843 8.0349556654691678 0.37694595335051395 0.59275807812809933 0.36767400335520761 0.52404399309307337 0.44456767290830612 0.39562713354825974 0.34652340039610863
leaf_count=8 32 1 32 1 3 5 32 32 15 28 19 13 24 38
internal_value=0.0174028 0.0237118 0.0329676 -0.0245153 -0.0399744 -0.0614743 0.0468024 -0.0525894 -0.0534849 -0.0522858 -0.0510049 -0.0515159 -0.0513525 -0.0505629
internal_weight=22.3479 20.5215 17.2172 3.30431 2.77522 2.26826 11.6274 1.96479 1.82644 1.23368 1.64314 0.812242 0.919671 0.723469
internal_count=283 219 96 123 122 121 64 118 64 49 113 41 43 70
is_linear=0
shrinkage=0.05


Tree=60
num_leaves=14
num_cat=0
split_feature=22 22 1 34 13 13 10 34 10 16 22 16 20
split_gain=3.75225 3.40396 3.64333 2.60413 1.9436 0.318874 0.163017 0.00971446 0.00187895 0.000525834 0.000150719 3.034e-06 1.09526e-06
threshold=-0.65080795000803116 1.2635804655306389 50.411940658487801 3121.990450291667 0.010892092867484453 0.040479539584707555 57.916666666666671 3982.3657344333337 62.083333333333343 77.916666666666671 1.6443303195639469 86.250000000000014 1.1774172592831904
decision_type=2 2 2 2 2 2 2 2 2 2 2 2 2
left_child=8 3 -3 6 -4 -6 -2 10 9 -1 -7 12 -12
right_child=1 2 4 -5 5 7 -8 -9 -10 -11 11 -13 -14
leaf_value=-0.051083755348040355 0.039681310521201579 0.046833831841462482 0.042862972969432811 9.2136033381960052e-05 -0.10379414468732165 -0.051552381561493027 0.052288797266028364 -0.057739482454848001 -0.055675499905939466 -0.053199122993838055 -0.050584049528541931 -0.050701220579131449 -0.050435223202066497
leaf_weight=0.57153480499983078 4.0637494865804928 1.7170730084180821 0.55175863206386599 3.9003621852025381 0.35986895672977004 0.7794467927888038 6.9473379105329514 0.82663303334265936 0.5668604765087365 0.60449355468153954 0.22424094658344984 0.3094649133272469 0.27550608525052667
leaf_count=37 22 3 3 37 4 29 30 13 15 12 21 24 33
internal_value=0.0170447 0.0231895 -0.0123167 0.0351999 -0.0428452 -0.0598857 0.0476359 -0.0533435 -0.0533109 -0.0521711 -0.0510562 -0.0505782 -0.050502
internal_weight=21.6983 19.9554 5.04399 14.9114 3.32692 2.77516 11.0111 2.41529 1.74289 1.17603 1.58866 0.809212 0.499747
internal_count=283 219 130 89 127 124 52 120 64 49 107 78 54
is_linear=0
shrinkage=0.05


Tree=61
num_leaves=14
num_cat=0
split_feature=16 22 20 35 22 15 4 15 3 34 18 4 23
split_gain=3.60115 3.44199 2.50476 4.67405 1.78183 0.829751 0.0324791 0.00256311 0.00132781 0.000184541 7.16959e-05 1.78589e-05 7.85582e-07
threshold=37.083333333333336 -0.65080795000803116 0.77832861564948475 12.500000000000002 0.51469412909809698 1.1235553784817489 23.088604111464381 0.16775600296120008 45.338294477967757 537.3403891666668 0.83731737813700013 23.088604111464381 0.13356808608893525
decision_type=2 2 2 2 2 2 2 2 2 2 2 2 2
left_child=9 -2 4 -4 -3 -6 -5 8 -8 -1 11 -11 -13
right_child=1 2 3 6 5 -7 7 -9 -10 10 -12 12 -14
leaf_value=-0.052019337996281251 -0.053743850558331731 0.051567368425686391 0.04570813473742253 -0.068395199819624039 -0.010425714323884281 0.033946574892679195 -0.054948681933053037 -0.056674952040263016 -0.050800197376851479 -0.050949469456400845 -0.05167868306359661 -0.050580465723051894 -0.050448838077977204
leaf_weight=0.59343223180622118 1.3574138246476675 9.3511326238513011 2.2445086091756812 0.58185109496116671 2.046233022119849 2.1717914193868637 0.33030729927122571 0.70095321722328663 0.46361522423103452 0.47580098640173651 0.25706604309380054 0.21554968971759081 0.23908490594476461
leaf_count=19 31 37 8 3 33 8 6 8 36 35 11 20 28
internal_value=0.0167228 0.0230167 0.0288408 -0.00431166 0.0393985 0.0124208 -0.0583726 -0.0544715 -0.0525262 -0.0512994 -0.0509396 -0.0507353 -0.0505112
internal_weight=21.0287 19.2478 17.8904 4.32124 13.5692 4.21802 2.07673 1.49488 0.793923 1.78093 1.1875 0.930436 0.454635
internal_count=283 170 139 61 78 41 53 50 42 113 94 83 48
is_linear=0
shrinkage=0.05


Tree=62
num_leaves=15
num_cat=0
split_feature=10 16 35 26 22 10 24 26 4 16 34 6 0 0
split_gain=3.51514 3.40928 2.45039 1.78375 1.39151 1.69514 2.15271 0.196193 0.010524 0.00513817 0.000149072 5.6864e-05 1.16158e-05 6.8873e-06
threshold=8.7500000000000018 41.250000000000007 13.500000000000002 3.4722509965485768 1.2635804655306389 9.5833333333333339 24.246186303145354 1.1046096153801395 26.645277862143029 37.083333333333336 537.3403891666668 4.8448048126945862 30.520073012997592 23.307608655195633
decision_type=2 2 2 2 2 2 2 2 2 2 2 2 2 2
left_child=8 3 4 9 7 -6 -7 -3 -1 10 -2 12 13 -12
right_child=1 2 -4 -5 5 6 -8 -9 -10 -11 11 -13 -14 -15
leaf_value=-0.060428293742966571 -0.0519183729276581 0.04000186591663743 -0.012372861368677757 0.052775298661425642 0.065525111498655059 -0.080366056532100952 0.023286021390440236 0.054017924046448798 -0.052151348246748198 -0.057448521522261764 -0.050679418580158758 -0.051643124391726684 -0.050434305816418994 -0.051026287892309369
leaf_weight=0.69872697815299278 0.56556024122983561 4.1795791257172841 2.7306100111454716 0.50150729715824116 0.96458743698894922 0.78388487873598967 1.3876798241399226 6.2009270787239075 0.85273143649101257 0.42565748654305924 0.30143108638003446 0.20969034871086478 0.24751013424247503 0.27245535841211677
leaf_count=10 19 28 24 2 2 17 32 23 34 6 27 11 30 18
internal_value=0.0164523 0.0224306 0.030829 -0.0316347 0.0395566 0.0103696 -0.01413 0.0483745 -0.055879 -0.0525673 -0.051266 -0.0509082 -0.0507206 -0.0508441
internal_weight=20.3225 18.7711 16.2473 2.52381 13.5167 3.13615 2.17156 10.3805 1.55146 2.0223 1.59665 1.03109 0.821397 0.573886
internal_count=283 239 126 113 102 51 49 51 44 111 105 86 75 45
is_linear=0
shrinkage=0.05


Tree=63
num_leaves=15
num_cat=0
split_feature=22 20 22 15 1 14 20 29 12 3 10 12 16 19
split_gain=3.24483 3.01307 3.05837 2.98727 2.51721 1.25682 0.163025 0.0959061 0.0122583 0.00354152 0.00134018 0.000400516 7.08638e-05 4.80673e-05
threshold=-0.65080795000803116 0.77832861564948475 0.57195388303055072 0.54988178107744878 50.411940658487801 0.021431972595903456 -0.11633817084123273 -0.0027789682993578043 0.37689763942008619 27.636232768581106 62.083333333333343 -0.4766252670527899 61.250000000000007 0.87313469563704482
decision_type=2 2 2 2 2 2 2 2 2 2 2 2 2 2
left_child=10 2 6 8 -4 -6 -2 -7 9 -3 11 -1 -13 -11
right_child=1 3 4 -5 5 7 -8 -9 -10 13 -12 12 -14 -15
leaf_value=-0.053308996570740147 0.042456768046794283 -0.055723989706618321 0.044299065389673785 0.024779508543564921 0.016159415265741956 -0.078582687731074963 0.055641127041339937 -0.052981227061939168 -0.061311645060330794 -0.05129995244339372 -0.055103566762035643 -0.050738200585497051 -0.051759385006096337 -0.050626320862450738
leaf_weight=0.36894961819052685 4.2917728908360004 0.55884882807731573 1.6231690943241113 2.5667883567512035 0.73490689368918571 0.62457803823053781 5.1679128706455248 0.88294669566676054 0.50750684412196267 0.41486174892634131 0.51177980052307237 0.33059367258101957 0.3494717963039875 0.73219355987384915
leaf_count=8 25 7 3 12 16 9 19 31 7 18 15 30 11 72
internal_value=0.0161671 0.0221303 0.034347 -0.0119251 -0.00312502 -0.0374526 0.0496595 -0.0635881 -0.0544897 -0.0524601 -0.0530059 -0.0519826 -0.051263 -0.05087
internal_weight=19.6663 18.1055 13.3253 4.7802 3.8656 2.24243 9.45969 1.50752 2.21341 1.7059 1.56079 1.04902 0.680065 1.14706
internal_count=283 219 103 116 59 56 44 40 104 97 64 49 41 90
is_linear=0
shrinkage=0.05


Tree=64
num_leaves=15
num_cat=0
split_feature=22 16 21 35 22 15 0 29 14 21 19 22 19 9
split_gain=3.05493 2.73472 2.38381 4.5049 1.95546 1.85602 0.581185 0.00231981 0.00107148 0.000290247 0.000108175 5.34842e-05 1.72044e-05 2.66955e-06
threshold=-0.65080795000803116 37.916666666666679 -0.18635191452416403 12.500000000000002 1.3834094141129321 0.20050657218851878 37.631759633034633 -0.0027789682993578043 0.31363398257065656 -1.461816409897075 0.74082088575044736 1.6933434224873869 0.92825061512519991 0.0060255597579532512
decision_type=2 2 2 2 2 2 2 2 2 2 2 2 2 2
left_child=8 6 -3 -4 -5 11 7 -2 9 -1 -9 -6 -12 -13
right_child=1 2 3 4 5 -7 -8 10 -10 -11 12 13 -14 -15
leaf_value=-0.052852035130813893 -0.05577121725294501 0.052915147382291076 0.039309944950527087 -0.065597951111656436 -0.051435297700443451 0.055535834718846683 0.014011183529310346 -0.051989460801778312 -0.05481390896907376 -0.051154328173776409 -0.05112730669566156 -0.050693920571304812 -0.050586712501318389 -0.050435010702862659
leaf_weight=0.46714036725461472 0.41698976233601559 6.088585734367375 6.0402164496481348 1.931965194642544 0.33138746302574851 0.92465892434120178 0.42965798778459419 0.35364248417318123 0.47560296952724446 0.5460310503840472 0.32883748970925808 0.22137353755533695 0.26641155127435923 0.18092845566570759
leaf_count=20 9 26 32 22 14 2 18 11 8 36 16 18 29 22
internal_value=0.0159047 0.0217495 0.0284269 0.012945 -0.0314105 0.00841757 -0.0367083 -0.0526628 -0.0528561 -0.0519371 -0.0512968 -0.0509649 -0.0508854 -0.0505775
internal_weight=19.0034 17.5147 15.7191 9.63053 3.59031 1.65835 1.79554 1.36588 1.48877 1.01317 0.948892 0.733689 0.595249 0.402302
internal_count=283 219 136 110 78 56 83 65 64 56 56 54 45 40
is_linear=0
shrinkage=0.05


Tree=65
num_leaves=12
num_cat=0
split_feature=10 16 3 16 11 14 4 34 6 11 23
split_gain=3.03785 3.23402 2.01122 0.889467 0.411633 0.0227553 0.00771048 9.08807e-05 5.6926e-05 8.56418e-06 2.31716e-06
threshold=8.7500000000000018 37.083333333333336 17.293446823131394 87.083333333333357 0.7452320108598931 0.049323953518230608 26.645277862143029 537.3403891666668 4.9576297897957131 0.75312680755850048 0.043876994026845702
decision_type=2 2 2 2 2 2 2 2 2 2 2
left_child=6 7 -3 4 5 -4 -1 -2 9 10 -9
right_child=1 2 3 -5 -6 -7 -8 8 -10 -11 -12
leaf_value=-0.059292237678483718 -0.051665035970233558 -0.0070534555311155562 0.04787162448586281 0.010346292279201971 0.028819545179320144 0.053669171638021131 -0.0518334588663001 -0.050602137262850039 -0.051598965478160654 -0.050835292117750036 -0.050371580710387401
leaf_weight=0.64891812670976168 0.49639519955963141 3.2242629230022422 3.2494526943191868 2.4491605442017308 3.0679946593008935 3.532446414232254 0.74344475893303752 0.21021531196311116 0.1878491542302072 0.28421322023496032 0.22628998709842563
leaf_count=10 19 30 26 34 30 14 34 21 10 23 32
internal_value=0.0156829 0.0215221 0.0280968 0.0373116 0.0440165 0.0508914 -0.0553097 -0.051121 -0.0508237 -0.0506217 -0.0504826
internal_weight=18.3206 16.9283 15.5233 12.2991 9.84989 6.7819 1.39236 1.40496 0.908568 0.720719 0.436505
internal_count=283 239 134 104 70 40 44 105 86 76 53
is_linear=0
shrinkage=0.05


Tree=66
num_leaves=11
num_cat=0
split_feature=10 16 35 32 10 28 4 0 15 11
split_gain=2.84521 3.02019 2.22022 1.83609 3.43302 0.0074615 0.00658662 6.8022e-05 6.35156e-05 1.42969e-05
threshold=8.7500000000000018 37.083333333333336 13.500000000000002 1.0000000180025095e-35 22.916666666666668 0.30896981278752661 26.645277862143029 22.59898065807268 0.32842215230001198 0.75312680755850048
decision_type=2 2 2 2 2 2 2 2 2 2
left_child=6 7 3 4 -3 -5 -1 8 -2 -9
right_child=1 2 -4 5 -6 -7 -8 9 -10 -11
leaf_value=-0.05879354310930246 -0.050779518993884054 0.047622936031195988 -0.013849761573946419 0.049238114100725205 -0.039094775128503574 0.052367331583550662 -0.051743517422514131 -0.050357700267059338 -0.051711024280829347 -0.050868900237930365
leaf_weight=0.62237304076552635 0.29101415816694742 2.7374660247005504 2.6965947579592457 3.3048665933310986 1.9573612390086053 4.4974054098129272 0.70838475506752729 0.24642654554918408 0.49303959682583809 0.3073733439669013
leaf_count=10 24 26 27 23 37 21 34 36 22 23
internal_value=0.0152934 0.0209551 0.0272968 0.0361753 0.0114687 0.0510419 -0.0550407 -0.0510656 -0.0513653 -0.0506414
internal_weight=17.8623 16.5315 15.1937 12.4971 4.69483 7.80227 1.33076 1.33785 0.784054 0.5538
internal_count=283 239 134 107 63 44 44 105 46 59
is_linear=0
shrinkage=0.05


Tree=67
num_leaves=15
num_cat=0
split_feature=22 20 22 35 20 16 15 20 4 24 3 24 10 12
split_gain=2.71197 2.59948 2.68047 2.67077 1.8379 1.00736 1.35181 0.168828 0.0194815 0.00600208 0.00281621 0.00170111 0.000955677 0.000324403
threshold=-0.65080795000803116 0.77832861564948475 0.57195388303055072 12.500000000000002 0.23457049241782538 47.083333333333336 0.99961099338448489 -0.11633817084123273 21.378244935703503 3.7895522388058107 30.19528923024367 6.0394322649678793 62.083333333333343 -0.4766252670527899
decision_type=2 2 2 2 2 2 2 2 2 2 2 2 2 2
left_child=12 2 7 5 -4 6 9 -2 -5 -3 -10 -6 13 -1
right_child=1 3 4 8 11 -7 -8 -9 10 -11 -12 -13 -14 -15
leaf_value=-0.053025753365903365 0.040824019400507533 -0.061667993752562482 0.023119529794453531 -0.064931422087199139 -0.055107344529175976 0.056648614179097549 0.052813533126135619 0.055290855338451177 -0.055359975508315076 -0.050829222059339742 -0.050648030816920403 -0.051249934919504816 -0.054582979344325058 -0.051058514391158064
leaf_weight=0.33033064659684896 3.6676128804683685 0.16694297734647923 2.2803067993372674 0.52973530534654845 0.45032613351941086 1.1409662514925001 0.51827678084373474 4.4801490008831006 0.86717696860432603 0.54373016720637679 0.49991356115788221 0.78235402377322316 0.45725729828700423 0.5731934043578828
leaf_count=8 25 2 8 4 7 3 2 19 11 47 47 44 15 41
internal_value=0.0150307 0.0208191 0.0330378 -0.0125738 -0.00347062 0.0228167 -0.00859302 0.0487788 -0.0567912 -0.0533753 -0.0536369 -0.0526591 -0.0527204 -0.0517777
internal_weight=17.2883 15.9275 11.6607 4.26674 3.51299 2.36992 1.22895 8.14776 1.89683 0.710673 1.36709 1.23268 1.36078 0.903524
internal_count=283 219 103 116 59 54 51 44 62 49 58 51 64 49
is_linear=0
shrinkage=0.05


Tree=68
num_leaves=15
num_cat=0
split_feature=22 20 22 15 1 6 20 13 12 19 10 12 16 32
split_gain=2.55935 2.42773 2.54419 2.32729 1.90377 1.1939 0.175769 0.10821 0.00610444 0.00223393 0.000820828 0.000278374 3.11585e-05 2.3477e-05
threshold=-0.65080795000803116 0.77832861564948475 0.57195388303055072 0.54988178107744878 50.411940658487801 1.7896589827382694 -0.11633817084123273 0.044413691773262057 0.37689763942008619 0.69698501320736683 62.083333333333343 -0.4766252670527899 61.250000000000007 1.0000000180025095e-35
decision_type=2 2 2 2 2 2 2 2 2 2 2 2 2 2
left_child=10 2 6 8 -4 -6 -2 -7 9 -3 11 -1 -13 -11
right_child=1 3 4 -5 5 7 -8 -9 -10 13 -12 12 -14 -15
leaf_value=-0.052872756785806753 0.040016939381782017 -0.054880034425307062 0.03996200178541167 0.022115987085882898 0.019334414976989293 -0.083340719852495027 0.055057285775503798 -0.052866860826023633 -0.058906693804824821 -0.050537372588596877 -0.054350659562709548 -0.050620316772327457 -0.051376066901385679 -0.0510714313031327
leaf_weight=0.31510652275756001 3.557335639372468 0.48549865931272396 1.4570726305246355 2.2167736915871501 0.66254836414009322 0.43646951019763924 4.2792728096246702 0.87590740108862519 0.4315576348453759 0.6438053660094738 0.43676880933344364 0.26704085711390024 0.27874171733856201 0.30245446786284447
leaf_count=8 25 7 3 12 11 7 19 38 7 74 15 30 11 16
internal_value=0.0148413 0.0205419 0.0325075 -0.0125053 -0.00339296 -0.0353797 0.0482299 -0.0630018 -0.053694 -0.0521228 -0.0525852 -0.0516895 -0.0510063 -0.0507081
internal_weight=16.6464 15.3487 11.2686 4.08009 3.432 1.97493 7.83661 1.31238 1.86332 1.43176 1.29766 0.860889 0.545783 0.94626
internal_count=283 219 103 116 59 56 44 45 104 97 64 49 41 90
is_linear=0
shrinkage=0.05


Tree=69
num_leaves=14
num_cat=0
split_feature=17 24 16 19 24 12 1 34 19 9 7 11 19
split_gain=2.39258 2.47072 3.05334 2.03985 1.6423 0.797364 0.837929 0.500114 6.25165e-05 3.73505e-05 2.28798e-05 6.01578e-06 1.49977e-06
threshold=19.500000000000004 2.5578992769766269 37.083333333333336 0.8146245656443577 22.904633304371824 -0.13135857692021288 56.231751696561311 3188.9900228333336 0.80037877511351752 0.0049390355625424506 1.2447982810351759 0.75521704445890314 0.95452029260308791
decision_type=2 2 2 2 2 2 2 2 2 2 2 2 2
left_child=-1 -2 8 7 -5 -6 -7 -4 9 -3 -8 12 -10
right_child=1 2 3 4 5 6 10 -9 11 -11 -12 -13 -14
leaf_value=-0.054488927585556957 -0.041860202527060041 -0.051774635462589695 0.05196509868378734 -0.070718047595986322 0.054815807357638316 0.051615961182235548 -0.051091506750818839 0.028199156231517215 -0.05054664658321717 -0.051020811150958967 -0.050428952224636114 -0.050811155401583541 -0.050323388428491149
leaf_weight=1.1630238844081766 1.4581721322610981 0.27334019308909663 6.5789091587066633 0.71757037611678187 0.82295233011245494 0.31197658181190702 0.34406876843422651 3.3360931528732181 0.15629991330206394 0.41200385242700577 0.20972653571516275 0.17005444876849651 0.1450142590329051
leaf_count=28 19 12 38 24 2 2 20 25 18 32 26 13 24
internal_value=0.014587 0.0199657 0.0266546 0.0339463 -0.00735018 0.019576 -0.0139209 0.0439686 -0.0510166 -0.0513215 -0.0508406 -0.0505734 -0.0504392
internal_weight=16.0992 14.9362 13.478 12.3213 2.40629 1.68872 0.865772 9.915 1.15671 0.685344 0.553795 0.471369 0.301314
internal_count=283 255 236 137 74 50 48 63 99 44 46 55 42
is_linear=0
shrinkage=0.05


Tree=70
num_leaves=15
num_cat=0
split_feature=22 16 22 1 13 34 0 23 7 15 3 14 14 18
split_gain=2.35304 2.0638 1.527 1.71408 1.60974 0.980623 0.492909 0.172064 0.044826 0.00379271 0.00281868 0.000800612 0.000190532 5.61708e-05
threshold=-0.65080795000803116 37.916666666666679 1.2635804655306389 50.411940658487801 0.010892092867484453 2917.2072360249999 38.207053379771601 -1.6326626127100881 1.2447982810351759 0.26662672823145456 19.94481215143928 0.3352141281300664 0.033087141216101859 1.3820088677308564
decision_type=2 2 2 2 2 2 2 2 2 2 2 2 2 2
left_child=11 6 5 -4 -5 8 10 -6 -3 -9 -2 12 -1 -14
right_child=1 2 3 4 7 -7 -8 9 -10 -11 -12 -13 13 -15
leaf_value=-0.052764618968534543 -0.056380563180696674 0.043752393889758323 0.038507873904402329 0.048137889386665689 -0.098932123917476744 0.014862676928203819 0.016246625215970749 -0.050741118446130107 0.052248127264832314 -0.056581649429245796 -0.050975637762768179 -0.054453270337055028 -0.050662959896908971 -0.051613521213692087
leaf_weight=0.25108714355155892 0.35480663925409206 2.9693596065044385 1.3925478309392922 0.44198443926870812 0.24997086822986281 3.4186749532818794 0.33829801343381394 0.67366476636380246 3.2542038559913635 0.473216338083148 0.75344948470592499 0.34297718852758408 0.31450232025235891 0.30723844096064568
leaf_count=12 6 23 3 2 1 22 16 62 17 6 61 6 35 11
internal_value=0.0143753 0.0200451 0.0264079 -0.00333843 -0.0350286 0.0363768 -0.0365804 -0.0613437 0.0481947 -0.053151 -0.052706 -0.0524064 -0.0516021 -0.0511327
internal_weight=15.536 14.3202 12.8736 3.23138 1.83884 9.64224 1.44655 1.39685 6.22356 1.14688 1.10826 1.21581 0.872828 0.621741
internal_count=283 219 136 74 71 62 83 69 40 68 67 64 58 46
is_linear=0
shrinkage=0.05


Tree=71
num_leaves=15
num_cat=0
split_feature=17 10 16 0 32 12 22 12 23 10 28 5 15 22
split_gain=2.22968 2.58364 2.42352 1.23226 1.1043 1.75667 3.00204 0.47097 0.419893 0.0228086 0.00561412 0.00401283 4.85124e-05 8.42483e-06
threshold=19.500000000000004 8.7500000000000018 41.250000000000007 55.654598446732571 1.0000000180025095e-35 0.39546347728992887 1.3834094141129321 -0.33046052645869389 -1.6326626127100881 61.250000000000007 0.76632197327382146 0.26521932744486004 0.32842215230001198 1.6443303195639469
decision_type=2 2 2 2 2 2 2 2 2 2 2 2 2 2
left_child=-1 11 3 10 5 6 -4 -8 -9 -6 12 -2 13 -3
right_child=1 2 4 -5 9 -7 7 8 -10 -11 -12 -13 -14 -15
leaf_value=-0.054274425023998589 -0.057497437985157454 -0.050725333552513345 -0.069518886256329182 0.051964922149930794 0.045255800824100842 0.054552694242202694 0.061478965680908118 0.054606630751165279 -0.0074575703862650618 0.051464748017375633 -0.0589819198906587 -0.051415170750662126 -0.051262332574012942 -0.050286723787246704
leaf_weight=1.1051063574850548 0.48909873794764347 0.33009447529911884 1.1666226536035522 0.35823431611061085 2.6227474333718419 1.9597793743014333 0.78236639499663985 0.39797279238700545 0.8645021235570377 3.3921464830636978 0.27389974612742651 0.60864584986120462 0.55073589459061623 0.16381512861698866
leaf_count=28 8 27 17 2 21 4 1 1 43 24 3 36 37 31
internal_value=0.0140926 0.0195044 0.0257881 -0.0302684 0.0341908 0.0172479 -0.00551722 0.030997 0.0121071 0.0487574 -0.0526103 -0.0541251 -0.0509397 -0.0505799
internal_weight=15.0658 13.9607 12.8629 1.67678 11.1861 5.17124 3.21146 2.04484 1.26247 6.01489 1.31855 1.09774 1.04465 0.49391
internal_count=283 255 211 100 111 66 62 45 44 45 98 44 95 58
is_linear=0
shrinkage=0.05


Tree=72
num_leaves=15
num_cat=0
split_feature=22 20 35 22 22 16 15 1 4 24 22 14 14 18
split_gain=2.12254 1.97961 2.29266 2.14213 2.20934 0.767427 1.10828 0.153343 0.0130831 0.00282578 0.00165025 0.000700001 0.000136949 4.72255e-05
threshold=-0.65080795000803116 0.77832861564948475 12.500000000000002 0.57195388303055072 1.3834094141129321 47.083333333333336 0.99961099338448489 47.380827199670499 21.378244935703503 3.7895522388058107 -1.0000000180025095e-35 0.3352141281300664 0.033087141216101859 1.3820088677308564
decision_type=2 2 2 2 2 2 2 2 2 2 2 2 2 2
left_child=11 3 5 7 -5 6 9 -2 -4 -3 -10 12 -1 -14
right_child=1 2 8 4 -6 -7 -8 -9 10 -11 -12 -13 13 -15
leaf_value=-0.052498438135514226 0.039234809962694683 -0.058825953247377986 -0.062921573631204472 -0.067555405873473598 0.024683544939782399 0.055651991031508079 0.052406316095279792 0.05440832689395797 -0.0544991653776618 -0.050648849855196902 -0.05052827763732181 -0.054237429296775323 -0.050596278994974833 -0.051509170851650035
leaf_weight=0.23016456328332491 3.2033973410725576 0.14002937497571044 0.48208509664982546 0.93277040962129865 2.1353972833603621 0.97403854131698597 0.44829264283180237 3.4673051089048386 0.74725645035505084 0.43035975797101855 0.40261912718415449 0.320340596139431 0.28368189977481961 0.28299929574131966
leaf_count=12 25 2 4 21 38 3 2 19 11 47 47 6 35 11
internal_value=0.0139431 0.0194779 -0.0120662 0.0312182 -0.00335852 0.02392 -0.00642126 0.0471217 -0.0560075 -0.0526563 -0.0531088 -0.0522635 -0.0514699 -0.0510522
internal_weight=14.4807 13.3636 3.62468 9.73887 3.06817 1.99272 1.01868 6.6707 1.63196 0.570389 1.14988 1.11719 0.796846 0.566681
internal_count=283 219 116 103 59 54 51 44 62 49 58 64 58 46
is_linear=0
shrinkage=0.05


Tree=73
num_leaves=13
num_cat=0
split_feature=22 21 19 20 14 14 14 18 22 4 34 20
split_gain=2.00193 1.87933 2.50906 1.16596 0.00365507 0.000599577 0.000118025 4.05374e-05 3.95531e-05 2.85429e-05 4.22119e-07 1.08054e-06
threshold=-0.65080795000803116 -0.18635191452416403 0.66797701844572466 0.23457049241782538 0.11008288183694812 0.3352141281300664 0.033087141216101859 1.3820088677308564 1.6933434224873869 34.293143379121496 2486.9903059583339 1.0972166258215001
decision_type=2 2 2 2 2 2 2 2 2 2 2 2
left_child=5 -2 -3 -4 8 6 -1 -8 9 -5 11 -10
right_child=1 2 3 4 -6 -7 7 -9 10 -11 -12 -13
leaf_value=-0.052375418989296409 0.04466221680314085 0.02636933397411298 0.012076342550758623 -0.050641428991644567 -0.055138367075259001 -0.054019701283770261 -0.050567073928139944 -0.051433836499383316 -0.050431669791070811 -0.051220601236476676 -0.050459225482477915 -0.050246985090995649
leaf_weight=0.21944056870415873 4.6352147571742526 5.1431374941021186 1.0647736545652153 0.38691745605319761 0.74736500997096289 0.30591451935470104 0.26999849174171686 0.26958159822970629 0.18660505674779415 0.47251630341634154 0.13244063360616565 0.13759764190763235
leaf_count=12 31 33 6 35 22 6 35 11 24 23 16 29
internal_value=0.0137386 0.0191752 0.00489243 -0.030418 -0.0523459 -0.0521509 -0.0513977 -0.0510001 -0.0507601 -0.0509599 -0.050384 -0.0503533
internal_weight=13.9715 12.9066 8.27135 3.12822 2.06344 1.06494 0.759021 0.53958 1.31608 0.859434 0.456643 0.324203
internal_count=283 219 188 155 149 64 58 46 127 58 69 53
is_linear=0
shrinkage=0.05


Tree=74
num_leaves=14
num_cat=0
split_feature=17 16 24 19 24 5 13 14 20 28 3 9 19
split_gain=1.97789 2.05413 2.50471 2.0536 1.29259 1.12027 0.37528 0.667333 0.171501 0.00597905 0.000139083 3.0062e-05 2.55068e-06
threshold=19.500000000000004 41.250000000000007 2.5578992769766269 0.82098660789963174 24.246186303145354 0.5138799631476475 0.029062787787446153 0.07517400968656747 -0.19222261078090055 0.76632197327382146 19.94481215143928 0.0050011839349991512 0.89945835508754313
decision_type=2 2 2 2 2 2 2 2 2 2 2 2 2
left_child=-1 5 -3 8 -5 9 -6 -8 -4 10 -2 -12 -13
right_child=1 2 3 4 6 -7 7 -9 -10 -11 11 12 -14
leaf_value=-0.053906468737340618 -0.05206022306244007 -0.040482331269707121 0.036160902476492084 -0.065857055547913587 0.053464952569478245 0.051724110458321676 -0.050715572916152196 0.042822145727210777 0.05196906202821603 -0.059267593895196848 -0.051036159228140268 -0.05050927271366118 -0.050246953870848945
leaf_weight=1.010364684043451 0.24855076707899637 1.2313029821962107 2.5630145585164428 0.6874090484343468 0.49239894747734048 0.3170226365327834 0.37007212266325951 0.39336598757654428 5.1899036653339845 0.27645755931735028 0.3825652040541172 0.31227329885587096 0.13177479896694422
leaf_count=28 8 15 32 28 2 2 38 5 25 3 31 38 28
internal_value=0.0134032 0.0188023 0.0266925 0.0352229 -0.0107389 -0.0328683 0.0194312 -0.00251971 0.0467431 -0.0527094 -0.0510231 -0.0507113 -0.0504314
internal_weight=13.6065 12.5961 10.9275 9.69616 1.94325 1.66864 1.25584 0.763438 7.75292 1.35162 1.07516 0.826613 0.444048
internal_count=283 255 145 130 73 110 45 43 57 108 105 97 66
is_linear=0
shrinkage=0.05


Tree=75
num_leaves=14
num_cat=0
split_feature=17 16 24 19 24 5 13 14 20 18 3 9 19
split_gain=1.86515 1.92822 2.33794 1.91783 1.21796 1.06298 0.356827 0.628263 0.175833 0.00508905 0.000119473 2.58748e-05 2.19379e-06
threshold=19.500000000000004 41.250000000000007 2.5578992769766269 0.82098660789963174 24.246186303145354 0.5138799631476475 0.029062787787446153 0.07517400968656747 -0.19222261078090055 1.151837361834541 19.94481215143928 0.0050011839349991512 0.89945835508754313
decision_type=2 2 2 2 2 2 2 2 2 2 2 2 2
left_child=-1 5 -3 8 -5 9 -6 -8 -4 10 -2 -12 -13
right_child=1 2 3 4 6 -7 7 -9 -10 -11 11 12 -14
leaf_value=-0.053706241468428423 -0.051957278362444265 -0.039048914670688051 0.035211569352922571 -0.065254620231544908 0.053287459138389753 0.051637434966907869 -0.050680623555057085 0.041867061228708979 0.051455661938577715 -0.05874400868661972 -0.050985290130433125 -0.050484252306317971 -0.050234856131746768
leaf_weight=0.96458116825669904 0.23688541725277967 1.2131500001996744 2.5020858868956566 0.6597685096785425 0.46990506350994088 0.30205466598272313 0.35226012766361237 0.38250229135155678 4.9848121255636197 0.26525896508246649 0.36426120041869581 0.29718705592676997 0.12537749041803181
leaf_count=28 8 15 32 28 2 2 38 5 25 3 31 38 28
internal_value=0.0132168 0.0185273 0.0262555 0.0347274 -0.0106474 -0.032788 0.0192597 -0.00250219 0.046027 -0.0525721 -0.0509728 -0.0506765 -0.0504103
internal_weight=13.1201 12.1555 10.5645 9.35133 1.86444 1.59102 1.20467 0.734762 7.4869 1.28897 1.02371 0.786826 0.422565
internal_count=283 255 145 130 73 110 45 43 57 108 105 97 66
is_linear=0
shrinkage=0.05


Tree=76
num_leaves=13
num_cat=0
split_feature=22 21 15 12 6 10 12 20 16 22 5 34
split_gain=1.80842 1.64645 2.55371 1.13817 0.00264123 0.000478767 0.000101744 4.15294e-05 1.36621e-05 8.50313e-06 3.54921e-06 2.04711e-06
threshold=-0.65080795000803116 -0.18635191452416403 0.54988178107744878 -0.13135857692021288 3.3534232678664107 62.916666666666671 -0.4766252670527899 0.5354102755404212 61.250000000000007 1.6443303195639469 0.32146849351362433 2486.9903059583339
decision_type=2 2 2 2 2 2 2 2 2 2 2 2
left_child=5 -2 3 -3 7 6 -1 -5 -8 10 -9 -11
right_child=1 2 -4 4 -6 -7 8 9 -10 11 -12 -13
leaf_value=-0.052074536017365836 0.043759219962737919 0.0139647665657542 0.028206110490021721 -0.05128184346778069 -0.054373184427347877 -0.053624158679190438 -0.050499818805288671 -0.050584138777526245 -0.051068106572806804 -0.050275818810181672 -0.050848118659059888 -0.050536870804983938
leaf_weight=0.24514875700697303 4.1585008911788455 0.94580772938206736 4.5295916199684143 0.28263702616095565 0.92631549155339588 0.31651993747800589 0.2038169258739807 0.27589847287163138 0.21982870437204838 0.19473625579848886 0.23645684169605374 0.12223757430911064
leaf_count=8 31 7 33 15 36 14 31 27 11 39 16 15
internal_value=0.013026 0.0185171 0.00454661 -0.0313665 -0.0524012 -0.0520221 -0.0512638 -0.0507584 -0.0507947 -0.05058 -0.050706 -0.0503765
internal_weight=12.6575 11.6722 7.51368 2.98409 2.03828 0.985314 0.668794 1.11197 0.423646 0.829329 0.512355 0.316974
internal_count=283 219 188 155 148 64 50 112 42 97 43 54
is_linear=0
shrinkage=0.05


Tree=77
num_leaves=13
num_cat=0
split_feature=22 21 15 12 34 10 12 20 16 22 34 20
split_gain=1.69921 1.547 2.36424 1.09137 0.00223183 0.000411699 8.73308e-05 4.24211e-05 1.17259e-05 1.02611e-05 2.78819e-06 2.46347e-07
threshold=-0.65080795000803116 -0.18635191452416403 0.54988178107744878 -0.13135857692021288 2757.490789358334 62.916666666666671 -0.4766252670527899 0.5354102755404212 61.250000000000007 1.6443303195639469 2517.3571407333338 1.0972166258215001
decision_type=2 2 2 2 2 2 2 2 2 2 2 2
left_child=5 -2 3 -3 7 6 -1 -5 -8 -9 11 -11
right_child=1 2 -4 4 -6 -7 8 9 -10 10 -12 -13
leaf_value=-0.051970274990565779 0.042967279402621378 0.013364591314882317 0.027197581361924229 -0.051287821509351107 -0.054086265438794669 -0.053442320369210428 -0.050475378062827571 -0.050693257162469023 -0.051014987417632274 -0.050304763314793312 -0.050551483890575559 -0.05021088923076153
leaf_weight=0.2336487234570086 4.026766335591673 0.93904477171599809 4.4643776202574372 0.23087255051359512 0.91141971061006177 0.30208164011128247 0.19396816566586572 0.41007398627698421 0.209319774992764 0.12607325939461589 0.10787500254809856 0.15681469882838428
leaf_count=8 31 7 33 12 30 14 31 33 11 22 12 39
internal_value=0.0127222 0.0180595 0.00440708 -0.0308945 -0.0522834 -0.0519221 -0.0512011 -0.0506907 -0.0507555 -0.0505185 -0.0503352 -0.0502527
internal_weight=12.3123 11.3733 7.34655 2.88217 1.94313 0.939018 0.636937 1.03171 0.403288 0.800837 0.390763 0.282888
internal_count=283 219 188 155 148 64 50 118 42 106 73 61
is_linear=0
shrinkage=0.05


Tree=78
num_leaves=15
num_cat=0
split_feature=17 24 19 24 2 7 23 22 20 26 11 4 34 20
split_gain=1.61649 1.78803 1.73303 0.875059 1.24625 0.737124 0.575391 0.315435 0.0698334 0.00802035 0.000573179 1.31694e-05 1.12241e-06 1.94923e-07
threshold=19.500000000000004 2.5578992769766269 0.83561403546152468 24.246186303145354 -1.0070080039072258 4.7699622618846016 -0.35921756649531716 0.3254733214580795 0.23457049241782538 1.3244695828614168 0.7034884022297494 39.112849239441935 2517.3571407333338 1.0972166258215001
decision_type=2 2 2 2 2 2 2 2 2 2 2 2 2 2
left_child=-1 -2 5 8 -5 7 -7 9 -4 -3 -10 12 13 -6
right_child=1 2 3 4 11 6 -8 -9 10 -11 -12 -13 -14 -15
leaf_value=-0.053357658692724935 -0.039427469616376248 0.04958050660076873 -0.085259030137764341 0.053616015295978925 -0.050302907080929139 0.038622985488318752 -0.011343828507270583 0.026277151836208341 -0.0543082758869902 0.054064293254687458 -0.050578316200933005 -0.05086800124812927 -0.050446852095098832 -0.050205431204173881
leaf_weight=0.86659937910735507 1.2255024197511382 1.8668873715214411 0.24252672493457694 0.64792084693908358 0.12002919288352443 1.0405261907726528 1.2910056877881286 1.700726077891886 0.16129081160761416 2.1412573009729385 0.2849740469828248 0.17349007120355964 0.13325952645391226 0.08955143578350544
leaf_count=28 19 26 1 2 21 13 27 34 7 14 37 13 18 23
internal_value=0.0124157 0.017542 0.0245988 -0.018992 0.00743614 0.0346451 0.0109556 0.04432 -0.063663 0.0519759 -0.0519264 -0.050513 -0.0503334 -0.0502613
internal_weight=11.9855 11.1189 9.89345 1.85304 1.16425 8.0404 2.33153 5.70887 0.688792 4.00814 0.446265 0.51633 0.34284 0.209581
internal_count=283 255 236 122 77 114 40 74 45 40 44 75 62 44
is_linear=0
shrinkage=0.05


Tree=79
num_leaves=14
num_cat=0
split_feature=22 22 34 20 10 14 10 12 1 3 22 34 20
split_gain=1.56195 1.37212 1.75369 1.53025 0.0949572 0.00178913 0.000323224 7.11507e-05 1.23048e-05 7.19221e-06 5.45052e-06 4.00352e-07 2.7627e-07
threshold=-0.65080795000803116 1.2635804655306389 3121.990450291667 0.23457049241782538 56.250000000000007 0.1732578817839581 62.916666666666671 -0.4766252670527899 61.466867374464762 14.606452324545605 1.6443303195639469 2494.7488634416673 1.0972166258215001
decision_type=2 2 2 2 2 2 2 2 2 2 2 2 2
left_child=6 2 4 -3 -2 8 7 -1 -5 -9 -10 12 -12
right_child=1 3 -4 5 -6 -7 -8 9 10 -11 11 -13 -14
leaf_value=-0.051843768973301077 0.036525249891346499 0.019765084765911406 -0.0044161441988237139 -0.050803422574564744 0.050868969576194037 -0.054389060955359628 -0.053187841018326791 -0.050953085683272517 -0.050609094931481441 -0.050517461980889224 -0.050295050995320827 -0.050361425856445832 -0.050185462526359963
leaf_weight=0.22119280835613608 1.7759999204426984 1.7307252679020169 2.6390190348029137 0.29916365467943229 3.2936911387369037 0.4791502533480525 0.27925438131205738 0.17466527875512916 0.19770001387223601 0.20708891726098955 0.11591119435615838 0.097843170166015625 0.11414302163757384
leaf_count=8 21 6 37 26 31 12 14 10 18 32 21 15 32
internal_value=0.0121747 0.0174265 0.0286379 -0.0110531 0.0458441 -0.0519591 -0.0517815 -0.0511302 -0.0505474 -0.0507168 -0.0504017 -0.0502767 -0.0502407
internal_weight=11.6255 10.7433 7.70871 3.03464 5.06969 1.30391 0.882201 0.602947 0.824761 0.381754 0.525597 0.327897 0.230054
internal_count=283 219 89 130 52 124 64 50 112 42 86 68 53
is_linear=0
shrinkage=0.05


Tree=80
num_leaves=15
num_cat=0
split_feature=16 24 0 34 26 6 3 34 18 16 34 34 3 2
split_gain=1.55775 1.77117 1.3002 1.60956 0.906892 0.617569 0.248928 0.0352977 0.0052417 0.000134131 2.20141e-05 1.91972e-06 1.22477e-06 7.17745e-08
threshold=41.250000000000007 2.5578992769766269 23.804370573130914 2622.4907929250007 3.4722509965485768 2.3145035336148525 17.293446823131394 2887.3487686500002 1.151837361834541 27.916666666666668 277.34065291666673 2012.4655295833334 95.077254878298803 -0.22121109440781242
decision_type=2 2 2 2 2 2 2 2 2 2 2 2 2 2
left_child=4 -2 6 -4 8 -5 -3 -8 9 10 -1 -12 13 -13
right_child=1 2 3 5 -6 -7 7 -9 -10 -11 11 12 -14 -15
leaf_value=-0.050983330434107202 -0.038588010496770207 0.024899017211098658 0.038918857229330028 0.0045517712694740009 0.051355620499309876 -0.053291373217016706 0.044804423143432415 0.054610796156689581 -0.058921931803074257 -0.051744538917340516 -0.05050616212199658 -0.050241045893277173 -0.050435894142967036 -0.050181561121551033
leaf_weight=0.19838721025735206 1.1683059986680735 1.3311815476044992 1.7261467552743854 0.82018325757235278 0.25131094455718983 1.0550110959447918 1.6943596771452578 2.0017455443739891 0.26511027291417122 0.38175669615156949 0.12522651394829154 0.08882155013270665 0.081515215802937746 0.11818634113296878
leaf_count=13 16 18 35 8 2 37 35 11 3 23 15 21 12 34
internal_value=0.0119014 0.0191881 0.0270109 0.00407902 -0.0353649 -0.0279916 0.0434383 0.0501154 -0.0526753 -0.051009 -0.0505503 -0.0503427 -0.0502717 -0.0502071
internal_weight=11.3072 9.79693 8.62863 3.60134 1.51031 1.87519 5.02729 3.69611 1.259 0.993894 0.612137 0.41375 0.288523 0.207008
internal_count=283 160 144 80 123 45 64 46 121 118 95 82 67 55
is_linear=0
shrinkage=0.05


Tree=81
num_leaves=15
num_cat=0
split_feature=16 24 19 34 24 26 7 24 18 16 34 34 3 2
split_gain=1.46158 1.77642 1.09895 1.16718 0.957413 0.860573 0.133881 0.00535814 0.00446148 0.000115383 1.89359e-05 1.65058e-06 1.05397e-06 6.17695e-08
threshold=41.250000000000007 2.1886443661966015 0.85800653038673558 3215.5650757166673 24.246186303145354 3.4722509965485768 0.67552199014002967 22.531837665926172 1.151837361834541 27.916666666666668 277.34065291666673 2012.4655295833334 95.077254878298803 -0.22121109440781242
decision_type=2 2 2 2 2 2 2 2 2 2 2 2 2 2
left_child=5 -2 3 7 -4 8 -6 -3 9 10 -1 -12 13 -13
right_child=1 2 4 -5 6 -7 -8 -9 -10 -11 11 12 -14 -15
leaf_value=-0.050934882361669903 -0.057330352670769719 0.051406517287186995 -0.065230402595314194 0.0094181659875643316 0.042709433084952481 0.051287919528662324 0.0028879253321491636 0.047831725246790906 -0.058419321160882921 -0.051658325086170589 -0.050481274422022687 -0.050229252298112551 -0.050414545423460279 -0.050172677795657705
leaf_weight=0.18888671975582905 0.70976480655372043 2.3684140518307668 0.56978111364878692 3.0847914330661297 0.33203326351940632 0.23936196416616429 0.57935511856339872 1.8804962262511251 0.25429526809602976 0.36372895119711757 0.11917639058083296 0.084509008564054855 0.077571680769324303 0.11244172812439512
leaf_count=13 14 20 28 34 6 2 38 20 3 23 15 21 12 34
internal_value=0.0116689 0.0187669 0.0248942 0.0328282 -0.0143893 -0.0352807 0.0173955 0.0498244 -0.0525396 -0.0509596 -0.0505233 -0.0503259 -0.0502584 -0.050197
internal_weight=10.9646 9.52464 8.81487 7.3337 1.48117 1.43997 0.911388 4.24891 1.20061 0.946314 0.582586 0.393699 0.274522 0.196951
internal_count=283 160 146 74 72 123 44 40 121 118 95 82 67 55
is_linear=0
shrinkage=0.05


Tree=82
num_leaves=14
num_cat=0
split_feature=17 16 24 19 24 0 34 21 3 3 34 11 14
split_gain=1.41699 1.51322 1.84522 1.58569 0.90064 0.806519 0.188251 0.108135 0.00353281 9.21866e-05 1.96481e-05 8.62327e-07 3.91718e-07
threshold=19.500000000000004 41.250000000000007 2.5578992769766269 0.85800653038673558 24.246186303145354 55.654598446732571 3215.5650757166673 0.74836952681744451 17.388591850635279 19.94481215143928 537.3403891666668 0.75312680755850048 0.079569058123027711
decision_type=2 2 2 2 2 2 2 2 2 2 2 2 2
left_child=-1 5 -3 6 -5 8 -4 -6 -2 -10 -11 12 -12
right_child=1 2 3 4 7 -7 -8 -9 9 10 11 -13 -14
leaf_value=-0.053083714782433768 -0.057602584830397263 -0.036937923633529879 0.0510950043060905 -0.064601847144084013 0.039479387348074227 0.051223672953026204 0.032870095911849577 0.0035461823196639786 -0.051795633484433556 -0.050882102482120994 -0.050188411055566463 -0.05040446346119664 -0.050325415293216269
leaf_weight=0.78802458290010591 0.25588701991364426 1.0795858576893786 3.7719977498054504 0.54713302990421631 0.3304277416318655 0.22796650230884541 2.2694167960435152 0.57147168251685798 0.19544582907110453 0.2528527076356113 0.13165052677504718 0.132422806462273 0.086421721614897251
leaf_count=28 4 15 38 28 3 2 20 41 7 19 38 23 17
internal_value=0.0114335 0.0165936 0.0241743 0.0329823 -0.0139915 -0.0340566 0.0442489 0.016711 -0.0524897 -0.0508519 -0.0505462 -0.0503038 -0.0502427
internal_weight=10.6407 9.85268 8.57003 7.49045 1.44903 1.28265 6.04141 0.901899 1.05468 0.798794 0.603348 0.350495 0.218072
internal_count=283 255 145 130 72 110 58 44 108 104 97 78 55
is_linear=0
shrinkage=0.05


Tree=83
num_leaves=15
num_cat=0
split_feature=22 16 21 21 19 20 26 3 19 10 7 13 11 1
split_gain=1.39044 1.24488 1.54479 2.45351 1.14365 1.59053 0.544233 0.00306446 0.00148029 0.000349939 6.36167e-05 4.96402e-05 1.39522e-05 1.10864e-05
threshold=-0.65080795000803116 41.250000000000007 -0.18635191452416403 0.5644373841854905 0.66797701844572466 0.23457049241782538 2.2885554733243838 17.388591850635279 0.90993794372948644 64.583333333333357 5.7899213258361302 0.60611946853566312 0.73378898933216508 61.466867374464762
decision_type=2 2 2 2 2 2 2 2 2 2 2 2 2 2
left_child=9 6 -3 -4 -5 -6 7 -2 -7 11 12 -1 -9 -10
right_child=1 2 3 4 5 8 -8 10 13 -11 -12 -13 -14 -15
leaf_value=-0.050647427180078676 -0.057731095303711601 0.052841116726297446 -0.066142572230038915 0.040675950436650565 0.053150435147280052 -0.054537861874001108 0.027222118467762076 -0.050997751452007328 -0.050849896572277932 -0.053292739281628212 -0.051715891478243736 -0.051606180793423842 -0.050401973841191286 -0.050376791153684666
leaf_weight=0.32889218535274345 0.22670061141252407 2.8883572146296483 0.93427862972021092 3.0136507395654917 0.57384297251701333 0.42809317354112864 0.28413343033753335 0.14988060877658427 0.20492181787267327 0.249792346265167 0.18408786086365581 0.22901823278516531 0.28537123091518879 0.31289898161776364
leaf_count=42 2 25 7 25 2 7 16 14 15 12 7 10 47 52
internal_value=0.0112389 0.016601 0.0232623 0.00763708 0.0228421 -0.012522 -0.0326499 -0.0527573 -0.0523625 -0.0517374 -0.0509367 -0.051041 -0.0506071 -0.050564
internal_weight=10.2939 9.48622 8.35604 5.46769 4.53341 1.51976 1.13017 0.84604 0.945914 0.807703 0.61934 0.55791 0.435252 0.517821
internal_count=283 219 133 108 101 76 86 70 74 64 68 52 61 67
is_linear=0
shrinkage=0.05


Tree=84
num_leaves=15
num_cat=0
split_feature=17 24 19 24 2 7 22 7 21 8 21 4 29 28
split_gain=1.32035 1.29272 1.32604 0.687931 1.03995 0.610939 0.283225 0.105315 0.0364304 0.00646933 0.000245977 9.98723e-06 4.86741e-07 5.22663e-08
threshold=19.500000000000004 2.5578992769766269 0.83561403546152468 24.246186303145354 -1.0070080039072258 4.7699622618846016 0.3254733214580795 7.6586597545648791 0.62649683208747164 0.24915434066722711 0.89917204076738633 39.112849239441935 -1.0000000180025095e-35 0.32902489276219332
decision_type=2 2 2 2 2 2 2 2 2 2 2 2 2 2
left_child=-1 -2 5 8 -5 6 9 -7 -4 -3 -10 12 -6 -14
right_child=1 2 3 4 11 7 -8 -9 10 -11 -12 -13 13 -15
leaf_value=-0.052898361878767231 -0.035568349152715693 0.049285460790479955 -0.077270479685919866 0.052987379017481975 -0.050361491072328762 -0.0016300046582907761 0.024278838640428457 0.021133616628098425 -0.053138330937597324 0.053831228615857013 -0.050430290321785344 -0.05077977296985936 -0.050199849362855722 -0.050253898278148579
leaf_weight=0.74487279751337965 1.0608602128922946 1.5370667208917423 0.22836816310882546 0.54749357700347667 0.10695334919728106 0.96825611079111729 1.3606995437294243 1.0691330886911599 0.1424745162948966 1.5947202816605566 0.20380384894087911 0.15101343346759677 0.090157124213879003 0.088769233552739024
leaf_count=28 19 27 1 2 18 23 34 17 7 13 37 13 25 19
internal_value=0.0111163 0.0163276 0.0231338 -0.0182974 0.00707915 0.0330256 0.043325 0.0103154 -0.0617682 0.0516002 -0.0515445 -0.0504509 -0.0502771 -0.0502267
internal_weight=9.89464 9.14977 8.08891 1.55903 0.984387 6.52988 4.49249 2.03739 0.574647 3.13179 0.346278 0.436893 0.28588 0.178926
internal_count=283 255 236 122 77 114 74 40 45 40 44 75 62 44
is_linear=0
shrinkage=0.05


Tree=85
num_leaves=15
num_cat=0
split_feature=22 16 21 21 15 26 3 22 10 3 12 11 22 15
split_gain=1.29173 1.18116 1.38933 2.21711 2.00161 0.502756 0.00270082 0.00045286 0.000263325 5.70134e-05 4.02879e-05 1.44666e-05 7.99824e-06 4.94581e-06
threshold=-0.65080795000803116 41.250000000000007 -0.18635191452416403 0.5644373841854905 0.20050657218851878 2.2885554733243838 17.388591850635279 0.57195388303055072 62.916666666666671 19.94481215143928 -0.42013855370746306 0.731826415813013 1.683885736168572 1.8677725901928965
decision_type=2 2 2 2 2 2 2 2 2 2 2 2 2 2
left_child=8 5 -3 -4 7 6 -2 -5 10 -8 -1 -11 -9 -12
right_child=1 2 3 4 -6 -7 9 12 -10 11 13 -13 -14 -15
leaf_value=-0.051517164169163014 -0.057408076723785839 0.052587466284299195 -0.064466720186203183 -0.053059010565494551 0.038604651278235425 0.025909011911255848 -0.051678999080976167 -0.050728458775370633 -0.053000444119840721 -0.051003019826267475 -0.050420419224915039 -0.050379789739093767 -0.050315987357449056 -0.050823311696260615
leaf_weight=0.21723588299937546 0.21896323561668196 2.6330481842160216 0.87720023468136865 0.27660245820879925 3.5186381284147501 0.27242333791218698 0.16773916408419609 0.22263885219581425 0.23909553652629256 0.13982546655461192 0.14923620573245067 0.27871353458613157 0.24894629488699138 0.15558702987618744
leaf_count=10 2 25 7 6 28 16 6 19 14 13 29 49 48 11
internal_value=0.0108784 0.0162513 0.0230491 0.00792943 0.0228131 -0.0328058 -0.0526698 -0.0514528 -0.0516262 -0.0509001 -0.0509969 -0.050588 -0.0505107 -0.0506261
internal_weight=9.61589 8.85474 7.77707 5.14403 4.26683 1.07766 0.805241 0.748188 0.761155 0.586278 0.522059 0.418539 0.471585 0.304823
internal_count=283 219 133 108 101 86 70 73 64 68 50 62 67 40
is_linear=0
shrinkage=0.05


Tree=86
num_leaves=15
num_cat=0
split_feature=22 16 24 0 34 20 5 18 3 1 10 15 12 15
split_gain=1.22065 1.10869 1.10114 1.34596 1.31212 0.506182 0.488162 0.062038 0.0556564 0.00235018 0.000226688 6.01042e-05 3.45959e-05 8.75856e-06
threshold=-0.65080795000803116 41.250000000000007 2.5578992769766269 23.804370573130914 2622.4907929250007 0.57221214839429846 0.37511851586079564 1.1485084195746063 70.619016092843964 44.494283582965089 62.916666666666671 1.1235553784817489 -0.42013855370746306 0.36018008067738222
decision_type=2 2 2 2 2 2 2 2 2 2 2 2 2 2
left_child=10 6 -3 7 -5 -6 9 8 -4 -2 12 13 -1 -11
right_child=1 2 3 4 5 -7 -8 -9 -10 11 -12 -13 -14 -15
leaf_value=-0.05144145141774991 -0.056997625609782492 -0.030759468983980388 0.033878808218979664 0.040585145123436001 0.0041238115939741336 -0.05297676809724719 0.026265891662065284 0.056143970486172402 0.050697023101896249 -0.050327774165500286 -0.052851506322675212 -0.051680545863175498 -0.050595249085290298 -0.050806669386784492
leaf_weight=0.20693762763403356 0.20974612981080809 0.85289891622960556 0.88075558724813197 1.3228367406409236 0.7108594626188276 0.85486242291517556 0.26403475133702159 1.7635920643806455 1.114258326590061 0.27286783815361559 0.22805945319123566 0.14355298690497875 0.29012896050699133 0.14686182048171759
leaf_count=10 2 7 29 34 9 34 7 4 16 59 14 5 40 13
internal_value=0.0107349 0.0160249 0.0227251 0.0295878 0.00392276 -0.0270523 -0.0324312 0.0493118 0.0432721 -0.0524797 -0.0515464 -0.0507974 -0.0509475 -0.0504953
internal_weight=9.26225 8.53713 7.50006 6.64716 2.88856 1.56572 1.03706 3.75861 1.99501 0.773029 0.725126 0.563283 0.497067 0.41973
internal_count=283 219 133 126 77 43 86 49 45 79 64 77 50 72
is_linear=0
shrinkage=0.05


Tree=87
num_leaves=15
num_cat=0
split_feature=22 16 24 0 34 11 26 28 3 1 10 3 12 11
split_gain=1.15199 1.03769 1.02676 1.2798 1.22106 0.611562 0.466128 0.0617691 0.0599364 0.00196043 0.000195135 4.10385e-05 2.97064e-05 1.20283e-05
threshold=-0.65080795000803116 41.250000000000007 2.5578992769766269 23.804370573130914 2622.4907929250007 0.73466887052890617 2.2885554733243838 0.76477371094111868 70.619016092843964 44.494283582965089 62.916666666666671 19.94481215143928 -0.42013855370746306 0.731826415813013
decision_type=2 2 2 2 2 2 2 2 2 2 2 2 2 2
left_child=10 6 -3 7 -5 -6 9 8 -4 -2 12 -11 -1 -13
right_child=1 2 3 4 5 -7 -8 -9 -10 11 -12 13 -14 -15
leaf_value=-0.051369599052574794 -0.056612492925105923 -0.029453127956072189 0.032910361853636487 0.039759461111478038 0.0046473907694319205 -0.058685960572180021 0.025376756731329133 0.055813386749584727 0.050662569047760668 -0.051515335975756471 -0.052710070394115564 -0.050933557056443861 -0.050566034235228277 -0.050343489448185057
leaf_weight=0.19711354607716203 0.20083958655595591 0.8463632147759198 0.86183062824420664 1.2837968061212452 0.7771261727903036 0.7480954322963953 0.26082556019537151 1.6872653216123579 1.0606179349124429 0.15224719047546387 0.21750425850041211 0.13122590538114309 0.27613463299349028 0.25263965083286166
leaf_count=10 2 7 29 34 21 22 16 4 16 6 14 13 40 49
internal_value=0.0105591 0.0157446 0.0223112 0.0291367 0.00382766 -0.0264165 -0.032068 0.0488318 0.0427043 -0.0523991 -0.0514705 -0.0508207 -0.0509007 -0.0505452
internal_weight=8.95363 8.26287 7.2651 6.41873 2.80902 1.52522 0.997778 3.60971 1.92245 0.736952 0.690752 0.536113 0.473248 0.383866
internal_count=283 219 133 126 77 43 86 49 45 70 64 68 50 62
is_linear=0
shrinkage=0.05


Tree=88
num_leaves=15
num_cat=0
split_feature=10 22 11 20 20 4 21 18 3 4 22 10 19 36
split_gain=1.11004 1.03718 0.848051 1.29036 1.33325 0.592786 0.127837 0.0613539 0.0040922 0.000754297 0.000440124 0.000141187 1.6417e-06 1.61418e-07
threshold=8.7500000000000018 -0.65080795000803116 0.71742419897550225 0.77832861564948475 -0.15369125116168861 44.687064064247885 0.62649683208747164 0.57946385873738071 16.815324981086274 26.521932744486008 -1.0000000180025095e-35 62.916666666666671 0.83561403546152468 5.5000000000000009
decision_type=2 2 2 2 2 2 2 2 2 2 2 2 2 2
left_child=9 11 7 4 -4 8 -6 -3 -5 -1 -10 -2 -12 -14
right_child=1 2 3 5 6 -7 -8 -9 10 -11 12 -13 13 -15
leaf_value=-0.054219476829270967 -0.050912070376167767 0.036393977448549636 -0.023253557484481612 -0.059225581376091511 0.053698621804742247 0.02477692409542848 0.031952455663861803 0.052461265230275972 -0.05284739396687449 -0.050811520735726125 -0.050436334461535316 -0.052575755015995707 -0.050138159921000069 -0.050239594640523112
leaf_weight=0.31980560114607293 0.33109026169404288 1.1223190120654174 1.0905865682289007 0.25733305513858773 1.279054254293442 0.31849646894261241 1.4329566431697456 1.2625313252210615 0.44201165437698231 0.32981125661171973 0.11598121700808539 0.20741166663356125 0.079418829060159624 0.077489005634561181
leaf_count=8 38 34 16 2 8 9 37 9 10 36 14 14 31 17
internal_value=0.0103732 0.0154671 0.0202932 0.00877164 0.023434 -0.0344248 0.0422085 0.0448999 -0.0538188 -0.0524893 -0.0518726 -0.0515529 -0.0502937 -0.0501883
internal_weight=8.6663 8.01668 7.47818 5.09333 3.8026 1.29073 2.71201 2.38485 0.972234 0.649617 0.714901 0.538502 0.272889 0.156908
internal_count=283 239 187 144 61 83 45 43 74 44 72 52 62 48
is_linear=0
shrinkage=0.05


Tree=89
num_leaves=12
num_cat=0
split_feature=17 32 20 22 10 4 19 14 13 34 20
split_gain=1.02911 1.00568 1.74556 1.44629 0.589929 0.499198 0.0176897 0.000571324 7.47633e-06 4.98042e-07 2.32816e-07
threshold=19.500000000000004 1.0000000180025095e-35 -0.15369125116168861 1.6443303195639469 54.583333333333336 43.440577855562971 0.40852736619292745 0.27486103233125297 0.054849954136442655 2502.4906446833334 1.0972166258215001
decision_type=2 2 2 2 2 2 2 2 2 2 2
left_child=-1 2 6 -4 5 -3 -2 8 -5 10 -10
right_child=1 4 3 7 -6 -7 -8 -9 9 -11 -12
leaf_value=-0.052378099888442366 -0.052614913035171254 -0.01910944563788505 0.03357160023155363 -0.050758759879783559 0.049515068968822712 0.042294278523411971 -0.065886069511206277 -0.053482927218568538 -0.05024922795853224 -0.05034899490923677 -0.050142877729340243
leaf_weight=0.6096205562353133 0.509332326473668 0.75385745964013062 2.5031320163980131 0.093105291831307002 2.3098230501636863 0.59008500399067998 0.49525666423141956 0.23882132023572922 0.1191085681784898 0.08140131551772356 0.090607481659390032
leaf_count=28 38 38 40 9 34 12 4 5 26 14 35
internal_value=0.0101822 0.0150814 -0.00182061 0.0166045 0.0341901 0.0078511 -0.0591575 -0.0515625 -0.0503688 -0.050244 -0.0502033
internal_weight=8.39415 7.78453 4.13076 3.12618 3.65377 1.34394 1.00459 0.623044 0.384223 0.291117 0.209716
internal_count=283 255 171 129 84 50 42 89 84 75 61
is_linear=0
shrinkage=0.05


Tree=90
num_leaves=15
num_cat=0
split_feature=22 22 34 7 23 10 2 34 10 12 21 22 6 34
split_gain=0.977311 0.93941 1.17075 1.07773 0.688798 0.0693131 0.0100429 0.000670336 0.000122685 2.02354e-05 1.05819e-05 2.33673e-06 1.86015e-06 6.37086e-07
threshold=-0.65080795000803116 1.2635804655306389 3121.990450291667 8.5397673098802418 -1.2338921348044252 57.916666666666671 -1.7482096571412584 3982.3657344333337 62.916666666666671 -0.42013855370746306 0.86242050719762886 1.7041251273358993 6.3842167797217764 2494.7488634416673
decision_type=2 2 2 2 2 2 2 2 2 2 2 2 2 2
left_child=8 2 5 4 -3 -2 -6 10 9 -1 -8 -12 -11 -13
right_child=1 3 -4 -5 6 -7 7 -9 -10 12 11 13 -14 -15
leaf_value=-0.051198636543433519 0.035481511025646076 0.0094222034499957599 -0.0042329041242848559 0.055674448579316561 -0.064564481430343004 0.050453995546320511 -0.050912290046525956 -0.053177522817764791 -0.052322447765619097 -0.050345698882898582 -0.050462161399119625 -0.050187506864423463 -0.050624481955136441 -0.050363733506231127
leaf_weight=0.17309681768529117 1.2427010377869012 0.70980820851400483 1.9339173156768081 0.47159838676452626 0.17469386756420124 2.0449999133124948 0.1005121688358489 0.36872813198715448 0.18990457558538765 0.116327165509574 0.22949011181481183 0.17181605030782521 0.12321062083356082 0.073107400443404913
leaf_count=10 22 10 37 1 1 30 9 13 14 28 29 54 12 13
internal_value=0.0100009 0.0149094 0.0266364 -0.0117169 -0.0291014 0.0447946 -0.0535521 -0.0515135 -0.0512708 -0.0507867 -0.0504463 -0.0503475 -0.0504891 -0.0502401
internal_weight=8.12391 7.52137 5.22162 2.29975 1.82816 3.2877 1.11835 0.943654 0.602539 0.412635 0.574926 0.474414 0.239538 0.244923
internal_count=283 219 89 130 129 52 119 118 64 50 105 96 40 67
is_linear=0
shrinkage=0.05


Tree=91
num_leaves=15
num_cat=0
split_feature=17 10 16 24 19 26 1 6 10 19 18 5 20 19
split_gain=0.95085 1.12671 1.13917 1.06568 0.585189 0.552689 0.480326 0.478055 0.164187 0.0743742 0.00138798 0.000540147 1.36111e-05 2.23003e-06
threshold=19.500000000000004 8.7500000000000018 41.250000000000007 2.5578992769766269 0.80834495466163514 3.0754974498013321 51.525708739531154 1.7896589827382694 19.583333333333339 0.45992642228353492 1.151837361834541 0.26521932744486004 0.4578638786565235 0.83561403546152468
decision_type=2 2 2 2 2 2 2 2 2 2 2 2 2 2
left_child=-1 11 5 -4 9 10 -6 -8 -9 -5 12 -2 -3 -14
right_child=1 2 3 4 6 -7 7 8 -10 -11 -12 -13 13 -15
leaf_value=-0.052245347774502307 -0.053760339681982849 -0.050862414839157079 -0.02790765024808663 0.038139596124662875 0.051755196743729193 0.048071191885853889 0.03386268058373177 -0.0046413391003073505 -0.062163181396465407 0.05224987190314484 -0.055610456672183096 -0.050708861952902064 -0.050467803498983693 -0.050191635450697762
leaf_weight=0.5729342644335701 0.28801146987825621 0.22947762173134822 0.73525675293058146 1.6168064624071123 0.41460772976279237 0.17160589806735516 0.33146853372454643 0.18991346703842282 0.35773113486357033 2.2109311893582344 0.18442295212298632 0.29210245877038687 0.17215258534997702 0.12704005115665495
leaf_count=28 8 29 8 24 4 4 6 21 24 24 3 36 20 44
internal_value=0.00978629 0.0146405 0.0203943 0.0283827 0.0364639 -0.0324888 0.00739214 -0.0135304 -0.0422156 0.0462898 -0.0518756 -0.0522238 -0.0505727 -0.0503505
internal_weight=7.89446 7.32153 6.74141 5.85672 5.12146 0.884699 1.29372 0.879113 0.547645 3.82774 0.713093 0.580114 0.52867 0.299193
internal_count=283 255 211 111 103 100 55 51 45 48 96 44 93 64
is_linear=0
shrinkage=0.05


Tree=92
num_leaves=12
num_cat=0
split_feature=22 21 15 2 34 9 20 20 22 34 34
split_gain=0.907317 0.87895 1.34356 0.650275 0.000535755 0.000109053 2.14823e-05 1.67206e-05 3.79789e-06 6.7101e-07 7.96619e-08
threshold=-0.65080795000803116 -0.18635191452416403 0.54988178107744878 -1.0070080039072258 2757.490789358334 0.0041324472398352506 -1.1533309588256391 0.47568562388652208 1.6443303195639469 2517.3571407333338 2227.2904662833339
decision_type=2 2 2 2 2 2 2 2 2 2 2
left_child=5 -2 3 -3 7 -1 -7 -5 -9 10 -10
right_child=1 2 -4 4 -6 6 -8 8 9 -11 -12
leaf_value=-0.052489089653442414 0.040229704904371576 0.0094606085670699627 0.024093085482367577 -0.051044590626642294 -0.052551528480685165 -0.05115883318788228 -0.050450360084393867 -0.05048001195225793 -0.050124668189040447 -0.050352303313470015 -0.050192600439327766
leaf_weight=0.13195230904966582 2.2617907430976629 0.6768646081909534 2.8644005972892046 0.10660850489512086 0.58561169425956905 0.24376188544556499 0.1907071495661512 0.30084217549301684 0.069751411559991539 0.066360206808894873 0.11318287625908852
leaf_count=9 31 6 33 8 30 20 35 36 32 12 31
internal_value=0.00965174 0.0145464 0.0024028 -0.0299695 -0.051452 -0.0512302 -0.0508479 -0.0504715 -0.0503604 -0.0502161 -0.0501667
internal_weight=7.61183 7.04541 4.78362 1.91922 1.24236 0.566421 0.434469 0.656745 0.550137 0.249294 0.182934
internal_count=283 219 188 155 149 64 55 119 111 75 63
is_linear=0
shrinkage=0.05


Tree=93
num_leaves=15
num_cat=0
split_feature=16 24 0 34 4 6 19 15 18 16 4 34 23 18
split_gain=0.864525 0.926765 0.806622 0.897231 0.529505 0.427685 0.186265 0.0285756 0.00135076 2.32521e-05 7.58705e-06 9.64477e-07 3.21389e-07 9.44979e-09
threshold=41.250000000000007 2.5578992769766269 23.804370573130914 2622.4907929250007 51.387996314764756 2.3145035336148525 0.45319618593174599 0.16775600296120008 1.151837361834541 27.916666666666668 35.829631494287973 2012.4655295833334 -0.58411895600324504 0.27356013515917249
decision_type=2 2 2 2 2 2 2 2 2 2 2 2 2 2
left_child=4 -2 6 -4 8 -5 -3 -8 9 10 11 -1 -13 -14
right_child=1 2 3 5 -6 -7 7 -9 -10 -11 -12 12 13 -15
leaf_value=-0.050357801117974638 -0.031754037486309325 0.022028018144515802 0.035437274987383229 0.0045052400940871823 0.047879910776595647 -0.052209885998765637 0.041392663844699723 0.053014487502794451 -0.055537000637002176 -0.051023098915250031 -0.050785721482509573 -0.050259471851180931 -0.050126622821858174 -0.050093276771540775
leaf_weight=0.13873116543982167 0.87980069871991862 0.98585031880065832 1.0885356604121628 0.62370841484516837 0.16026331041939557 0.71170479850843549 0.90095972106792066 1.280845198780298 0.18176290253177285 0.23209183278959244 0.091200250666588545 0.064455209183506668 0.047859311453066766 0.038206589524634182
leaf_count=23 16 19 35 8 4 37 35 10 3 23 12 17 20 21
internal_value=0.00939523 0.0159474 0.0234529 0.00174371 -0.0350246 -0.0257209 0.0400652 0.0482153 -0.0517519 -0.0506287 -0.0503881 -0.0502627 -0.050175 -0.0501118
internal_weight=7.42598 6.4714 5.5916 2.42395 0.954571 1.33541 3.16766 2.1818 0.794307 0.612544 0.380453 0.289252 0.150521 0.0860659
internal_count=283 160 144 80 123 45 64 45 119 116 93 81 58 41
is_linear=0
shrinkage=0.05


Tree=94
num_leaves=15
num_cat=0
split_feature=17 10 16 24 19 26 1 8 19 18 4 20 19 20
split_gain=0.82759 0.973264 0.976784 0.949422 0.544609 0.489797 0.451044 0.496518 0.0792025 0.00112784 0.000351047 1.08984e-05 1.41942e-06 1.52559e-07
threshold=19.500000000000004 8.7500000000000018 41.250000000000007 2.5578992769766269 0.80834495466163514 3.0754974498013321 51.525708739531154 0.19115027173040663 0.45992642228353492 1.151837361834541 26.521932744486008 0.4578638786565235 0.83561403546152468 1.1774172592831904
decision_type=2 2 2 2 2 2 2 2 2 2 2 2 2 2
left_child=-1 10 5 -4 8 9 -6 -8 -5 11 -2 -3 -13 -14
right_child=1 2 3 4 6 -7 7 -9 -10 -11 -12 12 13 -15
leaf_value=-0.052024091138282824 -0.053254448903139233 -0.050789233903818745 -0.026233798461275066 0.036719927628590686 0.051662140048507971 0.047791892737422084 0.032582243601013916 -0.045916069144468399 0.051996195023177018 -0.055240893716647622 -0.050651976122689894 -0.050402120192945987 -0.050217753580593744 -0.050098931869426114
leaf_weight=0.51292638503946353 0.25585852796211828 0.20603353832848359 0.72525533847510804 1.4968838104978206 0.37952007353305794 0.15308359381742775 0.33895266591571271 0.49655089643783867 1.9587999209761617 0.17380154225975275 0.26254222611896694 0.14834776613861322 0.060450127813965082 0.048838911345228553
leaf_count=28 8 29 8 24 4 4 14 37 24 3 36 20 17 27
internal_value=0.00918881 0.0138716 0.019386 0.0269906 0.0352552 -0.0325196 0.0064616 -0.0140703 0.045379 -0.0518058 -0.0519364 -0.0505182 -0.0503014 -0.0501647
internal_weight=7.21785 6.70492 6.18652 5.39596 4.67071 0.790555 1.21502 0.835504 3.45568 0.637472 0.518401 0.46367 0.257637 0.109289
internal_count=283 255 211 111 103 100 55 51 48 96 44 93 64 44
is_linear=0
shrinkage=0.05


Tree=95
num_leaves=15
num_cat=0
split_feature=22 22 34 7 24 1 9 22 14 9 16 5 16 12
split_gain=0.833668 0.78557 1.01688 0.857922 0.628069 0.783963 0.0584477 0.0171139 0.000250815 0.000113569 1.91504e-05 7.24574e-06 3.63981e-06 3.12279e-06
threshold=-0.65080795000803116 1.2635804655306389 3121.990450291667 8.5397673098802418 24.246186303145354 56.231751696561311 0.0041963631781691511 1.2912787031767754 0.1732578817839581 0.0041324472398352506 77.916666666666671 0.39112849239441932 57.083333333333336 0.0034123109340376003
decision_type=2 2 2 2 2 2 2 2 2 2 2 2 2 2
left_child=9 2 6 4 7 -6 -2 -3 13 -1 12 -7 -11 -9
right_child=1 3 -4 -5 5 11 -8 8 -10 10 -12 -13 -14 -15
leaf_value=-0.05254259600364123 0.050760600771210695 -0.066135442721494644 -0.0045458400385595737 0.054476967640176788 0.052149997248597625 -0.050224423940909341 0.035954859049114517 -0.050579235946647087 -0.052696555186011962 -0.050238290096941245 -0.051136223126028481 -0.050693675071915148 -0.050677447412489467 -0.050180229407647728
leaf_weight=0.12430652417242516 1.5942957773804667 0.36129572987556435 1.7124573229812083 0.38861390948295582 0.40483422577381134 0.2099936380982399 1.1455045551992951 0.097870730794966221 0.28858059644699097 0.098981318878941238 0.21659339824691415 0.13524710875935853 0.090159092098474503 0.098277836688794196
leaf_count=9 28 2 37 1 2 57 24 11 10 35 13 14 7 33
internal_value=0.00905361 0.0140168 0.025679 -0.0121448 -0.0283656 0.004945 0.0445704 -0.0578984 -0.0517589 -0.0512203 -0.0508152 -0.0504083 -0.0504476 -0.0503793
internal_weight=6.96701 6.43697 4.45226 1.98471 1.5961 0.750075 2.7398 0.846025 0.484729 0.53004 0.405734 0.345241 0.18914 0.196149
internal_count=283 219 89 130 129 73 52 56 54 64 55 71 42 44
is_linear=0
shrinkage=0.05


Tree=96
num_leaves=14
num_cat=0
split_feature=22 21 21 19 20 14 9 16 20 16 22 4 34
split_gain=0.786942 0.75914 1.18751 1.32168 1.07488 0.000383887 9.77861e-05 1.64644e-05 7.23456e-06 3.12794e-06 1.60691e-06 4.89746e-07 1.04552e-07
threshold=-0.65080795000803116 -0.18635191452416403 0.5644373841854905 0.66797701844572466 0.23457049241782538 0.11008288183694812 0.0041324472398352506 77.916666666666671 0.57221214839429846 57.083333333333336 1.6443303195639469 32.146849351362441 2262.4239310666671
decision_type=2 2 2 2 2 2 2 2 2 2 2 2 2
left_child=6 -2 -3 -4 -5 8 -1 9 -6 -8 11 -10 -12
right_child=1 2 3 4 5 -7 7 -9 10 -11 12 -13 -14
leaf_value=-0.052416908330045711 0.03929951376248364 -0.053201206847582755 0.040039829604074602 0.04460349883446766 -0.05064804201889031 -0.052407042484354308 -0.050226668201759042 -0.051080047116998761 -0.050293212101146491 -0.050643990008456576 -0.050105977169495497 -0.050438805330999315 -0.050188074672673888
leaf_weight=0.11852039827499528 1.9830687139183281 0.79646825976669777 2.0577104585245256 0.41590692196041323 0.18734014965593815 0.38763163203839213 0.094175180303864181 0.20625088317319751 0.12373330257833004 0.085817211307585239 0.055704813217744231 0.10832985304296017 0.12764186202548444
leaf_count=9 31 9 26 4 21 22 35 13 25 7 30 15 36
internal_value=0.00888973 0.0137445 0.00184979 0.0145075 -0.0228519 -0.0511795 -0.0511606 -0.0507751 -0.0503901 -0.0504256 -0.0502738 -0.0503612 -0.0501631
internal_weight=6.7483 6.24354 4.26047 3.464 1.40629 0.990382 0.504764 0.386243 0.60275 0.179992 0.41541 0.232063 0.183347
internal_count=283 219 188 179 153 149 64 55 127 42 106 40 66
is_linear=0
shrinkage=0.05


Tree=97
num_leaves=13
num_cat=0
split_feature=17 24 16 19 24 4 34 14 16 20 19 20
split_gain=0.760913 0.915281 0.992328 0.862051 0.493833 0.430234 0.341463 0.0716614 0.000872354 1.2042e-05 7.66491e-07 9.36476e-08
threshold=19.500000000000004 2.1886443661966015 41.250000000000007 0.85800653038673558 24.246186303145354 40.829680326608738 3215.5650757166673 0.011190094064811201 37.083333333333336 0.4578638786565235 0.83561403546152468 1.1774172592831904
decision_type=2 2 2 2 2 2 2 2 2 2 2 2
left_child=-1 -2 5 6 -5 8 -4 -6 9 -3 -11 -12
right_child=1 2 3 4 7 -7 -8 -9 -10 10 11 -13
leaf_value=-0.051903027986911814 -0.054885919870776824 -0.050786685222361877 0.05072609856634952 -0.058833970103572178 0.038820583501543812 0.043205308242482698 0.020572055626366034 0.0017833478589109949 -0.054466186121975901 -0.050330793431222189 -0.050192962955032429 -0.050098090245781046
leaf_weight=0.47940287413075555 0.45219458988867689 0.18878137122374017 2.2385262809693818 0.38285995298065234 0.19612383702769876 0.14732071105390787 1.6170294126495717 0.39092139666900039 0.20650491770356894 0.12350531364791095 0.053238108637742698 0.050859506125561893
leaf_count=28 17 31 39 28 8 3 21 36 5 20 17 30
internal_value=0.00873183 0.0135382 0.0190677 0.0274799 -0.0146554 -0.0336354 0.0380794 0.014157 -0.0518092 -0.0504914 -0.0502466 -0.0501466
internal_weight=6.52727 6.04787 5.59567 4.82546 0.969905 0.77021 3.85556 0.587045 0.622889 0.416384 0.227603 0.104098
internal_count=283 255 238 132 72 106 60 44 103 98 67 47
is_linear=0
shrinkage=0.05


Tree=98
num_leaves=15
num_cat=0
split_feature=22 16 21 21 15 12 27 1 34 10 1 29 21 28
split_gain=0.730696 0.691209 0.964928 1.42631 1.08752 1.04756 0.31227 0.0008577 0.00025522 9.08015e-05 1.29384e-05 1.06111e-05 5.3159e-06 1.79014e-06
threshold=-0.65080795000803116 41.250000000000007 -0.18635191452416403 0.5644373841854905 0.54988178107744878 -0.13135857692021288 0.39182951612179656 44.494283582965089 2757.490789358334 64.583333333333357 59.624932717071481 -0.030004963005456867 1.0194668158130906 0.83603319587681468
decision_type=2 2 2 2 2 2 2 2 2 2 2 2 2 2
left_child=9 6 -3 -4 5 -5 7 -2 12 11 -9 -1 -7 -13
right_child=1 2 3 4 -6 8 -8 10 -10 -11 -12 13 -14 -15
leaf_value=-0.051031061610900243 -0.054976181295990037 0.051793096358312057 -0.059685074794711628 0.05192170261981123 0.045779071954543372 -0.050702910607308804 0.024994358170211905 -0.050853760628230077 -0.052263810840780557 -0.052161068824083924 -0.050259237746291811 -0.050287873031523836 -0.050261035778003685 -0.050581583411749481
leaf_weight=0.12104898889083415 0.15970978885889042 1.6167346052825449 0.68386124074459109 0.36389777064323414 1.7139358408749101 0.098530311603099441 0.17545671900734305 0.21246721455827355 0.43106359569355845 0.1448704885551706 0.16075192112475634 0.098672805237583705 0.22012551641091704 0.10939437057822943
leaf_count=8 2 25 7 2 20 10 16 19 15 12 49 34 54 10
internal_value=0.00858556 0.0134341 0.0198293 0.0051124 0.0207841 -0.017685 -0.0328618 -0.0519098 -0.0514706 -0.051118 -0.0505977 -0.0506588 -0.0503977 -0.0504423
internal_weight=6.31052 5.83653 5.12815 3.51141 2.82755 1.11362 0.708386 0.532929 0.749719 0.473987 0.373219 0.329116 0.318656 0.208067
internal_count=283 219 133 108 101 81 86 70 79 64 68 52 64 44
is_linear=0
shrinkage=0.05


Tree=99
num_leaves=15
num_cat=0
split_feature=22 16 21 21 15 12 4 1 19 10 19 13 19 18
split_gain=0.692845 0.652249 0.919903 1.34444 1.02015 0.994866 0.299304 0.000750118 0.00024695 7.81838e-05 1.44003e-05 8.97971e-06 5.04351e-06 1.97684e-06
threshold=-0.65080795000803116 41.250000000000007 -0.18635191452416403 0.5644373841854905 0.54988178107744878 -0.13135857692021288 37.511851586079565 44.494283582965089 0.90993794372948644 64.583333333333357 0.74082088575044736 0.60611946853566312 0.93091676938783696 1.3820088677308564
decision_type=2 2 2 2 2 2 2 2 2 2 2 2 2 2
left_child=9 6 -3 -4 5 -5 7 -2 -7 11 -9 13 -10 -1
right_child=1 2 3 4 -6 8 -8 10 12 -11 -12 -13 -14 -15
leaf_value=-0.050244819218798357 -0.05471141560464006 0.051709746109245336 -0.0591598218588879 0.051824534812041329 0.04517691119339079 -0.052251708465972282 0.024483310324863998 -0.050904077444342589 -0.050674981259143548 -0.052054533910060208 -0.050257859569376506 -0.050943024254065598 -0.050252144040014046 -0.050574339269736479
leaf_weight=0.096603793674148508 0.15263724327087391 1.5403019376099107 0.65613801404833827 0.34678289294242848 1.6515343300998209 0.38738775625824962 0.17216615518555045 0.14602400828152895 0.10297378059476614 0.13807998539414257 0.21046113595366478 0.13059462059754878 0.22377869172487408 0.086061991751194
leaf_count=34 2 25 7 2 20 12 7 11 10 12 66 10 57 8
internal_value=0.00852701 0.0133382 0.0197009 0.00506468 0.0206005 -0.0176576 -0.0325066 -0.0517784 -0.0513978 -0.0510633 -0.0505226 -0.0506264 -0.0503854 -0.0504001
internal_weight=6.04153 5.59019 4.9089 3.3686 2.71246 1.06092 0.681289 0.509122 0.71414 0.45134 0.356485 0.31326 0.326752 0.182666
internal_count=283 219 133 108 101 81 86 79 79 64 77 52 67 42
is_linear=0
shrinkage=0.05


Tree=100
num_leaves=15
num_cat=0
split_feature=22 22 34 7 24 2 9 22 3 9 24 16 4 16
split_gain=0.656935 0.618387 0.818059 0.702347 0.489649 0.636559 0.0522224 0.00819606 8.24618e-05 6.79638e-05 6.13467e-05 9.40625e-06 4.15723e-06 2.08051e-06
threshold=-0.65080795000803116 1.2635804655306389 3121.990450291667 8.5397673098802418 24.246186303145354 -1.0070080039072258 0.0041963631781691511 1.2912787031767754 18.360586790385856 0.0041324472398352506 4.6335309075529016 77.916666666666671 39.112849239441935 57.083333333333336
decision_type=2 2 2 2 2 2 2 2 2 2 2 2 2 2
left_child=9 2 6 4 7 -6 -2 -3 -9 -1 -10 13 -7 -11
right_child=1 3 -4 -5 5 12 -8 8 10 11 -12 -13 -14 -15
leaf_value=-0.052142681396450299 0.050604272782958787 -0.062330011748885611 -0.0039930058791993661 0.053643338447829439 0.05173244310643843 -0.050182431667341931 0.035052934339100526 -0.052442818414415796 -0.051887574112413709 -0.050197347045086826 -0.050293836397514113 -0.050913603160365667 -0.050573264598161929 -0.050564828033658804
leaf_weight=0.10142085002735246 1.2631072252988822 0.31272576749324776 1.4904768400592727 0.3261582851409911 0.33044248819351152 0.17109762679319873 0.94275793526321638 0.1595572903752327 0.10642143804579973 0.078628209535963833 0.13956737495027483 0.17420646548271179 0.11295976885594428 0.075499132741242647
leaf_count=9 28 2 37 1 2 57 24 4 9 35 41 13 14 7
internal_value=0.00846703 0.0132401 0.0246226 -0.0121218 -0.0282159 0.00454965 0.0439578 -0.0562477 -0.0515575 -0.0510113 -0.0509833 -0.0506619 -0.0503379 -0.0503774
internal_weight=5.78503 5.35527 3.69634 1.65893 1.33277 0.6145 2.20587 0.718272 0.405546 0.429755 0.245989 0.328334 0.284057 0.154127
internal_count=283 219 89 130 129 73 52 56 54 64 50 55 71 42
is_linear=0
shrinkage=0.05


Tree=101
num_leaves=15
num_cat=0
split_feature=17 10 16 24 19 26 1 7 22 11 18 4 20 19
split_gain=0.631342 0.722524 0.746137 0.736543 0.403642 0.392591 0.328201 0.339856 0.0772609 0.0733393 0.000645106 0.000122357 7.37764e-06 6.84124e-07
threshold=19.500000000000004 8.7500000000000018 41.250000000000007 2.5578992769766269 0.80834495466163514 3.0754974498013321 51.525708739531154 0.67552199014002967 -0.09612175078427028 0.74342380903907035 1.151837361834541 25.653875584163082 0.4578638786565235 0.83561403546152468
decision_type=2 2 2 2 2 2 2 2 2 2 2 2 2 2
left_child=-1 11 5 -4 8 10 -6 -8 -5 -9 12 -2 -3 -14
right_child=1 2 3 4 6 -7 7 9 -10 -11 -12 -13 13 -15
leaf_value=-0.051613716382750231 -0.052619507889190342 -0.050688873040527195 -0.025769561591840719 0.034145507860876882 0.05123892388285603 0.047535927646781051 0.035901046959327977 -0.017474475663444924 0.051523350635654497 -0.059638452093737838 -0.054361962637651057 -0.050829274470391685 -0.050314792951065404 -0.050124751863875411
leaf_weight=0.40759562072344113 0.15712685766629864 0.16648679634090502 0.58811056101694692 1.0734901763498785 0.2799021042883395 0.1242626131279394 0.22455341997556388 0.18940110120456666 1.5824324004352095 0.22642302978783846 0.14818640449084342 0.2431269867811352 0.11365596135146916 0.08118235319852829
leaf_count=28 6 29 8 23 4 4 10 24 25 17 3 38 20 44
internal_value=0.0083096 0.0130081 0.018392 0.026084 0.0346114 -0.0321496 0.00607466 -0.0136662 0.0444994 -0.0404334 -0.0515838 -0.0515321 -0.0504445 -0.0502356
internal_weight=5.60594 5.19834 4.79809 4.16431 3.5762 0.633774 0.92028 0.640378 2.65592 0.415824 0.509512 0.400254 0.361325 0.194838
internal_count=283 255 211 111 103 100 55 51 48 41 96 44 93 64
is_linear=0
shrinkage=0.05


Tree=102
num_leaves=15
num_cat=0
split_feature=22 16 22 22 1 34 23 26 23 1 7 14 1 2
split_gain=0.614012 0.57417 0.527029 0.53028 0.578133 0.46927 0.426563 0.269547 0.0180094 0.000527938 0.000143669 5.81792e-05 8.15251e-06 7.28188e-06
threshold=-0.65080795000803116 41.250000000000007 1.2635804655306389 1.3834094141129321 50.411940658487801 3243.2402750750002 -1.6326626127100881 2.2885554733243838 0.10143608357437596 44.494283582965089 6.049246930204129 0.31363398257065656 59.624932717071481 -2.033930525818219
decision_type=2 2 2 2 2 2 2 2 2 2 2 2 2 2
left_child=11 7 5 -4 -5 8 -6 9 -3 -2 -8 13 -11 -1
right_child=1 2 3 4 6 -7 10 -9 -10 12 -12 -13 -14 -15
leaf_value=-0.051009915605222361 -0.054210149961093669 0.050668332649578242 -0.059592699529105009 0.052719269215297349 0.051415499394555544 0.0062736618468329014 -0.0503531775404788 0.024686195582700046 0.040718986809627017 -0.050734432986954174 -0.052392710498152487 -0.051865682871056119 -0.050223326453006582 -0.050426777416793356
leaf_weight=0.072615433484315872 0.13885821402072895 1.0727939866483214 0.35153914382681228 0.46174176037311554 0.1379376500844951 1.1919863214716313 0.25480932882055685 0.15478186903055757 0.78959175245836366 0.18316387897357345 0.13060216978192329 0.12909405259415507 0.13591470115352422 0.20374563365476195
leaf_count=4 2 22 5 2 1 17 62 16 21 19 3 8 49 52
internal_value=0.0081897 0.012985 0.0193119 -0.00687356 0.0119398 0.030771 -0.0240393 -0.0323564 0.0464501 -0.0516367 -0.0510443 -0.0509894 -0.0505167 -0.05058
internal_weight=5.40918 5.00372 4.391 1.33663 0.985091 3.05437 0.523349 0.612719 1.86239 0.457937 0.385411 0.405455 0.319079 0.276361
internal_count=283 219 133 73 68 60 66 86 43 70 65 64 68 56
is_linear=0
shrinkage=0.05


Tree=103
num_leaves=15
num_cat=0
split_feature=24 17 16 19 0 24 34 21 28 34 5 34 11 23
split_gain=0.647258 0.675105 0.736925 0.668038 0.380909 0.360742 0.283787 0.0546554 0.000493006 7.15447e-06 3.39676e-06 4.91264e-07 1.66569e-07 3.12099e-08
threshold=2.1886443661966015 19.500000000000004 41.250000000000007 0.85800653038673558 55.654598446732571 24.246186303145354 3215.5650757166673 0.70672486167287463 0.76632197327382146 3814.7489021166671 0.33540738073897097 537.3403891666668 0.75312680755850048 0.043876994026845702
decision_type=2 2 2 2 2 2 2 2 2 2 2 2 2 2
left_child=-1 -2 4 6 8 -5 -4 -7 9 10 11 -3 13 -13
right_child=1 2 3 5 -6 7 -8 -9 -10 -11 -12 12 -14 -15
leaf_value=-0.053995211460469594 -0.051579735779493867 -0.050317645630973296 0.050568231404814659 -0.056276661747876579 0.050583604087362115 0.037812347545677166 0.020038838094283373 0.0011536481327162769 -0.053989020937368737 -0.050825685791980685 -0.050614345945229504 -0.050136725117744835 -0.050215878382394968 -0.050074403421434613
leaf_weight=0.3889986656140535 0.37299677019473154 0.068049420602619537 1.7074296772480018 0.31426899740472425 0.11225007474422455 0.15139671601355076 1.3735339217819271 0.30959847464691848 0.13261333480477333 0.086943749105557799 0.067645460832864046 0.041981896036304533 0.062126129167154431 0.038522076967637986
leaf_count=19 26 13 39 28 2 2 21 42 2 7 11 21 21 29
internal_value=0.00805537 0.0130431 0.01844 0.0265185 -0.0326193 -0.014968 0.0369578 0.0131928 -0.0513778 -0.0504298 -0.0503061 -0.0502071 -0.0501544 -0.0501069
internal_weight=5.22836 4.83936 4.46636 3.85623 0.610132 0.775264 3.08096 0.460995 0.497882 0.365269 0.278325 0.21068 0.14263 0.080504
internal_count=283 264 238 132 106 72 60 44 104 102 95 84 71 50
is_linear=0
shrinkage=0.05


Tree=104
num_leaves=15
num_cat=0
split_feature=22 21 3 15 12 34 14 20 2 0 22 16 34 20
split_gain=0.572322 0.562348 0.842378 1.44918 0.425198 0.000153323 5.24426e-05 7.36259e-06 6.79489e-06 1.9332e-06 1.01073e-06 9.92302e-07 1.45191e-07 5.05246e-08
threshold=-0.65080795000803116 -0.18635191452416403 17.293446823131394 0.54988178107744878 -0.13135857692021288 2757.490789358334 0.31363398257065656 0.43878658408841476 -2.033930525818219 7.8888443628837708 1.683885736168572 55.000000000000007 2502.4906446833334 1.0972166258215001
decision_type=2 2 2 2 2 2 2 2 2 2 2 2 2 2
left_child=6 -2 -3 4 -4 7 8 -6 -1 -10 -9 -11 13 -12
right_child=1 2 3 -5 5 -7 -8 10 9 11 12 -13 -14 -15
leaf_value=-0.050979198773716143 0.038450096622315751 -0.05495311974240296 0.010669366381859844 0.046198463494331321 -0.050778480872828928 -0.051785002544286952 -0.051820721590764257 -0.050319636226178237 -0.050607478084497663 -0.050120584942730417 -0.050149199921267318 -0.050411904663160326 -0.050221862112257057 -0.05008174326182796
leaf_weight=0.070485903881490231 1.4606281071901319 0.55568055342882905 0.44601359288208187 1.4591731880791483 0.078239358961582406 0.31694772944319993 0.12051806505769491 0.19486375420819968 0.072668854612856992 0.053546439448837191 0.062368020066060126 0.064371489454060793 0.049623329425230622 0.050021627801470459
leaf_count=4 31 12 7 25 7 26 8 38 7 36 23 9 14 36
internal_value=0.00791935 0.0127266 0.00103249 0.0127401 -0.0280098 -0.0509485 -0.050958 -0.0503392 -0.0505598 -0.0504046 -0.0502429 -0.0502796 -0.0501506 -0.0501192
internal_weight=5.05515 4.67356 3.21293 2.65725 1.19808 0.752064 0.381591 0.435116 0.261073 0.190587 0.356877 0.117918 0.162013 0.11239
internal_count=283 219 188 176 151 144 64 118 56 52 111 45 73 59
is_linear=0
shrinkage=0.05


Tree=105
num_leaves=15
num_cat=0
split_feature=22 21 3 15 1 13 21 34 14 20 2 0 16 22
split_gain=0.541094 0.520327 0.795805 1.36085 0.446168 0.335832 0.00518099 0.000127193 4.51808e-05 6.52115e-06 5.83873e-06 1.66196e-06 8.53413e-07 8.31759e-07
threshold=-0.65080795000803116 -0.18635191452416403 17.293446823131394 0.54988178107744878 50.411940658487801 0.0059746664066318506 0.49245284502802084 2757.490789358334 0.31363398257065656 0.43878658408841476 -2.033930525818219 7.8888443628837708 55.000000000000007 1.6443303195639469
decision_type=2 2 2 2 2 2 2 2 2 2 2 2 2 2
left_child=8 -2 -3 4 -4 -6 -7 9 10 -8 -1 -12 -13 -11
right_child=1 2 3 -5 5 6 7 -9 -10 13 11 12 -14 -15
leaf_value=-0.050930650704653815 0.037554707539390365 -0.054704585470142036 0.051596631806769704 0.045668658069870478 0.024354391922556881 -0.061150574314707745 -0.050740090282185506 -0.051707708490109708 -0.051731458198192054 -0.050297564730405531 -0.050577544439069838 -0.050114710897187109 -0.050391680973417813 -0.050140935439187066
leaf_weight=0.067110564559698105 1.4216844001784918 0.53092042822390828 0.15449777245521579 1.4037094980012623 0.1701942761428652 0.14909601211547852 0.074478470487520099 0.27205196628347039 0.11483315145596862 0.17931723757646978 0.069164630258455762 0.050940768502186984 0.061256010085344315 0.16073830163804814
leaf_count=4 31 12 1 25 4 1 7 25 8 36 7 36 9 77
internal_value=0.00779316 0.0125151 0.00101323 0.0125502 -0.0275134 -0.0396643 -0.0527023 -0.0508677 -0.0509113 -0.0503163 -0.0505322 -0.0503848 -0.0502659 -0.0502235
internal_weight=4.87999 4.51669 3.095 2.56408 1.16037 1.00588 0.835682 0.686586 0.363305 0.414534 0.248472 0.181361 0.112197 0.340056
internal_count=283 219 188 176 151 150 146 145 64 120 56 52 45 113
is_linear=0
shrinkage=0.05


Tree=106
num_leaves=15
num_cat=0
split_feature=10 22 29 3 19 1 2 3 22 21 10 34 2 21
split_gain=0.512098 0.49964 0.43822 1.07302 0.415147 0.304519 0.417207 0.26786 0.0823532 0.00390479 3.53586e-05 3.14651e-05 4.35627e-06 3.05464e-06
threshold=8.7500000000000018 -0.65080795000803116 0.027581008363845531 17.293446823131394 0.83561403546152468 50.411940658487801 -1.2688674265189184 20.477065779203173 0.47774767263927381 0.62649683208747164 64.583333333333357 4006.9903686749999 -1.7482096571412584 0.82444850483215615
decision_type=2 2 2 2 2 2 2 2 2 2 2 2 2 2
left_child=11 10 3 -3 7 -6 -7 -5 -9 -8 12 -1 -2 -11
right_child=1 2 -4 4 5 6 9 8 -10 13 -12 -13 -14 -15
leaf_value=-0.050863546760598038 -0.050855058889932338 -0.054425833496052248 0.053154546246621331 0.00089128172447893177 0.051516336333149851 0.051250112723498845 -0.060489131581729388 0.050363855891609299 0.026593367192048613 -0.050589476725863516 -0.051696488423035397 -0.051824374964072377 -0.050357964585357698 -0.050178453538289015
leaf_weight=0.17168035003123794 0.071845607773866504 0.55093466304242644 0.68940337002277363 0.5076993918046363 0.14718610048294056 0.12260821461677585 0.1433358937501904 1.094466373324394 0.54621950164437283 0.057550739962607622 0.10541441070381552 0.16916802013292909 0.11401664913864795 0.21068238996667787
leaf_count=33 8 12 3 10 1 1 1 32 31 7 12 11 32 89
internal_value=0.00768324 0.012296 0.0168233 0.00941452 0.0218438 -0.0121628 -0.0297088 0.0326291 0.0424502 -0.0538268 -0.050965 -0.0513404 -0.0505501 -0.0502666
internal_weight=4.70221 4.36136 4.07009 3.38068 2.82975 0.681363 0.534177 2.14839 1.64069 0.411569 0.291277 0.340848 0.185862 0.268233
internal_count=283 239 187 184 172 99 98 73 63 97 52 44 40 96
is_linear=0
shrinkage=0.05


Tree=107
num_leaves=14
num_cat=0
split_feature=16 24 19 34 26 24 14 11 18 3 9 34 26
split_gain=0.50226 0.609602 0.376703 0.533694 0.329248 0.312166 0.046189 0.00159793 0.000495961 7.4511e-06 2.38544e-06 1.61289e-07 1.57099e-08
threshold=41.250000000000007 2.1886443661966015 0.85800653038673558 3215.5650757166673 3.4722509965485768 24.246186303145354 0.011190094064811201 0.71915070412502791 1.151837361834541 19.94481215143928 0.0049390355625424506 2012.4655295833334 1.7966083244325228
decision_type=2 2 2 2 2 2 2 2 2 2 2 2 2
left_child=4 -2 3 7 8 -4 -7 -3 9 -1 -11 -12 -13
right_child=1 2 5 -5 -6 6 -8 -9 -10 10 11 12 -14
leaf_value=-0.050795074252231044 -0.053392418700326787 0.050535971689407488 -0.055488314665281736 0.0065410956027207312 0.050490715932990642 0.037821083663914533 0.0020159371194296144 0.047176361174171726 -0.05396859449373196 -0.05043726053509278 -0.050188827657771953 -0.050059459605945988 -0.050109858814639578
leaf_weight=0.096824957756325492 0.30851600551977787 0.84264540113508768 0.27000870776828367 1.4906829418614505 0.094268344342708588 0.13451268838252872 0.27262550382874906 0.61025382019579411 0.13461144105531275 0.13025509676663205 0.075307723484002054 0.03681223321473226 0.026659857307095081
leaf_count=8 14 22 28 34 2 8 36 18 3 35 27 34 14
internal_value=0.00759398 0.0140756 0.0198244 0.0275597 -0.0352278 -0.013801 0.0138455 0.0491249 -0.0513737 -0.0504189 -0.0502836 -0.0501393 -0.0500806
internal_weight=4.52398 3.92925 3.62073 2.94358 0.59474 0.677147 0.407138 1.4529 0.500471 0.36586 0.269035 0.13878 0.0634721
internal_count=283 160 146 74 123 72 44 40 121 118 110 75 48
is_linear=0
shrinkage=0.05


Tree=108
num_leaves=15
num_cat=0
split_feature=17 10 16 24 33 1 14 26 22 3 34 4 4 34
split_gain=0.483753 0.550206 0.59159 0.553638 0.291337 0.315353 0.287817 0.277183 0.0803113 0.000382763 2.8778e-05 4.72487e-06 2.16476e-06 2.64853e-07
threshold=19.500000000000004 8.7500000000000018 41.250000000000007 2.5578992769766269 1.0000000180025095e-35 51.525708739531154 0.011190094064811201 2.8443498309174724 -0.12652573776746948 17.388591850635279 4006.9903686749999 14.476959418024071 35.829631494287973 537.3403891666668
decision_type=2 2 2 2 2 2 2 2 2 2 2 2 2 2
left_child=-1 10 7 -4 8 -6 -7 9 -5 -3 -2 -11 13 -13
right_child=1 2 3 4 5 6 -8 -9 -10 11 -12 12 -14 -15
leaf_value=-0.051309195196287793 -0.050774989101877693 -0.053663482547495769 -0.025014419130842038 0.028358201185732942 0.051201701005351014 0.03570655471393986 -0.055010175662868976 0.042526686288950122 0.048845541437600781 -0.050777901765999847 -0.051729191883597252 -0.050261878510501484 -0.050548746101943112 -0.050129054927203168
leaf_weight=0.32468845014227543 0.15816384751815338 0.13215289101935956 0.4695396902970973 0.70834640320390585 0.21757729351520527 0.13288430753163993 0.25563436769880354 0.097404512343928218 1.473224300425499 0.058842476457357407 0.15790355310309678 0.060530621558427811 0.052873950102366507 0.098777290375437587
leaf_count=28 33 4 8 19 2 10 33 7 39 4 11 14 9 62
internal_value=0.0074258 0.012107 0.0174361 0.0252134 0.0336735 0.00300724 -0.0239825 -0.0331696 0.0421934 -0.0514572 -0.0512517 -0.0503815 -0.0502715 -0.0501795
internal_weight=4.39854 4.07386 3.75779 3.25721 2.78767 0.606096 0.388519 0.500582 2.18157 0.403177 0.316067 0.271024 0.212182 0.159308
internal_count=283 255 211 111 103 45 43 100 58 93 44 89 85 76
is_linear=0
shrinkage=0.05


Tree=109
num_leaves=15
num_cat=0
split_feature=22 16 24 0 34 6 26 18 3 1 14 15 15 2
split_gain=0.473167 0.465637 0.427307 0.633068 0.494859 0.349421 0.198818 0.0276596 0.0370237 0.000330224 4.44092e-05 4.17499e-05 5.55086e-06 5.04726e-06
threshold=-0.65080795000803116 41.250000000000007 2.5578992769766269 23.804370573130914 2262.4239310666671 2.3145035336148525 2.2885554733243838 1.1485084195746063 70.619016092843964 44.494283582965089 0.3352141281300664 0.21553660392823207 1.1235553784817489 -2.033930525818219
decision_type=2 2 2 2 2 2 2 2 2 2 2 2 2 2
left_child=10 6 -3 7 -5 -6 9 8 -4 -2 13 -7 -11 -1
right_child=1 2 3 4 5 11 -8 -9 -10 12 -12 -13 -14 -15
leaf_value=-0.050867131613374764 -0.053620258501544296 -0.024967620280573938 0.027899415699842625 0.050381855761205123 0.0089410683233428889 -0.050827252013218076 0.022916758702235872 0.052815221898874699 0.050241482993206771 -0.050284711174034318 -0.051769690184372413 -0.051801915895682893 -0.050798941668637958 -0.050338620300769354
leaf_weight=0.062075257301330566 0.1208358779549602 0.48308678530156646 0.35119428846519463 0.35893340222537495 0.53179161821026355 0.22248703183140606 0.11846004205290228 0.87329020351171494 0.392845643684268 0.17585369379958138 0.094904228113591671 0.21706636296585202 0.074801387265324593 0.16591376636642952
leaf_count=4 2 7 29 10 20 39 16 4 16 63 6 8 5 54
internal_value=0.00731763 0.012109 0.0186208 0.0257646 0.000214736 -0.0183231 -0.0334873 0.0467797 0.0396958 -0.0514732 -0.0508608 -0.0513086 -0.0504382 -0.0504825
internal_weight=4.24354 3.92065 3.4307 2.94761 1.33028 0.971345 0.489951 1.61733 0.74404 0.371491 0.322893 0.439553 0.250655 0.227989
internal_count=283 219 133 126 77 67 86 49 45 70 64 47 68 58
is_linear=0
shrinkage=0.05


Tree=110
num_leaves=14
num_cat=0
split_feature=22 21 3 15 12 34 10 2 20 22 3 34 20
split_gain=0.447447 0.411502 0.656141 1.1175 0.35391 7.55444e-05 3.43578e-05 4.18888e-06 3.8612e-06 5.0738e-07 4.23172e-07 7.4839e-08 2.93707e-08
threshold=-0.65080795000803116 -0.18635191452416403 17.293446823131394 0.54988178107744878 -0.13135857692021288 2757.490789358334 64.583333333333357 -2.033930525818219 0.43878658408841476 1.683885736168572 14.606452324545605 2502.4906446833334 1.0972166258215001
decision_type=2 2 2 2 2 2 2 2 2 2 2 2 2
left_child=6 -2 -3 4 -4 8 7 -1 -6 -10 -9 12 -11
right_child=1 2 3 -5 5 -7 -8 10 9 11 -12 -13 -14
leaf_value=-0.050824229743767074 0.036449240429248797 -0.053985980791690924 0.010756125985444268 0.045149405989472979 -0.050627325432070283 -0.051407467813236553 -0.051611879221555058 -0.050412647817934475 -0.05025806964739047 -0.050124724920538745 -0.05024673657815687 -0.050181706606170079 -0.05006751229442627
leaf_weight=0.059096397832036018 1.1774244764819743 0.45132607128471169 0.38121017918456401 1.1786513980478046 0.063751515699550287 0.25356975884642452 0.094551758549641818 0.076168438419699558 0.15653472673147917 0.051412856380920857 0.077576737909112126 0.040119124692864716 0.03979532269295305
leaf_count=4 31 12 7 25 7 26 12 10 38 23 38 14 36
internal_value=0.00720096 0.011902 0.000855245 0.0122875 -0.0269796 -0.0507496 -0.0508188 -0.0504665 -0.0502752 -0.0501973 -0.0503289 -0.0501248 -0.0500998
internal_weight=4.10119 3.7938 2.61637 2.16504 0.986393 0.605183 0.307393 0.212842 0.351614 0.287862 0.153745 0.131327 0.0912082
internal_count=283 219 188 176 151 144 64 52 118 111 48 73 59
is_linear=0
shrinkage=0.05


Tree=111
num_leaves=15
num_cat=0
split_feature=22 16 21 21 15 20 5 18 19 14 15 2 19 0
split_gain=0.423037 0.442097 0.60915 0.835111 0.607904 0.656877 0.187002 0.0003174 6.2319e-05 3.28995e-05 6.75204e-06 3.72916e-06 1.66795e-06 9.46916e-07
threshold=-0.65080795000803116 41.250000000000007 -0.18635191452416403 0.5644373841854905 0.54988178107744878 0.23457049241782538 0.37511851586079564 1.151837361834541 0.90993794372948644 0.3352141281300664 1.1235553784817489 -2.033930525818219 0.93091676938783696 7.8888443628837708
decision_type=2 2 2 2 2 2 2 2 2 2 2 2 2 2
left_child=9 6 -3 -4 5 -5 7 10 -7 11 -2 -1 -10 -13
right_child=1 2 3 4 -6 8 -8 -9 12 -11 -12 13 -14 -15
leaf_value=-0.050783481563377197 -0.050213808886517969 0.05128715504293066 -0.055817201379307527 0.051223438622180345 0.04346794372117295 -0.051422321534342168 0.023004263376235078 -0.053558950673781885 -0.050464379728997345 -0.051599339683097295 -0.050790063987523171 -0.050467139769121531 -0.050165678151556287 -0.050208258799131295
leaf_weight=0.056258199736475945 0.16273553960491005 0.97442065365612629 0.46373438090085928 0.2376793548464774 1.0618288889527319 0.25345095549710095 0.11053119448479265 0.11905152350664139 0.06915973627474159 0.086186246713623405 0.073924461379647255 0.056819634279236531 0.14414026075974107 0.093361716310027987
leaf_count=4 72 25 7 2 20 12 7 2 10 6 5 7 57 47
internal_value=0.007077 0.0116893 0.0183082 0.00389772 0.019576 -0.0164378 -0.0338017 -0.0514531 -0.0508923 -0.0507788 -0.0503938 -0.0504363 -0.0502625 -0.0503062
internal_weight=3.96328 3.67066 3.20441 2.22999 1.76626 0.70443 0.466243 0.355712 0.466751 0.292626 0.23666 0.20644 0.2133 0.150181
internal_count=283 219 133 108 101 81 86 79 79 64 77 58 67 54
is_linear=0
shrinkage=0.05


Tree=112
num_leaves=15
num_cat=0
split_feature=34 8 22 1 2 35 13 1 24 34 20 22 34 27
split_gain=0.396597 0.880252 0.666732 0.294044 0.324529 0.0751083 0.0454713 0.00246643 0.000552729 0.000104478 2.73637e-06 4.2588e-07 7.09632e-08 1.96582e-08
threshold=3086.7487625916669 0.3470926458314369 0.85539851806845679 51.525708739531154 -1.2688674265189184 12.500000000000002 0.091977191996241214 52.982429437277084 2.5578992769766269 3814.7489021166671 0.43878658408841476 1.683885736168572 2517.3571407333338 0.12251752705040471
decision_type=2 2 2 2 2 2 2 2 2 2 2 2 2 2
left_child=2 8 6 -4 -5 -3 -1 -6 -2 -10 -9 -12 13 -13
right_child=1 5 3 4 7 -7 -8 10 9 -11 11 12 -14 -15
leaf_value=0.050138883211854647 -0.054414723025012185 0.032882989325027284 0.051272071892870398 0.043239560345087712 -0.05852695605389252 0.0060104767700308957 0.031489496749034639 -0.050571537635932334 -0.050738039091135757 -0.05233076057372428 -0.050238166182053325 -0.050115151981886555 -0.050177288813616938 -0.050068386119061142
leaf_weight=0.79342962725786559 0.30512649606680486 0.50619688257575013 0.12465487420558918 0.11015144735574756 0.12446640431880918 0.53467404132243246 0.55581461865222082 0.053898150101304054 0.18749499821569771 0.22838226007297635 0.1484942365786992 0.041196565434802324 0.03099170746281743 0.049437272187788039
leaf_count=30 11 11 1 2 1 29 29 7 39 9 39 21 11 43
internal_value=0.00702715 -0.010335 0.0220773 -0.0181637 -0.0336578 0.0190791 0.0424564 -0.0525444 -0.0527985 -0.0516127 -0.0502463 -0.0501813 -0.050112 -0.0500896
internal_weight=3.79441 1.76187 2.03253 0.683291 0.558636 1.04087 1.34924 0.448484 0.721004 0.415877 0.324018 0.27012 0.121626 0.0906338
internal_count=283 99 184 125 124 40 59 122 59 48 121 114 75 64
is_linear=0
shrinkage=0.05


Tree=113
num_leaves=14
num_cat=0
split_feature=10 16 3 19 26 0 10 18 21 4 9 34 4
split_gain=0.390896 0.406026 0.456807 0.363892 0.259919 0.071619 0.0703119 0.000248176 2.18789e-05 2.96853e-06 1.12095e-06 5.92736e-08 4.15104e-09
threshold=8.7500000000000018 41.250000000000007 17.293446823131394 0.87313469563704482 3.4722509965485768 26.400027137233383 22.916666666666668 1.151837361834541 1.5681601144071724 14.476959418024071 0.0049390355625424506 2012.4655295833334 27.772219102563188
decision_type=2 2 2 2 2 2 2 2 2 2 2 2 2
left_child=8 4 -3 5 7 -4 -5 9 -1 -2 -11 -12 -13
right_child=1 2 3 6 -6 -7 -8 -9 -10 10 11 12 -14
leaf_value=-0.050700509165760715 -0.050657519129804429 -0.011537308616617094 0.050990183183732031 0.018416407755675681 0.050395624007483854 0.029007518023362391 -0.021234717038285871 -0.053159833692640712 -0.051605357469941937 -0.05034411046516573 -0.050141622123964773 -0.050050081207985569 -0.050081355136388797
leaf_weight=0.14574512763647396 0.049967083148658609 0.90311216493137214 0.98535601794719718 0.17547973000910122 0.076274598017334938 0.59379818011075258 0.3081139869755134 0.11005273333285004 0.12334254186134785 0.10135816660476848 0.056893580011092126 0.02408097917214036 0.018967952812090516
leaf_count=30 4 29 28 24 2 19 26 3 14 35 27 28 14
internal_value=0.00689841 0.0114852 0.0181187 0.0311027 -0.0334748 0.0427242 -0.00684667 -0.0511798 -0.0511153 -0.0503126 -0.0502269 -0.0501081 -0.0500639
internal_weight=3.67254 3.40346 2.96586 2.06275 0.437595 1.57915 0.483594 0.36132 0.269088 0.251268 0.201301 0.0999425 0.0430489
internal_count=283 239 126 97 113 47 50 111 44 108 104 69 42
is_linear=0
shrinkage=0.05


Tree=114
num_leaves=14
num_cat=0
split_feature=17 7 22 8 1 13 15 13 24 20 4 22 16
split_gain=0.38454 0.469751 0.817838 0.726062 0.282373 0.309972 0.0188632 0.00196469 2.03239e-05 2.47076e-06 2.93754e-07 6.848e-08 1.8436e-08
threshold=19.500000000000004 4.5895735155163218 0.79146106792959725 0.38569268919249039 51.525708739531154 0.010892092867484453 0.28255092490137496 0.016421520115303904 6.4801742919382663 0.43878658408841476 38.454698375928452 1.4703812079300087 46.25
decision_type=2 2 2 2 2 2 2 2 2 2 2 2 2
left_child=-1 2 6 -3 -4 -6 -2 -7 -9 -10 11 -11 -13
right_child=1 3 4 -5 5 7 -8 8 9 10 -12 12 -14
leaf_value=-0.05107407252385307 0.038634844177222044 -0.052947349041144953 0.051186438794353306 0.025833400405763575 0.040980500193725004 -0.057873248577302361 0.050637519470341258 -0.051359848824778266 -0.050530200141518038 -0.050155203910601742 -0.050234879206731226 -0.05006067354764774 -0.050107437461745966
leaf_weight=0.26623744191601906 0.49743474368006058 0.59294796426547669 0.11665297299623478 0.57712550432188436 0.11050315410830081 0.11753527820110321 0.95729023002786562 0.045704507792834193 0.054741600761190057 0.070466061471961439 0.082136719138361514 0.034620644466485828 0.053869851515628397
leaf_count=28 28 33 1 29 3 1 30 7 7 29 23 36 28
internal_value=0.00673712 0.0113857 0.0253084 -0.0140896 -0.0196856 -0.0342007 0.0465333 -0.0522974 -0.0503786 -0.050227 -0.0501581 -0.0501184 -0.0500891
internal_weight=3.57727 3.31103 2.14096 1.17007 0.686231 0.569578 1.45472 0.459075 0.341539 0.295835 0.241093 0.158957 0.0884905
internal_count=283 255 193 62 135 134 58 131 130 123 116 93 64
is_linear=0
shrinkage=0.05


Tree=115
num_leaves=15
num_cat=0
split_feature=22 15 24 0 34 11 16 14 11 14 24 1 8 16
split_gain=0.377645 0.406186 0.371796 0.236261 0.308918 0.220228 0.144271 0.331518 0.258306 4.82037e-05 2.93772e-05 5.92863e-07 2.50058e-08 9.8224e-09
threshold=1.6443303195639469 1.6561642158940859 2.1886443661966015 28.676481692631519 2622.4907929250007 0.73420167118564661 75.833333333333357 0.21006164717706874 0.71742419897550225 0.27486103233125297 5.6447821705610943 57.764462221617315 0.16274932443317644 46.25
decision_type=2 2 2 2 2 2 2 2 2 2 2 2 2 2
left_child=1 2 -1 6 -5 -6 7 8 -4 11 -10 -2 -13 -14
right_child=9 -3 3 4 5 -7 -8 -9 10 -11 -12 12 13 -15
leaf_value=-0.052848417867513778 -0.050338002131260828 -0.038755185900933353 0.03632267694819092 0.036271963391179177 0.0086894196773079427 -0.053628454104651717 0.050447241557036004 0.044273753547557637 -0.05159712781455409 -0.051517127897505843 -0.050398025751001496 -0.050139425625221772 -0.050062826338848523 -0.050096815311715143
leaf_weight=0.17466411442728835 0.032394873327575513 0.35770898789633054 0.13900159636978082 0.40481360495323304 0.29880551877431571 0.2697612757619936 0.73550967173650861 0.57771250605583191 0.081284068524837494 0.10978831886313856 0.13745374092832208 0.027565717871766537 0.032095432543428615 0.062938833551015705
leaf_count=12 6 27 14 20 16 29 23 6 4 5 38 13 34 36
internal_value=0.00665406 0.0114359 0.0178047 0.0224715 0.00288988 -0.0208778 0.0338784 0.0208509 -0.0169747 -0.0507156 -0.0508436 -0.0501478 -0.0500975 -0.0500853
internal_weight=3.4415 3.17672 2.81901 2.64434 0.97338 0.568567 1.67096 0.935452 0.357739 0.264783 0.218738 0.154995 0.1226 0.0950343
internal_count=283 189 162 150 65 45 85 62 56 94 42 89 83 70
is_linear=0
shrinkage=0.05


end of trees

feature_importances:
dev_z_ema200=137
event_proximity_min=133
atr_pct=120
donchian_q=90
atr_14=69
rsi_14=67
dev_z_ema20=64
bbw_pct=59
pullback_depth=54
dev_z_ema60=50
body_wick_ratio=50
body_ratio=49
h1_adx=40
spread_atr=39
adx_14=38
di_ratio=37
hurst=36
mm=36
bbw=33
macd=29
macd_slope3=29
ema20_dist_atr=28
minus_di=27
session_eu=26
macro_risk_score=18
plus_di=17
spread_num=15
h1_trend_strength=12
er=11
di_net=10
spread_atr_log=10
close_mom_atr=9
session_asia=6
session_us=3
sentiment_risk_score=2

parameters:
[boosting: gbdt]
[objective: binary]
[metric: auc,binary_logloss]
[tree_learner: serial]
[device_type: cpu]
[data_sample_strategy: bagging]
[data: ]
[valid: ]
[num_iterations: 300]
[learning_rate: 0.05]
[num_leaves: 15]
[num_threads: 24]
[seed: 42]
[deterministic: 0]
[force_col_wise: 0]
[force_row_wise: 0]
[histogram_pool_size: -1]
[max_depth: -1]
[min_data_in_leaf: 20]
[min_sum_hessian_in_leaf: 0.001]
[bagging_fraction: 0.8]
[pos_bagging_fraction: 1]
[neg_bagging_fraction: 1]
[bagging_freq: 0]
[bagging_seed: 400]
[bagging_by_query: 0]
[feature_fraction: 0.8]
[feature_fraction_bynode: 1]
[feature_fraction_seed: 30056]
[extra_trees: 0]
[extra_seed: 12879]
[early_stopping_round: 0]
[early_stopping_min_delta: 0]
[first_metric_only: 0]
[max_delta_step: 0]
[lambda_l1: 0]
[lambda_l2: 0]
[linear_lambda: 0]
[min_gain_to_split: 0]
[drop_rate: 0.1]
[max_drop: 50]
[skip_drop: 0.5]
[xgboost_dart_mode: 0]
[uniform_drop: 0]
[drop_seed: 17869]
[top_rate: 0.2]
[other_rate: 0.1]
[min_data_per_group: 100]
[max_cat_threshold: 32]
[cat_l2: 10]
[cat_smooth: 10]
[max_cat_to_onehot: 4]
[top_k: 20]
[monotone_constraints: ]
[monotone_constraints_method: basic]
[monotone_penalty: 0]
[feature_contri: ]
[forcedsplits_filename: ]
[refit_decay_rate: 0.9]
[cegb_tradeoff: 1]
[cegb_penalty_split: 0]
[cegb_penalty_feature_lazy: ]
[cegb_penalty_feature_coupled: ]
[path_smooth: 0]
[interaction_constraints: ]
[verbosity: -1]
[saved_feature_importance_type: 0]
[use_quantized_grad: 0]
[num_grad_quant_bins: 4]
[quant_train_renew_leaf: 0]
[stochastic_rounding: 1]
[linear_tree: 0]
[max_bin: 255]
[max_bin_by_feature: ]
[min_data_in_bin: 3]
[bin_construct_sample_cnt: 200000]
[data_random_seed: 175]
[is_enable_sparse: 1]
[enable_bundle: 1]
[use_missing: 1]
[zero_as_missing: 0]
[feature_pre_filter: 1]
[pre_partition: 0]
[two_round: 0]
[header: 0]
[label_column: ]
[weight_column: ]
[group_column: ]
[ignore_column: ]
[categorical_feature: ]
[forcedbins_filename: ]
[precise_float_parser: 0]
[parser_config_file: ]
[objective_seed: 16083]
[num_class: 1]
[is_unbalance: 0]
[scale_pos_weight: 5.15217]
[sigmoid: 1]
[boost_from_average: 1]
[reg_sqrt: 0]
[alpha: 0.9]
[fair_c: 1]
[poisson_max_delta_step: 0.7]
[tweedie_variance_power: 1.5]
[lambdarank_truncation_level: 30]
[lambdarank_norm: 1]
[label_gain: ]
[lambdarank_position_bias_regularization: 0]
[eval_at: ]
[multi_error_top_k: 1]
[auc_mu_weights: ]
[num_machines: 1]
[local_listen_port: 12400]
[time_out: 120]
[machine_list_filename: ]
[machines: ]
[gpu_platform_id: -1]
[gpu_device_id: -1]
[gpu_device_id_list: ]
[gpu_use_dp: 0]
[num_gpu: 1]

end of parameters

pandas_categorical:[]
