tree
version=v4
num_class=3
num_tree_per_iteration=3
label_index=0
max_feature_idx=35
objective=multiclass num_class:3
feature_names=adx_14 rsi_14 macd atr_14 plus_di minus_di er bbw bbw_pct hurst mm ema20_dist_atr body_ratio pullback_depth atr_pct spread_num spread_atr donchian_q dev_z_ema20 dev_z_ema60 macd_slope3 body_wick_ratio extreme_reversal di_ratio di_net close_mom_atr trend_aligned session_eu session_us macro_risk_score sentiment_risk_score ds_fake_prob ds_sl_coeff ds_continuity verdict h1_trend_dir
feature_infos=[0.37365434485779608:86.064360764150067] [17.928765876653003:89.594125216763302] [-4.1073179702984373:6.5089906443275076] [2.3968974431999981:73.437978516841028] [1.0865930797990164:60.322705032008876] [1.5990495264826521:49.136296040393226] [0:1] [0.0013052745511662001:0.033444712609018802] [0.83333333333333337:100] [0.46131543035694189:0.78254681976627516] [-0.99979615657929843:0.99999941508501999] [0.0018575751156005001:6.0187980815972484] [0:0.99792960662521357] [0:8.2598600519393202] [0.83333333333333337:100] [20:27] [0.27233865098034438:9.0222760046206183] [0:1] [-3.0864803394060885:3.7093502869435442] [-5.1655319726885702:5.416453567078177] [-3.7424755881766711:3.8858566474319822] [0:858.99999998126441] [-1:1] [0.11631335026355805:13.351688158525308] [-0.79161162417803699:0.86064359107624766] [-5.3658874269049299:7.3052777337022858] [0:1] [0:1] [0:1] [12:18] [3:15] [0:0.92000000000000004] [1:1.3500000000000001] [25:88] [-1:1] [-1:1]
tree_sizes=1701 1671 1662 1720 1720 1715 1722 1706 1710 1721 1728 1709 1720 1729 1710 1718 1716 1716 1728 1728 1723 1726 1720 1715 1727 1723 1710 1720 1722 1726 1715 1729 1721 1717 1732 1707 1727 1714 1692 1724 1725 1728 1721 1726 1709 1726 1717 1710 1726 1715 1708 1717 1731 1717 1732 1715 1712 1731 1731 1721 1729 1729 1714 1729 1728 1714 1722 1706 1726 1716 1722 1715 1726 1730 1706 1717 1739 1721 1720 1724 1730 1712 1717 1722 1716 1733 1726 1721 1735 1720 1735 1728 1724 1713 1737 1713 1726 1740 1729 1733 1737 1714 1725 1734 1727 1729 1730 1717 1730 1731 1727 1721 1731 1726 1724 1744 1722 1714 1727 1725 1725 1740 1719 1719 1737 1714 1729 1737 1729 1713 1738 1721 1731 1712 1721 1713 1731 1722 1721 1737 1723 1720 1721 1726 1722 1723 1721 1724 1727 1711 1726 1736 1714 1724 1729 1715 1729 1734 1718 1731 1732 1727 1729 1732 1730 1730 1717 1710 1724 1732 1719 1714 1727 1712 1729 1729 1723 1722 1727 1718

Tree=0
num_leaves=15
num_cat=0
split_feature=35 29 17 16 5 35 34 34 5 20 29 5 9 7
split_gain=65.1845 36.269 38.1183 28.7349 26.5322 25.9583 23.7508 16.7124 16.3714 15.7191 18.6747 22.183 22.3167 14.9439
threshold=1.0000000180025095e-35 13.500000000000002 0.17244710578542008 3.7687680612014822 8.0809840621097582 -1.0000000180025095e-35 0.80000000000000016 0.92500000000000016 11.601500463324932 1.1356896955609133 16.500000000000004 17.342766725812201 0.76148551787131957 0.0034971072946599004
decision_type=2 2 2 2 2 2 2 2 2 2 2 2 2 2
left_child=1 3 -3 4 -1 13 9 -5 -9 10 11 12 -7 -4
right_child=-2 2 5 7 -6 6 -8 8 -10 -11 -12 -13 -14 -15
leaf_value=-0.84579604552117305 -0.94763176065932309 -0.90438314515617835 -0.89405153145264937 -0.91678599970878594 -0.94095162818680278 -0.83811612733579222 -0.81390631465611218 -0.9338539874347499 -0.85172765291964658 -0.93232312374313064 -0.81874291436492819 -0.91174008251127514 -0.93451007187401525 -0.83642103507980814
leaf_weight=8.3467772006988508 46.088726282119751 80.927448511123657 13.064520835876463 24.31452488899231 59.879053831100464 28.306461811065674 12.338714122772215 7.2580671310424796 37.01614236831665 16.330651044845581 11.250004053115843 43.185499429702759 7.6209704875946036 80.927448511123657
leaf_count=23 127 223 36 67 165 78 34 20 102 45 31 119 21 223
internal_value=-0.891116 -0.885069 -0.875171 -0.906335 -0.92931 -0.864073 -0.879583 -0.883481 -0.865191 -0.887178 -0.87902 -0.887591 -0.858563 -0.844431
internal_weight=476.855 430.766 293.952 136.815 68.2258 213.024 119.032 68.5887 44.2742 106.694 90.3629 79.1129 35.9274 93.992
internal_count=1314 1187 810 377 188 587 328 189 122 294 249 218 99 259
is_linear=0
shrinkage=1


Tree=1
num_leaves=15
num_cat=0
split_feature=35 35 17 18 7 3 14 7 30 7 33 9 2 14
split_gain=83.6732 94.99 61.9735 27.2785 24.939 16.5596 27.3744 13.2517 12.7032 10.6296 9.46156 8.54554 9.19895 7.31566
threshold=1.0000000180025095e-35 -1.0000000180025095e-35 0.17244710578542008 -0.2762770440525541 0.0034971072946599004 5.6965845244195252 64.583333333333357 0.0071144371449945506 7.5000000000000009 0.0064989519920091009 50.500000000000007 0.76341129483774106 0.11639833959108742 57.083333333333336
decision_type=2 2 2 2 2 2 2 2 2 2 2 2 2 2
left_child=1 2 5 -2 -4 6 -1 10 -3 -5 -6 -10 -13 -9
right_child=3 8 4 9 7 -7 -8 13 11 -11 -12 12 -14 -15
leaf_value=-1.3630886702186544 -1.368096160314983 -1.3797350690935322 -1.2755840453030116 -1.2325136120105897 -1.323428207347447 -1.2338412907053056 -1.2515840154659383 -1.2767455282284601 -1.3612070088931794 -1.2991040745433433 -1.3752723444189676 -1.3597915573980266 -1.2831336843184267 -1.3508481388720732
leaf_weight=8.9865379929542559 5.7977664470672599 106.96879094839096 12.755086183547972 22.901177465915683 11.305644571781157 21.451735854148865 14.204527795314787 7.8269847035408002 99.431694567203522 8.1168730258941633 39.714700162410736 7.8269847035408002 7.826984703540802 5.7977664470672607
leaf_count=31 20 369 44 79 39 74 49 27 343 28 137 27 27 20
internal_value=-1.34019 -1.34785 -1.31242 -1.26855 -1.33948 -1.2655 -1.29479 -1.35209 -1.36733 -1.24994 -1.36378 -1.3558 -1.32146 -1.30828
internal_weight=380.913 344.097 122.043 36.8158 77.4002 44.6428 23.1911 64.6451 222.054 31.0181 51.0203 115.086 15.654 13.6248
internal_count=1314 1187 421 127 267 154 80 223 766 107 176 397 54 47
is_linear=0
shrinkage=1


Tree=2
num_leaves=15
num_cat=0
split_feature=35 27 5 30 0 34 25 34 5 34 3 3 4 34
split_gain=201.582 40.5474 34.523 33.8785 21.8495 21.5612 20.5823 17.5117 17.4301 14.3785 13.198 16.0326 16.4976 24.6292
threshold=-1.0000000180025095e-35 1.0000000180025095e-35 18.425551543968616 11.500000000000002 44.268443926579899 1.0000000180025095e-35 -1.5095859953848885 0.18335000000000004 15.134799256548087 -0.66249999999999987 4.1135724953527459 5.7100972633228251 11.573278472653771 0.92500000000000016
decision_type=2 2 2 2 2 2 2 2 2 2 2 2 2 2
left_child=-1 3 4 6 7 9 -2 -3 -9 -4 -8 12 -12 -14
right_child=1 2 5 -5 -6 -7 10 8 -10 -11 11 -13 13 -15
leaf_value=-1.1643267327354949 -1.065699937250657 -1.1643267327354949 -1.0268469572111756 -1.05510668884673 -1.0556983467226171 -1.0272425824644829 -1.1499240895853282 -1.1276654592623432 -1.0617079002905565 -1.1109522316495828 -1.1643267327354949 -1.1461794023662848 -1.1104647932835012 -1.0217405655488436
leaf_weight=139.194027364254 15.2088485956192 12.894458591938017 7.2737971544265774 23.805154323577881 23.474527180194855 45.957172930240631 41.659020066261292 21.821391463279724 18.515120029449463 16.861984312534332 7.2737971544265738 24.797035753726959 24.135781466960907 11.571950018405913
leaf_count=421 46 39 22 72 71 139 126 66 56 51 22 75 73 35
internal_value=-1.11472 -1.09134 -1.0727 -1.10976 -1.09588 -1.04734 -1.1202 -1.1136 -1.09739 -1.08561 -1.12778 -1.11416 -1.09569 -1.08171
internal_weight=434.444 295.25 146.798 148.452 76.7055 70.093 124.646 53.231 40.3365 24.1358 109.438 67.7786 42.9815 35.7077
internal_count=1314 893 444 449 232 212 377 161 122 73 331 205 130 108
is_linear=0
shrinkage=1


Tree=3
num_leaves=15
num_cat=0
split_feature=35 30 14 34 30 7 14 20 11 29 34 33 13 4
split_gain=58.8244 39.5179 39.9826 28.5945 23.098 18.1293 17.225 13.68 13.5516 12.5539 29.4597 28.4139 14.0444 14.4883
threshold=1.0000000180025095e-35 5.5000000000000009 9.5833333333333339 -0.84999999999999987 3.5000000000000004 0.0050226349153976004 90.416666666666671 0.47948164379901154 1.717112575754671 13.500000000000002 0.80000000000000016 46.500000000000007 3.8650776101779019 10.552003874117913
decision_type=2 2 2 2 2 2 2 2 2 2 2 2 2 2
left_child=1 2 -1 8 5 -4 -6 -8 -3 11 12 -5 13 -11
right_child=-2 3 4 9 6 -7 7 -9 -10 10 -12 -13 -14 -15
leaf_value=-0.02929562370444859 -0.054288292007052097 0.035210446193163596 -0.042834167507962068 0.050025267238543815 0.057699014099799689 0.051640157791543531 0.034422255776075404 -0.035611147096468003 -0.027436585041556091 0.066977616310855137 0.072215570410674571 -0.038250374735669196 -0.035730294665116784 -0.0067155020487783493
leaf_weight=28.431880295276642 45.142582625150681 48.984772652387619 14.840932577848436 10.228196829557417 80.108641415834427 7.7192227244377127 26.650805860757828 9.4438649117946607 10.479070186614988 7.6521627604961386 11.429600059986113 83.806500375270844 39.391867101192474 51.945961952209473
leaf_count=79 127 134 41 28 219 21 73 26 29 21 31 233 109 143
internal_value=1.56211e-05 0.00570187 0.0247211 -0.00634706 0.0357889 -0.0105087 0.0447772 0.0160986 0.0241704 -0.0152228 -0.00378925 -0.0286486 -0.0125649 0.0027464
internal_weight=476.256 431.113 167.195 263.918 138.763 22.5602 116.203 36.0947 59.4638 204.454 110.42 94.0347 98.99 59.5981
internal_count=1314 1187 459 728 380 62 318 99 163 565 304 261 273 164
is_linear=0
shrinkage=0.05


Tree=4
num_leaves=15
num_cat=0
split_feature=17 34 28 30 30 34 7 2 4 17 7 3 1 12
split_gain=46.3519 69.1776 27.0613 41.0298 19.2728 15.7033 19.341 14.8111 10.9484 12.0624 10.2009 9.5471 7.39448 7.39206
threshold=0.17152637812455071 -0.45589999999999992 1.0000000180025095e-35 4.5000000000000009 7.5000000000000009 0.92500000000000016 0.0034279005311374506 -0.27897968464907202 22.593430576149014 0.55784231041216625 0.0052823700577861012 4.261465222996768 41.011151642751386 0.56580790210831966
decision_type=2 2 2 2 2 2 2 2 2 2 2 2 2 2
left_child=1 12 8 -4 -5 6 -6 -3 -2 -10 -8 -12 -1 -9
right_child=2 7 3 4 5 -7 10 13 9 -11 11 -13 -14 -15
leaf_value=0.094955248885590829 -0.028868965630927036 -0.030637466699296286 0.093607845155637553 -0.042141313508478134 0.10452009363740929 -0.045149735545973603 -0.045028262070138041 0.0046015853899603167 0.045980147852271058 -0.011764652171281092 -0.0045830605388886194 0.070764691983551106 0.036626482966947475 0.074109677724255862
leaf_weight=30.004037857055664 109.86297985911369 27.87964004278183 14.274423688650129 19.096924483776093 7.6135391592979458 7.5198020040988913 5.7648612260818508 11.034004718065264 9.867293566465376 108.35834673047066 8.6500962972641009 8.1793804764747602 6.6350983977317801 5.8545654416084281
leaf_count=98 385 97 47 67 25 26 20 38 34 377 30 28 22 20
internal_value=-7.64761e-06 0.0334436 -0.00910955 0.0178239 -0.00121308 0.0195039 0.0355984 -0.0082538 -0.0175052 -0.00694518 0.0123742 0.0320371 0.0843923 0.0286972
internal_weight=380.595 81.4073 299.188 71.099 56.8246 37.7277 30.2079 44.7682 228.089 118.226 22.5943 16.8295 36.6391 16.8886
internal_count=1314 275 1039 243 196 129 103 155 796 411 78 58 120 58
is_linear=0
shrinkage=0.05


Tree=5
num_leaves=15
num_cat=0
split_feature=35 13 2 27 3 33 34 31 20 29 23 17 5 3
split_gain=184.611 35.8975 21.275 15.5405 20.128 19.4346 19.0708 23.2302 15.4513 13.368 36.6289 12.3059 10.1635 10.0789
threshold=-1.0000000180025095e-35 3.2782633090594611 -0.4870872971875726 1.0000000180025095e-35 4.1135724953527459 56.500000000000007 0.18335000000000004 0.80000000000000016 0.23006240632297206 13.500000000000002 1.1594622157833305 0.51010139168741631 20.634658303938703 5.2545717667865128
decision_type=2 2 2 2 2 2 2 2 2 2 2 2 2 2
left_child=-1 3 -3 4 5 -2 12 -8 -4 10 -6 -11 -5 -13
right_child=1 2 8 6 9 -7 7 -9 -10 11 -12 13 -14 -15
leaf_value=-0.048422924191815299 0.039514187182975793 0.07003453515227763 -0.028359741363701042 -0.034037909860243687 -0.048796594133834074 -0.04587240348873111 0.052182403591562843 -0.018458429877442634 0.055569054284628383 0.054694477670734744 0.070497633236776533 0.014961411721522183 0.02568175413760064 -0.037478433815999877
leaf_weight=135.44898715615273 8.3582021296024305 51.224421799182892 11.619209587574007 16.642832219600681 8.7623390853404981 32.876533448696136 62.60008892416954 14.295826494693754 10.385320991277693 7.6485172212123862 24.222658395767212 16.083090126514435 12.456934511661528 21.294828981161118
leaf_count=421 25 151 35 51 27 101 185 43 31 23 71 48 37 65
internal_value=-1.04379e-05 0.0219596 0.0523709 0.0120726 -0.000309693 -0.0285647 0.0260027 0.0390495 0.0112515 0.0146251 0.0388076 -0.00309017 -0.00847331 -0.0149144
internal_weight=433.92 298.471 73.229 225.242 119.246 41.2347 105.996 76.8959 22.0045 78.0114 32.985 45.0264 29.0998 37.3779
internal_count=1314 893 217 676 360 126 316 228 66 234 98 136 88 113
is_linear=0
shrinkage=0.05


Tree=6
num_leaves=15
num_cat=0
split_feature=35 30 14 34 16 34 29 2 27 30 30 14 16 2
split_gain=54.999 35.5739 36.1431 25.7539 20.9952 27.8469 24.6368 15.8065 14.8084 17.0692 13.0417 12.1312 11.5959 10.8028
threshold=1.0000000180025095e-35 5.5000000000000009 9.5833333333333339 -0.84999999999999987 4.4406877355361116 0.54410000000000014 16.500000000000004 2.4574496392560188 1.0000000180025095e-35 11.500000000000002 7.5000000000000009 51.250000000000007 5.1924095715067482 0.61974854777281374
decision_type=2 2 2 2 2 2 2 2 2 2 2 2 2 2
left_child=1 2 -1 12 11 6 -6 8 9 10 -5 -4 -3 -12
right_child=-2 3 4 7 5 -7 -8 -9 -10 -11 13 -13 -14 -15
leaf_value=-0.028182943738335482 -0.052948373189788039 0.037869814103612551 0.028940119906818818 -0.040799264419513134 -0.036321597263912375 0.06330630403119468 0.036218182333308334 0.054342024428566497 -0.032626683732317537 -0.048355216141751166 0.020926829375398137 0.070766958879551742 -0.0095018969993890048 -0.029195931839878377
leaf_weight=28.166684925556183 44.41083225607872 40.814652025699615 30.155063688755035 13.645433872938154 28.428256839513779 20.320640385150909 19.897697180509567 8.0145331323146802 87.197495311498642 18.697622060775757 62.559226274490356 40.776866465806961 18.900695502758026 12.980460554361342
leaf_count=79 127 111 82 38 79 55 54 22 244 53 172 110 52 36
internal_value=2.8461e-05 0.0054929 0.0234823 -0.0059893 0.0339083 0.0141962 -0.00645412 -0.0144765 -0.0173038 -0.00491887 0.00418754 0.0529852 0.022876 0.0123139
internal_weight=474.966 430.555 167.745 262.81 139.579 68.6466 48.326 203.095 195.08 107.883 89.1851 70.9319 59.7153 75.5397
internal_count=1314 1187 459 728 380 188 133 565 543 299 246 192 163 208
is_linear=0
shrinkage=0.05


Tree=7
num_leaves=15
num_cat=0
split_feature=35 35 8 18 5 8 30 16 8 30 0 2 31 9
split_gain=68.5969 81.3086 36.7924 20.9956 20.8845 19.3176 16.2092 13.8167 13.7522 12.1293 11.8388 10.8984 7.853 7.80374
threshold=1.0000000180025095e-35 -1.0000000180025095e-35 12.083333333333334 -0.2762770440525541 29.960761693778689 54.583333333333336 5.5000000000000009 4.8668438723179213 25.416666666666671 7.5000000000000009 47.001874923809716 -0.58955612034430216 0.48500000000000004 0.76341129483774106
decision_type=2 2 2 2 2 2 2 2 2 2 2 2 2 2
left_child=1 2 -1 -2 5 -4 11 -7 -5 -3 -8 -6 -9 -11
right_child=3 9 4 8 6 7 10 12 -10 13 -12 -13 -14 -15
leaf_value=0.088881061816490192 -0.026693805260216294 -0.038319867005769781 -0.021225534523899789 0.019084546539764796 -0.037847465673674613 -0.0060007446365599477 0.10360028443487368 0.027204798434616564 0.095179264072423664 -0.019849873280562549 0.018996922590124518 0.049076492976221353 0.10151742805885629 0.0180992091279298
leaf_weight=18.99520343542099 5.6275224387645713 102.42399179935455 46.219677954912186 7.7113120853900901 7.1248589158058167 12.621820509433748 12.890396833419802 6.837114214897154 25.81201034784317 97.000005066394806 6.0878219306468955 7.3012665808200818 7.4059478640556335 15.745975703001021
leaf_count=60 20 369 161 26 25 43 41 23 81 343 20 24 24 54
internal_value=-6.51432e-06 -0.00721022 0.0247771 0.0626734 0.0133424 -0.00162747 0.0460946 0.03209 0.0776753 -0.0258648 0.0764613 0.00614598 0.065845 -0.0145499
internal_weight=379.805 340.654 125.484 39.1508 106.489 73.0846 33.4043 26.8649 33.5233 215.17 18.9782 14.4261 14.2431 112.746
internal_count=1314 1187 421 127 361 251 110 90 107 766 61 49 47 397
is_linear=0
shrinkage=0.05


Tree=8
num_leaves=15
num_cat=0
split_feature=35 27 14 3 33 23 29 30 23 34 9 14 6 2
split_gain=170.776 32.327 27.7889 33.9726 30.8566 23.7221 23.9699 17.5154 17.4745 14.694 11.9743 17.6631 11.8887 13.6643
threshold=-1.0000000180025095e-35 1.0000000180025095e-35 40.416666666666679 4.1135724953527459 63.500000000000007 1.1821588726293459 16.500000000000004 7.5000000000000009 2.580363169947733 0.18335000000000004 0.75322135860342487 46.25 0.11079921700533572 0.88700436371220981
decision_type=2 2 2 2 2 2 2 2 2 2 2 2 2 2
left_child=-1 2 -2 4 7 6 -3 -4 9 -7 11 -5 -11 -14
right_child=1 5 3 10 -6 8 -8 -9 -10 12 -12 -13 13 -15
leaf_value=-0.047450830539111373 -0.035777037954114535 0.068420695860514302 0.095213595503972681 -0.0017885398901442699 -0.046521649320157898 -0.048044162941380496 -0.0084630534512580916 0.00082902188472205917 0.051406724798983006 0.065650165649825551 -0.0011197784491388616 0.069033780426396865 -0.020174565834912544 0.059297747223903088
leaf_weight=131.93394121527672 33.59736230969429 65.169729977846146 7.1621811091899898 11.509146094322203 30.323646545410156 12.100733399391173 12.005143910646437 15.669124394655226 24.59159779548645 8.9380344450473768 13.296376526355742 37.451752901077271 21.670112222433094 7.2077207863330832
leaf_count=421 103 187 21 35 95 38 36 47 71 26 40 108 65 21
internal_value=-2.55272e-05 0.0207831 0.00424247 0.0158925 -0.0134659 0.0370322 0.0564608 0.0304375 0.0169083 -8.75393e-05 0.0409585 0.0523857 0.0152581 -0.000338789
internal_weight=432.627 300.693 149.01 115.412 53.155 151.683 77.1749 22.8313 74.5082 49.9166 62.2573 48.9609 37.8159 28.8778
internal_count=1314 893 449 346 163 444 223 68 221 150 183 143 112 86
is_linear=0
shrinkage=0.05


Tree=9
num_leaves=15
num_cat=0
split_feature=34 17 20 34 16 10 30 34 3 14 34 14 16 14
split_gain=41.2317 24.5463 23.4499 19.7837 25.9153 14.6884 14.6328 14.1916 14.561 11.7644 14.5184 10.4249 9.4067 13.2632
threshold=1.0000000180025095e-35 0.17244710578542008 -0.4519004773337828 -0.45589999999999992 5.3041697194580477 -0.5511210606068816 11.500000000000002 0.47500000000000003 3.8806790093971872 87.083333333333357 0.92500000000000016 27.083333333333339 2.3643400712763993 12.083333333333334
decision_type=2 2 2 2 2 2 2 2 2 2 2 2 2 2
left_child=1 3 9 -1 -5 -3 7 11 -9 -2 -11 -4 -10 -14
right_child=2 5 6 4 -6 -7 -8 8 12 10 -12 -13 13 -15
leaf_value=-0.029204983550415831 -0.044406557383954888 0.046271776397042802 0.015654895481591553 0.067621282991110129 -0.039522942168346731 0.014246904120609978 -0.043964156916187103 0.053059742850649821 0.056806684815393638 -0.053032423983853522 0.038368043461511923 -0.034483463517927734 -0.041372057006755003 0.0094198964538652185
leaf_weight=42.804499983787537 67.408371537923813 61.849906802177429 14.713943123817442 15.05128335952759 9.0292482674121839 85.025174796581268 19.219583600759506 18.453714191913605 7.7151993215084067 7.3356076180934915 10.656018137931824 35.095837891101837 16.190699428319931 62.344232469797134
leaf_count=120 193 167 41 41 25 232 56 50 21 21 29 99 46 173
internal_value=4.34064e-05 0.016299 -0.0133659 -0.00880885 0.0274464 0.0277328 -0.00282039 0.00229738 0.0127489 -0.0348191 0.00110193 -0.0196725 0.00412415 -0.00105133
internal_weight=472.893 213.76 259.133 66.885 24.0805 146.875 173.733 154.514 104.704 85.4 17.9916 49.8098 86.2501 78.5349
internal_count=1314 585 729 186 66 399 486 430 290 243 50 140 240 219
is_linear=0
shrinkage=0.05


Tree=10
num_leaves=15
num_cat=0
split_feature=35 35 17 18 34 30 30 4 14 13 17 9 2 9
split_gain=60.4722 74.6148 40.9681 18.0561 17.8812 11.727 9.98262 16.5978 10.2872 13.0219 8.06044 7.25106 7.89935 5.27546
threshold=1.0000000180025095e-35 -1.0000000180025095e-35 0.17244710578542008 -0.2762770440525541 -0.45589999999999992 7.5000000000000009 3.5000000000000004 18.768626353685612 87.083333333333357 1.3579417045209057 0.56831489996894546 0.76341129483774106 0.11639833959108742 0.73209828569792978
decision_type=2 2 2 2 2 2 2 2 2 2 2 2 2 2
left_child=1 2 4 -2 -1 -3 -4 -8 10 -10 -9 -7 -13 -5
right_child=3 5 6 13 -6 11 7 8 9 -11 -12 12 -14 -15
leaf_value=0.07550247458787944 -0.026060695356620298 -0.037594400400265134 0.053656148333946933 0.096414734213146044 0.0048462350492136938 -0.019184346422617245 -0.026811892680719148 0.027879202274415898 0.0038535903704255354 0.098391232071827858 -0.044840023270787711 -0.018977330669350357 0.051561607840783355 0.056171166884683703
leaf_weight=37.934407740831375 5.5368206202983847 99.585924327373505 7.9552985727787009 12.965234518051146 11.721165180206297 95.61636671423912 39.369041711091995 8.1742806136608142 7.0564049780368787 7.5290868282318115 7.1384327411651602 7.7190596461296073 8.1694356799125654 21.896684497594833
leaf_count=115 20 369 26 39 39 343 140 28 24 24 25 27 27 68
internal_value=7.16055e-07 -0.00691021 0.0233928 0.0578164 0.0588241 -0.0251241 0.000609741 -0.00548261 0.0226031 0.0526543 -0.00602082 -0.0139868 0.0172919 0.0711378
internal_weight=378.368 337.969 126.878 40.3987 49.6556 211.091 77.2225 69.2672 29.8982 14.5855 15.3127 111.505 15.8885 34.8619
internal_count=1314 1187 421 127 154 766 267 241 101 48 53 397 54 107
is_linear=0
shrinkage=0.05


Tree=11
num_leaves=15
num_cat=0
split_feature=35 13 2 4 4 34 33 30 14 3 3 13 9 4
split_gain=157.232 29.3449 17.1016 14.1512 18.4271 16.5369 15.9959 16.5346 14.9264 13.6218 21.1998 16.4482 15.994 11.9133
threshold=-1.0000000180025095e-35 3.2782633090594611 -0.4870872971875726 14.426167972878593 22.262863078597693 0.92500000000000016 46.500000000000007 6.5000000000000009 47.916666666666679 4.1135724953527459 5.7100972633228251 1.2980275077600119 0.75371580814094508 31.720232538145712
decision_type=2 2 2 2 2 2 2 2 2 2 2 2 2 2
left_child=-1 3 -3 -2 5 8 -6 13 -5 -9 12 -12 -11 -8
right_child=1 2 -4 4 6 -7 7 9 -10 10 11 -13 -14 -15
leaf_value=-0.046488266764960394 -0.032396065077363596 0.061927528686748626 0.0097368666024604551 -0.021132871356802592 0.05351575655655362 0.068461957739590781 -0.03641757146730381 -0.028293384071747862 0.044437061982551783 0.062030374112947498 -0.043883667293009097 0.030960621677362576 -0.013013377231364238 0.030739156607957504
leaf_weight=128.04509940743446 17.6321821808815 53.398039102554321 22.230722099542618 15.579316824674605 15.131910562515257 25.198712646961212 38.372403651475906 16.849900484085083 19.596768110990524 31.592190831899643 16.400809109210972 13.288567155599592 9.1584359109401685 7.9765046536922446
leaf_count=421 54 151 66 47 44 71 121 52 57 90 50 39 27 24
internal_value=-4.83155e-05 0.0196153 0.0465863 0.0106207 0.0142472 0.0375445 0.00479264 -0.000724277 0.0153965 0.0120913 0.0217517 -0.0103844 0.0451648 -0.0248601
internal_weight=430.452 302.406 75.6288 226.778 209.146 60.3748 148.771 133.639 35.1761 87.2899 70.44 29.6894 40.7506 46.3489
internal_count=1314 893 217 676 622 175 447 403 104 258 206 89 117 145
is_linear=0
shrinkage=0.05


Tree=12
num_leaves=15
num_cat=0
split_feature=35 30 14 5 29 33 30 7 14 2 0 17 7 19
split_gain=47.725 30.0765 30.4755 20.5468 22.2782 30.6696 18.1552 15.1935 14.3673 13.5256 12.7204 11.353 11.2384 10.9318
threshold=1.0000000180025095e-35 5.5000000000000009 9.5833333333333339 29.960761693778689 13.500000000000002 46.500000000000007 3.5000000000000004 0.0050226349153976004 60.416666666666671 0.57105408365499688 9.1480285477282983 0.81439516984602156 0.0066581847669493011 1.6219062959140069
decision_type=2 2 2 2 2 2 2 2 2 2 2 2 2 2
left_child=1 2 10 4 5 -3 7 -4 12 -8 -1 -10 -6 -13
right_child=-2 3 6 -5 8 -7 9 -9 11 -11 -12 13 -14 -15
leaf_value=0.028850663542167587 -0.050411480843300549 0.065618203309218567 -0.040558397588642742 -0.031526453828507515 0.049698246144174542 -0.029671155221563852 0.046784078077214852 0.045851894030379821 -0.016246329547089999 0.0024334631419104858 -0.047263753586564677 0.065613834465955617 0.0062294608857997973 -0.015023134171101597
leaf_weight=7.5594749152660397 42.600119173526764 9.5849196016788465 14.506931215524675 58.915416240692139 37.358592987060547 70.954386115074158 96.797939360141754 7.8342495262622824 41.56989124417305 20.903179943561554 20.043029934167862 10.073500573635103 24.700383752584457 7.212278723716735
leaf_count=21 127 26 41 167 101 204 261 21 115 57 58 27 68 20
internal_value=5.86247e-05 0.0050819 0.0215998 -0.00555353 0.00204228 -0.0183308 0.0310642 -0.0102574 0.0156125 0.0389076 -0.0264184 -0.00208558 0.032397 0.0319691
internal_weight=470.614 428.014 167.645 260.369 201.454 80.5393 140.042 22.3412 120.915 117.701 27.6025 58.8557 62.059 17.2858
internal_count=1314 1187 459 728 561 230 380 62 331 318 79 162 169 47
is_linear=0
shrinkage=0.05


Tree=13
num_leaves=15
num_cat=0
split_feature=35 35 17 7 18 34 7 30 33 9 4 14 7 23
split_gain=54.5483 68.1524 35.744 16.8159 15.7784 15.5874 13.8584 11.4988 8.46733 6.65912 7.65527 6.14221 5.18411 5.12927
threshold=1.0000000180025095e-35 -1.0000000180025095e-35 0.16250484217501038 0.0034971072946599004 -0.2762770440525541 -0.45589999999999992 0.0071144371449945506 7.5000000000000009 50.500000000000007 0.76341129483774106 17.979006468162904 57.083333333333336 0.0064989519920091009 0.33076310496449768
decision_type=2 2 2 2 2 2 2 2 2 2 2 2 2 2
left_child=1 2 5 -4 -2 -1 8 -3 -5 13 -11 -8 -6 -9
right_child=4 7 3 6 12 -7 11 9 -10 10 -12 -13 -14 -15
leaf_value=0.070705407461572153 -0.025263268522396267 -0.036958284066281849 0.050372711737253606 0.015268836128263087 0.077042841457308747 0.0047524604899994854 0.058742151952872412 0.028331009564661537 -0.033680125347546462 -0.023782858733801426 0.046146011565515829 -0.0082291904778899107 0.03275769465384161 -0.021339870735092727
leaf_weight=37.989904552698135 5.421747773885726 97.023986890912056 14.11980292201042 11.479609966278074 27.125720143318176 11.723300784826277 8.9557045400142652 5.5216948688030234 38.347920686006546 6.8020288646221188 9.2167913913726789 5.5424079596996298 8.736934155225752 88.513770222663879
leaf_count=111 20 369 44 39 79 39 29 20 139 23 31 20 28 323
internal_value=4.21433e-06 -0.00667434 0.0219825 0.000961663 0.0542353 0.0551525 -0.00988431 -0.0244098 -0.0224029 -0.013347 0.0164523 0.03314 0.066254 -0.0184232
internal_weight=376.521 335.237 128.159 78.4454 41.2844 49.7132 64.3256 207.078 49.8275 110.054 16.0188 14.4981 35.8627 94.0355
internal_count=1314 1187 421 271 127 150 227 766 178 397 54 49 107 343
is_linear=0
shrinkage=0.05


Tree=14
num_leaves=15
num_cat=0
split_feature=35 25 27 30 14 14 24 14 3 19 3 30 9 14
split_gain=145.698 26.785 20.9437 25.5299 18.2901 28.2564 13.3698 12.0286 28.1493 13.4305 11.2751 10.2706 8.73672 14.4543
threshold=-1.0000000180025095e-35 -2.2238766504966745 1.0000000180025095e-35 11.500000000000002 90.416666666666671 7.916666666666667 0.46485729973308215 41.250000000000007 4.1135724953527459 -0.65338313964567474 4.740710548723432 7.5000000000000009 0.75322135860342487 46.25
decision_type=2 2 2 2 2 2 2 2 2 2 2 2 2 2
left_child=-1 -2 3 7 5 -4 10 -3 9 -9 11 -7 13 -10
right_child=1 2 4 -5 -6 6 -8 8 12 -11 -12 -13 -14 -15
leaf_value=-0.045656112404295013 0.070741004028732235 -0.035521549957846281 0.052592485076404676 0.045961017304228975 0.080109681404514799 0.048916719701689176 0.050931502507495445 0.026460678408984913 -0.0095337575158953216 -0.04269258229085611 -0.021404687583830906 -0.018661440092141931 -0.0055432411158982666 0.066834431291723895
leaf_weight=124.33745494484901 22.785178959369659 31.480247110128403 46.590776205062866 25.675123959779739 15.101633518934248 14.094494819641115 12.379301100969313 8.8899053633213025 8.794023126363756 33.399932622909546 41.556334853172302 9.3536579906940442 12.496059745550154 20.972844660282135
leaf_count=421 63 99 130 72 42 40 35 26 27 108 126 28 38 59
internal_value=-6.81837e-05 0.0186039 0.0143731 0.00084491 0.0281573 0.0218289 0.00330689 -0.00913813 0.000684814 -0.0281556 -0.00576263 0.0219592 0.0295436 0.044273
internal_weight=427.907 303.57 280.784 141.708 139.076 123.975 77.3838 116.033 84.5528 42.2898 65.0045 23.4482 42.2629 29.7669
internal_count=1314 893 830 429 401 359 229 357 258 134 194 68 124 86
is_linear=0
shrinkage=0.05


Tree=15
num_leaves=15
num_cat=0
split_feature=35 30 14 34 3 34 29 0 5 4 29 34 11 14
split_gain=43.8221 27.2454 27.4601 20.1674 16.4543 21.2519 20.8916 11.8613 11.7216 19.1448 15.7577 19.6994 9.9647 9.622
threshold=1.0000000180025095e-35 5.5000000000000009 9.5833333333333339 -0.84999999999999987 4.4768513283019304 0.54410000000000014 16.500000000000004 9.1480285477282983 29.986100225022529 12.901196253711722 13.500000000000002 0.80000000000000016 1.717112575754671 85.416666666666671
decision_type=2 2 2 2 2 2 2 2 2 2 2 2 2 2
left_child=1 2 7 12 5 6 -4 -1 9 -5 -11 -12 13 -3
right_child=-2 3 4 8 -6 -7 -8 -9 -10 10 11 -13 -14 -15
leaf_value=0.027740256876429836 -0.049044963970564709 0.038556009071905692 -0.03566943177655376 0.034150960143161845 0.045844809384869893 0.054982832990120169 0.031792753715229126 -0.045893055967392703 -0.035317726142161866 -0.030940530400744095 -0.0094269257947906283 0.062789597459262547 -0.024779117959237706 -0.023662511372693117
leaf_weight=7.5807659924030331 41.389523446559906 42.286558002233505 26.828823894262314 24.489215910434723 73.358803868293762 19.784454852342606 20.054171830415726 19.634857177734375 45.322622716426849 66.801882714033127 50.756712347269058 11.601702868938444 10.233848631381987 7.2843461334705344
leaf_count=21 127 114 76 67 197 53 54 58 131 195 141 31 29 20
internal_value=7.26637e-05 0.00484465 0.0205733 -0.00532046 0.0295054 0.0115261 -0.00681252 -0.0253829 -0.012973 -0.00638186 -0.014067 0.00400887 0.0201397 0.0294131
internal_weight=467.408 426.019 167.242 258.777 140.026 66.6675 46.883 27.2156 198.972 153.65 129.16 62.3584 59.8048 49.5709
internal_count=1314 1187 459 728 380 183 130 79 565 434 367 172 163 134
is_linear=0
shrinkage=0.05


Tree=16
num_leaves=15
num_cat=0
split_feature=35 35 8 7 18 0 4 30 30 7 30 8 9 4
split_gain=48.6246 62.1333 25.7039 15.2693 13.7437 11.6112 11.7194 11.4023 11.0792 10.7458 10.5449 9.6267 6.20942 7.14459
threshold=1.0000000180025095e-35 -1.0000000180025095e-35 12.083333333333334 0.0035904366880001501 -0.2762770440525541 29.456081526945308 12.054225705504058 5.5000000000000009 7.5000000000000009 0.0048228544601314509 5.5000000000000009 25.416666666666671 0.76341129483774106 17.979006468162904
decision_type=2 2 2 2 2 2 2 2 2 2 2 2 2 2
left_child=1 2 -1 10 -2 -5 -7 9 -3 -8 -4 -6 -10 -14
right_child=4 8 3 5 11 6 7 -9 12 -11 -12 -13 13 -15
leaf_value=0.071590734383274471 -0.024521557340187558 -0.036238971628592097 9.6865987716291963e-05 -0.022610980394592528 0.013625883334139402 -0.015712380375973448 0.045345356456525834 0.06903095478263592 -0.017787729266146451 -0.023333840961194244 0.074562406635654596 0.075164058999039607 -0.023392920777925139 0.044088013710780319
leaf_weight=20.81260159611702 5.3153034746646872 94.054016128182411 7.2289623916149148 31.448445826768875 8.1703006327152234 19.625294178724289 11.324006319046022 13.324826955795286 92.696010604500771 11.458626270294188 13.886654108762741 28.606371283531189 6.7469878196716335 9.3694733977317792
leaf_count=60 20 369 23 112 26 67 37 40 343 41 41 81 23 31
internal_value=4.68095e-06 -0.00641435 0.0207004 0.0109202 0.050631 0.00168044 0.0153874 0.0322909 -0.0236709 0.0108028 0.049069 0.0614927 -0.0128074 0.0158378
internal_weight=374.068 331.976 129.109 108.297 42.092 87.1812 55.7328 36.1075 202.866 22.7826 21.1156 36.7767 108.812 16.1165
internal_count=1314 1187 421 361 127 297 185 118 766 78 64 107 397 54
is_linear=0
shrinkage=0.05


Tree=17
num_leaves=15
num_cat=0
split_feature=35 13 2 4 18 8 33 16 5 2 16 6 34 7
split_gain=135.327 24.4573 14.0078 12.7912 15.2941 13.044 11.1991 12.3789 13.3161 14.8539 14.2729 11.478 10.1311 8.73551
threshold=-1.0000000180025095e-35 3.2782633090594611 -0.4870872971875726 14.426167972878593 0.2739098535269951 76.250000000000014 46.500000000000007 4.8933787431960782 11.993909226200417 0.78088806655950271 3.6082456945837715 0.056716676426690253 0.92500000000000016 0.0024385486205644002
decision_type=2 2 2 2 2 2 2 2 2 2 2 2 2 2
left_child=-1 3 -3 -2 5 -5 -6 8 -8 11 -11 -10 -4 -7
right_child=1 2 12 4 6 13 7 -9 9 10 -12 -13 -14 -15
leaf_value=-0.044896683648798959 -0.0317977523437043 0.055647390129017628 0.030994535579349378 0.052766197275513953 0.043610132750555454 0.036558716840198562 0.031059317903487572 -0.025163433719971554 0.03658838437627536 -0.0067679398776655077 0.072743102854317315 -0.035454146992860917 -0.042073245445949536 -0.037885610452646552
leaf_weight=120.6076540350914 17.373159915208817 54.743188202381134 15.538075029850008 36.397810310125351 16.829221338033676 7.6738181710243216 41.559753358364105 35.316033184528351 6.6114817261695853 13.465185582637789 9.7172282636165601 33.760197550058365 6.8289442360401145 8.1002058386802656
leaf_count=421 54 151 45 103 48 22 117 114 19 41 27 106 21 25
internal_value=-8.41289e-05 0.0176996 0.0420255 0.00942917 0.0128491 0.0363077 0.00506657 0.000447477 0.0090522 -0.00533885 0.0265602 -0.0236561 0.00868598 -0.0016696
internal_weight=424.522 303.914 77.1102 226.804 209.431 52.1718 157.259 140.43 105.114 63.5541 23.1824 40.3717 22.367 15.774
internal_count=1314 893 217 676 622 150 472 424 310 193 68 125 66 47
is_linear=0
shrinkage=0.05


Tree=18
num_leaves=15
num_cat=0
split_feature=35 30 34 8 5 35 5 4 29 34 17 7 3 11
split_gain=40.4307 24.4884 18.368 17.9807 11.619 25.4885 10.8816 17.3953 12.9464 18.6011 9.64346 10.5995 9.13039 8.99181
threshold=1.0000000180025095e-35 5.5000000000000009 -0.84999999999999987 6.2500000000000009 18.325833311395041 -1.0000000180025095e-35 29.986100225022529 12.647522901740809 13.500000000000002 0.80000000000000016 0.25191684054725755 0.0050027751849298007 3.2017205430942481 1.717112575754671
decision_type=2 2 2 2 2 2 2 2 2 2 2 2 2 2
left_child=1 3 13 -1 12 10 7 -4 -9 -10 11 -6 -5 -3
right_child=-2 2 6 4 5 -7 -8 8 9 -11 -12 -13 -14 -15
leaf_value=-0.047853294116029801 -0.047852712932435315 0.028029095547599858 0.035418642258039756 -0.012363240250317854 -0.030251188051130869 -0.017095602463869125 -0.034122029083522958 -0.028271883778399218 -0.0095144782708082593 0.060503574484224124 0.057708423305170592 0.042494752757194096 0.045077598264319882 -0.023673639614283062
leaf_weight=9.3352378010749799 40.161354243755341 49.566072553396225 21.695064604282379 7.7807635366916648 8.7114422023296374 41.329051464796066 44.608453124761581 67.026363581418991 52.300288140773773 11.586913943290709 25.307055354118347 11.776555269956587 62.398704320192337 10.127523243427275
leaf_count=27 127 134 59 22 24 118 131 198 146 31 68 32 168 29
internal_value=9.3002e-05 0.00463926 -0.00504341 0.0195672 0.0235683 0.0113722 -0.0123987 -0.00604889 -0.0129209 0.00318436 0.0370638 0.0115634 0.0387092 0.0192573
internal_weight=463.711 423.549 256.911 166.639 157.304 87.1241 197.217 152.609 130.914 63.8872 45.7951 20.488 70.1795 59.6936
internal_count=1314 1187 728 459 432 242 565 434 375 177 124 56 190 163
is_linear=0
shrinkage=0.05


Tree=19
num_leaves=15
num_cat=0
split_feature=17 34 34 34 17 28 29 7 7 20 19 14 6 23
split_gain=30.2376 35.5788 18.4953 23.6924 14.0645 13.4045 16.7276 12.0722 11.9087 8.30562 7.85307 8.0582 7.59933 15.419
threshold=0.17152637812455071 -0.45589999999999992 0.92500000000000016 0.67795000000000016 0.8123920096721734 1.0000000180025095e-35 13.500000000000002 0.0034279005311374506 0.0033230962148937007 0.46681489869218012 1.7225310095328412 61.250000000000007 0.44711840619949761 1.6687808702002627
decision_type=2 2 2 2 2 2 2 2 2 2 2 2 2 2
left_child=1 -1 3 5 -5 9 -7 -8 -3 -2 11 -9 13 -11
right_child=2 8 -4 4 -6 6 7 10 -10 12 -12 -13 -14 -15
leaf_value=0.058726777829653125 -0.02258738380273477 0.043718942426979809 -0.02953508089290599 -0.01254083214427152 0.075031105872647177 0.075590040149517618 0.062827194885649362 0.017372600588530223 -0.02004183770913346 -0.018782426374722862 0.046134828624633188 -0.036890833214809494 -0.019307672314099501 0.059985639378541393
leaf_weight=42.267603367567062 93.896805346012115 9.3908341228961927 72.729394033551216 6.5332576930522945 15.374568104743956 9.4915933012962324 6.9208345413207999 10.216030374169351 33.258858680725098 11.995868265628816 5.4480867683887473 20.713685929775238 20.126568704843521 12.88784673810005
leaf_count=120 353 32 279 25 44 27 20 35 123 45 19 76 74 42
internal_value=1.36281e-05 0.0262164 -0.00775725 -0.000342224 0.0489158 -0.0059716 0.0154757 0.00229793 -0.00600265 -0.0141224 -0.0092177 -0.0189677 0.00353646 0.0220134
internal_weight=371.252 84.9173 286.335 213.605 21.9078 191.697 52.7902 43.2986 42.6497 138.907 36.3778 30.9297 45.0103 24.8837
internal_count=1314 275 1039 760 69 691 177 150 155 514 130 111 161 87
is_linear=0
shrinkage=0.05


Tree=20
num_leaves=15
num_cat=0
split_feature=35 25 4 1 14 33 9 14 28 14 4 20 9 4
split_gain=125.408 22.5055 18.448 22.2915 15.9927 12.3155 12.2396 18.3782 10.1116 7.97575 12.3207 9.97546 12.7341 13.1863
threshold=-1.0000000180025095e-35 -2.2238766504966745 12.901196253711722 55.002718144249492 7.916666666666667 46.500000000000007 0.67128410180955311 37.083333333333336 1.0000000180025095e-35 58.750000000000007 36.474807602783379 0.65671110233111107 0.68272561915026386 27.254394973837758
decision_type=2 2 2 2 2 2 2 2 2 2 2 2 2 2
left_child=-1 -2 -3 4 -4 -5 -6 -8 9 10 -7 12 -11 -14
right_child=1 2 3 5 6 8 7 -9 -10 11 -12 -13 13 -15
leaf_value=-0.044171827008415571 0.064057368660651801 -0.027039067080787189 0.066535452744227827 0.049277029923064042 -0.024002935892186786 -0.021985546647621142 -0.018275235098811821 0.042523022117557846 -0.026354233885466028 -0.050938297668461543 0.049851918031047326 0.052852628890166946 0.067577687146669299 -0.0036675524176724011
leaf_weight=116.72141093015671 23.262049973011017 26.236978322267532 27.389084994792938 13.244372516870497 12.055279076099394 34.631351321935654 15.594045758247374 61.253550469875336 30.696461886167526 7.8879380822181693 7.2114804685115805 15.815521001815794 9.8827175498008746 18.943881213665009
leaf_count=421 63 81 74 37 38 106 47 173 100 24 21 44 27 58
internal_value=-0.000114502 0.0167956 0.0128809 0.0169946 0.0331294 0.00342877 0.0228377 0.0301857 -0.00142639 0.00668184 -0.00960459 0.0196548 0.00535416 0.0207577
internal_weight=420.826 304.105 280.843 254.606 116.292 138.314 88.9029 76.8476 125.069 94.3729 41.8428 52.5301 36.7145 28.8266
internal_count=1314 893 830 749 332 417 258 220 380 280 127 153 109 85
is_linear=0
shrinkage=0.05


Tree=21
num_leaves=15
num_cat=0
split_feature=30 3 7 8 29 7 31 7 13 27 0 17 3 7
split_gain=24.9936 13.6847 14.5155 20.0049 16.3846 15.4394 15.0293 16.5628 14.3534 14.2241 11.1828 9.74292 7.90946 9.02513
threshold=11.500000000000002 12.812188975329031 0.0070459472315303013 35.416666666666679 16.500000000000004 0.0048228544601314509 0.72499999999999998 0.0053570524368419508 0.83201803352484116 1.0000000180025095e-35 53.129824504015012 0.22225811000333934 5.6558523935855645 0.0052043107549996507
decision_type=2 2 2 2 2 2 2 2 2 2 2 2 2 2
left_child=1 2 4 8 6 11 9 -8 10 12 -4 -6 13 -1
right_child=-2 -3 3 -5 5 -7 7 -9 -10 -11 -12 -13 -14 -15
leaf_value=0.0077525122524437886 -0.036485623404760276 0.059394211711437529 0.059522073234412748 0.056604922660175722 -0.035978917678948605 0.054545924793253812 0.045316507812983665 -0.01543966935613462 -0.03488034768852203 -0.022379332931700278 -0.027867438738584334 0.021647743555427645 0.032227340035212132 -0.026795559710202217
leaf_weight=78.207970768213272 42.364407300949097 10.791210412979124 8.0973756611347181 8.5127556324005109 9.6740212738513929 31.418544322252274 34.240679949522018 16.68282487988472 61.30640721321106 74.156411558389664 6.6814134120941153 30.331912398338318 22.323202878236771 24.92934188246727
leaf_count=222 131 29 22 23 27 85 94 49 180 216 20 82 62 72
internal_value=0.000106712 0.00382109 0.00234604 -0.0160849 0.00718886 0.028314 0.00116648 0.0254124 -0.0242177 -0.00501882 0.0200137 0.00771277 0.00524253 -0.00059811
internal_weight=459.718 417.354 406.563 84.598 321.965 71.4245 250.54 50.9235 76.0852 199.617 14.7788 40.0059 125.461 103.137
internal_count=1314 1183 1154 245 909 194 715 143 222 572 42 109 356 294
is_linear=0
shrinkage=0.05


Tree=22
num_leaves=15
num_cat=0
split_feature=17 34 34 4 28 30 5 2 2 2 14 30 12 33
split_gain=27.3631 31.6629 17.3145 21.8006 19.6662 16.5281 17.3297 12.109 11.6139 9.40215 8.43991 7.47602 5.7879 5.71626
threshold=0.17152637812455071 -0.45589999999999992 0.92500000000000016 19.553624772247215 1.0000000180025095e-35 7.5000000000000009 15.43915491408632 -0.27897968464907202 0.36459799870944964 -0.83757428814811352 50.416666666666671 3.5000000000000004 0.56580790210831966 60.000000000000007
decision_type=2 2 2 2 2 2 2 2 2 2 2 2 2 2
left_child=1 -1 3 11 5 9 10 -3 -6 -5 -7 -2 -9 -10
right_child=2 7 -4 4 8 6 -8 12 13 -11 -12 -13 -14 -15
leaf_value=0.055124788292241336 0.02199601174160451 -0.027711434889952997 -0.028825287487976012 0.040753922733593628 0.067021228325995566 0.01846015860911723 -0.0067029044090588259 0.0048522776468552502 -0.01992741625344745 -0.025135904697252021 0.086192155974539428 -0.026800470767463686 0.065480864729215355 0.038521552953851686
leaf_weight=42.920106172561646 8.8515980392694456 25.347249045968056 70.990121006965637 6.0832813382148734 21.185113489627838 7.7245697081089046 21.448582127690315 10.881255879998209 7.8120057880878475 49.221960157155991 11.367761105298994 69.322853088378906 6.1677287817001334 9.0050371885299665
leaf_count=120 32 97 279 20 59 26 79 38 27 189 33 266 20 29
internal_value=3.01673e-05 0.0248513 -0.00745234 -0.000296186 0.0119567 -0.00011143 0.0241396 -0.00579631 0.0423941 -0.0178884 0.0587885 -0.0212753 0.0267856 0.0113703
internal_weight=368.329 85.3163 283.013 212.023 133.848 95.8462 40.5409 42.3962 38.0022 55.3052 19.0923 78.1745 17.049 16.817
internal_count=1314 275 1039 760 462 347 138 155 115 209 59 298 58 56
is_linear=0
shrinkage=0.05


Tree=23
num_leaves=15
num_cat=0
split_feature=35 1 4 33 7 33 29 3 28 6 34 14 4 19
split_gain=116.552 17.1146 21.5155 17.6724 14.114 11.3473 10.2606 11.475 9.44848 8.07845 7.98051 7.26299 11.2028 9.22288
threshold=-1.0000000180025095e-35 55.002718144249492 9.228832666272174 50.500000000000007 0.0037081756765327506 46.500000000000007 13.500000000000002 6.3880894376867046 1.0000000180025095e-35 0.16983102268315378 0.47500000000000003 58.750000000000007 36.474807602783379 1.5721325500022894
decision_type=2 2 2 2 2 2 2 2 2 2 2 2 2 2
left_child=-1 2 -2 10 -5 -3 -6 9 11 -8 -4 12 -7 -13
right_child=1 5 3 4 6 8 7 -9 -10 -11 -12 13 -14 -15
leaf_value=-0.043520347179039215 -0.037292136550569358 0.04683320178474748 0.01248082930291159 0.011530816743402552 0.065876380252756217 -0.020862443541610969 0.0090619581148892788 0.0036494269964548222 -0.025817251602252136 0.071160023875244865 -0.047917747956530282 0.004050912214333219 0.047222578931490553 0.048759391325161577
leaf_weight=112.90890794992447 12.104754120111464 13.376640379428862 18.553097724914554 32.861431062221527 47.642296344041824 35.263768821954727 7.2007357776165035 19.489859700202942 30.513840645551682 19.2081019282341 7.7552086114883414 35.47303718328476 7.2909497022628775 17.093892991542816
leaf_count=421 38 37 54 97 128 109 21 57 101 52 25 106 21 47
internal_value=-0.000144381 0.0159751 0.0268736 0.0319597 0.0397196 0.00305356 0.0496224 0.032751 -0.00160773 0.0542281 -0.00532357 0.00615838 -0.00919736 0.0185894
internal_weight=416.737 303.828 164.815 152.711 126.402 139.012 93.541 45.8987 125.635 26.4088 26.3083 95.1216 42.5547 52.5669
internal_count=1314 893 472 434 355 421 258 130 384 73 79 283 130 153
is_linear=0
shrinkage=0.05


Tree=24
num_leaves=15
num_cat=0
split_feature=30 9 4 30 14 30 14 2 7 19 31 12 9 7
split_gain=23.0914 14.1764 19.4388 11.852 20.0224 14.2629 16.3939 13.5015 11.6502 16.0461 10.3282 9.2081 10.2188 8.97833
threshold=11.500000000000002 0.65530773268522313 31.373312902554705 5.5000000000000009 9.5833333333333339 3.5000000000000004 93.750000000000014 2.2316599063873026 0.0066258351451599007 -2.4358418597061298 0.70000000000000007 0.39063274624921779 0.76189747378718187 0.0050226349153976004
decision_type=2 2 2 2 2 2 2 2 2 2 2 2 2 2
left_child=1 2 -1 4 -3 13 10 8 9 -5 -7 12 -11 -6
right_child=-2 3 -4 7 5 6 -8 -9 -10 11 -12 -13 -14 -15
leaf_value=0.037594375700952268 -0.035444309768323544 -0.034001678403866829 -0.046579267973746889 0.060680453571711236 -0.039232093354892132 0.019955886355372449 -0.0022993749900743449 0.056656585044196607 -0.030933699209572497 -0.0023649890629817982 0.05731654253429555 -0.019813785918771105 0.05423061896302666 0.022703287640613731
leaf_weight=51.274274051189423 41.488977193832397 22.126575320959091 7.9181499183177939 9.1637501716613752 16.03173786401749 37.123619973659515 36.704353123903275 7.6953983604907981 52.49180081486702 47.291005074977875 36.870968401432037 71.053365081548691 9.5938188135623914 9.214570075273512
leaf_count=141 131 68 23 25 48 101 105 21 156 136 100 207 26 26
internal_value=0.000120165 0.0036795 0.0263345 -9.41421e-05 0.0101072 0.0172863 0.0250206 -0.00826761 -0.0109028 -0.00323365 0.0385724 -0.00781159 0.00718005 -0.0166265
internal_weight=456.042 414.553 59.1924 355.361 158.072 135.945 110.699 197.289 189.594 137.102 73.9946 127.938 56.8848 25.2463
internal_count=1314 1183 164 1019 448 380 306 571 550 394 201 369 162 74
is_linear=0
shrinkage=0.05


Tree=25
num_leaves=15
num_cat=0
split_feature=35 35 17 7 7 8 34 8 33 24 8 28 6 19
split_gain=37.0902 50.7184 22.3194 12.1576 11.6715 17.3042 10.1781 9.82825 7.74454 6.50781 6.37013 4.78203 7.62178 5.92292
threshold=1.0000000180025095e-35 -1.0000000180025095e-35 0.16250484217501038 0.0034971072946599004 0.0071144371449945506 35.416666666666679 -0.45589999999999992 25.416666666666671 50.500000000000007 -0.5303125977320754 63.750000000000007 1.0000000180025095e-35 0.12206510162589916 1.5721325500022894
decision_type=2 2 2 2 2 2 2 2 2 2 2 2 2 2
left_child=1 2 6 -4 8 -6 -1 -2 -5 -3 -9 -11 -13 -14
right_child=7 9 3 4 5 -7 -8 10 -10 11 -12 12 13 -15
leaf_value=0.055539984990633354 0.0029575039905225717 0.024557000522640968 0.041978060981728543 0.015360027284857792 0.075614507053465563 -0.034996757490981599 0.002932103254178928 0.07308678362677698 -0.031896732212501992 -0.027009649214811467 0.025465760906704767 0.046760738732817532 -0.036216745501093807 0.024141925368570141
leaf_weight=40.555782347917557 11.048818990588186 7.223560005426406 14.825183421373366 11.42798590660095 8.6843782961368543 5.9641243517398825 11.889339029788969 21.654179871082306 35.921174004673958 160.30973754823208 10.3929286301136 5.7873337268829372 13.874064460396768 5.7483844757080069
leaf_count=111 37 26 44 39 26 23 39 59 139 648 31 19 53 20
internal_value=5.95246e-05 -0.00576712 0.0184684 0.0013022 -0.00842441 0.0305792 0.0436137 0.043623 -0.020491 -0.0220044 0.0576432 -0.0238154 -0.00366301 -0.0185347
internal_weight=365.307 322.211 129.268 76.8228 61.9977 14.6485 52.4451 43.0959 47.3492 192.943 32.0471 185.72 25.4098 19.6224
internal_count=1314 1187 421 271 227 49 150 127 178 766 90 740 92 73
is_linear=0
shrinkage=0.05


Tree=26
num_leaves=15
num_cat=0
split_feature=35 25 4 1 33 29 34 3 34 4 8 5 17 20
split_gain=108.865 18.9229 16.1768 13.5034 17.0714 10.8261 10.2143 11.7463 11.6623 9.96 9.7318 11.3397 10.6927 9.67782
threshold=-1.0000000180025095e-35 -2.2238766504966745 9.228832666272174 55.002718144249492 50.500000000000007 13.500000000000002 0.35295000000000004 4.1288234704929936 0.27205000000000007 21.835905077630056 12.083333333333334 12.064877739325704 0.74044806412734532 0.65671110233111107
decision_type=2 2 2 2 2 2 2 2 2 2 2 2 2 2
left_child=-1 -2 -3 4 -4 9 8 -8 -5 -6 -9 -12 -13 -7
right_child=1 2 3 6 5 13 7 10 -10 -11 11 12 -14 -15
leaf_value=-0.042951295088775925 0.058383923376724392 -0.046977108355996132 -0.012587263618919384 0.0058427896203209276 0.062303610159686357 0.010197858541644213 -0.0444050830834051 -0.042799000904769333 0.059553824869533603 0.0041934182138333607 0.034330628890487769 0.040225046687983837 -0.025231210352747925 0.063393090247123418
leaf_weight=109.35663764178753 23.452583372592926 11.300023347139357 23.994775414466858 35.065279304981232 39.633427768945694 48.34103062748909 17.030080914497375 10.404189258813856 14.198730647563933 9.0593681037425977 26.15729832649231 8.2233928740024549 25.857406586408615 10.387335658073424
leaf_count=421 63 37 73 106 107 141 61 31 39 26 73 23 84 29
internal_value=-0.00018558 0.0152438 0.0116259 0.0140936 0.0255428 0.0340599 0.00310601 -0.00713043 0.0213232 0.0514921 0.00185555 0.00956818 -0.0094372 0.0196065
internal_weight=412.462 303.105 279.652 268.352 131.416 107.421 136.936 87.6724 49.264 48.6928 70.6423 60.2381 34.0808 58.7284
internal_count=1314 893 830 793 376 303 417 272 145 133 211 180 107 170
is_linear=0
shrinkage=0.05


Tree=27
num_leaves=15
num_cat=0
split_feature=35 30 14 34 30 7 14 0 5 0 5 0 27 16
split_gain=34.7467 19.8711 19.625 14.7876 13.2321 11.4411 10.7146 9.32367 9.17832 14.3786 10.2409 8.33196 7.76487 8.15184
threshold=1.0000000180025095e-35 5.5000000000000009 9.5833333333333339 -0.84999999999999987 3.5000000000000004 0.0050226349153976004 90.416666666666671 9.1480285477282983 29.986100225022529 28.468277308578141 12.977384594054405 61.359091152791471 1.0000000180025095e-35 5.1726115107020956
decision_type=2 2 2 2 2 2 2 2 2 2 2 2 2 2
left_child=1 2 7 -3 5 -4 -6 -1 9 -5 -11 -10 -8 -14
right_child=-2 3 4 8 6 -7 12 -9 11 10 -12 -13 13 -15
leaf_value=0.024496289279816012 -0.04587849789293983 0.017376785539949643 -0.037739435378426937 -0.023436669536401819 0.042171205188509746 0.037922679835338771 0.028413648285848012 -0.041887881317134383 -0.04476463370069405 -0.011576541612023606 0.02322502644824688 0.0057135368140239411 -0.057225782703633689 0.018118067116493317
leaf_weight=7.4876371622085598 37.621344834566116 58.971711784601212 13.877106457948686 63.546907782554626 80.376479923725128 7.807303011417388 21.263223439455032 18.015519887208939 31.610219389200211 37.694157868623734 48.130419701337814 11.026451796293257 7.1084738969802839 7.2531648278236389
leaf_count=21 127 163 41 188 219 21 59 58 98 112 134 33 20 20
internal_value=0.000129161 0.0043083 0.0178904 -0.00452286 0.0253528 -0.0104979 0.0320545 -0.0223977 -0.0112489 -0.00540843 0.00794018 -0.0317103 0.00922926 -0.0191743
internal_weight=451.79 414.169 163.189 250.98 137.686 21.6844 116.001 25.5032 192.008 149.371 85.8246 42.6367 35.6249 14.3616
internal_count=1314 1187 459 728 380 62 318 79 565 434 246 131 99 40
is_linear=0
shrinkage=0.05


Tree=28
num_leaves=15
num_cat=0
split_feature=35 35 17 7 7 8 30 8 34 33 20 9 24 4
split_gain=34.2047 46.2729 20.153 11.0582 10.8361 14.792 10.4205 9.10908 9.00784 7.31102 6.13358 6.47336 11.8076 6.65574
threshold=1.0000000180025095e-35 -1.0000000180025095e-35 0.16250484217501038 0.0034971072946599004 0.0071144371449945506 31.250000000000004 7.5000000000000009 25.416666666666671 -0.45589999999999992 50.500000000000007 -0.80701346342747593 0.76341129483774106 -0.26200066314272957 11.573278472653771
decision_type=2 2 2 2 2 2 2 2 2 2 2 2 2 2
left_child=1 2 8 -4 9 -6 -3 -2 -1 -5 -8 13 -13 -12
right_child=7 6 3 4 5 -7 10 -9 -10 -11 11 12 -14 -15
leaf_value=0.052363535423094798 0.0026644297666532117 -0.034284467929812483 0.039499138887675367 0.014445673014206049 0.077371202717218993 -0.022943441068361679 -0.036896686937471196 0.055217073903227901 0.0028897202794163023 -0.03140195256578187 0.035899055976870209 -0.021711366696013583 0.072127450065495757 -0.015939968496081623
leaf_weight=40.895317882299423 11.080919697880743 85.40784664452076 15.043398976325987 11.542020022869108 7.6355710327625257 7.0843966603279114 18.385394290089607 32.226071298122406 11.87120647728443 35.255014553666115 6.842983826994895 6.4825253486633301 6.9422076344490034 65.075456097722054
leaf_count=111 37 369 44 39 22 27 74 90 39 139 25 23 21 254
internal_value=7.9012e-05 -0.0055905 0.0174582 0.00107223 -0.00832471 0.029092 -0.0213507 0.0417705 0.0412331 -0.0200941 -0.0107012 -0.00505799 0.0268146 -0.0110075
internal_weight=361.77 318.463 129.327 76.5604 61.517 14.72 189.136 43.307 52.7665 46.797 103.729 85.3432 13.4247 71.9184
internal_count=1314 1187 421 271 227 49 766 127 150 178 397 323 44 279
is_linear=0
shrinkage=0.05


Tree=29
num_leaves=15
num_cat=0
split_feature=35 25 4 1 33 29 34 34 34 9 4 30 20 35
split_gain=101.784 17.5052 15.0502 12.1583 15.8423 9.71517 9.39728 11.0468 10.5236 9.32167 9.20072 8.97349 8.846 9.08111
threshold=-1.0000000180025095e-35 -2.2238766504966745 9.228832666272174 55.002718144249492 50.500000000000007 13.500000000000002 0.35295000000000004 0.92500000000000016 0.27205000000000007 0.68988475795544668 21.835905077630056 6.5000000000000009 0.65671110233111107 1.0000000180025095e-35
decision_type=2 2 2 2 2 2 2 2 2 2 2 2 2 2
left_child=-1 -2 -3 4 -4 10 8 9 -5 -8 -6 -9 13 -7
right_child=1 2 3 6 5 12 7 11 -10 -11 -12 -13 -14 -15
leaf_value=-0.04241602670354009 0.056049042387726046 -0.046204450467952449 -0.012517854905231045 0.0056340208075253721 0.059375359504869399 0.00086819055085938374 0.019007887148032181 -0.031649547905694568 0.056559413402753479 -0.039296362462355877 0.003559490581504027 0.021078404848991157 0.060408876658476995 0.062467206688517775
leaf_weight=105.80231656134129 23.461952596902847 11.013312757015226 23.933745384216309 35.037720203399658 39.636500090360641 41.400721579790115 8.8088033795356733 10.350313454866408 14.278799653053282 30.914408653974533 9.0733626186847669 36.608986377716064 10.494547784328459 6.9939210116863242
leaf_count=421 63 37 73 106 107 122 26 36 39 103 26 107 29 19
internal_value=-0.000213183 0.0145718 0.0110781 0.0134362 0.0242748 0.0324587 0.00295365 -0.00696001 0.0203786 -0.0263671 0.0489783 0.00945662 0.0187946 0.00977039
internal_weight=407.809 302.007 278.545 267.532 131.533 107.599 135.999 86.6825 49.3165 39.7232 48.7099 46.9593 58.8892 48.3946
internal_count=1314 893 830 793 376 303 417 272 145 129 133 143 170 141
is_linear=0
shrinkage=0.05


Tree=30
num_leaves=15
num_cat=0
split_feature=35 30 14 34 30 2 2 7 25 0 33 29 34 19
split_gain=32.196 18.1184 17.703 13.4017 12.057 11.0574 10.815 10.6285 8.75647 8.56073 8.20813 13.8495 12.8013 9.58278
threshold=1.0000000180025095e-35 5.5000000000000009 9.5833333333333339 -0.84999999999999987 3.5000000000000004 2.4574496392560188 0.57105408365499688 0.0050226349153976004 1.4575796303724962 9.1480285477282983 46.500000000000007 13.500000000000002 0.80000000000000016 -0.85705773353116699
decision_type=2 2 2 2 2 2 2 2 2 2 2 2 2 2
left_child=1 2 9 -3 7 10 -6 -4 -8 -1 13 -12 -13 -5
right_child=-2 3 4 5 6 -7 8 -9 -10 -11 11 12 -14 -15
leaf_value=0.023198894145951259 -0.044993628524658408 0.016529274801281787 -0.036754775500229091 -0.01461627804906046 0.037808876559677594 0.046906091669405903 -0.028284603862293291 0.036491385926407251 0.038319610716711985 -0.040743902954913966 -0.033323582877783219 -0.0099921464233515053 0.054546972311630408 0.055939340144371422
leaf_weight=7.4754736125469234 36.307042524218559 58.82235312461853 13.661008238792421 10.592663288116457 94.530741661787033 7.9604693949222556 12.554622977972032 7.7694395482540122 8.1305879354476911 17.460268020629883 72.077191531658173 82.38748562335968 8.4734961390495283 8.8192415535449964
leaf_count=21 127 163 41 30 261 22 35 21 22 58 226 240 23 24
internal_value=0.000138059 0.00412768 0.0171677 -0.00432979 0.0242375 -0.010777 0.030643 -0.0102 -0.00210496 -0.0215745 -0.0132952 -0.0169567 -0.00397337 0.0174386
internal_weight=447.022 410.715 161.582 249.133 136.646 190.311 115.216 21.4304 20.6852 24.9357 182.35 162.938 90.861 19.4119
internal_count=1314 1187 459 728 380 565 318 62 57 79 543 489 263 54
is_linear=0
shrinkage=0.05


Tree=31
num_leaves=15
num_cat=0
split_feature=35 35 17 7 7 8 30 18 34 33 8 25 25 2
split_gain=30.8787 42.5857 18.3183 10.0769 10.1009 13.2861 10.0378 8.82371 8.24287 6.87145 5.92198 5.23825 6.2783 6.13863
threshold=1.0000000180025095e-35 -1.0000000180025095e-35 0.16250484217501038 0.0034971072946599004 0.0071144371449945506 31.250000000000004 7.5000000000000009 -0.2762770440525541 -0.45589999999999992 50.500000000000007 25.416666666666671 -1.7489266444299025 -1.118249798270232 0.11639833959108742
decision_type=2 2 2 2 2 2 2 2 2 2 2 2 2 2
left_child=1 2 8 -4 9 -6 -3 -2 -1 -5 -9 -8 -13 -14
right_child=7 6 3 4 5 -7 11 10 -10 -11 -12 12 13 -15
leaf_value=0.049883986549357315 -0.022660819872438297 -0.033681053742267784 0.037373949735791431 0.01358596643266257 0.072731116624884309 -0.022319078639308793 -0.04177073641868994 0.010637123501254134 0.002605922003017016 -0.030843412008377091 0.058117752841361614 0.029482826433747528 -0.025680551379853658 0.0020584325156580477
leaf_weight=41.058831423521042 5.0337963700294486 82.752569153904915 15.210935741662977 11.638006418943403 7.7932921648025495 6.9597000479698181 11.694500550627707 8.4043551385402662 11.888831302523611 34.50285579264164 30.040814340114594 10.844451650977133 37.833864271640778 42.181715101003647
leaf_count=111 20 369 44 39 22 27 49 26 39 139 81 41 149 158
internal_value=9.38156e-05 -0.00536857 0.0166836 0.000971046 -0.00812219 0.0278913 -0.0207263 0.0395877 0.0392682 -0.0196371 0.0477382 -0.0102729 -0.00621881 -0.0110574
internal_weight=357.839 314.36 129.052 76.1048 60.8939 14.753 185.307 43.479 52.9477 46.1409 38.4452 102.555 90.86 80.0156
internal_count=1314 1187 421 271 227 49 766 127 150 178 107 397 348 307
is_linear=0
shrinkage=0.05


Tree=32
num_leaves=15
num_cat=0
split_feature=34 27 5 14 3 19 33 4 3 2 34 34 13 13
split_gain=53.0762 24.8052 17.3495 16.0424 22.6513 21.0198 12.3332 7.11737 9.23049 9.2269 6.54629 16.8011 6.39497 6.25664
threshold=1.0000000180025095e-35 1.0000000180025095e-35 18.381406349279615 39.583333333333336 4.1135724953527459 -0.65338313964567474 60.000000000000007 32.403946097667266 4.6692552774603131 -0.80437138484551862 0.92500000000000016 0.67795000000000016 0.86260795546868474 4.1723037385134294
decision_type=2 2 2 2 2 2 2 2 2 2 2 2 2 2
left_child=6 3 7 -2 5 -5 13 8 -3 -10 11 -6 -11 -1
right_child=1 2 -4 4 10 -7 -8 -9 9 12 -12 -13 -14 -15
leaf_value=-0.013138738913983043 -0.034810550926981307 0.04041299546225377 0.052291870758142324 0.046200125606704598 0.037850815940830208 -0.040164088098643053 -0.036311870397017915 0.041966703144568226 0.030308077643557592 0.006536594159918952 0.045208944203674932 -0.046710124266135356 -0.043522663860232465 0.034555090458739675
leaf_weight=69.131103664636612 27.747225821018219 13.349566608667372 52.058832108974457 9.1301279664039594 18.567720264196399 30.854042232036591 81.629227891564369 17.036993980407715 11.134925633668898 10.507366150617601 29.177186012268066 8.5923220813274366 16.241019994020462 7.6358552426099768
leaf_count=238 92 38 141 25 53 111 324 46 31 31 81 29 51 23
internal_value=-0.000236564 0.0143752 0.03055 -0.00131204 0.00833785 -0.0204434 -0.0227818 0.0139709 0.00466115 -0.00793732 0.0287647 0.0110992 -0.0238583 -0.00839473
internal_weight=402.794 244.397 120.329 124.069 96.3214 39.9842 158.396 68.2699 51.2329 37.8833 56.3372 27.16 26.7484 76.767
internal_count=1314 729 338 391 299 136 585 197 151 113 163 82 82 261
is_linear=0
shrinkage=0.05


Tree=33
num_leaves=15
num_cat=0
split_feature=35 30 14 5 34 14 30 14 3 14 2 8 0 9
split_gain=29.9826 16.4967 16.0611 12.9934 11.8741 11.1796 10.9466 10.2273 19.0837 12.5566 10.016 9.80532 8.81316 8.80467
threshold=1.0000000180025095e-35 5.5000000000000009 9.5833333333333339 29.960761693778689 1.0000000180025095e-35 82.916666666666686 3.5000000000000004 47.916666666666679 4.1135724953527459 9.5833333333333339 0.57105408365499688 34.583333333333336 32.947134029625524 0.69912624088654207
decision_type=2 2 2 2 2 2 2 2 2 2 2 2 2 2
left_child=1 2 -1 4 5 13 11 9 12 -6 -8 -4 -9 -3
right_child=-2 3 6 -5 7 -7 10 8 -10 -11 -12 -13 -14 -15
leaf_value=-0.020872978571690733 -0.044227220332646699 0.048400573865068741 0.035029922908959198 -0.025874306089977712 -0.02142938243105694 -0.029925923115166616 0.036232499024212349 -0.017010351888406525 -0.035542566819863335 0.032910818165184014 -0.0022786146832590808 -0.035697411650192079 0.048640766740430559 0.01056607252596356
leaf_weight=24.391723662614822 35.046050563454628 25.086784064769745 7.720680475234988 53.758684366941452 17.81558683514595 10.713685423135756 93.85261932015419 8.8527094721794146 52.515941768884659 26.361107587814331 20.586901217699051 13.414740920066832 12.097747564315794 39.730264931917191
leaf_count=79 127 69 21 167 54 30 261 27 165 72 57 41 33 111
internal_value=0.000148404 0.00397046 0.0164788 -0.00413265 0.00191788 0.0173888 0.0231989 -0.00801498 -0.0194469 0.0109965 0.0293046 -0.00986101 0.0208996 0.0252095
internal_weight=441.945 406.899 159.967 246.933 193.174 75.5307 135.575 117.643 73.4664 44.1767 114.44 21.1354 20.9505 64.817
internal_count=1314 1187 459 728 561 210 380 351 225 126 318 62 60 180
is_linear=0
shrinkage=0.05


Tree=34
num_leaves=15
num_cat=0
split_feature=35 35 17 30 7 7 8 18 34 33 31 20 8 8
split_gain=27.7012 39.669 16.5379 9.7203 9.26606 9.41113 12.0604 7.90161 7.62381 6.6053 5.68268 5.45405 5.42262 4.37652
threshold=1.0000000180025095e-35 -1.0000000180025095e-35 0.16250484217501038 7.5000000000000009 0.0034971072946599004 0.0071144371449945506 31.250000000000004 -0.2762770440525541 -0.45589999999999992 50.500000000000007 0.48500000000000004 -0.79731676533071039 25.416666666666671 85.416666666666671
decision_type=2 2 2 2 2 2 2 2 2 2 2 2 2 2
left_child=1 2 8 13 -4 9 -7 -2 -1 -6 -5 -12 -9 -3
right_child=7 3 4 10 5 6 -8 12 -10 -11 11 -13 -14 -15
leaf_value=0.047756117892016253 -0.02202547206909582 -0.037081716451294669 0.035821551791623336 0.017132729809234963 0.013434667667750569 0.069036681273299427 -0.02166693872322889 0.0098238266288584019 0.0023360541383429939 -0.030240795614121654 -0.041471612404751099 -0.0089806106365220486 0.055130425938936495 0.001360242203550118
leaf_weight=41.126122325658798 4.936908856034278 72.069089978933334 15.322392702102659 16.363878339529037 11.650014668703077 7.9028230011463148 6.8339387476444244 8.4666545987129194 11.915612816810606 33.693524062633514 15.876619428396223 69.267435967922211 30.024375468492508 8.2515588700771314
leaf_count=111 20 332 44 62 39 22 27 26 39 139 68 267 81 37
internal_value=0.000124902 -0.00511007 0.0161614 -0.0201363 0.00111377 -0.00773782 0.0269743 0.0375264 0.0375527 -0.0190194 -0.00985278 -0.0150391 0.0451646 -0.0331325
internal_weight=353.701 310.273 128.444 181.829 75.4027 60.0803 14.7368 43.4279 53.0417 45.3435 101.508 85.1441 38.491 80.3206
internal_count=1314 1187 421 766 271 227 49 127 150 178 397 335 107 369
is_linear=0
shrinkage=0.05


Tree=35
num_leaves=15
num_cat=0
split_feature=35 25 4 14 17 14 4 33 34 20 4 7 30 5
split_gain=90.1451 15.0049 13.7607 13.1102 13.5386 10.595 10.511 12.9317 9.46753 6.70932 5.93367 5.71328 5.32978 5.27226
threshold=-1.0000000180025095e-35 -2.2238766504966745 9.228832666272174 7.916666666666667 0.74044806412734532 43.750000000000007 23.678132969802405 50.500000000000007 0.47500000000000003 1.0589889057624606 29.128096114570582 0.0033744575052641504 7.5000000000000009 21.36900102713324
decision_type=2 2 2 2 2 2 2 2 2 2 2 2 2 2
left_child=-1 -2 -3 4 -4 10 7 12 -6 -8 13 -9 -7 -5
right_child=1 2 3 5 8 6 9 11 -10 -11 -12 -13 -14 -15
leaf_value=-0.041537247918561282 0.052036981105597561 -0.04542832243669636 0.055492958559088992 -0.039161686321850658 0.0400496776364372 0.018726318138902225 -0.004272805816398116 0.018916787857712898 -0.032124469042224678 0.030181413089649351 0.026460805292786806 0.051216299520888214 -0.039005325743636063 -0.0021388094983807665
leaf_weight=99.310472100973129 23.243322610855103 10.684900134801863 31.421531677246094 20.774670124053955 8.4773523807525653 7.408796727657319 78.036583557724953 22.787981003522873 9.7922306656837446 17.253778845071793 7.5403126776218405 34.295694500207901 8.6833688020706177 17.90274915099144
leaf_count=421 63 37 86 71 23 22 247 67 30 50 23 93 27 54
internal_value=-0.000276058 0.0134605 0.0102007 0.012449 0.0355923 0.00709222 0.0129102 0.0271622 0.00136539 0.00196566 -0.0141145 0.0383222 -0.0124258 -0.0220248
internal_weight=397.614 298.303 275.06 264.375 49.6911 214.684 168.466 73.1758 18.2696 95.2904 46.2177 57.0837 16.0922 38.6774
internal_count=1314 893 830 793 139 654 506 209 53 297 148 160 49 125
is_linear=0
shrinkage=0.05


Tree=36
num_leaves=15
num_cat=0
split_feature=35 30 14 5 29 4 16 34 29 14 12 20 27 20
split_gain=27.9244 15.1448 14.4748 11.8045 10.9952 12.952 10.447 16.4979 14.243 10.4074 9.10355 8.63926 8.73725 8.47938
threshold=1.0000000180025095e-35 5.5000000000000009 9.5833333333333339 29.960761693778689 13.500000000000002 13.337412195061727 4.4406877355361116 0.54410000000000014 16.500000000000004 60.416666666666671 0.29348851089212524 -0.40521213278596574 1.0000000180025095e-35 0.31307380770064158
decision_type=2 2 2 2 2 2 2 2 2 2 2 2 2 2
left_child=1 2 -1 4 5 -3 -4 8 -8 -6 -11 -7 -13 -10
right_child=-2 3 6 -5 9 11 7 -9 13 10 -12 12 -14 -15
leaf_value=-0.019961764116598616 -0.043514559746360981 0.037350526541204215 0.035942035723892027 -0.024898552182157231 0.025712439709949731 -0.044803916623557066 -0.032021659849795853 0.046294409287123348 0.050610759505813521 0.022577491273809897 -0.019009333959144691 -0.045608969096271074 0.0079106950509171339 -0.016652137010790661
leaf_weight=23.9316745698452 33.761776015162468 10.76323291659355 68.391399353742599 52.858610868453979 60.594907283782959 25.031372904777527 26.701607555150986 19.778739303350449 11.883407533168795 20.563555747270584 36.54834371805191 10.562817215919493 27.426305532455444 7.735454946756362
leaf_count=79 127 29 192 167 169 83 79 55 33 57 105 36 82 21
internal_value=0.000164192 0.0038255 0.0158667 -0.00398133 0.00179261 -0.0133402 0.0222421 0.00806714 -0.00825582 0.0112785 -0.00403569 -0.0219976 -0.00697037 0.0240899
internal_weight=436.533 402.771 158.422 244.349 191.491 73.7837 134.491 66.0992 46.3205 117.707 57.1119 63.0205 37.9891 19.6189
internal_count=1314 1187 459 728 561 230 380 188 133 331 162 201 118 54
is_linear=0
shrinkage=0.05


Tree=37
num_leaves=15
num_cat=0
split_feature=35 35 17 7 14 8 20 0 16 1 24 8 13 4
split_gain=25.0846 36.3482 14.9082 8.27876 9.08356 6.94312 6.14707 8.31214 7.39657 8.13986 5.86113 5.45949 4.69164 13.7629
threshold=1.0000000180025095e-35 -1.0000000180025095e-35 0.16250484217501038 0.0034971072946599004 23.750000000000004 25.416666666666671 0.38379949635000871 31.924332369502746 3.7405057865630669 41.337436974959992 -0.5303125977320754 63.750000000000007 5.8386346744048572 10.951939709239658
decision_type=2 2 2 2 2 2 2 2 2 2 2 2 2 2
left_child=1 2 12 -4 -5 -2 8 -8 9 -6 -3 -7 13 -1
right_child=5 10 3 4 6 11 7 -9 -10 -11 -12 -13 -14 -15
leaf_value=-0.018097552648817732 0.0016664896553820648 0.024947956421723649 0.033638010796980505 0.04887054454060933 0.038075036395037266 0.061839470711772274 -0.022981877493022065 0.053378013975940247 -0.041941505006446139 -0.035948017594784616 -0.021352322119485456 0.01792748515374553 0.063720019545079457 0.045921477607381876
leaf_weight=11.705625921487806 11.109917387366293 7.1196898669004431 15.460546433925627 6.3889925479888907 7.839744880795477 21.688773691654205 7.4004149585962278 6.8744502365589142 23.730960935354233 7.0567647963762283 171.09017544984818 10.50739438831806 11.66282346844673 29.685601338744164
leaf_count=36 37 26 44 21 27 59 29 22 100 28 740 31 32 82
internal_value=0.000130969 -0.00490941 0.015439 0.00105247 -0.00744439 0.035748 -0.0142455 0.0137913 -0.0246066 0.00300888 -0.0195026 0.0475086 0.0357092 0.0278166
internal_weight=349.322 306.016 127.806 74.7519 59.2913 43.3061 52.9023 14.2749 38.6275 14.8965 178.21 32.1962 53.0541 41.3912
internal_count=1314 1187 421 271 227 127 206 51 155 55 766 90 150 118
is_linear=0
shrinkage=0.05


Tree=38
num_leaves=15
num_cat=0
split_feature=35 25 4 14 3 14 4 33 9 16 18 8 32 4
split_gain=84.3095 13.8538 12.9466 11.6924 12.3553 9.57041 9.65573 11.8205 6.9773 6.01474 5.85978 5.63587 7.18624 5.527
threshold=-1.0000000180025095e-35 -2.2238766504966745 9.228832666272174 7.916666666666667 8.4610361079439169 43.750000000000007 23.678132969802405 50.500000000000007 0.72819616213522365 5.4698152721449382 1.5521749457652196 73.750000000000014 1.175 29.128096114570582
decision_type=2 2 2 2 2 2 2 2 2 2 2 2 2 2
left_child=-1 -2 -3 4 -4 13 7 -7 -9 -10 11 12 -8 -5
right_child=1 2 3 5 -6 6 10 8 9 -11 -12 -13 -14 -15
leaf_value=-0.041088097160473326 0.050086531690006653 -0.044865905091536991 0.046198607649661882 -0.02122926000767849 -0.01671424115922469 -0.012042892113483063 0.027082240190224066 0.012673267871891042 0.062894883733724358 0.019471755952424358 0.024443645121726903 -0.029632002489389932 -0.010565793532230663 0.025559874685379555
leaf_weight=95.753465339541435 23.069484829902649 10.440952241420744 39.68566483259201 38.06355120241642 9.71415728330612 15.936804622411726 19.696498289704323 19.791177272796631 25.681636601686478 11.566279351711271 22.011196464300156 17.603625699877739 35.55766923725605 7.5662050843238822
leaf_count=421 63 37 110 125 29 49 58 57 70 33 65 59 115 23
internal_value=-0.000299449 0.0128782 0.00973758 0.0119063 0.0338272 0.00683368 0.0123536 0.0260271 0.0366639 0.0494111 0.00183552 -0.00499467 0.00285463 -0.0134708
internal_weight=392.138 296.385 273.315 262.874 49.3998 213.475 167.845 72.9759 57.0391 37.2479 94.869 72.8578 55.2542 45.6298
internal_count=1314 893 830 793 139 654 506 209 160 103 297 232 173 148
is_linear=0
shrinkage=0.05


Tree=39
num_leaves=15
num_cat=0
split_feature=35 30 14 34 2 30 2 27 8 27 30 30 2 0
split_gain=25.8938 14.0727 13.1676 10.8359 10.0094 9.84459 8.97012 9.27205 8.73935 8.38808 9.38732 8.02222 8.0608 7.71667
threshold=1.0000000180025095e-35 5.5000000000000009 9.5833333333333339 -0.84999999999999987 2.4574496392560188 3.5000000000000004 0.57105408365499688 1.0000000180025095e-35 34.583333333333336 1.0000000180025095e-35 11.500000000000002 7.5000000000000009 0.61974854777281374 9.1480285477282983
decision_type=2 2 2 2 2 2 2 2 2 2 2 2 2 2
left_child=1 2 13 -3 9 8 -7 -8 -4 10 11 -5 -13 -1
right_child=-2 3 5 4 -6 6 7 -9 -10 -11 -12 12 -14 -15
leaf_value=0.023319639417073629 -0.042816720077903964 0.014999140215614902 0.032474496734930434 -0.034044135922298428 0.045217725390043706 0.033947748981107674 0.030733709016818933 -0.036705581953253817 -0.034864656112468514 -0.024717328435712491 -0.039075140258056272 0.017511491283940996 -0.027067030718780638 -0.03843852650472989
leaf_weight=7.3585533797740963 32.405801385641098 57.766532182693481 7.6040443480014828 12.040081113576887 7.9067209362983695 91.873114764690399 10.276618242263794 10.11155778169632 13.151340425014494 76.695494294166565 15.0730744600296 60.383255928754807 12.18741589784622 16.17879045009613
leaf_count=21 127 163 21 38 22 261 29 28 41 244 53 172 36 58
internal_value=0.000164973 0.00365929 0.0153411 -0.00389621 -0.00981917 0.0214409 0.0272897 -0.00271295 -0.010194 -0.0122864 -0.00272214 0.00375401 0.010025 -0.0191309
internal_weight=431.012 398.607 156.554 242.053 184.286 133.017 112.261 20.3882 20.7554 176.379 99.6838 84.6108 72.5707 23.5373
internal_count=1314 1187 459 728 565 380 318 57 62 543 299 246 208 79
is_linear=0
shrinkage=0.05


Tree=40
num_leaves=15
num_cat=0
split_feature=17 34 34 4 2 30 14 2 5 7 7 20 30 6
split_gain=16.5878 16.6411 12.8235 15.2323 11.8269 12.5732 14.7269 10.0008 8.8818 8.30776 8.24494 7.27922 6.04619 5.42569
threshold=0.17152637812455071 -0.45589999999999992 0.92500000000000016 19.553624772247215 -0.88539034001599537 7.5000000000000009 90.416666666666671 -0.27897968464907202 12.400674453823283 0.0042734606160616008 0.0034279005311374506 0.0053770662210873505 3.5000000000000004 0.21126366444011005
decision_type=2 2 2 2 2 2 2 2 2 2 2 2 2 2
left_child=1 -1 3 12 -5 6 -6 -3 -7 -8 -10 -12 -2 -9
right_child=2 7 -4 4 5 8 9 13 10 -11 11 -13 -14 -15
leaf_value=0.040855215314981319 0.020790333620837528 -0.025394286849571054 -0.025773039887277527 0.053759553078189394 -0.031018194126532533 0.05382019623397466 -0.0036680324492118646 -0.0037086760651187617 0.056854608332538949 0.061302461906936667 -0.044454762894878617 0.011260957184775254 -0.024003390681721595 0.052702340848914876
leaf_weight=43.701896324753761 8.5802311748266202 22.88468112051487 62.647537663578987 14.01685059070587 35.903612524271011 15.52381446957588 12.437482565641405 8.3226121962070483 7.5879337489604941 8.140835687518118 7.457764819264411 27.402781143784523 61.742162823677063 8.7375742942094785
leaf_count=120 32 97 279 41 158 46 44 29 22 24 28 99 266 29
internal_value=0.000153413 0.0195337 -0.00604723 0.000169137 0.010409 0.00510002 -0.0116893 -0.00379311 0.0214577 0.0220345 0.00962243 -0.000658384 -0.018538 0.0251829
internal_weight=345.088 83.6468 261.441 198.793 128.471 114.454 56.4819 39.9449 57.9723 20.5783 42.4485 34.8605 70.3224 17.0602
internal_count=1314 275 1039 760 462 421 226 155 195 68 149 127 298 58
is_linear=0
shrinkage=0.05


Tree=41
num_leaves=15
num_cat=0
split_feature=35 13 4 17 7 2 20 5 28 5 9 30 18 33
split_gain=78.945 13.0096 8.62866 9.07254 8.41639 8.32016 9.68522 7.34334 8.15623 8.76061 8.75623 6.19138 9.73771 7.83363
threshold=-1.0000000180025095e-35 3.2782633090594611 14.426167972878593 0.64599739093449282 0.0035744542969927506 -0.4870872971875726 0.23006240632297206 12.27819533775258 1.0000000180025095e-35 10.237290249223927 0.73359782215667613 5.5000000000000009 0.25872674628143694 46.500000000000007
decision_type=2 2 2 2 2 2 2 2 2 2 2 2 2 2
left_child=-1 2 -2 4 -4 -3 -7 8 9 10 -5 13 -13 -9
right_child=1 5 3 7 -6 6 -8 11 -10 -11 -12 12 -14 -15
leaf_value=-0.040666918236013753 -0.029464469420076123 0.040653349870177713 -0.0024162282500067821 0.034533156180134146 0.043567818428822153 -0.028387365086645418 0.037661641729578026 0.028574334011380098 -0.032118069569316655 0.043164857909641773 -0.019482189183138005 0.047906286639268297 -0.0056206237996559473 -0.034748878509819385
leaf_weight=92.301393643021584 15.810474961996077 54.173948496580124 14.754500687122343 13.316185235977175 30.562300831079483 11.211334586143495 10.992044657468794 5.9634817242622367 7.7622613906860343 27.102439776062965 17.185922011733055 10.313942611217497 48.225314348936081 26.981658533215523
leaf_count=421 54 151 43 36 86 35 31 17 29 77 55 28 151 100
internal_value=-0.000320817 0.0123305 0.00610838 0.00889035 0.0285961 0.0300884 0.00431097 0.00319705 0.0159958 0.0224792 0.00409908 -0.00594783 0.0038102 -0.0232866
internal_weight=386.657 294.356 217.978 202.168 45.3168 76.3773 22.2034 156.851 65.3668 57.6045 30.5021 91.4844 58.5393 32.9451
internal_count=1314 893 676 622 129 217 66 493 197 168 91 296 179 117
is_linear=0
shrinkage=0.05


Tree=42
num_leaves=15
num_cat=0
split_feature=35 30 14 5 34 14 3 34 29 2 3 14 14 3
split_gain=24.2647 12.767 12.016 10.5172 9.45096 9.75382 9.06223 14.0298 12.9156 8.76695 10.0143 11.2018 19.0523 7.68187
threshold=1.0000000180025095e-35 5.5000000000000009 9.5833333333333339 29.960761693778689 1.0000000180025095e-35 82.916666666666686 4.4768513283019304 0.54410000000000014 16.500000000000004 2.4574496392560188 4.1135724953527459 49.583333333333336 16.250000000000004 5.3562524691813929
decision_type=2 2 2 2 2 2 2 2 2 2 2 2 2 2
left_child=1 2 -1 4 5 -3 7 8 -4 10 -6 12 -12 -8
right_child=-2 3 6 -5 9 -7 13 -9 -10 -11 11 -13 -14 -15
leaf_value=-0.018556339609557247 -0.042258963815359839 0.023036210174082021 -0.032008767416228066 -0.023742307557421575 0.020374268407524418 -0.028866717867621822 0.04817711891390896 0.043298754703635367 0.022395544383430842 0.043570917184522259 -0.042547302738844398 -0.03418465837695988 0.031233343701183941 0.014493660115633942
leaf_weight=23.064048856496811 31.223160967230797 63.69805583357811 25.129575341939926 51.393774285912514 20.481694787740707 10.551067054271696 37.961643576622009 18.636710435152054 19.277798265218735 7.8963024318218222 14.382585495710371 49.012647345662117 22.342003136873245 30.547676712274551
leaf_count=79 127 180 76 167 60 30 110 53 54 22 46 162 61 87
internal_value=0.000171118 0.00353036 0.0147329 -0.00369404 0.00177598 0.0156606 0.0205692 0.00688909 -0.00839117 -0.00725807 -0.0110367 -0.0185404 0.00233836 0.033158
internal_weight=425.599 394.376 154.617 239.758 188.364 74.2491 131.553 63.0441 44.4074 114.115 106.219 85.7372 36.7246 68.5093
internal_count=1314 1187 459 728 561 210 380 183 130 351 329 269 107 197
is_linear=0
shrinkage=0.05


Tree=43
num_leaves=15
num_cat=0
split_feature=35 35 7 30 5 4 2 13 7 29 14 28 9 20
split_gain=21.0924 31.2462 12.3962 9.32429 7.38321 10.7232 9.50015 7.86313 7.64829 6.14197 10.3536 6.86744 8.91258 5.3048
threshold=1.0000000180025095e-35 -1.0000000180025095e-35 0.0094187213614668006 7.5000000000000009 29.960761693778689 10.951939709239658 -0.37101160659984139 1.2245775085358728 0.004408503805179001 13.500000000000002 25.416666666666671 1.0000000180025095e-35 0.73334682221430636 -0.80701346342747593
decision_type=2 2 2 2 2 2 2 2 2 2 2 2 2 2
left_child=1 2 4 -3 6 -6 -1 -8 -9 -2 -11 -12 -13 -5
right_child=9 3 -4 13 5 -7 7 8 -10 10 11 12 -14 -15
leaf_value=-0.023867196383590826 0.065690861032843578 -0.031769553666595438 0.053956133303768972 -0.03450417840841874 -0.02336311853642406 0.041214135089802838 -0.016297414660782814 0.049399588698293945 -0.0023212698729189953 -0.044341200743295228 0.063764067489361989 0.052391188613209211 -0.02313388828974728 -0.0030955107235312255
leaf_weight=28.040034413337708 10.759654372930525 74.168679565191269 17.091673135757446 16.090154707431793 8.3267314434051496 28.197390124201775 14.919917955994604 17.46154518425465 12.101505741477011 4.9653080850839606 11.382581144571304 7.438779592514039 8.2257988005876523 81.726388484239578
leaf_count=110 30 369 48 74 27 87 53 51 45 19 31 21 26 323
internal_value=0.000173979 -0.00453692 0.0143644 -0.0183997 0.00815887 0.0264919 -0.00107402 0.0132938 0.0282279 0.0330092 0.0220247 0.0342081 0.0127314 -0.00826202
internal_weight=340.896 298.124 126.139 171.985 109.047 36.5241 72.523 44.483 29.5631 42.7721 32.0125 27.0472 15.6646 97.8165
internal_count=1314 1187 421 766 373 114 259 149 96 127 97 78 47 397
is_linear=0
shrinkage=0.05


Tree=44
num_leaves=15
num_cat=0
split_feature=34 4 14 3 30 33 29 25 29 33 2 14 4 6
split_gain=38.1464 14.1642 10.9474 13.0694 9.58121 14.3727 13.9454 9.03742 9.2682 12.3212 7.26969 7.16425 8.03189 5.96189
threshold=-0.56249999999999989 9.228832666272174 7.916666666666667 8.4610361079439169 5.5000000000000009 60.000000000000007 16.500000000000004 -1.5314206123337561 13.500000000000002 50.500000000000007 1.8943022617871781 64.583333333333357 21.769450095268606 0.20146679447010377
decision_type=2 2 2 2 2 2 2 2 2 2 2 2 2 2
left_child=10 -2 3 -3 5 6 -4 -6 9 -9 -1 12 -11 -10
right_child=1 2 4 -5 7 -7 -8 8 13 11 -12 -13 -14 -15
leaf_value=-0.030810175234980537 -0.037229419317341444 0.04312197955982857 0.042392918174149724 -0.023392429638465592 0.043256726169756399 -0.02848843587234311 -0.042658408478103843 -0.039416923699331842 0.013672519788065508 0.040787490182056005 0.024151246389552766 0.041705637818333446 -0.02896793025211394 -0.017176329804752803
leaf_weight=91.711044579744339 15.669704064726828 44.207738131284714 18.393585532903675 8.8664359450340253 21.869650915265083 39.059634476900101 6.5308131724596015 7.2040663659572592 26.220779746770859 7.5336059629917171 6.4388464391231528 39.289333239197731 9.1252101659774763 38.893368601799011
leaf_count=403 58 125 52 27 64 149 27 25 81 21 22 109 25 126
internal_value=-0.000346802 0.00897248 0.011682 0.0320103 0.00664322 -0.00955839 0.0201074 0.0135479 0.00848252 0.0221301 -0.0272046 0.0300551 0.00257752 -0.00475382
internal_weight=381.014 282.864 267.194 53.0742 214.12 63.984 24.9244 150.136 128.266 63.1522 98.1499 55.9481 16.6588 65.1141
internal_count=1314 889 831 152 679 228 79 451 387 180 425 155 46 207
is_linear=0
shrinkage=0.05


Tree=45
num_leaves=15
num_cat=0
split_feature=34 20 9 14 7 6 14 16 4 5 13 34 30 5
split_gain=14.7917 14.9145 11.7391 12.8159 8.90321 7.77123 7.55259 7.07539 7.73136 11.2461 8.37711 6.76429 8.84103 11.1021
threshold=1.0000000180025095e-35 -0.4519004773337828 0.69843684186819721 85.416666666666671 0.009622670767434352 0.48529019631826747 87.083333333333357 5.7071117827527749 10.951939709239658 27.545790633222598 5.0684457574648993 0.35295000000000004 6.5000000000000009 15.921206289145589
decision_type=2 2 2 2 2 2 2 2 2 2 2 2 2 2
left_child=2 6 3 5 7 -1 -2 8 -4 -10 -11 -3 13 -13
right_child=1 11 4 -5 -6 -7 -8 -9 9 10 -12 12 -14 -15
leaf_value=0.051936273494186058 -0.036959198206580467 -0.015363583076720389 0.052171142962010524 -0.020329440346664399 -0.031516528203998605 0.0062235003312569696 0.0027575659758472121 -0.032554559976776559 0.018278317583644961 -0.031148092558426724 0.025132344803231368 0.049895625072821803 -0.0042428369336114293 -0.0034027309607308695
leaf_weight=35.340858161449432 53.361508816480637 48.673223957419395 10.152722537517546 10.821477472782133 17.180092930793762 12.616260975599287 15.43133708834648 10.398110359907148 67.783115595579147 25.800315469503403 8.8900147974491102 21.659300833940506 63.95271036028862 17.800240263342857
leaf_count=101 193 159 29 31 56 38 50 31 194 78 27 64 203 60
internal_value=0.000175826 -0.00873172 0.0100635 0.0288199 0.00220017 0.0399104 -0.0280501 0.00690864 0.010552 0.00642857 -0.0167252 6.56791e-06 0.00724086 0.0258527
internal_weight=419.861 220.878 198.983 58.7786 140.204 47.9571 68.7928 123.024 112.626 102.473 34.6903 152.085 103.412 39.4595
internal_count=1314 729 585 170 415 139 243 359 328 299 105 486 327 124
is_linear=0
shrinkage=0.05


Tree=46
num_leaves=15
num_cat=0
split_feature=35 35 7 30 8 3 9 7 9 6 17 14 29 8
split_gain=19.047 29.0217 11.3869 9.049 7.30709 11.2936 10.4142 8.49378 8.77065 7.39917 6.33605 6.82371 5.66708 10.5417
threshold=1.0000000180025095e-35 -1.0000000180025095e-35 0.0094187213614668006 7.5000000000000009 54.583333333333336 5.3433484256246624 0.72646890913794282 0.0044569355841166001 0.74303350529167789 0.51419827482969127 0.16250484217501038 64.583333333333357 13.500000000000002 25.416666666666671
decision_type=2 2 2 2 2 2 2 2 2 2 2 2 2 2
left_child=1 2 4 -3 5 10 9 8 -6 -7 11 -1 -2 -14
right_child=12 3 -4 -5 7 6 -8 -9 -10 -11 -12 -13 13 -15
leaf_value=-0.032372905252605333 0.063126553955085707 -0.031263097294910967 0.052047960886113999 -0.0078549963593769184 0.050674260274124951 -0.021383834538925072 0.055873899736864401 -0.01882243719688529 -0.011545125757708496 0.042191400973921163 -0.041323393549308939 0.036684426438786361 -0.028034506299168378 0.037980618262528368
leaf_weight=7.0708196312189084 10.657107412815092 71.95524038374424 16.941964864730835 96.866777405142784 24.879145503044128 15.223990067839624 11.916342750191687 8.8387655317783338 7.3334961384534827 6.5438620895147315 19.335830092430115 7.2399093210697174 8.1474054753780383 23.460979044437408
leaf_count=24 30 369 48 397 70 59 35 35 24 20 86 20 29 68
internal_value=0.000209532 -0.00430028 0.013928 -0.017832 0.00796926 -0.002168 0.0182982 0.024596 0.0365095 -0.00227182 -0.0226571 0.00256374 0.0315955 0.0209645
internal_weight=336.412 294.146 125.324 168.822 108.382 67.3308 33.6842 41.0514 32.2126 21.7679 33.6466 14.3107 42.2655 31.6084
internal_count=1314 1187 421 766 373 244 114 129 94 79 130 44 127 97
is_linear=0
shrinkage=0.05


Tree=47
num_leaves=15
num_cat=0
split_feature=34 4 19 34 17 2 4 8 29 34 16 19 11 30
split_gain=35.1338 13.419 9.02228 7.24661 7.05608 6.96786 6.67246 7.20556 11.18 10.7381 9.01131 8.94083 8.16268 7.33334
threshold=-0.56249999999999989 9.228832666272174 -1.5080151288017036 1.0000000180025095e-35 0.99038482546941065 1.8943022617871781 13.337412195061727 74.583333333333357 13.500000000000002 0.47500000000000003 5.8634685059497818 1.0764970814550823 1.6075835416687705 6.5000000000000009
decision_type=2 2 2 2 2 2 2 2 2 2 2 2 2 2
left_child=5 -2 3 -3 6 -1 -4 8 11 10 12 -8 -10 -13
right_child=1 2 4 -5 -6 -7 7 -9 9 -11 -12 13 -14 -15
leaf_value=-0.03018072112193745 -0.03679044327417709 0.00084722094807861885 -0.023455562431235533 0.050214003527733302 -0.040520149726111877 0.023643120074633137 0.047023696290561967 -0.007877893441340468 -0.0099252833666107487 -0.013446944756628595 0.057347718249729986 -0.03241592723928477 0.036036051216223844 0.024259788160839429
leaf_weight=89.165496662259102 15.415511235594748 10.766584336757658 14.612674400210379 24.013904690742493 7.3718843460082999 6.4477967619895926 39.139155566692352 38.969999983906746 24.00495770573616 43.827869579195976 12.389227867126463 7.3266233205795279 16.165762007236481 25.827224850654602
leaf_count=403 58 35 53 68 24 22 111 128 79 152 34 29 47 71
internal_value=-0.000384375 0.0085563 0.0112 0.0349321 0.00760557 -0.026551 0.00920178 0.0114999 0.0159767 0.0048288 0.0200683 0.0308402 0.00857078 0.0117351
internal_weight=375.445 279.831 264.416 34.7805 229.635 95.6133 222.263 207.651 168.681 96.3878 52.5599 72.293 40.1707 33.1538
internal_count=1314 889 831 103 728 425 704 651 523 312 160 211 126 100
is_linear=0
shrinkage=0.05


Tree=48
num_leaves=15
num_cat=0
split_feature=35 30 8 34 2 27 3 14 13 9 2 23 34 10
split_gain=21.929 10.5403 10.5953 8.23 8.40765 7.21303 10.2762 15.278 8.48901 6.42975 6.16712 12.1282 7.45836 8.34508
threshold=1.0000000180025095e-35 5.5000000000000009 6.2500000000000009 -0.84999999999999987 2.4574496392560188 1.0000000180025095e-35 4.1288234704929936 57.083333333333336 2.0142849261769755 0.66148521656213999 -0.33216343655184427 0.82416174921900265 -0.15879999999999997 -0.14511897598098503
decision_type=2 2 2 2 2 2 2 2 2 2 2 2 2 2
left_child=1 2 -1 -3 5 6 -5 8 -8 -7 12 -12 -4 -14
right_child=-2 3 10 4 -6 9 7 -9 -10 -11 11 -13 13 -15
leaf_value=-0.04232434024383927 -0.041488546009864728 0.013333379282335798 0.040462944909083254 0.027531979156093223 0.041930245142492537 0.012386556238642779 0.043546964364409746 -0.041665477585382901 -0.0059083115776513203 -0.028997194549257845 -0.023254911559171532 0.019857055882786519 -0.024570039445342817 0.03986159183413239
leaf_weight=8.0063547194004041 29.35357865691185 56.499165683984756 42.412794172763824 22.639240145683289 7.8767585754394522 11.054517805576323 11.372022420167921 26.194300264120102 36.614628598093987 62.17941215634346 22.80333799123764 57.317829743027687 11.462631374597551 8.9486722946166974
leaf_count=27 127 163 127 66 22 35 31 89 113 209 73 169 36 27
internal_value=0.000170422 0.00334348 0.0136483 -0.00329186 -0.00857094 -0.0109101 -0.00195423 -0.0109531 0.00581175 -0.0227504 0.0167833 0.00758693 0.0285116 0.00367791
internal_weight=414.735 385.382 150.952 234.43 177.931 170.054 96.8202 74.181 47.9867 73.2339 142.945 80.1212 62.8241 20.4113
internal_count=1314 1187 459 728 565 543 299 233 144 244 432 242 190 63
is_linear=0
shrinkage=0.05


Tree=49
num_leaves=15
num_cat=0
split_feature=35 35 7 30 8 3 30 20 8 17 14 29 8 8
split_gain=17.5807 26.9437 10.3219 8.68299 6.65012 10.6872 7.74875 9.48815 6.99731 6.02271 6.20392 5.31594 9.5788 6.77621
threshold=1.0000000180025095e-35 -1.0000000180025095e-35 0.0094187213614668006 7.5000000000000009 54.583333333333336 5.3433484256246624 5.5000000000000009 0.34551983691645505 42.083333333333343 0.16250484217501038 64.583333333333357 13.500000000000002 25.416666666666671 63.750000000000007
decision_type=2 2 2 2 2 2 2 2 2 2 2 2 2 2
left_child=1 2 4 -3 5 9 7 -6 -7 10 -1 -2 -13 -14
right_child=11 3 -4 -5 6 8 -8 -9 -10 -11 -12 12 13 -15
leaf_value=-0.031562511045053691 0.061211894587357332 -0.030742945021229279 0.050006552235246061 -0.007575921890109469 -0.019502938960875439 0.030603519689890443 0.047944419895769155 0.048140587949034482 -0.023358022539078399 -0.040906800705475643 0.03452517846801656 -0.027145886581043933 0.055306034835393619 -0.0018768051715213003
leaf_weight=6.9323959499597532 10.550498366355894 69.762368515133858 16.741826891899109 96.243271768093109 14.800409063696863 25.559436529874802 18.206431418657303 7.9787002801895133 7.8535649329423896 18.665253937244415 7.2806094288825989 7.9722716063261059 15.609083205461504 7.7545951604843131
leaf_count=24 30 369 48 397 54 80 52 23 34 86 20 29 44 24
internal_value=0.00023388 -0.0041393 0.0134926 -0.0173117 0.00779418 -0.00199439 0.0236265 0.00419015 0.0179201 -0.0222328 0.0022909 0.030514 0.0201784 0.0363266
internal_weight=331.911 290.024 124.019 166.006 107.277 66.2913 40.9855 22.7791 33.413 32.8783 14.213 41.8864 31.3359 23.3637
internal_count=1314 1187 421 766 373 244 129 77 114 130 44 127 97 68
is_linear=0
shrinkage=0.05


Tree=50
num_leaves=15
num_cat=0
split_feature=35 13 6 4 11 13 18 3 33 2 6 5 14 3
split_gain=67.2676 10.2412 7.57168 8.0342 7.36502 10.0595 7.21647 7.56094 6.61815 6.66195 9.3107 9.033 6.65235 6.44329
threshold=-1.0000000180025095e-35 3.2782633090594611 0.021872700515097952 14.426167972878593 2.00878046319768 4.6240008513141673 0.2739098535269951 7.5310663779574103 46.500000000000007 0.85997775421011646 0.75963977735971888 12.27819533775258 58.750000000000007 5.1826977961468756
decision_type=2 2 2 2 2 2 2 2 2 2 2 2 2 2
left_child=-1 2 -2 -4 5 -3 7 -5 -8 11 12 13 -11 -10
right_child=1 4 3 6 -6 -7 8 -9 9 10 -12 -13 -14 -15
leaf_value=-0.039743483113337745 0.04601810852396214 0.029194291562448633 -0.033997510747746339 0.011425742197737303 0.051729953671791923 -0.022019335532513378 0.030021931982600863 0.057738513520959989 -0.010649046415050108 0.0032669355323853549 -0.039090223485457778 -0.027861325395052861 0.044589856388984862 0.035074007520167878
leaf_weight=84.001376956701279 10.949951395392416 40.473987743258476 13.455252990126608 35.652884051203728 21.541762679815292 12.56503441929817 16.513437539339066 11.706456750631331 19.9351946413517 23.082519516348839 7.7789662927389136 43.264054834842682 16.848441556096077 12.559361487627028
leaf_count=421 32 117 49 107 61 39 47 34 70 70 26 158 47 36
internal_value=-0.000400475 0.0111418 0.00552977 0.00332184 0.0270752 0.0170617 0.00600219 0.0228735 0.000294216 -0.00368175 0.0109536 -0.0128986 0.0207027 0.00702322
internal_weight=370.329 286.327 211.747 200.797 74.5808 53.039 187.341 47.3593 139.982 123.469 47.7099 75.7586 39.931 32.4946
internal_count=1314 893 676 644 217 156 595 141 454 407 143 264 117 106
is_linear=0
shrinkage=0.05


Tree=51
num_leaves=15
num_cat=0
split_feature=35 30 8 5 4 29 14 17 2 4 0 19 14 19
split_gain=20.5683 9.4468 9.75689 8.66854 7.7083 8.45461 9.51745 9.98481 7.41828 6.87306 6.84646 6.72991 6.66543 6.44185
threshold=1.0000000180025095e-35 5.5000000000000009 6.2500000000000009 29.960761693778689 12.647522901740809 13.500000000000002 60.416666666666671 0.81439516984602156 0.094099563012460571 27.084861516764331 61.359091152791471 1.538242312994107 16.250000000000004 1.5721325500022894
decision_type=2 2 2 2 2 2 2 2 2 2 2 2 2 2
left_child=1 2 -1 4 8 9 12 -8 -3 -6 -5 -11 -7 -9
right_child=-2 3 -4 10 5 6 7 13 -10 11 -12 -13 -14 -15
leaf_value=-0.041349222285312931 -0.041021854614734336 0.043905687905816559 0.016057192797248356 -0.031513130518874964 -0.030403934859006717 -0.0079151588642872167 -0.024772364678093281 0.054168934532977976 -0.015803847208035387 0.03571431589619966 0.014293058056987613 -0.01961145575505447 0.033551280995035147 -0.0088579156724830996
leaf_weight=7.8108392357826224 28.199940696358681 18.616520702838901 141.29863473773003 38.472899332642555 36.915110841393471 13.290240824222563 32.663749516010284 8.2554758787155169 7.2189483642578116 9.821334436535837 10.352611988782881 12.48263508081436 35.786042720079422 7.9662776589393607
leaf_count=27 127 53 432 133 133 39 96 24 20 29 34 42 102 23
internal_value=0.000181991 0.00323211 0.0130501 -0.00308232 0.00191141 -0.00224878 0.00676734 -0.00884787 0.0272216 -0.0171635 -0.0218007 0.00475071 0.0223218 0.0232173
internal_weight=409.151 380.951 149.109 231.842 183.016 157.181 97.9618 48.8855 25.8355 59.2191 48.8255 22.304 49.0763 16.2218
internal_count=1314 1187 459 728 561 488 284 143 73 204 167 71 141 47
is_linear=0
shrinkage=0.05


Tree=52
num_leaves=15
num_cat=0
split_feature=35 35 7 30 8 3 9 3 6 17 14 31 20 18
split_gain=15.8983 24.7682 9.4354 8.44191 6.27237 9.92722 8.98405 7.38231 6.56095 5.7615 5.77488 5.04735 5.10856 4.86681
threshold=1.0000000180025095e-35 -1.0000000180025095e-35 0.0094187213614668006 7.5000000000000009 54.583333333333336 5.3433484256246624 0.72646890913794282 4.2483701727813168 0.51419827482969127 0.16250484217501038 64.583333333333357 0.48500000000000004 -0.79731676533071039 -0.2762770440525541
decision_type=2 2 2 2 2 2 2 2 2 2 2 2 2 2
left_child=1 2 4 -3 5 9 8 -6 -7 10 -1 -5 -13 -2
right_child=13 3 -4 11 7 6 -8 -9 -10 -11 -12 12 -14 -15
leaf_value=-0.030981040198769978 -0.019662031425533705 -0.030233811471659405 0.048192449116207098 0.018506015508423644 0.043377885102361138 -0.020714042094575738 0.051652857170799572 0.00084429742101224399 0.039685340330351641 -0.040553713583267315 0.032964421380083035 -0.040008091508532739 -0.0064895055449073541 0.035244279574124508
leaf_weight=6.8320300430059415 4.5327467173337928 67.645134389400482 16.494691163301468 15.973114565014837 21.212140813469887 14.840450167655947 12.020912066102026 19.653708592057228 6.4504147619009009 18.057831019163132 7.306806892156601 13.751796916127203 65.565777450799942 36.818915039300919
leaf_count=24 20 369 48 62 61 59 35 68 20 86 20 68 267 107
internal_value=0.000248581 -0.00394398 0.013006 -0.0167259 0.00754991 -0.00203966 0.0170959 0.0229221 -0.00241506 -0.021838 0.00206532 -0.00713683 -0.0123008 0.0292257
internal_weight=327.156 285.805 122.869 162.936 106.374 65.5084 33.3118 40.8658 21.2909 32.1967 14.1388 95.2907 79.3176 41.3517
internal_count=1314 1187 421 766 373 244 114 129 79 130 44 397 335 127
is_linear=0
shrinkage=0.05


Tree=53
num_leaves=15
num_cat=0
split_feature=35 25 4 14 3 14 4 33 20 20 20 30 31 19
split_gain=63.0752 10.4167 10.4962 7.79538 9.64571 7.5096 7.05482 9.19449 5.40892 5.2209 4.83716 4.68029 4.06069 3.94849
threshold=-1.0000000180025095e-35 -2.2238766504966745 9.228832666272174 7.916666666666667 8.4610361079439169 43.750000000000007 23.678132969802405 50.500000000000007 1.0589889057624606 0.56430405049431986 0.049164308305983805 7.5000000000000009 0.70000000000000007 0.75959054561166128
decision_type=2 2 2 2 2 2 2 2 2 2 2 2 2 2
left_child=-1 -2 -3 4 9 10 7 11 13 -4 -5 -7 -12 -8
right_child=1 2 3 5 -6 6 8 -9 -10 -11 12 -13 -14 -15
leaf_value=-0.039406186841460161 0.043870924565224477 -0.043385881318498583 0.051906112968720733 -0.02651092355740254 -0.017121603591090398 0.017768513019897663 -0.035003396550983161 0.031963570436909117 0.026953331354225903 0.011597989618871984 0.026699399249454477 -0.037584863915988365 -0.021862471972812179 -5.7069582331970465e-05
leaf_weight=80.789743795990944 21.806929677724838 9.6089585274457914 26.09761968255043 25.922620728611946 9.3966954648494703 7.1548030078411076 9.2381425499916059 55.367863595485687 16.867238953709602 11.606002569198607 10.756592184305193 8.1901903450489044 7.1769741475582114 64.637503936886787
leaf_count=421 63 37 77 91 29 22 31 160 50 33 33 27 24 216
internal_value=-0.00042726 0.0106678 0.00790447 0.00985702 0.0282025 0.00564841 0.0106322 0.022472 0.00140587 0.0394984 -0.0126993 -0.0117756 0.00726504 -0.0044271
internal_weight=364.618 283.828 262.021 252.412 47.1003 205.312 161.456 70.7129 90.7429 37.7036 43.8562 15.345 17.9336 73.8756
internal_count=1314 893 830 793 139 654 506 209 297 110 148 49 57 247
is_linear=0
shrinkage=0.05


Tree=54
num_leaves=15
num_cat=0
split_feature=35 1 34 28 4 10 33 27 30 29 31 19 17 3
split_gain=19.2653 8.96213 8.47216 7.91721 7.9394 7.13392 7.05132 7.92102 10.2652 8.97915 7.0387 6.77749 6.35949 5.93471
threshold=1.0000000180025095e-35 33.091803795836924 -0.31664999999999993 1.0000000180025095e-35 10.552003874117913 -0.5511210606068816 80.000000000000014 1.0000000180025095e-35 11.500000000000002 16.500000000000004 0.80000000000000016 -1.2692362053038975 0.27742297035837177 4.1135724953527459
decision_type=2 2 2 2 2 2 2 2 2 2 2 2 2 2
left_child=1 3 5 -1 -5 12 7 8 11 10 -9 -4 -3 -13
right_child=-2 2 6 4 -6 -7 -8 9 -10 -11 -12 13 -14 -15
leaf_value=-0.029049619427563934 -0.040570775771930363 0.010696263716312708 -0.028031148130682988 0.043319400167859706 -0.026519042699121687 0.0060026222220764779 0.035983360157199787 -0.025538403411508044 -0.035781083041214488 0.040142283919340556 0.023556516668131786 0.03484181350108783 0.044627891238485436 0.0064755632048406524
leaf_weight=36.297225743532181 27.056963369250298 24.870840966701508 9.2677045464515668 9.2811681628227252 7.2470751106739035 75.940569758415222 12.40445628762245 64.250287011265755 12.645071804523466 6.7970631122589102 8.2365052402019483 29.616721361875534 31.045942455530167 48.85589188337326
leaf_count=132 127 75 28 27 22 221 39 219 51 20 26 86 95 146
internal_value=0.000182058 0.00310874 0.0062229 -0.0159876 0.0126976 0.0159823 -0.000476858 -0.00299409 0.00633589 -0.0148073 -0.0199599 0.0124058 0.0295357 0.0171814
internal_weight=403.813 376.757 323.931 52.8255 16.5282 131.857 192.074 179.669 100.385 79.2839 72.4868 87.7403 55.9168 78.4726
internal_count=1314 1187 1006 181 49 391 615 576 311 265 245 260 170 232
is_linear=0
shrinkage=0.05


Tree=55
num_leaves=15
num_cat=0
split_feature=35 35 7 30 8 3 9 9 16 6 16 8 2 29
split_gain=14.5292 22.6397 8.70291 8.15445 5.68746 9.1602 8.19936 7.20056 6.88587 6.00549 5.09874 5.00426 5.5359 4.91107
threshold=1.0000000180025095e-35 -1.0000000180025095e-35 0.0094187213614668006 7.5000000000000009 54.583333333333336 5.3433484256246624 0.72646890913794282 0.74303350529167789 4.8668438723179213 0.51419827482969127 5.3579085255762093 83.750000000000014 -0.59862872647543119 13.500000000000002
decision_type=2 2 2 2 2 2 2 2 2 2 2 2 2 2
left_child=1 2 4 11 5 10 9 8 -6 -7 -1 -3 -13 -2
right_child=13 3 -4 -5 7 6 -8 -9 -10 -11 -12 12 -14 -15
leaf_value=-0.033567100877335276 0.057927389071141901 -0.035223447384724237 0.046510808133924171 -0.0067641826851406175 0.0091576824182326814 -0.020170237615295544 0.049235844837060318 -0.015505340601385122 0.056288087332755823 0.037917725206773042 0.011823114494308735 -0.03835497461544931 0.040544725593870568 0.018026838922378146
leaf_weight=23.000996991992 10.298796474933622 56.573677510023117 16.247375190258026 94.392240568995476 14.943272560834886 14.63449238240719 12.038790360093115 9.8287998586893064 16.09939381480217 6.393455132842063 8.4635765701532346 4.049888551235199 4.9289621412754041 30.701317802071571
leaf_count=101 30 321 48 397 50 59 35 35 44 20 29 24 24 97
internal_value=0.000240662 -0.00380828 0.012448 -0.0161724 0.00719738 -0.00204593 0.0163301 0.0217915 0.0336005 -0.00250885 -0.0213577 -0.0297198 0.00495721 0.0280494
internal_weight=322.595 281.595 121.65 159.945 105.403 64.5313 33.0667 40.8715 31.0427 21.0279 31.4646 65.5525 8.97885 41.0001
internal_count=1314 1187 421 766 373 244 114 129 94 79 130 369 48 127
is_linear=0
shrinkage=0.05


Tree=56
num_leaves=15
num_cat=0
split_feature=34 4 1 29 16 33 3 34 2 3 11 12 3 3
split_gain=27.5368 11.6923 7.62294 11.8732 7.82426 7.15887 6.63292 10.8959 6.18765 5.56552 5.08334 5.98962 4.8433 7.26521
threshold=-0.56249999999999989 9.228832666272174 55.002718144249492 16.500000000000004 1.4701640860211571 46.500000000000007 4.9467655722248791 0.92500000000000016 1.8943022617871781 3.7082910769275066 1.6075835416687705 0.3562068424356285 4.1135724953527459 5.7100972633228251
decision_type=2 2 2 2 2 2 2 2 2 2 2 2 2 2
left_child=8 -2 3 4 -3 -4 7 10 -1 -5 11 -6 -7 -14
right_child=1 2 5 9 6 12 -8 -9 -10 -11 -12 -13 13 -15
leaf_value=-0.028485306650590892 -0.03608134596996692 -0.048829094147095881 0.043080287580755314 0.014270965863659954 0.047467713978311794 -0.02112233423254933 0.037550348719448991 -0.021485092306413378 0.022657293105862814 -0.044938017631088484 0.053554821538838754 -0.00020173085975256846 0.014825279679988116 -0.015549065203167942
leaf_weight=81.378727272152901 14.595336854457853 3.6328019648790351 9.2000039517879468 6.5448211133480099 9.8852252811193484 27.248036354780197 58.650301665067673 15.950736492872236 6.3777626603841773 10.084077596664427 12.644017249345778 19.765527158975601 51.280009731650352 31.954240128397942
leaf_count=403 58 12 26 19 31 109 178 53 22 43 37 61 159 103
internal_value=-0.000420817 0.00745092 0.00992471 0.0179712 0.0234354 0.000703351 0.0256812 0.0137296 -0.0247685 -0.0216345 0.0270102 0.0156907 -0.00282543 0.00316435
internal_weight=359.192 271.435 256.84 137.158 120.529 119.682 116.896 58.2455 87.7565 16.6289 42.2948 29.6508 110.482 83.2342
internal_count=1314 889 831 434 372 397 360 182 425 62 129 92 371 262
is_linear=0
shrinkage=0.05


Tree=57
num_leaves=15
num_cat=0
split_feature=30 9 4 27 34 33 14 14 13 20 8 3 25 4
split_gain=11.3726 8.15847 11.4797 6.73379 9.27055 9.90304 8.73515 8.16151 7.31101 8.67369 6.61246 7.31436 6.56236 6.05702
threshold=11.500000000000002 0.65261581587397843 31.373312902554705 1.0000000180025095e-35 1.0000000180025095e-35 86.500000000000014 34.583333333333336 78.750000000000014 3.9621760910958561 0.46681489869218012 54.583333333333336 4.1545999239983358 -0.94287755544972573 10.552003874117913
decision_type=2 2 2 2 2 2 2 2 2 2 2 2 2 2
left_child=1 2 -1 6 8 -6 12 10 9 -5 11 -8 -3 -13
right_child=-2 3 -4 4 5 -7 7 -9 -10 -11 -12 13 -14 -15
leaf_value=0.030035377901407114 -0.028193814744379393 0.0016009261361954769 -0.04230984996983532 0.026423510343063585 -0.027453592831690882 0.031084405386445236 0.021608714295365858 0.01628538191356025 -0.021504685836589956 -0.020993502021764924 -0.030842345198074751 0.0291229257430284 0.049353971798518359 -0.022589159261291868
leaf_weight=44.915168344974518 32.463680148124695 11.789635300636293 6.2459316104650489 38.293890357017517 64.400995999574661 8.1378734111785871 24.279535382986069 54.592340141534805 19.487460061907768 12.891047358512877 23.798935264348984 6.8871617317199698 18.458485096693039 31.847195282578468
leaf_count=137 131 37 20 112 229 26 78 176 70 37 81 20 53 107
internal_value=0.000168949 0.00268451 0.0212032 -0.000324521 -0.00832978 -0.0208864 0.00635431 0.00113761 0.00455849 0.0144814 -0.00838807 9.23999e-05 0.0307415 -0.0133945
internal_weight=398.489 366.026 51.1611 314.865 143.211 72.5389 171.653 141.405 70.6724 51.1849 86.8128 63.0139 30.2481 38.7344
internal_count=1314 1183 157 1026 474 255 552 462 219 149 286 205 90 127
is_linear=0
shrinkage=0.05


Tree=58
num_leaves=15
num_cat=0
split_feature=35 35 7 30 8 3 9 9 3 12 9 12 10 8
split_gain=13.0872 21.0792 7.98847 7.94908 5.22546 8.56811 7.56619 6.68149 6.91134 5.03858 7.0282 8.91852 6.30713 4.91605
threshold=1.0000000180025095e-35 -1.0000000180025095e-35 0.0094187213614668006 7.5000000000000009 54.583333333333336 5.3433484256246624 0.7166997366412321 0.74407520982240893 4.2897576523313541 0.27417041689345462 0.76341129483774106 0.3299837305006334 0.10810413450638921 83.750000000000014
decision_type=2 2 2 2 2 2 2 2 2 2 2 2 2 2
left_child=1 2 4 13 5 -1 -7 8 -6 -5 11 -11 -12 -3
right_child=-2 3 -4 9 7 6 -8 -9 -10 10 12 -13 -14 -15
leaf_value=-0.020734477811814003 0.026749414914036235 -0.034888749026411849 0.045102421400689652 -0.027542437608636346 0.052822219178956409 -0.0078509005617445025 0.040214356323890969 -0.020000972346836732 0.0068388113229757731 0.057447654667810412 -0.0022918178246278814 -0.012786451643346337 0.070205419616828288 0.0051228894079031221
leaf_weight=30.888551384210587 40.705920293927193 54.781508013606071 15.948207229375837 21.635289490222931 17.272564515471458 16.518317028880119 16.234418541193008 7.9599293619394293 15.508270025253294 4.9244844019412986 5.8493917435407621 55.026851162314415 6.1587944477796555 8.927984803915022
leaf_count=130 127 321 48 97 48 63 51 29 52 19 23 239 19 48
internal_value=0.000273203 -0.00360866 0.0121436 -0.0156584 0.00710795 -0.00184291 0.0159734 0.0210901 0.0310679 -0.00638509 -2.39452e-05 -0.00701733 0.0348908 -0.0292817
internal_weight=318.34 277.635 120.33 157.304 104.382 63.6413 32.7527 40.7408 32.7808 93.5948 71.9595 59.9513 12.0082 63.7095
internal_count=1314 1187 421 766 373 244 114 129 100 397 300 258 42 369
is_linear=0
shrinkage=0.05


Tree=59
num_leaves=15
num_cat=0
split_feature=35 25 4 17 14 14 7 31 3 30 20 3 9 17
split_gain=56.7142 9.17349 9.53578 6.88009 8.5197 7.30581 7.22594 8.62768 6.64557 6.43487 5.25468 9.4581 10.8313 7.41063
threshold=-1.0000000180025095e-35 -2.2238766504966745 9.228832666272174 0.99038482546941065 7.916666666666667 43.750000000000007 0.0052043107549996507 0.72499999999999998 8.4610361079439169 3.5000000000000004 0.67730903223495809 4.1288234704929936 0.68672277783299085 0.69179075680170732
decision_type=2 2 2 2 2 2 2 2 2 2 2 2 2 2
left_child=-1 -2 -3 4 8 -6 7 9 -4 -7 11 -11 -13 -14
right_child=1 2 3 -5 5 6 -8 -9 -10 10 -12 12 13 -15
leaf_value=-0.038876755539402057 0.041651950788032722 -0.042642609696406625 0.040235070692163984 -0.039532623407388563 -0.012014572212856659 0.056488163159602305 0.027473447297353279 -0.031051623988137309 -0.01079325769447014 -0.024112029825905119 0.028125840853279932 -0.026472126009647375 -0.0015973565628971667 0.051393163244473489
leaf_weight=75.502237662672997 21.122961729764938 9.1882893890142423 34.903336465358734 7.0298642218112937 42.767841026186943 6.8425539135932913 47.919338703155518 14.994225889444349 7.807684898376464 26.169939592480659 20.627022713422775 11.386218085885046 10.611628949642183 17.443039447069168
leaf_count=421 63 37 105 24 146 19 143 59 24 92 62 39 31 49
internal_value=-0.000435475 0.00997434 0.00737773 0.00922721 0.0106467 0.0062931 0.0113124 0.00414672 0.030907 0.00981679 0.00611364 -0.000806656 0.014657 0.0313496
internal_weight=354.316 278.814 257.691 248.503 241.473 198.762 155.994 108.075 42.711 93.0804 86.2378 65.6108 39.4409 28.0547
internal_count=1314 893 830 793 769 640 494 351 129 292 273 211 119 80
is_linear=0
shrinkage=0.05


Tree=60
num_leaves=15
num_cat=0
split_feature=34 20 9 2 27 7 16 16 4 5 13 8 6 34
split_gain=9.99202 11.6594 9.59018 7.1014 6.98658 6.24897 6.02955 5.78602 6.39685 7.7155 7.00347 5.54497 5.46897 5.45185
threshold=1.0000000180025095e-35 -0.4519004773337828 0.69843684186819721 -0.18332558153092288 1.0000000180025095e-35 0.009622670767434352 3.6517901850724006 5.7071117827527749 10.552003874117913 27.545790633222598 5.0941002524018151 54.583333333333336 0.48529019631826747 0.7279500000000001
decision_type=2 2 2 2 2 2 2 2 2 2 2 2 2 2
left_child=2 4 3 12 -2 7 -5 8 -4 11 -11 -10 -1 -3
right_child=1 13 5 6 -6 -7 -8 -9 9 10 -12 -13 -14 -15
leaf_value=0.051586537974438754 -0.0098895430098429396 -0.0090269252516095751 0.055902169871935248 0.027205061331448194 -0.043649683122641815 -0.028622012672345237 -0.029231743175366417 -0.031240398934326643 0.025190283150155542 -0.025782947009522113 0.028027384730145016 -0.005990306962203016 0.0090776063691116789 0.010494354271966135
leaf_weight=25.473392605781555 32.739477097988129 74.646578401327133 6.6785933077335349 10.292469829320909 28.810705214738846 15.524896040558813 8.7610442340373975 10.005222812294958 45.376740112900734 26.94285449385643 7.7965036630630484 20.791596919298172 10.763341367244719 68.666050523519516
leaf_count=79 126 255 20 30 117 56 26 31 137 86 25 60 35 231
internal_value=0.000152307 -0.00749077 0.00846296 0.0259665 -0.0256922 0.0011928 0.00125471 0.00512907 0.00851133 0.00537476 -0.0137064 0.0153926 0.0389602 0.000326397
internal_weight=393.269 204.863 188.407 55.2902 61.5502 133.116 19.0535 117.592 107.586 100.908 34.7394 66.1683 36.2367 143.313
internal_count=1314 729 585 170 243 415 56 359 328 308 111 197 114 486
is_linear=0
shrinkage=0.05


Tree=61
num_leaves=15
num_cat=0
split_feature=35 35 17 30 8 7 33 8 12 9 12 33 8 4
split_gain=12.2989 19.4276 7.99942 7.69133 5.41376 6.23108 4.84123 4.79703 4.76727 6.43738 8.05923 4.70409 4.63639 4.60942
threshold=1.0000000180025095e-35 -1.0000000180025095e-35 0.16250484217501038 7.5000000000000009 12.083333333333334 0.0034971072946599004 50.500000000000007 83.750000000000014 0.27417041689345462 0.76341129483774106 0.3299837305006334 77.000000000000014 25.416666666666671 28.867751492140467
decision_type=2 2 2 2 2 2 2 2 2 2 2 2 2 2
left_child=1 2 -1 7 -4 -6 13 -3 -5 10 -10 -9 -2 -7
right_child=12 3 4 8 5 6 -8 11 9 -11 -12 -13 -14 -15
leaf_value=0.026959275369303426 -0.0016630480249379431 -0.034534999444071089 0.054046422258159268 -0.026928130919063892 0.02487077241628699 -0.01379284429806699 -0.020461247404367978 0.035634149285524164 0.053560575058507615 0.033302904893384423 -0.012296374010411311 -0.038009488124204682 0.036381214398754837 0.047871199916359519
leaf_weight=49.921154618263245 10.990210577845572 52.931216463446617 4.4532647132873526 21.107980385422707 15.372692227363585 6.2991352230310422 37.440018817782402 5.2261129915714246 5.0798523575067511 12.132026359438894 54.326701387763023 3.7062226980924606 29.51588936150074 5.8404237329959869
leaf_count=150 37 321 13 97 44 23 173 25 19 42 239 23 90 18
internal_value=0.000343901 -0.00345989 0.0116947 -0.0151636 0.000715352 -0.00294114 -0.0115645 -0.0288154 -0.00604781 0.000113087 -0.00666495 0.00507778 0.026059 0.0158741
internal_weight=314.343 273.837 119.327 154.51 69.4055 64.9523 49.5796 61.8636 92.6466 71.5386 59.4066 8.93234 40.5061 12.1396
internal_count=1314 1187 421 766 271 258 214 369 397 300 258 48 127 41
is_linear=0
shrinkage=0.05


Tree=62
num_leaves=15
num_cat=0
split_feature=34 4 14 3 14 5 2 29 13 20 14 16 16 3
split_gain=23.315 10.3691 6.9751 10.0246 6.13134 7.17798 6.08109 7.29239 4.66417 4.64456 6.82102 5.16231 7.32433 9.05017
threshold=-0.56249999999999989 9.228832666272174 7.916666666666667 8.4610361079439169 12.083333333333334 31.094876723883932 0.025822644860621555 16.500000000000004 1.2509104922343122 1.0589889057624606 58.750000000000007 2.5501199788158382 3.236274728480462 5.5592636874147905
decision_type=2 2 2 2 2 2 2 2 2 2 2 2 2 2
left_child=6 -2 3 8 -4 9 -1 -8 -3 11 -11 -6 -13 -14
right_child=1 2 4 -5 5 -7 7 -9 -10 10 -12 12 13 -15
leaf_value=-0.035118997399489343 -0.03530238575762356 0.0071395713819756169 -0.042896788833333616 -0.02337620945452161 0.042082113496666573 0.038382338717163428 0.020032207814891227 -0.026566063038036838 0.046155239516411165 -0.017015346016808149 0.046604349590112261 -0.036294387674448085 -0.0017801166038672518 0.041937713995564486
leaf_weight=48.172360196709633 13.892923876643179 10.244532614946364 6.4759405553340903 8.5079959034919721 7.2536634802818289 16.243901088833809 14.108556300401686 20.735735878348351 30.364619627594948 6.1363926380872753 13.442621722817419 13.471224546432493 126.44997628033161 13.060764223337172
leaf_count=270 58 30 21 27 23 54 52 103 95 21 38 46 435 41
internal_value=-0.000481982 0.00674842 0.00906992 0.0259735 0.00497059 0.00655168 -0.0236098 -0.00769829 0.0363127 0.0036762 0.0266649 0.000867239 -0.00108697 0.00231267
internal_weight=348.561 265.545 251.652 49.1171 202.534 196.059 83.0167 34.8443 40.6092 179.815 19.579 160.236 152.982 139.511
internal_count=1314 889 831 152 679 658 425 155 125 604 59 545 522 476
is_linear=0
shrinkage=0.05


Tree=63
num_leaves=15
num_cat=0
split_feature=30 3 1 29 8 9 31 20 13 13 7 7 4 4
split_gain=10.2726 7.54748 6.82301 8.82906 9.68386 11.4924 8.89408 9.70811 7.34944 9.74715 6.89753 6.83421 6.7957 6.22391
threshold=11.500000000000002 12.812188975329031 33.438670699310265 16.500000000000004 33.750000000000007 0.66414693381183809 0.72499999999999998 -0.57203772824617538 0.69536082602672544 4.5145544480427855 0.0048228544601314509 0.0025060563816963004 13.337412195061727 10.762840799386758
decision_type=2 2 2 2 2 2 2 2 2 2 2 2 2 2
left_child=1 2 13 4 8 -6 7 -7 -4 -10 -5 -9 -13 -1
right_child=-2 -3 3 10 5 6 -8 11 9 -11 -12 12 -14 -15
leaf_value=0.0033046054538606166 -0.027286558024699231 0.04574946466974892 0.0065768435834065086 0.0045477505601438243 0.031732917857176045 -0.030418658882605518 0.023174130364902054 -0.044529283528958928 -0.039881981577960891 0.030536922974019332 0.03639997028786373 0.04684958551958629 0.00088146688191397091 -0.033026200536475085
leaf_weight=21.859820619225502 31.370887875556946 9.8345307409763318 20.845043420791626 35.140578985214233 33.750540852546692 32.452815040946007 30.09686253964901 7.0412386059761038 34.84750559926033 5.7207594960927954 32.917212218046188 9.3298296034336072 58.160970136523247 25.586307182908058
leaf_count=73 131 29 67 103 107 116 103 23 122 18 100 27 198 97
internal_value=0.000147223 0.00255399 0.0013324 0.00411625 -0.000524762 0.00559686 -0.000838027 -0.0075931 -0.0175532 -0.0299518 0.0199536 0.00234563 0.00723603 -0.0162875
internal_weight=388.955 357.584 347.749 300.303 232.246 170.832 137.082 106.985 61.4133 40.5683 68.0578 74.532 67.4908 47.4461
internal_count=1314 1183 1154 984 781 574 467 364 207 140 203 248 225 170
is_linear=0
shrinkage=0.05


Tree=64
num_leaves=15
num_cat=0
split_feature=35 35 17 8 7 4 23 29 8 8 34 19 28 16
split_gain=11.5854 18.0848 7.15876 5.03593 5.81661 4.80041 4.79057 4.59503 8.18348 6.49348 4.33762 3.85059 4.16612 5.02479
threshold=1.0000000180025095e-35 -1.0000000180025095e-35 0.16250484217501038 14.583333333333334 0.0034971072946599004 28.867751492140467 0.30692251326174408 13.500000000000002 25.416666666666671 63.750000000000007 -0.45589999999999992 1.5155293627391093 1.0000000180025095e-35 3.236274728480462
decision_type=2 2 2 2 2 2 2 2 2 2 2 2 2 2
left_child=1 2 10 -4 -5 -6 -3 -2 -9 -10 -1 -8 13 -13
right_child=7 6 3 4 5 -7 11 8 9 -11 -12 12 -14 -15
leaf_value=0.034007175175189586 0.05488654163753498 0.026077482647934067 0.048656736418978885 0.023780426946338369 -0.018515973053765771 0.02419261221654925 -0.021265409517862315 -0.027948563983551833 0.05061374845744368 -0.0062756958523779568 -0.00085096712637620963 0.011000184531916465 0.027797392536443723 -0.032772689390384024
leaf_weight=37.893307119607925 9.9518629908561689 6.8601393848657599 5.1010399460792533 15.386678367853163 40.257758796215057 7.8647890985012046 110.2944933027029 7.9196025133132961 14.707416296005251 7.6120400428771964 11.673863917589186 12.401112884283068 8.6848667263984662 13.909917801618574
leaf_count=111 30 26 15 44 185 27 580 29 44 24 39 57 31 72
internal_value=0.000369002 -0.00335491 0.0113192 0.000859346 -0.00297972 -0.011536 -0.0147525 0.0254164 0.0157176 0.0312116 0.0257975 -0.0166803 -0.00222981 -0.0121413
internal_weight=310.519 270.328 118.177 68.6103 63.5092 48.1225 152.151 40.1909 30.2391 22.3195 49.5672 145.29 34.9959 26.311
internal_count=1314 1187 421 271 256 212 766 127 97 68 150 740 160 129
is_linear=0
shrinkage=0.05


Tree=65
num_leaves=15
num_cat=0
split_feature=35 25 4 17 14 14 8 23 17 4 2 14 3 33
split_gain=51.0879 8.13566 8.54282 6.38123 7.18242 6.52525 6.94532 7.10887 6.33818 5.04235 4.62767 6.94944 7.18282 4.46351
threshold=-1.0000000180025095e-35 -2.2238766504966745 9.228832666272174 0.99038482546941065 7.916666666666667 43.750000000000007 74.583333333333357 1.744020605978037 0.696411648832994 29.128096114570582 1.5877879953450573 64.583333333333357 5.3490348404401891 56.500000000000007
decision_type=2 2 2 2 2 2 2 2 2 2 2 2 2 2
left_child=-1 -2 -3 4 8 9 7 13 -4 -6 11 -9 -13 -7
right_child=1 2 3 -5 5 6 -8 10 -10 -11 -12 12 -14 -15
leaf_value=-0.038418794056997357 0.039673326657110812 -0.041846527094867164 0.04376500656901039 -0.038881452342246076 -0.019161163770510806 0.013970241680394261 -0.0061259143872917261 -0.035488989576784709 0.0032686043754970987 0.027370932117055231 0.039986461437204926 -0.00066852708423188257 0.054897175200841503 0.043519565516764447
leaf_weight=70.602385461330414 20.3870969414711 8.700133875012396 26.217132776975632 6.8846012055873862 35.223132133483887 22.416428595781326 43.758666917681694 10.987174212932585 15.301264196634291 6.9747788459062567 8.2765916585922223 31.566497832536697 7.1295409798622122 29.727521121501923
leaf_count=421 63 37 83 24 125 67 147 40 46 21 23 109 20 88
internal_value=-0.000499328 0.00928755 0.0068406 0.00857331 0.00994846 0.00594784 0.0107248 0.0174218 0.0288404 -0.01147 0.00537125 -0.000395206 0.00956916 0.0308165
internal_weight=344.153 273.551 253.163 244.463 237.579 196.06 153.862 110.104 41.5184 42.1979 57.9598 49.6832 38.696 52.1439
internal_count=1314 893 830 793 769 640 494 347 129 146 192 169 129 155
is_linear=0
shrinkage=0.05


Tree=66
num_leaves=15
num_cat=0
split_feature=35 3 5 35 8 8 3 20 14 3 20 29 4 21
split_gain=16.3491 7.4435 7.05275 7.70186 7.27806 6.80294 6.56398 12.906 6.51719 6.3719 5.98125 6.74813 6.61813 5.95186
threshold=1.0000000180025095e-35 12.812188975329031 30.783289334109103 -1.0000000180025095e-35 11.250000000000002 54.583333333333336 7.8427684488565008 1.4523532254284375 48.750000000000007 4.2483701727813168 0.94147233999746383 16.500000000000004 21.835905077630056 0.29561218442569004
decision_type=2 2 2 2 2 2 2 2 2 2 2 2 2 2
left_child=1 2 3 4 -1 -6 10 -8 -4 -7 11 12 -5 -10
right_child=-2 -3 8 6 5 9 7 -9 13 -11 -12 -13 -14 -15
leaf_value=-0.033874608279392433 -0.039616009673221673 0.045337867085832324 -0.032405994356554224 -0.010681376932104806 0.030839952620759788 -0.018041076007353048 -0.043593909752589505 0.041519740418157668 -0.03350721979117622 0.025395624018429798 -0.02136150281509119 0.037407332989760039 0.011670420871550111 0.018714492642983329
leaf_weight=6.7298769354820243 24.195788696408272 10.018439143896101 26.967598274350166 55.941612660884857 55.401153892278671 17.941185683012009 19.923202916979793 5.7361359745264044 7.8538748770952251 15.947960019111632 22.827188402414322 15.44983649253845 81.167290523648262 17.872453153133392
leaf_count=23 127 30 112 186 177 56 77 17 25 47 75 45 260 57
internal_value=0.000168427 0.00284401 0.00162683 0.00461715 0.0162667 0.0200458 -0.000946704 -0.0245668 -0.0152313 0.00239989 0.00250896 0.00608068 0.00255069 0.00277196
internal_weight=383.974 359.778 349.759 297.065 96.0202 89.2903 201.045 25.6593 52.6939 33.8891 175.386 152.559 137.109 25.7263
internal_count=1314 1187 1157 963 303 280 660 94 194 103 566 491 446 82
is_linear=0
shrinkage=0.05


Tree=67
num_leaves=15
num_cat=0
split_feature=35 35 13 0 8 16 5 3 3 4 12 23 29 8
split_gain=10.8526 16.529 6.70902 7.65204 5.50664 5.37919 5.49011 5.81441 5.24897 6.63984 5.1937 4.48488 4.34646 7.64481
threshold=1.0000000180025095e-35 -1.0000000180025095e-35 5.8386346744048572 57.423339977925572 6.2500000000000009 2.6135958315657706 31.390485864550783 4.0648316347610249 6.1978942370962509 23.520678393745531 0.27195654604099095 0.30692251326174408 13.500000000000002 25.416666666666671
decision_type=2 2 2 2 2 2 2 2 2 2 2 2 2 2
left_child=1 2 3 4 -1 -6 7 10 9 -9 -7 -3 -2 -14
right_child=12 11 -4 -5 5 6 -8 8 -10 -11 -12 -13 13 -15
leaf_value=0.051149974706481798 0.053667680598351933 0.025102521238086629 0.049831418998457971 -0.042644265347338506 -0.042835398309560901 -0.013126885907528751 0.036189348150289694 -0.025841911158064293 0.025819080069322344 0.032135555823897217 0.036724642077461088 -0.016151296548749833 -0.02729649435324645 0.030370574234642678
leaf_weight=7.7783375084400168 9.8185183405876142 6.9070561081171027 10.080750674009321 7.1929203271865836 5.0489227175712577 7.2284298986196545 16.524420365691185 28.78700390458107 9.6310957819223386 5.9608965367078772 18.847847253084183 142.68244236707687 7.7792681455612209 22.000640958547592
leaf_count=24 30 26 32 27 21 26 52 128 34 20 57 740 29 68
internal_value=0.000393263 -0.00323365 0.010837 0.00716324 0.0107528 0.00733838 0.0102508 0.00416726 -0.00684307 -0.0158961 0.0229056 -0.0142465 0.0248182 0.0153065
internal_weight=306.269 266.67 117.081 107 99.807 92.0286 86.9797 70.4553 44.379 34.7479 26.0763 149.589 39.5984 29.7799
internal_count=1314 1187 421 389 362 338 317 265 182 148 83 766 127 97
is_linear=0
shrinkage=0.05


Tree=68
num_leaves=15
num_cat=0
split_feature=35 25 16 8 18 30 23 20 9 20 16 8 27 30
split_gain=48.1593 7.61527 6.61218 6.27204 7.70595 6.72356 7.51241 6.3127 4.90047 6.77489 4.77727 6.28821 4.69119 7.13229
threshold=-1.0000000180025095e-35 -2.2238766504966745 1.4701640860211571 76.250000000000014 0.75976918978343744 4.5000000000000009 0.34057972138226178 0.57628247422401258 0.69697390662755077 1.0589889057624606 4.0430464361186642 82.916666666666686 1.0000000180025095e-35 7.5000000000000009
decision_type=2 2 2 2 2 2 2 2 2 2 2 2 2 2
left_child=-1 -2 -3 4 5 -4 -7 10 9 -6 11 -5 -10 -14
right_child=1 2 3 7 8 6 -8 -9 12 -11 -12 -13 13 -15
leaf_value=-0.038179498785121432 0.038600023213215817 -0.044350454908394343 -0.013198694861676716 -0.032152251115450184 -0.023896033311497842 -0.037753166095222113 0.027536874861107459 0.037791443427258167 -0.021137249441715779 0.03768469117128375 -0.029823097937993231 0.033088588106562629 0.026014225755112714 -0.022295793737432245
leaf_weight=67.946381606161594 19.995987415313721 6.2251686900854102 13.356172472238539 6.3385865092277518 6.2102169543504742 4.6169701665639868 96.33128234744072 6.2763564884662619 30.181015640497208 15.905430376529692 24.514876365661621 8.8504821360111219 18.825206309556965 12.858518183231352
leaf_count=421 63 25 51 20 21 18 300 18 115 47 92 27 57 39
internal_value=-0.000546979 0.00890634 0.00653597 0.00783283 0.011691 0.0201398 0.0245508 -0.00880522 0.000191477 0.0203924 -0.0161712 0.00586278 -0.00703004 0.00640809
internal_weight=338.433 270.486 250.49 244.265 198.285 114.304 100.948 45.9803 83.9804 22.1156 39.7039 15.1891 61.8647 31.6837
internal_count=1314 893 830 805 648 369 318 157 279 68 139 47 211 96
is_linear=0
shrinkage=0.05


Tree=69
num_leaves=15
num_cat=0
split_feature=35 13 16 32 31 34 17 20 4 12 31 34 20 9
split_gain=15.4141 6.66707 6.12982 6.1887 6.09532 5.53071 5.32537 5.44665 7.20807 4.93228 3.72601 7.36959 5.40516 7.79759
threshold=1.0000000180025095e-35 6.3554203795460511 1.4701640860211571 1.175 0.36500000000000005 0.18335000000000004 0.13266300890682312 -0.62695566140850512 9.228832666272174 0.89474451739414163 0.72499999999999998 0.59410000000000007 -0.5563831559958482 0.73113108940770855
decision_type=2 2 2 2 2 2 2 2 2 2 2 2 2 2
left_child=1 2 -1 4 -4 -6 7 8 -5 10 11 -8 -13 -14
right_child=-2 -3 3 6 5 -7 9 -9 -10 -11 -12 12 13 -15
leaf_value=0.045823422708023379 -0.039292674065342016 -0.041639046884743333 0.037621705581112948 0.054767225330812443 0.0036741092504583499 -0.022209457649559786 0.01403413244182742 -0.028313261649503804 -0.0078395336373172572 -0.031474955085435151 0.024561043446877602 -0.041335442019997448 -0.032177263829696261 0.027792312695639584
leaf_weight=8.4725398123264295 23.213544920086861 8.2587451636791211 6.7171617448329917 5.9688026309013393 34.445412710309029 51.487177908420563 115.88927391171455 19.707577422261238 20.010294988751411 6.785725772380828 44.659932091832161 11.01334238052368 9.633887708187105 12.393885746598242
leaf_count=26 127 36 21 18 108 194 363 61 73 27 148 44 32 36
internal_value=0.000182158 0.00276021 0.00381636 0.0027656 -0.00824865 -0.0118342 0.00691278 -0.00849181 0.00654462 0.0104251 0.0118938 0.00809524 -0.012735 0.00156451
internal_weight=378.657 355.444 347.185 338.712 92.6498 85.9326 246.063 45.6867 25.9791 200.376 193.59 148.93 33.0411 22.0278
internal_count=1314 1187 1151 1125 323 302 802 152 91 650 623 475 112 68
is_linear=0
shrinkage=0.05


Tree=70
num_leaves=15
num_cat=0
split_feature=35 35 30 13 0 8 7 5 2 13 30 13 34 8
split_gain=9.79959 15.169 7.46949 6.17943 7.25012 5.05586 5.17128 5.75117 6.25716 5.39132 5.07433 8.40934 4.80824 4.7143
threshold=1.0000000180025095e-35 -1.0000000180025095e-35 7.5000000000000009 5.8386346744048572 57.423339977925572 6.2500000000000009 0.0048987682851260013 29.960761693778689 -0.37101160659984139 1.2245775085358728 5.5000000000000009 3.3757120014309443 -0.84999999999999987 83.750000000000014
decision_type=2 2 2 2 2 2 2 2 2 2 2 2 2 2
left_child=1 3 13 4 5 -1 7 8 -7 -10 -8 -12 -11 -3
right_child=-2 2 -4 -5 -6 6 10 -9 9 12 11 -13 -14 -15
leaf_value=0.049770260102958763 0.023783290268543894 -0.033781282857130654 -0.0046813176313939284 0.048454328814306523 -0.042099138706098833 -0.01854269333083039 -0.025369589914412263 0.053104901938542004 -0.011914962207081064 0.055711853900609731 -0.016938798313447981 0.045873233502135249 0.0053869799332833881 0.0061159176113468111
leaf_weight=7.5524092316627494 38.977502599358559 48.982250764966011 89.528631255030632 9.8059017062187177 7.0293996483087531 13.249169364571562 18.569424852728844 9.4042115509510023 7.893878787755976 12.632634207606312 12.318247914314272 9.3910031914710981 7.602962434291844 8.7225921824574453
leaf_count=24 127 321 397 32 27 57 85 28 27 37 50 28 26 48
internal_value=0.000388255 -0.00308316 -0.0137228 0.0104856 0.00696133 0.0104585 0.00719804 0.0178096 0.00978799 0.0231319 -0.00618092 0.0102325 0.0368037 -0.0277505
internal_weight=301.66 262.683 147.233 115.449 105.643 98.6139 91.0615 50.7829 41.3786 28.1295 40.2787 21.7093 20.2356 57.7048
internal_count=1314 1187 766 421 389 362 338 175 147 90 163 78 63 369
is_linear=0
shrinkage=0.05


Tree=71
num_leaves=15
num_cat=0
split_feature=34 27 14 14 29 14 16 5 14 25 3 19 0 6
split_gain=18.4007 7.73116 10.7868 11.8739 7.04291 7.29757 6.68885 6.46372 6.04591 7.14596 5.943 5.52146 5.77078 7.16652
threshold=-0.56249999999999989 1.0000000180025095e-35 39.583333333333336 84.583333333333357 16.500000000000004 7.916666666666667 5.3191858755286114 9.9465504597817418 90.416666666666671 -1.9358438336889627 4.0818485296776776 -1.7749072558074863 19.729290503741044 0.10516907425509477
decision_type=2 2 2 2 2 2 2 2 2 2 2 2 2 2
left_child=-1 2 -2 7 5 -3 -6 -4 9 -7 -5 -9 13 -13
right_child=1 4 3 10 6 8 -8 11 -10 -11 -12 12 -14 -15
leaf_value=-0.022147651578312263 -0.031280635694709992 0.035749358219941067 -0.023948869358806496 -0.038793587584286776 -0.04460764723565197 0.047739848386096989 0.026474058170313217 -0.029320039251245347 0.044058736138384846 -0.002920071766667743 0.024543905137026104 -0.053150440950810555 0.03212206602944731 0.020256491434428488
leaf_weight=76.138605020940304 26.473472788929939 40.312190473079681 9.8392943292856199 19.063240438699726 9.0536166578531247 7.9609288871288291 5.2165397852659217 5.3598288744688025 10.710880517959593 55.420010298490524 4.5966344624757758 4.883335903286933 47.656059548258781 10.418199345469473
leaf_count=425 104 130 38 84 40 26 15 24 32 172 15 18 155 36
internal_value=-0.000558676 0.00583815 -0.00284756 0.00454536 0.0144979 0.0186293 -0.0186233 0.01394 0.00931454 0.00344304 -0.0264884 0.0193969 0.0235444 -0.00317062
internal_weight=333.103 256.964 128.29 101.817 128.674 114.404 14.2702 78.1567 74.0918 63.3809 23.6599 68.3174 62.9576 15.3015
internal_count=1314 889 474 370 415 360 55 271 230 198 99 233 209 54
is_linear=0
shrinkage=0.05


Tree=72
num_leaves=15
num_cat=0
split_feature=35 13 29 20 34 8 4 2 33 17 8 9 4 34
split_gain=14.4752 6.21982 5.83906 10.9795 9.15187 8.69107 7.94022 7.35475 6.289 5.89892 9.65893 5.87571 5.66098 5.11507
threshold=1.0000000180025095e-35 6.3554203795460511 13.500000000000002 -0.57203772824617538 0.80000000000000016 63.750000000000007 34.945728733594386 1.3044485944734403 69.500000000000014 0.26089743589743747 50.416666666666671 0.7599358045990966 12.901196253711722 0.59410000000000007
decision_type=2 2 2 2 2 2 2 2 2 2 2 2 2 2
left_child=1 2 3 -1 6 7 9 12 -7 10 -4 13 -5 -11
right_child=-2 -3 4 5 -6 8 -8 -9 -10 11 -12 -13 -14 -15
leaf_value=-0.032801240230003297 -0.038964537470182276 -0.041169176748769139 0.010004139785209637 0.021733379546251125 0.049329422519038102 -0.00087363208819862435 -0.033783831865804699 0.023275536594996177 0.047252188935466878 0.021083514371364791 -0.025301826405980235 -0.017932695327471982 -0.031734083890749686 -0.014424778269176064
leaf_weight=28.426121264696121 22.249529585242271 7.9255269020795813 54.470601424574852 6.063356786966323 12.606805711984633 12.157434061169626 12.137215048074721 12.37181833386421 15.371225565671919 108.81978544592857 30.063844412565231 12.744819611310957 26.973881438374519 11.184629708528517
leaf_count=121 127 36 183 19 38 35 39 39 49 347 95 42 111 33
internal_value=0.000145442 0.00262235 0.00363306 -0.00644177 0.00785251 0.00383134 0.00557333 -0.00960719 0.0259985 0.00777178 -0.00255208 0.014346 -0.0219211 0.0177741
internal_weight=373.567 351.317 343.392 101.364 242.028 72.9377 229.421 45.4091 27.5287 217.284 84.5344 132.749 33.0372 120.004
internal_count=1314 1187 1151 374 777 253 739 169 84 700 278 422 130 380
is_linear=0
shrinkage=0.05


Tree=73
num_leaves=15
num_cat=0
split_feature=35 35 30 7 25 23 0 13 18 19 10 25 8 29
split_gain=8.95114 14.1561 7.16117 5.6884 4.612 7.98738 4.87603 8.93533 9.05128 5.77317 6.36589 5.57599 4.60378 4.13314
threshold=1.0000000180025095e-35 -1.0000000180025095e-35 7.5000000000000009 0.0094187213614668006 -1.7489266444299025 0.34057972138226178 26.703208655249679 2.7764697856444283 0.92069853392564627 1.7117493121778806 0.98314310465056487 -0.84868427373555544 83.750000000000014 13.500000000000002
decision_type=2 2 2 2 2 2 2 2 2 2 2 2 2 2
left_child=1 3 12 -1 -4 -6 7 8 -7 11 -11 -8 -3 -2
right_child=13 2 4 -5 5 6 9 -9 -10 10 -12 -13 -14 -15
leaf_value=0.0060622640091232815 0.051717996452548924 -0.033438512106030348 -0.039349915456971973 0.039908807325432644 0.061317082159063341 -0.020990899678917856 0.012277830442880892 0.063478105387336781 0.060377566570461699 0.035176057114739548 -0.031491361367016531 -0.037023015086362868 0.0061119358282931994 0.013609296110591074
leaf_weight=99.803438186645508 9.4050117731094343 47.288056761026382 8.5631107240915281 14.177077412605284 4.8694221824407569 16.237145483493812 7.38303722441196 6.4772144705057135 4.3289195895194998 9.8626804351806623 5.6217566579580298 25.697447791695598 8.71369421482086 29.220361411571503
leaf_count=373 30 321 49 48 15 74 32 26 17 38 27 119 48 97
internal_value=0.000434678 -0.00291362 -0.0132756 0.0102722 -0.00446465 -0.000752737 -0.00475024 0.0122655 -0.00386378 -0.0142254 0.0109719 -0.0260199 -0.0272846 0.0228885
internal_weight=297.648 259.023 145.042 113.981 89.0407 80.4776 75.6082 27.0433 20.5661 48.5649 15.4844 33.0805 56.0018 38.6254
internal_count=1314 1187 766 421 397 348 333 117 91 216 65 151 369 127
is_linear=0
shrinkage=0.05


Tree=74
num_leaves=15
num_cat=0
split_feature=34 3 7 31 29 34 7 2 29 23 8 8 8 9
split_gain=16.8629 6.08988 6.16215 6.76498 6.57242 10.9278 9.50063 5.82967 6.37007 5.20862 7.45768 7.03279 4.70206 4.52701
threshold=-0.56249999999999989 12.812188975329031 0.0052043107549996507 0.72499999999999998 13.500000000000002 0.7279500000000001 0.012199986220344152 0.025822644860621555 16.500000000000004 2.877201378552416 17.083333333333336 3.75 37.916666666666679 0.76233692345932524
decision_type=2 2 2 2 2 2 2 2 2 2 2 2 2 2
left_child=7 2 3 12 6 9 -4 13 -9 10 11 -6 -2 -1
right_child=1 -3 4 -5 5 -7 -8 8 -10 -11 -12 -13 -14 -15
leaf_value=-0.038239499912193414 -0.031791937869324459 -0.042769139267781781 0.036128251206983535 -0.031232665509456012 0.019514472679088526 -0.044245931049289963 -0.026058611263225645 0.020227694862260583 -0.024603059259345559 0.047669437202626709 0.023202281141520037 -0.03887566629370455 0.0065367888257149773 0.026639974363067427
leaf_weight=39.122627556324005 8.6950037926435453 6.3513518273830405 46.52160020172596 16.10878124833107 8.5308254361152667 9.8283174335956556 7.0759602040052405 13.774401038885115 18.655310817062855 9.0196670442819578 28.445205166935921 13.038974702358244 100.34405337274075 2.8870792388916007
leaf_count=257 37 29 154 70 27 40 21 52 103 27 93 49 342 13
internal_value=-0.000559421 0.00557473 0.00681479 -0.000987818 0.0147886 0.00456949 0.0279183 -0.0214869 -0.00556136 0.0126965 0.00638947 -0.0157824 0.00348038 -0.0337807
internal_weight=328.399 253.96 247.608 125.148 122.461 68.863 53.5976 74.4394 32.4297 59.0347 50.015 21.5698 109.039 42.0097
internal_count=1314 889 860 449 411 236 175 425 155 196 169 76 379 270
is_linear=0
shrinkage=0.05


Tree=75
num_leaves=15
num_cat=0
split_feature=35 3 1 32 34 8 29 3 19 18 24 14 17 19
split_gain=13.6693 6.01954 6.27387 6.72048 5.28401 5.84625 4.17263 4.18348 4.12103 4.51024 5.86026 3.84713 7.26327 7.62435
threshold=1.0000000180025095e-35 12.812188975329031 35.249542629598238 1.175 -0.66249999999999987 77.916666666666671 13.500000000000002 3.6379339759449754 -2.7945515960433021 -1.4265785464524112 -0.32438099558390282 61.250000000000007 0.76787209333729944 1.6631775828871431
decision_type=2 2 2 2 2 2 2 2 2 2 2 2 2 2
left_child=1 2 -1 4 -4 6 -6 -8 -5 -10 -11 -12 -13 -14
right_child=-2 -3 3 8 5 -7 7 -9 9 10 11 12 13 -15
leaf_value=-0.013674758652746333 -0.038671100101161121 0.041883360817538115 0.016694673789360157 0.062630164360505114 -0.037324877599856997 0.016264511219221667 -0.039689612994661685 0.0033104043897466706 -0.01771384479086003 0.036861059657387334 0.016089619083224194 -0.015759092815976809 0.027455728429416727 -0.013505165265415077
leaf_weight=57.120571658015251 21.367941148579121 9.4534523487091047 17.591304063796997 3.5782767534255973 23.378400221467018 12.611366331577299 7.8550976812839535 20.208248630166054 15.156499639153479 19.115232691168785 72.858497485518456 38.465830609202385 32.514971718192101 17.461798012256622
leaf_count=216 127 30 57 11 102 39 26 65 51 64 236 124 109 57
internal_value=0.00014389 0.00253154 0.00143064 0.00450344 -0.00757756 -0.0142436 -0.0217229 -0.00872556 0.0094562 0.00848331 0.0106841 0.00758195 0.000573379 0.0131441
internal_weight=368.737 347.37 337.916 280.796 81.6444 64.0531 51.4417 28.0633 199.151 195.573 180.416 161.301 88.4426 49.9768
internal_count=1314 1187 1157 941 289 232 193 91 652 641 590 526 290 166
is_linear=0
shrinkage=0.05


Tree=76
num_leaves=15
num_cat=0
split_feature=6 17 34 34 34 20 1 24 2 28 6 21 33 9
split_gain=7.46862 6.29295 6.89771 8.12609 6.09861 8.26217 5.85838 4.92904 5.87168 4.41259 5.7651 3.67848 5.74742 3.78996
threshold=0.023898353680357951 0.17152637812455071 0.92500000000000016 0.54410000000000014 -0.45589999999999992 -0.61201432447347026 54.209533761185206 -0.5303125977320754 -0.020937163974902695 1.0000000180025095e-35 0.11079921700533572 0.67538832484505185 49.000000000000007 0.74393116658979019
decision_type=2 2 2 2 2 2 2 2 2 2 2 2 2 2
left_child=-1 4 3 9 -2 -6 -5 -7 -9 11 -11 12 -3 -13
right_child=1 2 -4 6 5 7 -8 8 -10 10 -12 13 -14 -15
leaf_value=-0.037909292513797328 0.028925369272318837 0.036296562956168149 -0.019348832672329647 -0.022743313268119809 -0.028909339108635381 0.060406111426910852 0.032009098384525939 -0.039296547823051586 0.028079217252228807 0.045927510090273516 0.00037928605803522588 -0.0088603075653733831 -0.0094527250413581065 -0.038205051186307154
leaf_weight=12.14684724062681 37.304006859660149 9.1774140596389753 45.988863542675972 5.8064537271857253 14.541916094720362 5.6035375595092765 30.803216122090816 4.9034745320677748 9.4958240389823931 8.7556421458721143 33.633075550198555 32.095669344067574 27.24636422842741 16.742892399430275
leaf_count=58 118 36 255 32 73 16 119 29 34 28 138 159 131 88
internal_value=0.000479469 0.00213245 -0.0022331 0.00255887 0.0149073 -0.00023053 0.0233251 0.0206188 0.00513537 -0.00339678 0.00978754 -0.00995146 0.00207436 -0.0189203
internal_weight=294.245 282.098 210.25 164.261 71.8488 34.5448 36.6097 20.0028 14.3993 127.651 42.3887 85.2623 36.4238 48.8386
internal_count=1314 1256 986 731 270 152 151 79 63 580 166 414 167 247
is_linear=0
shrinkage=0.05


Tree=77
num_leaves=15
num_cat=0
split_feature=35 25 4 17 14 8 30 34 17 10 9 34 30 34
split_gain=41.8059 6.52479 7.01911 6.4784 5.31794 5.7689 5.11751 9.63795 4.59153 7.0112 4.69239 4.03014 11.1798 10.1585
threshold=-1.0000000180025095e-35 -2.2238766504966745 12.901196253711722 0.64599739093449282 7.916666666666667 21.250000000000004 7.5000000000000009 0.21540000000000004 0.99038482546941065 0.99538912761895293 0.63102391144383319 0.92500000000000016 6.5000000000000009 0.35295000000000004
decision_type=2 2 2 2 2 2 2 2 2 2 2 2 2 2
left_child=-1 -2 -3 4 -4 -6 -7 -8 9 10 -5 13 -13 -12
right_child=1 2 3 8 5 6 7 -9 -10 -11 11 12 -14 -15
leaf_value=-0.037642770988062457 0.036413964788296747 -0.022059192267507823 0.042844900997484066 -0.032304952619872679 -0.025642529056537411 0.033512150084651852 -0.034777903606410941 0.03156243302301761 -0.038461639221658225 0.052601425817712356 0.012822329683402543 -0.029879668445489633 0.027112760337101596 -0.025491116120840509
leaf_weight=61.653035782277584 18.906065568327904 20.523320212960243 19.401623323559761 9.470796272158621 8.4267902970314008 27.466314524412155 10.103075191378595 11.951028317213057 6.6037452220916739 7.1020572781562796 40.610458269715309 10.946602299809454 40.22237166762352 30.141862109303474
leaf_count=421 63 81 68 37 27 80 31 36 24 21 132 46 127 120
internal_value=-0.000600067 0.00812083 0.00591928 0.00850062 0.0201874 0.0126013 0.0191092 0.00117165 0.00227063 0.00421284 0.00159733 0.00423084 0.0149203 -0.00349994
internal_weight=323.529 261.876 242.97 222.447 77.3488 57.9472 49.5204 22.0541 145.098 138.494 131.392 121.921 51.169 70.7523
internal_count=1314 893 830 749 242 174 147 67 507 483 462 425 173 252
is_linear=0
shrinkage=0.05


Tree=78
num_leaves=15
num_cat=0
split_feature=35 3 5 35 8 3 20 8 14 3 34 3 19 29
split_gain=12.9455 5.60516 5.40612 5.99559 6.05888 5.7245 11.2719 5.60976 5.51677 7.55508 11.0511 8.42705 8.02161 5.68471
threshold=1.0000000180025095e-35 12.812188975329031 30.783289334109103 -1.0000000180025095e-35 11.250000000000002 7.8427684488565008 1.4523532254284375 54.583333333333336 47.083333333333336 5.3127686219915349 0.54410000000000014 3.9019259772008161 1.0271997151129764 13.500000000000002
decision_type=2 2 2 2 2 2 2 2 2 2 2 2 2 2
left_child=1 2 3 4 -1 8 -7 -6 13 10 -10 -12 -13 -5
right_child=-2 -3 -4 5 7 6 -8 -9 9 -11 11 12 -14 -15
leaf_value=-0.03247902791618227 -0.038406019653840516 0.040849720382457766 -0.013845216431349359 -0.007921327764305687 0.028214456628748094 -0.042575514797753372 0.038949038488034125 0.0018821801215503629 -0.012853451825615994 -0.032456823847892502 0.04660096798810489 -0.040418117495027481 0.02144965782442091 0.027287157814197566
leaf_weight=6.3668814897537223 20.528922580182552 9.2559982240200025 49.502952709794044 17.008762925863266 52.55973145365715 18.438202902674679 5.5061127841472617 32.8778166025877 55.223847642540932 19.154020443558693 18.353345394134521 7.7116298377513912 16.342229440808296 35.170663729310036
leaf_count=23 127 30 194 60 177 77 17 103 180 75 59 29 57 106
internal_value=0.000163128 0.00246836 0.0014054 0.00405702 0.0145749 -0.000948371 -0.0238285 0.0180814 0.00229403 -0.00374505 0.00188784 0.0210844 0.00161495 0.0158104
internal_weight=364.001 343.472 334.216 284.713 91.8044 192.909 23.9443 85.4375 168.964 116.785 97.6311 42.4072 24.0539 52.1794
internal_count=1314 1187 1157 963 303 660 94 280 566 400 325 145 86 166
is_linear=0
shrinkage=0.05


Tree=79
num_leaves=15
num_cat=0
split_feature=35 35 30 3 14 9 2 17 3 21 19 8 2 31
split_gain=7.60996 12.2148 6.72784 5.23995 8.08754 6.3621 7.79656 6.27945 5.04838 4.82248 4.81789 4.64007 5.11668 4.40051
threshold=1.0000000180025095e-35 -1.0000000180025095e-35 7.5000000000000009 6.1978942370962509 62.916666666666671 0.74407520982240893 -0.37101160659984139 0.50056725130779867 5.3433484256246624 0.47347066167270574 -1.7844042640733162 83.750000000000014 -0.59862872647543119 0.48500000000000004
decision_type=2 2 2 2 2 2 2 2 2 2 2 2 2 2
left_child=1 3 11 4 8 6 9 10 -1 -6 -5 -3 -13 -4
right_child=-2 2 13 7 5 -7 -8 -9 -10 -11 -12 12 -14 -15
leaf_value=-0.036396874935191746 0.021449436388723254 -0.032924385777298282 0.02040858519625359 0.020863894521383569 0.034226435523782968 -0.017891373307033106 0.045345044867346258 -0.018216313572184208 0.0096524188644491818 -0.018119805479094427 0.064099368229612458 -0.037747083018092625 0.040719628545061337 -0.0091122090631541534
leaf_weight=16.982260420918468 37.634464174509048 44.727368526160717 15.309308201074598 18.538151130080223 6.8813452571630505 12.034549087285994 20.163056388497353 6.6094892024993888 9.1631835848093015 12.201187416911123 9.8761119544506091 3.6131063774228096 4.8885492682456952 71.96210203319788
leaf_count=84 127 321 62 65 23 46 59 29 33 52 30 24 24 335
internal_value=0.000472141 -0.00264891 -0.0124785 0.00963275 0.00237346 0.0139122 0.0236647 0.0256806 -0.020258 0.000756754 0.0358915 -0.0264883 0.00737217 -0.00393362
internal_weight=290.584 252.95 140.5 112.449 77.4256 51.2801 39.2456 35.0238 26.1454 19.0825 28.4143 53.229 8.50166 87.2714
internal_count=1314 1187 766 421 297 180 134 124 117 75 95 369 48 397
is_linear=0
shrinkage=0.05


Tree=80
num_leaves=15
num_cat=0
split_feature=35 4 5 7 6 27 17 10 29 28 4 4 30 34
split_gain=39.6836 5.86832 7.66097 5.72811 4.53729 4.27496 4.08652 5.5513 4.68072 9.49788 6.76124 5.01983 5.58941 5.39069
threshold=-1.0000000180025095e-35 9.228832666272174 21.36900102713324 0.0028547540023170005 0.021872700515097952 1.0000000180025095e-35 0.99038482546941065 0.99538912761895293 13.500000000000002 1.0000000180025095e-35 21.357626925918797 20.027428148870147 3.5000000000000004 -1.0000000180025095e-35
decision_type=2 2 2 2 2 2 2 2 2 2 2 2 2 2
left_child=-1 -2 4 5 -3 -4 7 8 9 10 -6 -10 -13 -14
right_child=1 2 3 -5 6 -7 -8 -9 11 -11 -12 12 13 -15
leaf_value=-0.03745758305779745 -0.032161779136672689 0.042204544776727505 -0.036106607590112631 0.027340646063713656 0.045088041696494587 0.020611023615633439 -0.037543177507249441 0.045269641226022748 -0.037988100320463701 -0.042332264862074365 0.0070897297697051394 0.02978701673416935 0.018704101950646219 -0.01858685877567617
leaf_weight=59.441280491650105 8.8513431549072248 7.0898453891277304 6.8140652179718 70.10299901664257 15.511261522769926 6.4832768440246582 6.4870685786008826 7.3834404051303855 11.704553723335264 7.7214822620153418 47.729974627494812 11.147245168685911 12.926793351769438 38.717901259660728
leaf_count=421 41 23 23 229 53 19 24 22 40 37 151 39 45 147
internal_value=-0.000617943 0.00784761 0.00926518 0.0216337 0.00306677 -0.00845325 0.00132522 0.0029749 0.000828043 0.0100179 0.0164096 -0.00792589 -0.00232222 -0.00925284
internal_weight=318.113 258.671 249.82 83.4003 166.42 13.2973 159.33 152.843 145.459 70.9627 63.2412 74.4965 62.7919 51.6447
internal_count=1314 893 852 271 581 42 558 534 512 241 204 271 231 192
is_linear=0
shrinkage=0.05


Tree=81
num_leaves=15
num_cat=0
split_feature=35 13 3 29 3 20 34 4 17 4 1 9 8 3
split_gain=12.2804 5.38644 5.02414 4.85581 11.8888 8.27489 7.86594 6.77344 5.95207 8.61537 6.1739 6.10718 4.98383 6.45203
threshold=1.0000000180025095e-35 6.3554203795460511 12.812188975329031 13.500000000000002 5.4549962701155108 -0.57203772824617538 0.80000000000000016 34.945728733594386 0.26089743589743747 9.228832666272174 46.018464546997919 0.7599358045990966 51.250000000000007 5.6965845244195252
decision_type=2 2 2 2 2 2 2 2 2 2 2 2 2 2
left_child=1 2 3 4 5 -1 7 8 9 -5 12 -10 13 -11
right_child=-2 -3 -4 6 -6 -7 -8 -9 11 10 -12 -13 -14 -15
leaf_value=-0.02713387873251856 -0.038158472489779896 -0.040225002424162486 0.040043461123532825 0.035611854563716912 -0.033018073985302029 0.015418431479755319 0.046724178548580693 -0.032660532039974349 0.01631328755496602 0.014403170650228701 0.036021612615535901 -0.022016052148964727 -0.034087556224683471 -0.027200031126910142
leaf_weight=15.062974497675894 19.739450111985207 7.249076545238494 9.070509657263754 11.404180437326429 30.34149307012558 47.304918438196182 11.386354953050612 11.852984219789503 116.15216232836246 20.153985783457756 6.2367291748523703 11.41365998983383 23.80511337518692 17.335126608610153
leaf_count=60 127 36 30 38 145 155 36 39 379 65 19 39 78 68
internal_value=0.000177814 0.0024116 0.0033439 0.00231154 -0.00734734 0.00514128 0.00620928 0.00409658 0.0062064 -0.00458493 -0.0113731 0.0128839 -0.0161955 -0.00483433
internal_weight=358.509 338.769 331.52 322.45 92.7094 62.3679 229.74 218.354 206.501 78.9351 67.531 127.566 61.2942 37.4891
internal_count=1314 1187 1151 1121 360 215 761 725 686 268 230 418 211 133
is_linear=0
shrinkage=0.05


Tree=82
num_leaves=15
num_cat=0
split_feature=6 17 4 34 30 17 0 3 14 34 20 24 2 30
split_gain=6.88343 5.39703 7.58587 6.86772 5.91956 5.91054 5.45285 5.28601 10.603 5.0979 7.60588 4.22976 5.34302 4.07279
threshold=0.023898353680357951 0.17152637812455071 19.553624772247215 0.92500000000000016 7.5000000000000009 0.75938510924351332 48.591844936267897 5.5388368047641512 90.416666666666671 -0.45589999999999992 -0.61201432447347026 -0.5303125977320754 -0.020937163974902695 3.5000000000000004
decision_type=2 2 2 2 2 2 2 2 2 2 2 2 2 2
left_child=-1 9 13 4 6 -5 7 8 -4 -2 -11 -12 -13 -3
right_child=1 2 3 5 -6 -7 -8 -9 -10 10 11 12 -14 -15
leaf_value=-0.0372565119567893 0.027065964866345812 0.018443645364200907 -0.033684450292549732 0.026078225107926758 0.021962335487101317 -0.026314911187573866 -0.034938130838112202 0.041261716798169958 0.024751009401635146 -0.028189825783022093 0.056349942060390956 -0.03892087673256249 0.02673493990349321 -0.02035701184941241
leaf_weight=11.599963933229445 36.259891822934151 7.6403786316514006 14.808008641004564 6.7988107129931441 56.081787630915642 25.847731322050095 9.9043582230806333 8.5866161584854108 16.316084459424019 13.964505106210707 5.698922485113143 4.6004633009433737 9.492549270391466 58.910202227532864
leaf_count=58 118 33 88 38 198 138 60 34 62 73 16 29 34 335
internal_value=0.00047198 0.00206395 -0.00203136 0.00464139 0.0108327 -0.0154038 -0.00174748 0.00653069 -0.00305101 0.0140484 6.53403e-05 0.0200012 0.00530253 -0.0159025
internal_weight=286.51 274.91 204.894 138.343 105.697 32.6465 49.6151 39.7107 31.1241 70.0163 33.7564 19.7919 14.093 66.5506
internal_count=1314 1256 986 618 442 176 244 184 150 270 152 79 63 368
is_linear=0
shrinkage=0.05


Tree=83
num_leaves=15
num_cat=0
split_feature=35 25 4 17 14 17 20 14 11 9 4 30 16 27
split_gain=37.4592 5.90586 6.29509 5.00791 4.80176 5.17501 4.76442 9.05691 5.14974 4.0297 6.05928 3.93859 6.0017 5.13672
threshold=-1.0000000180025095e-35 -2.3292613211936213 9.228832666272174 0.99038482546941065 7.916666666666667 0.696411648832994 0.65671110233111107 58.750000000000007 1.9836517211991735 0.6939306868497227 15.221039264880156 4.5000000000000009 4.8933787431960782 1.0000000180025095e-35
decision_type=2 2 2 2 2 2 2 2 2 2 2 2 2 2
left_child=-1 -2 -3 4 5 -4 8 -8 9 -6 -11 13 -13 -12
right_child=1 2 3 -5 6 -7 7 -9 -10 10 11 12 -14 -15
leaf_value=-0.037259246352840426 0.037747096676952432 -0.040074549690287509 0.039464925739989887 -0.036690845780386082 -0.020151448833808535 0.0012548336176838014 -0.018916812478691401 0.034335381651927538 0.027927184626370352 -0.028151593255171053 -0.040326894383881318 0.019924499001990285 -0.011453883614563246 0.016810811559689453
leaf_weight=57.079581774771214 15.217156931757925 7.3058258295059195 22.88946370780468 6.3623480647802344 25.555385187268257 14.458653002977369 10.878134354948996 30.015660136938095 15.752723217010496 14.470140755176542 9.1916340142488497 55.758482486009598 20.970028609037399 6.8760914653539649
leaf_count=421 54 37 83 24 92 46 39 90 49 49 47 181 77 25
internal_value=-0.000636147 0.00753913 0.00562765 0.00705957 0.0082868 0.0246726 0.00505682 0.0201698 0.000897111 -0.00230867 0.00194224 0.0066349 0.0113487 -0.0158751
internal_weight=312.781 255.702 240.485 233.179 226.816 37.3481 189.468 40.8938 148.574 132.822 107.266 92.7962 76.7285 16.0677
internal_count=1314 893 839 802 778 129 649 129 520 471 379 330 258 72
is_linear=0
shrinkage=0.05


Tree=84
num_leaves=15
num_cat=0
split_feature=35 13 3 32 31 17 4 31 17 4 6 29 9 3
split_gain=11.6409 5.05031 4.67643 4.51602 4.84862 4.56982 5.93069 5.74447 5.14542 4.49684 4.29692 4.04693 5.76239 3.4948
threshold=1.0000000180025095e-35 6.3554203795460511 12.812188975329031 1.175 0.36500000000000005 0.99038482546941065 34.945728733594386 0.33500000000000002 0.13266300890682312 9.4949212663065037 0.17340852640439061 13.500000000000002 0.66294794775996946 3.6379339759449754
decision_type=2 2 2 2 2 2 2 2 2 2 2 2 2 2
left_child=1 2 3 4 -1 6 7 -5 9 -9 -11 12 -6 -13
right_child=-2 -3 -4 5 11 -7 -8 8 -10 10 -12 13 -14 -15
leaf_value=0.034679115402691217 -0.037930012898812419 -0.039837082473780309 0.039109846692008926 -0.035224918579228874 0.030575329096748868 0.04863760577468082 -0.035798229186586122 0.018509892999996672 0.011828686836921513 0.027744951187883438 -0.026002339041124513 -0.027806737598106979 -0.033607259920026743 0.0048311588197451349
leaf_weight=6.3083279132843009 18.970139116048813 6.951604261994361 8.8364635556936246 8.0066262781620008 4.0276943892240551 6.0821856260299674 8.6847900748252851 11.635429307818411 167.66902253031731 4.3553768992424038 25.435860425233841 10.378736883401869 26.54610601067543 39.106733337044716
leaf_count=21 127 36 30 31 13 19 29 37 575 13 95 35 122 131
internal_value=0.000170659 0.00233449 0.00323081 0.00223456 -0.00752475 0.00586974 0.00471767 0.00633844 0.00792997 -0.00784957 -0.0181447 -0.0108502 -0.0251521 -0.00201409
internal_weight=352.995 334.025 327.073 318.237 86.3676 231.869 225.787 217.102 209.096 41.4267 29.7912 80.0593 30.5738 49.4855
internal_count=1314 1187 1151 1121 322 799 780 751 720 145 108 301 135 166
is_linear=0
shrinkage=0.05


Tree=85
num_leaves=15
num_cat=0
split_feature=35 35 30 13 4 5 25 23 9 10 14 14 9 5
split_gain=6.39711 10.4983 6.26929 4.82263 5.79884 6.29596 4.29097 6.95634 4.00651 4.55585 3.77744 5.67508 5.70093 5.15841
threshold=1.0000000180025095e-35 -1.0000000180025095e-35 7.5000000000000009 5.8386346744048572 10.951939709239658 29.960761693778689 -1.7489266444299025 0.30692251326174408 0.76341129483774106 0.26724273426054662 23.750000000000004 62.916666666666671 0.74407520982240893 22.818828492900309
decision_type=2 2 2 2 2 2 2 2 2 2 2 2 2 2
left_child=1 3 -3 4 -1 10 -4 -8 -9 -10 -6 -12 13 -13
right_child=-2 2 6 -5 5 -7 7 8 9 -11 11 12 -14 -15
leaf_value=-0.026472912583755517 0.019954290705755516 -0.025684213353407311 -0.039023076840396319 0.044861533414829367 0.035469905190312866 0.031681403402958087 0.063103701550934421 -0.0087092266176611016 -0.0075871900456528614 0.053001757212133176 -0.024264863103229787 0.043862582234441852 -0.026793312784704482 0.00099325080037095787
leaf_weight=12.08464667201042 36.723442107439041 50.402039147913456 7.7219730615615836 8.6803341656923276 7.4870574325323096 25.055558934807777 4.1419879645109168 61.546523794531822 6.2620776891708356 6.1492559909820557 19.357187524437904 12.542476400732996 8.4953502267599088 15.929084315896032
leaf_count=48 127 369 49 32 25 88 12 290 26 20 96 39 33 60
internal_value=0.000489021 -0.00241851 -0.0116875 0.00909871 0.00602363 0.0104427 -0.00346734 4.81685e-05 -0.00348324 0.0224319 0.0021033 -0.00233206 0.00915274 0.0198783
internal_weight=282.579 245.856 136.224 109.632 100.951 88.8667 85.8218 78.0998 73.9579 12.4113 63.8112 56.3241 36.9669 28.4716
internal_count=1314 1187 766 421 389 341 397 348 336 46 253 228 132 99
is_linear=0
shrinkage=0.05


Tree=86
num_leaves=15
num_cat=0
split_feature=35 25 16 17 7 31 0 20 31 14 25 14 20 5
split_gain=35.518 5.48296 4.83005 4.70046 5.07862 5.91213 4.68132 4.14302 7.56454 5.67391 4.76156 4.41051 4.8165 4.59115
threshold=-1.0000000180025095e-35 -2.3292613211936213 1.4701640860211571 0.99038482546941065 0.0052043107549996507 0.72499999999999998 4.9377508755532835 0.67730903223495809 0.48500000000000004 60.416666666666671 1.1477403963473909 64.583333333333357 -0.71298258270873316 12.400674453823283
decision_type=2 2 2 2 2 2 2 2 2 2 2 2 2 2
left_child=-1 -2 -3 4 5 6 -4 8 -8 -9 11 -10 -13 -14
right_child=1 2 3 -5 -6 -7 7 9 10 -11 -12 12 13 -15
leaf_value=-0.037082727748728644 0.036812637097374944 -0.042314969395587168 0.04758634699225929 -0.03620296146550387 0.015656907386933452 -0.029956448963761907 -0.036018279077216366 -0.017332614307097392 -0.017478016368409316 0.037371210129234465 0.038907154233150852 0.038017019705134908 0.037792356927900311 -0.01740640982157288
leaf_weight=54.928749307990074 14.797681197524069 5.1786387264728537 5.9948303401470175 6.2681047022342673 106.17608839273453 13.949177145957945 14.45233380794525 6.7728383839130428 23.831273227930069 15.793388262391089 8.4953419119119626 10.829906821250907 5.0460190027952327 14.862624526023863
leaf_count=421 54 25 18 24 358 63 53 26 91 47 26 35 17 56
internal_value=-0.000645555 0.0072826 0.00544386 0.00650776 0.00769127 0.000644902 0.00466894 0.00209826 -0.00339053 0.0209529 0.00408661 -0.00133419 0.0111819 -0.0034158
internal_weight=307.377 252.448 237.651 232.472 226.204 120.028 106.079 100.084 77.5175 22.5662 63.0652 54.5698 30.7386 19.9086
internal_count=1314 893 839 814 790 432 369 351 278 73 225 199 108 73
is_linear=0
shrinkage=0.05


Tree=87
num_leaves=15
num_cat=0
split_feature=35 13 3 32 31 17 31 29 9 17 20 12 33 7
split_gain=11.0208 4.69923 4.25635 4.2233 4.45731 4.2055 5.37504 3.84702 5.41434 3.75822 4.55773 4.99419 3.80967 4.45096
threshold=1.0000000180025095e-35 6.3554203795460511 12.812188975329031 1.175 0.36500000000000005 0.99038482546941065 0.33500000000000002 13.500000000000002 0.66294794775996946 0.13266300890682312 -0.62695566140850512 0.63333207589872542 80.000000000000014 0.0021397633607750008
decision_type=2 2 2 2 2 2 2 2 2 2 2 2 2 2
left_child=1 2 3 4 -1 6 -5 8 -6 10 11 -8 13 -11
right_child=-2 -3 -4 5 7 -7 9 -9 -10 12 -12 -13 -14 -15
leaf_value=0.033592854542575955 -0.037698393251337933 -0.039428947841273876 0.037863595495554223 -0.035243848923902012 0.029034500708554119 0.046996197367729073 0.022177445898991718 -0.0019221501556736687 -0.033065911843245574 -0.04879869788563887 -0.025911391568526995 -0.030652488418249652 0.041106208427483505 0.0087588803158822892
leaf_weight=6.1680043041706076 18.214509718120098 6.6264213919639579 8.5746107995510084 8.1644592434167844 4.0598407834768322 6.0000392198562613 16.229328230023388 49.104821667075157 25.912100747227669 3.4297995567321768 18.512818694114685 6.175768330693244 8.9231453984975797 162.34466677904129
leaf_count=21 127 36 30 32 13 19 58 166 122 12 60 27 33 558
internal_value=0.000164055 0.00225246 0.00310598 0.00215992 -0.00734494 0.00568607 0.00457846 -0.0105381 -0.0246541 0.00608636 -0.00755343 0.00761534 0.00928109 0.00756804
internal_weight=348.44 330.226 323.599 315.025 85.2448 229.78 223.78 79.0768 29.9719 215.616 40.9179 22.4051 174.698 165.774
internal_count=1314 1187 1151 1121 322 799 780 301 135 748 145 85 603 570
is_linear=0
shrinkage=0.05


Tree=88
num_leaves=15
num_cat=0
split_feature=6 35 35 30 8 3 8 7 30 3 33 12 25 3
split_gain=6.49765 6.58508 9.53688 6.16819 5.06975 4.54105 5.72466 4.73443 7.36813 4.63589 4.39678 4.39208 4.69722 5.08907
threshold=0.023898353680357951 1.0000000180025095e-35 -1.0000000180025095e-35 7.5000000000000009 83.750000000000014 6.1978942370962509 54.583333333333336 0.0059013446890223012 5.5000000000000009 4.2897576523313541 69.500000000000014 0.27417041689345462 -1.7489266444299025 4.1714982740823361
decision_type=2 2 2 2 2 2 2 2 2 2 2 2 2 2
left_child=-1 2 5 4 -4 6 7 -2 -9 -8 -7 -5 -13 -14
right_child=1 -3 3 11 -6 10 9 8 -10 -11 -12 12 13 -15
leaf_value=-0.036860377937586369 -0.025384842966286243 0.022349587979341907 -0.031876369689394397 -0.023772353784122503 0.012788240086470623 -0.0023775601018560391 0.035044064466865602 -0.021745490150262278 0.043286941373773827 -0.0023660022821511105 0.038173036942754264 -0.039337972992108075 -0.025610794271805043 0.014867553212847351
leaf_weight=11.176813617348669 21.522977590560913 34.764166921377182 39.051738366484642 17.839431218802929 7.5877399966120711 9.5525921136140841 18.700431138277054 9.0175159424543399 8.4246045649051648 14.863296270370482 22.265550851821899 5.6301444619894019 9.2193468213081342 49.217637285590172
leaf_count=58 103 122 307 92 44 40 58 45 26 55 77 35 40 212
internal_value=0.000490933 0.00205065 -0.000979396 -0.0100954 -0.0246099 0.0102507 0.00334212 -0.00969515 0.0096654 0.0184775 0.0259987 -0.00183053 0.00427915 0.00848146
internal_weight=278.834 267.657 232.893 128.546 46.6395 104.347 72.5288 38.9651 17.4421 33.5637 31.8181 81.9066 64.0671 58.437
internal_count=1314 1256 1134 730 351 404 287 174 71 113 117 379 287 252
is_linear=0
shrinkage=0.05


Tree=89
num_leaves=15
num_cat=0
split_feature=35 34 34 3 4 19 34 3 30 21 19 17 9 33
split_gain=33.7245 5.2812 12.3571 11.6037 6.87409 7.61529 6.50831 4.76652 9.70931 5.70305 5.57661 4.99966 4.4575 5.22291
threshold=-1.0000000180025095e-35 0.35295000000000004 0.21540000000000004 4.1288234704929936 12.370735196183356 0.57226027790165324 0.92500000000000016 4.755831998869251 7.5000000000000009 0.38544117647051529 1.2466084007081604 0.77784843315027918 0.65261581587397843 83.500000000000014
decision_type=2 2 2 2 2 2 2 2 2 2 2 2 2 2
left_child=-1 2 7 -3 -5 -6 -7 8 10 -9 -2 -10 -8 -14
right_child=1 3 -4 4 5 6 12 9 11 -11 -12 -13 13 -15
leaf_value=-0.036915386235139472 0.047789236436554638 -0.03387170780050449 0.039329645889380024 -0.039980509227441521 0.037365745853827487 -0.01595875184936817 -0.027278630305412867 -0.040353997370727722 -0.032809867143330229 0.0030904776094231069 -0.0062468894311464322 0.014541970252946396 0.026474304904226028 -0.020700537202212516
leaf_weight=52.879918672144413 20.216656625270847 21.160166427493095 35.495710268616676 7.3614552468061438 20.362529367208481 28.654842421412468 5.8315418362617484 10.538841605186461 11.446508571505548 26.671771049499512 6.2509658187627783 10.866608262062071 37.98026168346405 6.9391720145940772
leaf_count=421 60 97 118 38 79 104 21 36 36 93 29 32 123 27
internal_value=-0.000641161 0.0070384 0.0145096 -3.6637e-05 0.00664643 0.0100868 0.00309152 0.00426435 0.0145458 -0.00921393 0.0350273 -0.00974927 0.0138476 0.0191867
internal_weight=302.657 249.777 121.487 128.29 107.13 99.7683 79.4058 85.9914 48.7807 37.2106 26.4676 22.3131 50.751 44.9194
internal_count=1314 893 404 489 392 354 275 286 157 129 89 68 171 150
is_linear=0
shrinkage=0.05


Tree=90
num_leaves=15
num_cat=0
split_feature=35 13 3 29 3 34 20 2 18 13 3 25 34 29
split_gain=10.4186 4.38527 3.98075 3.95268 10.4206 7.25155 7.12981 5.81477 7.37841 6.32563 4.74919 4.64385 4.25093 4.20925
threshold=1.0000000180025095e-35 6.3554203795460511 12.812188975329031 13.500000000000002 5.4549962701155108 0.80000000000000016 -0.57203772824617538 -0.18332558153092288 -0.72057940596553538 2.1503564108090081 4.5989406247766142 2.4143183761905354 -0.15879999999999997 16.500000000000004
decision_type=2 2 2 2 2 2 2 2 2 2 2 2 2 2
left_child=1 2 3 4 6 7 -1 8 -5 13 -11 -6 -10 -9
right_child=-2 -3 -4 5 11 -7 -8 9 12 10 -12 -13 -14 -15
leaf_value=-0.026069861493635629 -0.037486641272048836 -0.039098947746100343 0.037006887672529555 0.0039278406635751472 -0.040002372823189324 0.045177288266689666 0.014334586561280222 -0.0070453142007955265 0.046109989166046056 -0.0090772607565356746 -0.048736579947199231 0.019748518342706987 0.0020917616621673987 0.016539400779382821
leaf_weight=14.286473572254179 17.453887052834034 6.3143870234489432 8.3695502877235395 73.757391750812531 24.355228900909427 11.011773288249968 46.313354447484016 41.971311062574387 20.225723385810856 22.517112046480179 11.355449333786963 3.7529214173555365 7.5255434662103644 34.443655699491501
leaf_count=60 127 36 30 272 132 36 155 137 75 73 35 13 25 108
internal_value=0.000149969 0.00216378 0.00297829 0.00206404 -0.00686202 0.00561782 0.0048092 0.00356104 0.0121966 -0.00438711 -0.0223727 -0.0320246 0.0341732 0.00358538
internal_weight=343.654 326.2 319.885 311.516 88.708 222.808 60.5998 211.796 101.509 110.288 33.8726 28.1082 27.7513 76.415
internal_count=1314 1187 1151 1121 360 761 215 725 372 353 108 145 100 245
is_linear=0
shrinkage=0.05


Tree=91
num_leaves=15
num_cat=0
split_feature=6 35 35 30 3 14 21 5 33 12 5 3 3 34
split_gain=6.12756 6.00334 8.62656 5.7914 4.27346 7.17326 6.04424 5.62743 4.16208 4.13692 5.10219 4.11946 5.33702 5.10358
threshold=0.023898353680357951 1.0000000180025095e-35 -1.0000000180025095e-35 7.5000000000000009 6.1978942370962509 62.916666666666671 4.7995367987648079 27.428667543389995 69.500000000000014 0.27417041689345462 11.542738212099277 4.1714982740823361 4.9822990395015347 0.27205000000000007
decision_type=2 2 2 2 2 2 2 2 2 2 2 2 2 2
left_child=-1 2 4 -4 5 7 -7 -2 -6 10 -5 -11 13 -13
right_child=1 -3 3 9 8 6 -8 -9 -10 11 -12 12 -14 -15
leaf_value=-0.03630241140625376 -0.041175510290128087 0.021501687704320691 -0.024048930520577383 0.031302385829516242 -0.0023646631963390916 0.0238011400686685 -0.018685641604862826 0.0076315766013213618 0.037260402334235651 -0.025945263281441575 -0.036632105071250559 0.060728233967170413 -0.0025410062448135975 0.0094235534522865965
leaf_weight=10.875581264495848 13.177614867687227 34.311846673488617 45.078371785581112 3.4409339725971249 9.5194976031780261 37.179569229483604 10.80329145491123 10.702452242374418 21.809027403593063 9.6397737264633161 14.046078927814959 8.0608057677745819 34.122035019099712 12.159102529287338
leaf_count=58 71 122 351 17 40 130 44 42 77 43 75 28 166 50
internal_value=0.000478535 0.00199345 -0.000920137 -0.00966932 0.00980928 0.00309104 0.0142353 -0.0193014 0.0252199 -0.00171278 -0.0232646 0.00417759 0.00952112 0.0298765
internal_weight=274.926 264.05 229.739 126.547 103.191 71.8629 47.9829 23.8801 31.3285 81.4687 17.487 63.9817 54.3419 20.2199
internal_count=1314 1256 1134 730 404 287 174 113 117 379 92 287 244 78
is_linear=0
shrinkage=0.05


Tree=92
num_leaves=15
num_cat=0
split_feature=35 34 34 3 4 1 3 27 34 3 30 21 19 23
split_gain=32.0959 4.86315 11.6555 10.9114 6.54764 7.98939 6.52418 5.54911 5.3788 4.38733 9.08368 5.35859 5.21376 4.41378
threshold=-1.0000000180025095e-35 0.35295000000000004 0.21540000000000004 4.1288234704929936 12.370735196183356 55.002718144249492 5.7100972633228251 1.0000000180025095e-35 0.92500000000000016 4.755831998869251 7.5000000000000009 0.38544117647051529 1.2466084007081604 2.1373257416397333
decision_type=2 2 2 2 2 2 2 2 2 2 2 2 2 2
left_child=-1 2 9 -3 -5 -6 7 8 -7 10 12 -11 -2 -12
right_child=1 3 -4 4 5 6 -8 -9 -10 11 13 -13 -14 -15
leaf_value=-0.03675821046283767 0.046452335320486725 -0.033274027778362358 0.038357879430784572 -0.039752181586545927 0.02756318493997155 -0.003520848287932503 -0.023900503192553407 -0.0077223863035446637 0.051472676193804481 -0.039336709639729121 -0.025819780123658639 0.0030106738877389511 -0.0060282073005618504 0.020932834934629132
leaf_weight=50.913241416215897 19.919187456369404 20.622454211115837 34.958974286913872 7.1390217468142501 38.637815549969673 7.259881556034089 21.191017434000969 19.974450439214706 11.473022222518921 10.387270569801329 14.465963780879976 26.601366743445396 6.207322731614112 7.7542448043823233
leaf_count=421 60 97 118 38 142 30 78 69 35 36 46 93 29 22
internal_value=-0.000615449 0.00684686 0.0140416 -5.88082e-06 0.00648638 0.0098364 -0.00159838 0.0106113 0.0301601 0.00408003 0.0139965 -0.00888146 0.0339836 -0.0095044
internal_weight=297.505 246.592 120.294 126.298 105.675 98.5362 59.8984 38.7074 18.7329 85.3354 48.3467 36.9886 26.1265 22.2202
internal_count=1314 893 404 489 392 354 212 134 65 286 157 129 89 68
is_linear=0
shrinkage=0.05


Tree=93
num_leaves=15
num_cat=0
split_feature=35 13 16 32 31 17 4 31 17 4 17 20 1 4
split_gain=9.8467 4.09587 3.61861 3.85777 3.87669 3.81879 5.56083 4.90281 3.68734 6.88538 5.51404 5.36304 5.12055 6.23087
threshold=1.0000000180025095e-35 6.3554203795460511 1.4701640860211571 1.175 0.36500000000000005 0.99038482546941065 34.945728733594386 0.33500000000000002 0.60114631014436937 19.553624772247215 0.2727806172050764 -0.49914467231640031 44.751487949218848 10.762840799386758
decision_type=2 2 2 2 2 2 2 2 2 2 2 2 2 2
left_child=1 2 -1 4 -4 6 7 -5 9 10 12 -10 13 -9
right_child=-2 -3 3 5 -6 -7 -8 8 11 -11 -12 -13 -14 -15
leaf_value=0.038564599356223916 -0.037284704838286171 -0.038798716505254002 0.031585731899084528 -0.033481505164228868 -0.010186215330796377 0.0452995355414764 -0.035255612033253746 0.016964582756822708 -0.0093067593048203456 -0.023568332956082502 0.024733151185378485 0.023308469285827856 0.038910972160103342 -0.015076172616046513
leaf_weight=6.9385235905647269 16.71388965845108 6.0140821933746329 5.9864931106567374 7.5918686389923087 76.940821029245853 5.852800488471984 8.507997512817381 22.875811755657196 16.059806346893311 21.409698963165283 32.384643152356148 58.574123919010162 7.6302257180213919 45.06439383327961
leaf_count=26 127 36 21 31 302 19 29 80 66 72 123 195 24 163
internal_value=0.000133456 0.00207672 0.00285511 0.00205294 -0.00717071 0.00543816 0.00437817 0.00597184 0.0074401 0.0023342 0.0074712 0.0162903 7.38321e-05 -0.00428789
internal_weight=338.545 321.831 315.817 308.879 82.9273 225.951 220.099 211.591 203.999 129.365 107.955 74.6339 75.5704 67.9402
internal_count=1314 1187 1151 1125 323 802 783 754 723 462 390 261 267 243
is_linear=0
shrinkage=0.05


Tree=94
num_leaves=15
num_cat=0
split_feature=6 35 35 30 8 20 20 2 9 9 3 3 14 21
split_gain=5.76523 5.48842 7.87362 5.45872 5.1168 3.95483 5.03192 6.28115 5.78005 5.09397 4.82001 3.94462 6.71545 5.64799
threshold=0.023898353680357951 1.0000000180025095e-35 -1.0000000180025095e-35 7.5000000000000009 83.750000000000014 -0.80701346342747593 -0.5803443721026994 0.11639833959108742 0.72110691791875381 0.76341129483774106 6.1978942370962509 6.1978942370962509 62.916666666666671 4.7995367987648079
decision_type=2 2 2 2 2 2 2 2 2 2 2 2 2 2
left_child=-1 2 11 4 -4 -5 8 -8 -7 10 -9 12 -2 -14
right_child=1 -3 3 5 -6 6 7 9 -10 -11 -12 -13 13 -15
leaf_value=-0.035684530065188964 -0.018917119506280444 0.020746419551916688 -0.031202331002606845 -0.029556961762125966 0.014477519693073518 0.07385147065220582 -0.025892699631887825 -0.012811617984937049 0.00011295341454463069 0.043716210697241825 0.030868257389667537 0.024415947414746925 0.022965065192483435 -0.018243721635228798
leaf_weight=10.576517410576342 23.450534865260124 33.869660004973412 36.35421746969223 10.920349694788454 7.3738585859537116 4.9650039374828321 19.784263975918293 22.526782557368282 5.7183538749814034 8.1948265433311445 8.7763419747352582 30.796030759811401 37.153472304344177 10.712220057845114
leaf_count=58 113 122 307 71 44 20 94 101 29 26 38 117 130 44
internal_value=0.000503756 0.00197249 -0.000832066 -0.00926662 -0.0234993 -0.0015722 0.00279571 -0.00289658 0.0343823 0.00862203 -0.000565252 0.00946114 0.00300331 0.0137426
internal_weight=271.172 260.596 226.726 124.614 43.7281 80.8859 69.9656 59.2822 10.6834 39.498 31.3031 102.112 71.3162 47.8657
internal_count=1314 1256 1134 730 351 379 308 259 49 165 139 404 287 174
is_linear=0
shrinkage=0.05


Tree=95
num_leaves=15
num_cat=0
split_feature=35 25 16 34 3 34 30 9 5 11 9 9 6 14
split_gain=30.452 4.6942 4.05734 3.99768 11.3568 9.75802 5.65382 9.09607 6.6721 4.80628 4.7127 4.5607 4.49873 7.46591
threshold=-1.0000000180025095e-35 -2.3292613211936213 1.4701640860211571 0.35295000000000004 4.1288234704929936 0.21540000000000004 7.5000000000000009 0.71537719325466287 19.120291996176707 0.34227164563681539 0.75322135860342487 0.74877917588134624 0.43724375847492608 45.416666666666671
decision_type=2 2 2 2 2 2 2 2 2 2 2 2 2 2
left_child=-1 -2 -3 5 -5 6 7 -4 -9 -6 11 12 -11 -14
right_child=1 2 3 4 9 -7 -8 8 -10 10 -12 -13 13 -15
leaf_value=-0.036608417029285585 0.034998685869161113 -0.041339052599340717 -0.032307827677610562 -0.035238075936878166 0.028849722654150985 0.03801684118163734 -0.011084744657576605 0.0041982376703026993 0.048313225067202009 -0.0067255957921719721 -0.026056549775782836 0.04885876607029651 -0.016583356227250004 0.04739309521203771
leaf_weight=48.941113784909248 13.746086493134497 4.6446314603090277 7.8999970257282248 19.560538843274117 19.283559754490852 28.396700620651245 35.099543482065201 16.44179593026638 17.904414519667625 41.954681783914566 13.364537402987478 5.794587939977645 7.4641676843166378 11.721145898103712
leaf_count=421 54 25 37 95 69 93 109 60 53 158 54 20 31 35
internal_value=-0.00062209 0.00661746 0.00491776 0.00587312 -0.00040722 0.0129494 0.00374611 0.0160681 0.027195 0.00643443 0.00105148 0.00646402 0.00244603 0.0225027
internal_weight=292.218 243.276 229.53 224.886 119.143 105.742 77.3458 42.2462 34.3462 99.5827 80.2991 66.9346 61.14 19.1853
internal_count=1314 893 839 814 462 352 259 150 113 367 298 244 224 66
is_linear=0
shrinkage=0.05


Tree=96
num_leaves=15
num_cat=0
split_feature=35 30 8 2 5 14 2 11 19 3 30 9 14 13
split_gain=9.33462 3.98864 5.7358 4.65733 8.99289 5.28769 4.19282 4.32095 6.00068 5.39692 9.6942 6.53691 8.24034 9.13014
threshold=1.0000000180025095e-35 5.5000000000000009 6.2500000000000009 -0.33216343655184427 18.885799795997443 90.416666666666671 2.4574496392560188 2.100358526614666 -3.0341644135270198 4.1135724953527459 7.5000000000000009 0.69697390662755077 61.250000000000007 2.0373064261732208
decision_type=2 2 2 2 2 2 2 2 2 2 2 2 2 2
left_child=1 2 -1 -4 5 -5 7 8 -3 10 -10 -11 13 -13
right_child=-2 6 3 4 -6 -7 -8 -9 9 11 -12 12 -14 -15
leaf_value=-0.037095160292336025 -0.037101446962497744 0.052846756019626774 0.023218522429416022 0.02785358854041441 -0.02146992066701367 -0.011811676698699805 0.033174848572852626 -0.022092184216641848 -0.032264735953346661 0.0092198074186919509 0.025625133969620489 0.023460874050332547 -0.042117455898225992 -0.020225116781205213
leaf_weight=6.3674688190221778 16.02535630017519 5.0570547580718985 49.646734312176704 30.410156771540642 23.999333545565605 11.609714493155478 7.9432173967361441 27.842397667467594 9.2865600138902646 36.574940338730812 32.684530571103096 17.737408444285393 22.235864236950874 36.719239376485348
leaf_count=27 127 17 190 112 93 37 25 125 34 127 109 57 88 146
internal_value=0.000132751 0.00200846 0.00910537 0.0116487 0.0029482 0.0168944 -0.00240838 -0.00391071 -0.000752696 -0.00249875 0.0128164 -0.00817375 -0.0164688 -0.00599589
internal_weight=334.14 318.115 122.033 115.666 66.0192 42.0199 196.081 188.138 160.296 155.239 41.9711 113.267 76.6925 54.4566
internal_count=1314 1187 459 432 242 149 728 703 578 561 143 418 291 203
is_linear=0
shrinkage=0.05


Tree=97
num_leaves=15
num_cat=0
split_feature=6 35 35 30 30 30 20 17 9 14 17 19 25 23
split_gain=5.48659 5.00688 7.07002 5.2099 3.80502 6.31396 7.40568 4.01484 3.73838 7.17435 3.83685 5.39645 3.64162 5.13465
threshold=0.023898353680357951 1.0000000180025095e-35 -1.0000000180025095e-35 5.5000000000000009 3.5000000000000004 5.5000000000000009 0.31307380770064158 0.092636738737879906 0.69912624088654207 85.416666666666671 0.28921295604873326 -1.0623032256588136 -1.9477717447753606 0.30692251326174408
decision_type=2 2 2 2 2 2 2 2 2 2 2 2 2 2
left_child=-1 2 4 -4 -2 6 7 -6 9 -7 11 -10 -5 -14
right_child=1 -3 3 12 5 8 -8 -9 10 -11 -12 -13 13 -15
leaf_value=-0.035241421671849703 0.037314460308091178 0.019976888151951169 -0.02693589268209233 -0.038006996897007289 0.0079944161756552636 -0.028887358195799295 0.024273732885992605 -0.040538168011101612 0.026105001500984132 0.031823140673052357 0.055987758878426067 -0.028911905222032741 0.051924778492679714 -0.0030392006698149675
leaf_weight=10.325453504920004 10.626794725656508 33.439548701047897 30.033794842660427 6.8666517734527579 5.7381416112184551 11.103363811969759 9.7082924619317037 16.556782729923725 25.845002084970474 8.6629585921764356 7.7173833698034278 5.3859806507825878 4.4835372269153586 81.254087269306183
leaf_count=58 36 122 257 54 17 57 35 90 97 26 23 23 14 405
internal_value=0.000496312 0.00192979 -0.000764559 -0.0088399 0.00900748 0.00569157 -0.0121754 -0.0280471 0.0154302 -0.00227985 0.0244181 0.016617 -0.00297094 -0.000164931
internal_weight=267.748 257.422 223.983 122.638 101.345 90.7179 32.0032 22.2949 58.7147 19.7663 38.9484 31.231 92.6043 85.7376
internal_count=1314 1256 1134 730 404 368 142 107 226 83 143 120 473 419
is_linear=0
shrinkage=0.05


Tree=98
num_leaves=15
num_cat=0
split_feature=35 4 5 7 6 27 10 34 34 34 8 16 16 4
split_gain=29.027 4.42264 5.77967 4.75524 3.65271 3.2488 2.99118 3.06025 4.82877 6.51518 4.75494 5.36846 4.38053 5.1915
threshold=-1.0000000180025095e-35 9.228832666272174 21.36900102713324 0.0028547540023170005 0.021872700515097952 1.0000000180025095e-35 0.99485090409975452 0.92500000000000016 0.35295000000000004 0.27205000000000007 7.0833333333333348 4.4597794580122017 5.3338995625503083 23.459862218667016
decision_type=2 2 2 2 2 2 2 2 2 2 2 2 2 2
left_child=-1 -2 4 5 -3 -4 7 8 9 10 -6 -12 13 -9
right_child=1 2 3 -5 6 -7 -8 12 -10 -11 11 -13 -14 -15
leaf_value=-0.036474475587846604 -0.031701681417695367 0.039135536813072067 -0.034572051920023876 0.024316204905836174 0.035790470129045758 0.016598365107965585 0.0268563114651304 0.036428978325815778 -0.020922274269875356 0.034753800185896043 -0.037580171985995975 0.0028159255726323885 -0.036045096045188782 0.0011027287360968543
leaf_weight=47.171821624040604 7.3715651482343665 6.385920748114585 6.3260129988193494 64.437068998813629 5.5569174587726584 6.0861454904079437 10.056959390640257 15.773427754640577 36.585789620876312 12.199493646621702 14.162185713648794 19.616698503494263 5.0181394368410102 30.529547572135925
leaf_count=421 41 23 23 229 16 19 34 58 153 39 55 70 27 106
internal_value=-0.000616977 0.00642768 0.00763538 0.0188575 0.00210304 -0.00948128 0.000521184 -0.00137818 -0.00703092 0.00283078 -0.00706973 -0.0141206 0.00832789 0.0131369
internal_weight=287.278 240.106 232.734 76.8492 155.885 12.4122 149.499 139.442 88.1211 51.5353 39.3358 33.7789 51.3211 46.303
internal_count=1314 893 852 271 581 42 558 524 333 180 141 125 191 164
is_linear=0
shrinkage=0.05


Tree=99
num_leaves=15
num_cat=0
split_feature=35 13 3 30 27 34 31 14 14 4 5 17 34 23
split_gain=8.85132 3.69799 3.40208 3.44441 5.57052 5.48579 9.19591 5.14506 10.0766 8.3775 5.89661 4.54802 4.35582 3.83391
threshold=1.0000000180025095e-35 6.3554203795460511 12.812188975329031 11.500000000000002 1.0000000180025095e-35 1.0000000180025095e-35 0.80000000000000016 82.916666666666686 36.250000000000007 19.666210085897283 12.624318227113502 0.17244710578542008 -0.37254999999999994 0.26407469376637061
decision_type=2 2 2 2 2 2 2 2 2 2 2 2 2 2
left_child=1 2 3 4 11 7 -7 8 9 12 -9 13 -6 -1
right_child=-2 -3 -4 -5 5 6 -8 10 -10 -11 -12 -13 -14 -15
leaf_value=0.03194215059092418 -0.036924729996077842 -0.038351818415565744 0.035282240710203444 -0.019072782700471292 -0.0052338416803538344 -0.022882153761821258 0.026459251519645982 0.016874073689207437 0.041162618813345916 -0.054867049356975742 -0.045117333196796852 0.014596298020339828 0.049717287075805396 -0.011341691172296036
leaf_weight=6.0101976096630088 15.362682931125162 5.5913043469190589 7.7984184026718131 18.491648569703102 11.7799409031868 55.277261689305305 11.388541519641874 6.781051278114318 20.188068598508835 6.5804498493671408 8.8325175791978818 115.17604438960552 5.1973475068807629 34.386315628886223
leaf_count=18 127 36 30 86 49 240 43 21 73 21 30 406 18 116
internal_value=0.000130652 0.00194663 0.00267845 0.00183118 0.00320388 -0.00460954 -0.0144531 0.00644569 0.01524 -0.00697462 -0.0181942 0.00953332 0.0115886 -0.00490192
internal_weight=328.842 313.479 307.888 300.089 281.598 126.025 66.6658 59.3594 43.7458 23.5577 15.6136 155.573 16.9773 40.3965
internal_count=1314 1187 1151 1121 1035 495 283 212 161 88 51 540 67 134
is_linear=0
shrinkage=0.05


Tree=100
num_leaves=15
num_cat=0
split_feature=6 22 34 23 34 12 29 16 31 4 19 13 26 34
split_gain=5.15846 3.82995 3.98163 4.62992 4.50896 4.98912 3.79867 4.69275 4.37706 2.78905 3.69307 4.04432 5.15316 6.23231
threshold=0.023898353680357951 -1.0000000180025095e-35 0.92500000000000016 0.35523337522740356 0.67795000000000016 0.30093411996076697 16.500000000000004 5.3808304196761041 0.48500000000000004 36.474807602783379 1.4406754560636577 1.9816525033983743 1.0000000180025095e-35 0.21540000000000004
decision_type=2 2 2 2 2 2 2 2 2 2 2 2 2 2
left_child=-1 -2 4 -4 5 6 7 -3 -8 10 11 -7 13 -13
right_child=1 2 3 -5 -6 9 8 -9 -10 -11 -12 12 -14 -15
leaf_value=-0.034672272793745573 0.035065646332570539 -0.036796709857012479 0.038285010328465527 -0.017385996838515574 0.029000605075531594 -0.014672310521189403 -0.030406388310327825 0.0036912787451118105 0.021102240319530955 -0.026891164723932749 0.024978506598342817 0.010773594847547254 0.048753174349509078 -0.034436530371301795
leaf_weight=10.026525564491747 8.4126265719532949 20.281950481235985 4.0975480675697318 42.174962170422077 16.328008607029915 22.666397131979465 5.9062282592058208 11.05904984474182 13.671331711113451 5.8992883488535872 26.229137912392616 60.863417960703373 7.4924103692173949 8.7142712920904142
leaf_count=58 31 120 12 268 67 117 25 55 58 29 108 281 27 58
internal_value=0.000503297 0.00189295 0.000755671 -0.0124562 0.00382604 0.0015772 -0.0117163 -0.02251 0.00556293 0.00671039 0.00828403 0.00389365 0.00935392 0.00511124
internal_weight=263.823 253.797 245.384 46.2725 199.111 182.783 50.9186 31.341 19.5776 131.865 125.966 99.7365 77.0701 69.5777
internal_count=1314 1256 1225 280 945 878 258 175 83 620 591 483 366 339
is_linear=0
shrinkage=0.05


Tree=101
num_leaves=15
num_cat=0
split_feature=35 25 4 17 14 17 20 14 11 9 4 17 30 27
split_gain=27.4915 4.23073 4.6181 3.76883 3.52626 4.51971 3.96114 7.00341 4.06412 3.29104 5.43957 3.58646 3.53773 4.23073
threshold=-1.0000000180025095e-35 -2.3292613211936213 9.228832666272174 0.99038482546941065 7.916666666666667 0.696411648832994 0.65671110233111107 58.750000000000007 1.9836517211991735 0.6939306868497227 15.221039264880156 0.5973430040396609 4.5000000000000009 1.0000000180025095e-35
decision_type=2 2 2 2 2 2 2 2 2 2 2 2 2 2
left_child=-1 -2 -3 4 5 -4 8 -8 9 11 -11 -6 13 -12
right_child=1 2 3 -5 6 -7 7 -9 -10 10 12 -13 -14 -15
leaf_value=-0.036329544670760959 0.033806493479936889 -0.038706279385706026 0.036741413113310022 -0.034503274047116589 0.0034379375982693614 -0.00052520745740466154 -0.017510422683268224 0.030686170078310256 0.024923267354533873 -0.028200096271890542 -0.039996027466148124 -0.035706273970708254 0.010278818776287165 0.0142115994329369
leaf_weight=45.265281103551388 13.104449108242987 5.997446507215499 20.101851880550385 5.6589235365390769 10.014545291662218 13.667910218238829 10.198634326457976 28.884269922971725 14.746353998780249 13.657194748520849 8.3546507209539396 14.076526731252669 72.383388787508011 6.3240218013525
leaf_count=421 54 37 83 24 35 46 39 90 49 49 47 57 258 25
internal_value=-0.000622249 0.00619269 0.0045777 0.00576813 0.00684102 0.0216582 0.00404 0.0181093 9.98844e-05 -0.002833 0.00113785 -0.0194342 0.00574001 -0.0166417
internal_weight=282.435 237.17 224.066 218.068 212.409 33.7698 178.64 39.0829 139.557 124.81 100.719 24.0911 87.0621 14.6787
internal_count=1314 893 839 802 778 129 649 129 520 471 379 92 330 72
is_linear=0
shrinkage=0.05


Tree=102
num_leaves=15
num_cat=0
split_feature=35 30 8 2 5 14 2 11 3 30 9 14 13 9
split_gain=8.42396 3.45381 5.0232 4.05579 7.91507 4.63984 3.8482 3.82663 4.49703 8.99226 6.73221 9.06105 6.03916 5.48914
threshold=1.0000000180025095e-35 5.5000000000000009 6.2500000000000009 -0.33216343655184427 19.826125697009861 90.416666666666671 2.4574496392560188 2.2375623217458824 4.1135724953527459 7.5000000000000009 0.69912624088654207 52.083333333333343 2.0373064261732208 0.74592881208148953
decision_type=2 2 2 2 2 2 2 2 2 2 2 2 2 2
left_child=1 2 -1 -4 5 -5 7 8 9 -3 -10 12 -12 -11
right_child=-2 6 3 4 -6 -7 -8 -9 10 13 11 -13 -14 -15
leaf_value=-0.035685496700276063 -0.036770209401296286 -0.02873019724881723 0.022073191423297014 0.025863391439558927 -0.021233006375905868 -0.011542861071984156 0.032060741166896972 -0.023188889461395541 0.0099846464792274943 0.010869934460185139 0.026132485588110977 -0.036458156776321186 -0.013036702664443954 0.053940903540245555
leaf_weight=6.0631846189498892 14.750162892043589 10.023430243134497 47.749512247741222 30.387756153941154 22.296741999685764 11.399997740983961 7.8434619009494773 22.153669886291027 42.091761201620102 22.068852588534355 14.133653953671454 29.782940313220024 32.398806013166904 11.127042382955549
leaf_count=27 127 39 190 118 87 37 25 105 149 77 45 123 130 35
internal_value=0.000146303 0.00190555 0.00863915 0.0110423 0.00282307 0.0156587 -0.00223732 -0.00370111 -0.00102998 0.0127747 -0.00606877 -0.014923 -0.00113955 0.025307
internal_weight=324.271 309.521 117.897 111.834 64.0845 41.7878 191.624 183.78 161.626 43.2193 118.407 76.3154 46.5325 33.1959
internal_count=1314 1187 459 432 242 155 728 703 598 151 447 298 175 112
is_linear=0
shrinkage=0.05


Tree=103
num_leaves=15
num_cat=0
split_feature=6 35 35 30 13 0 25 23 6 12 30 30 20 5
split_gain=4.88483 4.34431 6.03253 4.86584 3.46692 6.38637 3.4466 4.41111 3.83609 4.95581 3.2703 4.35485 7.40307 4.28006
threshold=0.023898353680357951 1.0000000180025095e-35 -1.0000000180025095e-35 5.5000000000000009 5.8386346744048572 57.423339977925572 -1.9477717447753606 0.30692251326174408 0.10739546394683597 0.45255754475701043 3.5000000000000004 5.5000000000000009 0.31307380770064158 29.960761693778689
decision_type=2 2 2 2 2 2 2 2 2 2 2 2 2 2
left_child=-1 2 4 -4 5 10 -5 -8 9 -9 -2 12 -12 -13
right_child=1 -3 3 6 -6 -7 7 8 -10 -11 11 13 -14 -15
leaf_value=-0.034167138558180238 0.035765196879003168 0.018955620926449718 -0.026238996593516063 -0.037841286661269194 0.041706440808953922 -0.042144775335597191 0.048271367789511688 -0.013152279832310652 -0.0080017543175952745 0.043579365001051168 -0.026427858138962385 0.0054063933921879269 0.028639385516319352 0.038686840427004474
leaf_weight=9.7595308870077115 10.38905620574951 32.459889128804207 28.492121264338493 6.4341713562607756 7.2759290486574164 6.4442322701215735 4.5030690282583228 6.6840564906597129 64.354703210294247 9.0773138552904111 19.835641205310825 32.391320906579494 8.8159075528383237 13.766705781221388
leaf_count=58 36 122 257 54 32 27 14 34 334 37 99 131 31 48
internal_value=0.000538047 0.00188788 -0.000648078 -0.008206 0.00848583 0.0058483 -0.00256317 0.000119261 -0.00258722 0.0195207 0.00947839 0.00582785 -0.009484 0.0153323
internal_weight=260.684 250.924 218.464 119.545 98.9188 91.6429 91.0533 84.6191 80.1161 15.7614 85.1986 74.8096 28.6515 46.158
internal_count=1314 1256 1134 730 404 372 473 419 405 71 345 309 130 179
is_linear=0
shrinkage=0.05


Tree=104
num_leaves=15
num_cat=0
split_feature=35 25 4 34 3 34 34 9 9 30 4 3 19 13
split_gain=26.0386 3.97983 4.28931 2.94926 10.534 8.73616 4.65651 4.89761 3.83506 3.44501 4.74266 5.55723 9.01069 8.14747
threshold=-1.0000000180025095e-35 -2.3292613211936213 9.228832666272174 0.35295000000000004 4.1288234704929936 0.21540000000000004 -1.0000000180025095e-35 0.67128410180955311 0.76148551787131957 4.5000000000000009 21.357626925918797 5.7100972633228251 0.96440548755404165 1.6249951040055535
decision_type=2 2 2 2 2 2 2 2 2 2 2 2 2 2
left_child=-1 -2 -3 5 -5 6 7 -4 9 -6 -11 13 -13 -12
right_child=1 2 3 4 8 -7 -8 -9 -10 10 11 12 -14 -15
leaf_value=-0.036195267915300915 0.033118365355543071 -0.038399623876531355 -0.025026380065235377 -0.034574251174054153 -0.024827519650858897 0.035848435754963458 -0.011427463135946768 0.021017403379451127 -0.033413397828991193 0.030495742184492511 0.031681166859322096 0.041224998962471095 -0.037457367648359545 -0.017375401066639557
leaf_weight=43.509958155453205 12.724867075681685 5.7126243263483039 6.8751347512006751 18.508297123014927 6.8558269739150992 27.322097107768059 32.503939568996429 36.105865985155106 5.6088635474443427 24.478644832968712 25.338491901755333 4.8637472689151791 14.446155011653898 12.709098696708677
leaf_count=421 54 37 33 95 31 93 113 112 20 102 90 17 55 41
internal_value=-0.000676248 0.00592664 0.00436331 0.00549629 -8.61641e-05 0.0116219 0.00285294 0.0136524 0.00668277 0.00921844 0.0120706 0.0042073 -0.017639 0.0152947
internal_weight=277.564 234.054 221.329 215.616 112.809 102.807 75.4849 42.981 94.3008 88.692 81.8361 57.3575 19.3099 38.0476
internal_count=1314 893 839 802 451 351 258 145 356 336 305 203 72 131
is_linear=0
shrinkage=0.05


Tree=105
num_leaves=15
num_cat=0
split_feature=3 7 29 31 27 32 2 14 14 7 20 7 14 7
split_gain=3.56815 3.81819 3.18122 4.60424 4.60159 4.58599 4.33756 4.7144 6.80053 5.14652 5.83956 3.87221 3.76875 4.52993
threshold=12.812188975329031 0.014015221392352952 16.500000000000004 0.72499999999999998 1.0000000180025095e-35 1.175 -0.85144827148468571 86.250000000000014 43.750000000000007 0.0029438824334754002 0.50922708787163984 0.0053570524368419508 34.583333333333336 0.005228692179518101
decision_type=2 2 2 2 2 2 2 2 2 2 2 2 2 2
left_child=1 2 3 4 12 -5 -6 8 -8 -10 -11 -7 -1 -14
right_child=-2 -3 -4 5 6 11 7 -9 9 10 -12 -13 13 -15
leaf_value=0.018583145645150335 0.034340615192244593 -0.040039079751012244 0.0091416205096669367 -0.031604646656697703 -0.038296908635140618 0.030478734666664221 -0.024469929797739449 -0.042917404148170579 -0.020043804662928696 0.049041566136784509 -0.012382498416725311 0.00079179170991877017 0.0031612037702262782 -0.020981886894150172
leaf_weight=21.755907282233238 7.4455627202987662 6.0434564650058737 73.724956542253494 5.6711268797516814 17.113472245633602 22.786500789225101 20.374751262366772 8.8141737133264524 7.6039666309952763 11.949084289371969 5.7224578335881224 21.206938594579697 60.162985399365425 28.695652775466442
leaf_count=71 30 35 268 32 102 90 95 35 30 40 25 89 253 119
internal_value=0.000133566 -0.000683732 9.45943e-05 -0.00278214 -0.00646086 0.0107131 -0.016339 -0.00943954 -0.00297562 0.0143511 0.029151 0.0161682 -6.8782e-05 -0.00463547
internal_weight=319.071 311.625 305.582 231.857 182.192 49.6646 71.5779 54.4644 45.6503 25.2755 17.6715 43.9934 110.615 88.8586
internal_count=1314 1284 1249 981 770 211 327 225 190 95 65 179 443 372
is_linear=0
shrinkage=0.05


Tree=106
num_leaves=15
num_cat=0
split_feature=6 35 35 30 8 6 25 3 4 3 19 21 18 1
split_gain=4.62565 3.95313 5.42662 4.62855 5.2991 3.69921 3.58356 4.26465 4.98267 3.86661 7.93528 4.96843 3.67583 3.52629
threshold=0.023898353680357951 1.0000000180025095e-35 -1.0000000180025095e-35 7.5000000000000009 83.750000000000014 0.19669670531512612 -1.7489266444299025 4.1714982740823361 27.084861516764331 5.6028421377034965 0.97665428070713445 1.0754441873370018 1.0931958700710627 64.324578251624516
decision_type=2 2 2 2 2 2 2 2 2 2 2 2 2 2
left_child=-1 2 -2 4 -4 -6 -5 12 9 11 -11 -9 -8 -10
right_child=1 -3 3 6 5 -7 7 8 13 10 -12 -13 -14 -15
leaf_value=-0.033697816265391693 0.0081317113061124529 0.018245002872766758 -0.030213791283759936 -0.038165579896891066 0.059858305355730217 -0.013817315217332697 -0.040227728858131299 0.052912249115065091 -0.039922994818661323 -0.033397641938430388 0.036536554031031523 0.0065642881065151679 0.015814386264615756 0.0042544730190344987
leaf_weight=9.5011282041668874 97.611270487308502 32.020049795508385 32.576388567686081 5.9187829792499533 2.9899658039212218 3.9604854732751846 9.4308857470750791 12.447489425539972 7.3677413910627392 8.5951666310429591 7.6811062991619101 10.798523768782614 4.2420482635498038 11.674643665552138
leaf_count=58 404 122 307 47 18 26 50 46 37 52 31 44 17 55
internal_value=0.00053816 0.00185341 -0.000584459 -0.00781401 -0.0217575 0.0178767 -0.000762218 0.00230242 0.00817249 0.0182958 -0.000394264 0.0313821 -0.0228406 -0.0128384
internal_weight=256.816 247.315 215.294 117.683 39.5268 6.95045 78.1564 72.2376 58.5647 39.5223 16.2763 23.246 13.6729 19.0424
internal_count=1314 1256 1134 730 351 44 379 332 265 173 83 90 67 92
is_linear=0
shrinkage=0.05


Tree=107
num_leaves=15
num_cat=0
split_feature=35 8 18 16 4 11 13 19 9 6 34 8 7 14
split_gain=24.7613 3.81922 4.75878 5.0275 3.66224 3.89904 3.63664 3.98923 3.4173 4.71557 3.76358 4.6938 6.47911 3.21006
threshold=-1.0000000180025095e-35 76.250000000000014 0.75976918978343744 1.4701640860211571 9.228832666272174 1.425483669325639 4.5145544480427855 1.3847216110395737 0.69697390662755077 0.43724375847492608 0.47500000000000003 7.0833333333333348 0.0057414863731122508 82.916666666666686
decision_type=2 2 2 2 2 2 2 2 2 2 2 2 2 2
left_child=-1 2 3 -2 -5 6 7 13 9 -4 11 -10 -13 -6
right_child=1 -3 8 4 5 -7 -8 -9 10 -11 -12 12 -14 -15
leaf_value=-0.036072519193987261 -0.041428764728541151 -0.0079439076983370133 -0.015130211253269321 -0.028253425040780319 0.015909386313789933 0.037060159413858929 -0.023793474800907433 -0.021758082299398518 0.044363069116551544 0.035177185873113033 -0.020271475936659265 0.023795572864707442 -0.033213707481382214 0.046907380592856526
leaf_weight=41.799474410712719 3.7956614643335334 41.701186984777451 7.3894783407449749 4.2809536606073371 61.713827818632126 23.166666448116302 5.9504182338714591 6.1839477866888037 6.1274864077568081 12.602185100317 28.173374161124229 9.6435429304838198 10.314363956451414 9.6590936183929426
leaf_count=421 22 163 28 22 232 90 21 29 19 42 124 36 33 32
internal_value=-0.000663574 0.00575195 0.0087738 0.0151558 0.0170915 0.0189113 0.0138764 0.0167665 -0.00108931 0.0165822 -0.00760036 0.00608499 -0.00566716 0.0201044
internal_weight=272.502 230.702 189.001 114.751 110.955 106.674 83.5073 77.5569 74.2504 19.9917 54.2588 26.0854 19.9579 71.3729
internal_count=1314 893 730 448 426 404 314 293 282 70 212 88 69 264
is_linear=0
shrinkage=0.05


Tree=108
num_leaves=15
num_cat=0
split_feature=35 17 4 29 16 34 2 0 34 34 11 30 17 4
split_gain=7.84894 3.19184 4.75531 3.99029 9.58135 5.14057 4.83665 4.30298 4.33867 5.14797 3.84511 4.44082 3.60043 4.96265
threshold=1.0000000180025095e-35 0.99038482546941065 34.945728733594386 13.500000000000002 3.7687680612014822 0.80000000000000016 1.7950556988307829 49.235103801828075 0.92500000000000016 1.0000000180025095e-35 0.95906980202607384 5.5000000000000009 0.26089743589743747 9.228832666272174
decision_type=2 2 2 2 2 2 2 2 2 2 2 2 2 2
left_child=1 2 3 4 6 12 -1 8 9 -6 11 -10 13 -5
right_child=-2 -3 -4 5 7 -7 -8 -9 10 -11 -12 -13 -14 -15
leaf_value=-0.036087852721877839 -0.036568635863461291 0.03817766450629017 -0.030930453067791019 0.026572390616460773 0.026967633378016789 0.04278338156051207 0.022152470590608059 -0.027798904613742653 0.041388364440900258 -0.031489698251722646 0.048463853402195299 -0.012193539950921676 0.0099622473000722488 -0.0091811362072193765
leaf_weight=27.484203897416595 13.915162511169909 5.9243934005498877 11.142827391624449 11.370961159467695 6.2983998954296103 9.1304587721824628 4.0960939377546302 7.6745615899562827 6.5352594405412718 9.3674883395433408 10.641509130597113 9.4708920419216156 116.2174591422081 66.262759491801262
leaf_count=162 127 21 41 47 19 32 17 30 28 39 34 39 419 259
internal_value=0.000145861 0.00183969 0.00111164 0.00236639 -0.0069739 0.00611979 -0.0285338 0.00664673 0.0128943 -0.00798719 0.0251703 0.00968378 0.00439292 -0.00394434
internal_weight=315.532 301.617 295.693 284.55 81.5684 202.982 31.5803 49.9881 42.3135 15.6659 26.6477 16.0062 193.851 77.6337
internal_count=1314 1187 1166 1125 368 757 179 189 159 58 101 67 725 306
is_linear=0
shrinkage=0.05


Tree=109
num_leaves=15
num_cat=0
split_feature=6 10 35 35 30 8 12 31 2 2 14 2 6 6
split_gain=4.39629 3.84523 3.78148 4.43265 4.873 4.98672 4.08151 4.26694 3.37482 4.71475 3.43654 3.37143 4.8769 3.29989
threshold=0.023898353680357951 0.99485090409975452 1.0000000180025095e-35 -1.0000000180025095e-35 7.5000000000000009 83.750000000000014 0.27417041689345462 0.48500000000000004 0.11639833959108742 0.40578522381356313 41.250000000000007 -0.95625436758689986 0.36713193453860066 0.19669670531512612
decision_type=2 2 2 2 2 2 2 2 2 2 2 2 2 2
left_child=-1 2 3 -2 5 -5 -6 -8 11 -10 -11 12 -9 -7
right_child=1 -3 -4 4 6 13 7 8 9 10 -12 -13 -14 -15
leaf_value=-0.03318054106208345 0.0083879353453856307 -0.034793182923952434 0.019427994137568499 -0.029682527462880044 -0.021277097435767906 0.055461194618779908 0.033959399941658815 0.044874041109177268 0.055921119122415458 0.035490517465676906 -0.016205079015710857 -0.026334041248439428 -0.021924055070352052 -0.013497770039172921
leaf_weight=9.2867086566984636 96.315580293536186 6.9500295221805564 30.333674117922783 30.497895460575819 15.883191071450709 3.1125582829117766 11.945462003350256 5.2245763689279503 5.3912836611270931 4.8351920545101157 9.5928414911031705 15.432065963745123 5.7284984663128853 3.9193482100963593
leaf_count=58 398 40 117 298 91 18 46 21 18 17 45 80 41 26
internal_value=0.000587725 0.00186686 0.00293645 0.000529998 -0.00625399 -0.0209309 0.00118619 0.00732186 0.000435123 0.0160267 0.0011194 -0.0112765 0.00993839 0.0170258
internal_weight=254.449 245.162 238.212 207.878 111.563 37.5298 74.0331 58.1499 46.2045 19.8193 14.428 26.3851 10.9531 7.03191
internal_count=1314 1256 1216 1099 701 342 359 268 222 80 62 142 62 44
is_linear=0
shrinkage=0.05


Tree=110
num_leaves=15
num_cat=0
split_feature=35 8 18 20 17 30 7 9 20 34 24 30 3 33
split_gain=23.5485 3.46906 4.43754 3.9428 5.01138 3.76583 4.45402 3.21026 4.74664 3.46219 4.45859 3.17496 2.99778 3.35742
threshold=-1.0000000180025095e-35 76.250000000000014 0.75976918978343744 0.57628247422401258 0.90850321767696907 4.5000000000000009 0.0042001774146797509 0.69697390662755077 1.0589889057624606 0.47500000000000003 0.44406818967798484 7.5000000000000009 8.7669254973935313 46.500000000000007
decision_type=2 2 2 2 2 2 2 2 2 2 2 2 2 2
left_child=-1 2 5 4 -3 6 -2 8 -4 10 11 -9 13 -7
right_child=1 3 7 -5 -6 12 -8 9 -10 -11 -12 -13 -14 -15
leaf_value=-0.035960179263933197 0.020406805600141797 -0.021617394853256817 -0.022870049806846995 0.030861479948297462 0.031032104578527921 -0.0060449019322238451 -0.042008219398595406 0.015294094319582891 0.031481433013454435 -0.019737262610356625 0.029219671426029832 -0.032313954301869362 -0.0094326078439895024 0.023867829303086036
leaf_weight=40.298828266561031 5.4179601520299894 30.350427687168121 5.6078106164932278 5.7435531914234152 5.3105214536190024 10.599215075373648 6.0502687841653824 5.956262186169627 14.160602122545241 27.831887438893318 11.305531352758406 8.4990641921758634 9.2476129829883558 81.5954549908638
leaf_count=421 22 126 23 18 19 38 31 21 47 124 38 29 40 317
internal_value=-0.000729806 0.00550599 0.00841582 -0.00758483 -0.013777 0.0146364 -0.0125214 -0.00115836 0.0160633 -0.00751079 0.00569861 -0.0126972 0.0177067 0.0204289
internal_weight=267.975 227.676 186.272 41.4045 35.6609 112.911 11.4682 73.3612 19.7684 53.5927 25.7609 14.4553 101.442 92.1947
internal_count=1314 893 730 163 145 448 53 282 70 212 88 50 395 355
is_linear=0
shrinkage=0.05


Tree=111
num_leaves=15
num_cat=0
split_feature=35 17 30 2 5 34 34 8 34 33 13 24 19 2
split_gain=7.4544 2.98914 3.34984 4.09206 5.62696 4.83511 4.54327 4.69613 3.36571 6.59206 5.38642 6.0043 5.27138 5.52358
threshold=1.0000000180025095e-35 0.99038482546941065 5.5000000000000009 -0.33216343655184427 19.826125697009861 0.47500000000000003 -0.31664999999999993 54.583333333333336 0.18335000000000004 46.500000000000007 5.6504153929154901 -0.60340867431921719 0.96440548755404165 0.64816239275219656
decision_type=2 2 2 2 2 2 2 2 2 2 2 2 2 2
left_child=1 2 3 -1 5 6 7 -5 10 -10 11 -4 -11 -14
right_child=-2 -3 8 4 -6 -7 -8 -9 9 12 -12 -13 13 -15
leaf_value=0.019020865597670054 -0.036413684301473605 0.0371926529686867 0.057073420990437045 0.04622598336683955 -0.020273985277888304 0.032331761803433633 -0.031025013188978174 -0.008717466428746547 0.034193196616957744 -0.031315548090787737 -0.03978323783678276 0.002896288455231454 0.014816213369446225 -0.021729855766761078
leaf_weight=47.50605782866478 13.336120121181009 5.8469538390636435 5.4238029718399039 6.4328193217515972 22.809689857065678 15.861838117241858 9.1540496200323123 9.835103824734686 7.3645789921283713 30.330565251410007 6.8936444893479338 89.566973507404327 20.215432718396187 21.16229584813118
leaf_count=200 127 21 18 24 91 70 36 31 23 153 44 318 79 79
internal_value=0.00015991 0.00179444 0.00108698 0.0078999 -0.000342943 0.0106691 -0.00284708 0.0130088 -0.00311467 -0.010855 0.00289264 0.00598971 -0.0154816 -0.00387497
internal_weight=311.74 298.404 292.557 111.6 64.0935 41.2838 25.422 16.2679 180.957 79.0729 101.884 94.9908 71.7083 41.3777
internal_count=1314 1187 1166 452 252 161 91 55 714 334 380 336 311 158
is_linear=0
shrinkage=0.05


Tree=112
num_leaves=15
num_cat=0
split_feature=13 6 13 35 22 4 18 30 30 9 8 33 3 34
split_gain=5.13819 4.00312 3.86714 2.9646 2.95157 3.52212 5.84022 3.73786 4.4296 4.60553 4.87607 5.4059 3.627 5.86262
threshold=0.017523400065553054 0.023898353680357951 0.50916021885779028 1.0000000180025095e-35 -1.0000000180025095e-35 19.553624772247215 -0.74852971543300051 3.5000000000000004 5.5000000000000009 0.70779097065141483 52.083333333333343 63.500000000000007 5.3562524691813929 0.92500000000000016
decision_type=2 2 2 2 2 2 2 2 2 2 2 2 2 2
left_child=-1 -2 3 -3 -4 6 7 -6 -9 -10 11 -11 13 -7
right_child=1 2 4 -5 5 12 -8 8 9 10 -12 -13 -14 -15
leaf_value=0.071421865901230133 -0.032740866648897332 -0.025833635811625563 0.032518074205673243 0.02096720888504704 0.040403370696340597 0.0096335673459856889 -0.023342264539598444 -0.021844771189966417 -0.016040751598077455 -0.028454898033306749 0.04412512089090926 0.018957444049574956 0.021107983429825686 -0.027631843573903477
leaf_weight=2.5345378667116156 9.0682724416255933 19.991178132593635 8.2665062770247442 4.0731968432664862 6.1136877834796897 47.65228047221899 29.056331865489483 18.004786126315594 15.9432051256299 8.5244926773011702 10.976373292505739 20.39880496263504 37.616090200841427 13.55659571290016
leaf_count=8 58 120 31 13 24 230 190 114 88 58 41 84 170 85
internal_value=0.000590034 -0.000130255 0.00110103 -0.017912 0.00321819 0.00205284 -0.00414427 0.00283189 -0.000278573 0.00667477 0.0157515 0.00498372 0.00888913 0.00137999
internal_weight=251.776 249.242 240.174 24.0644 216.109 207.843 109.018 79.9613 73.8477 55.8429 39.8997 28.9233 98.825 61.2089
internal_count=1314 1306 1248 133 1115 1084 599 409 385 271 183 142 485 315
is_linear=0
shrinkage=0.05


Tree=113
num_leaves=15
num_cat=0
split_feature=29 27 30 24 30 9 4 3 3 33 11 30 3 33
split_gain=7.18749 8.73382 6.799 6.26119 6.44013 4.8358 4.46077 4.09986 8.78794 7.19917 7.09137 3.28657 3.14238 3.05603
threshold=16.500000000000004 1.0000000180025095e-35 11.500000000000002 0.060981855834492699 4.5000000000000009 0.76313553484105479 13.337412195061727 4.1135724953527459 5.7100972633228251 63.500000000000007 0.28734699592244412 5.5000000000000009 3.4624079946216528 46.500000000000007
decision_type=2 2 2 2 2 2 2 2 2 2 2 2 2 2
left_child=1 5 12 13 -5 6 -1 9 11 -8 -10 -9 -2 -3
right_child=2 3 -4 4 -6 -7 7 8 10 -11 -12 -13 -14 -15
leaf_value=-0.023499102344433531 0.0085519369508789255 -0.0041800141546157275 0.020772137457731238 0.040297489546252674 -0.0043960978598226279 -0.034163336432321688 0.023689628328837323 -0.0074439860544967028 0.025360365959051126 -0.037794356913707354 -0.03309009465104281 0.031221191541391143 -0.037298169479438863 0.032375093248917908
leaf_weight=21.048185043036938 4.3369804397225407 6.6976300477981559 7.967105731368064 9.5500805675983411 51.664165735244751 14.120021246373652 7.2501882761716869 6.7176305800676337 7.5796453803777721 13.867231316864489 16.453225143253803 30.220273718237877 27.010983262211084 39.067103296518326
leaf_count=156 16 23 25 35 191 73 30 39 33 90 85 108 243 167
internal_value=-0.000752823 0.00270461 -0.0204725 0.0130355 0.00257658 -0.00672081 -0.00296376 0.00230169 0.00887787 -0.0166852 -0.0146556 0.0241894 -0.0309548 0.0270253
internal_weight=263.55 224.235 39.3151 106.979 61.2142 117.256 103.136 82.0882 60.9708 21.1174 24.0329 36.9379 31.348 45.7647
internal_count=1314 1030 284 416 226 614 541 385 265 120 118 147 259 190
is_linear=0
shrinkage=0.05


Tree=114
num_leaves=15
num_cat=0
split_feature=30 4 1 13 7 6 8 34 31 7 7 20 16 17
split_gain=4.06631 2.86989 5.37846 5.47331 3.44764 5.24791 4.1465 3.27744 5.25548 5.13701 4.57642 4.57855 6.61673 4.11489
threshold=11.500000000000002 10.762840799386758 35.249542629598238 4.6930781296297237 0.0066581847669493011 0.7068598301773269 33.750000000000007 -0.27499999999999997 0.72499999999999998 0.005064582644861401 0.004735643529127251 0.73006618639858856 3.4095457695101556 0.17244710578542008
decision_type=2 2 2 2 2 2 2 2 2 2 2 2 2 2
left_child=1 -1 -3 4 7 6 -6 10 -9 -10 11 12 -4 -14
right_child=-2 2 3 -5 5 -7 -8 8 9 -11 -12 -13 13 -15
leaf_value=0.016188716347965083 -0.02044619626826083 -0.02150749984746228 -0.046027739891768366 0.036437526519896117 -0.027275726840352246 0.022964484141107574 0.023365424597679284 -0.0070961759453209879 0.040263619315557393 -0.025898184791468076 0.028923015169991864 -0.030045382438505804 -0.019784852165242752 0.025327131650526455
leaf_weight=30.681601643562317 22.259044826030731 26.085602797567844 4.6535143554210654 11.26634322106838 30.26928698271513 8.6613763123750669 4.6651612669229499 83.53231892734766 12.092611983418463 3.8736282065510741 25.593263953924179 8.7109615579247457 6.1272252202033988 28.884132251143456
leaf_count=124 131 128 14 42 127 33 20 364 54 22 95 31 22 107
internal_value=0.000136041 0.00174301 9.04277e-07 0.00245814 0.00069449 -0.0118752 -0.0205131 0.0038535 -0.00207227 0.0242119 0.0118245 0.00277848 0.00998705 0.0174322
internal_weight=307.356 285.097 254.415 228.33 217.063 43.5958 34.9344 173.468 99.4986 15.9662 73.9691 48.3758 39.6649 35.0114
internal_count=1314 1183 1059 931 889 180 147 709 440 76 269 174 143 129
is_linear=0
shrinkage=0.05


Tree=115
num_leaves=15
num_cat=0
split_feature=0 10 35 35 30 30 30 20 8 7 17 19 23 0
split_gain=3.72119 3.47895 3.00879 3.86757 4.36069 3.76881 4.83762 7.46246 4.02437 9.62564 3.90977 3.32164 3.08255 3.31305
threshold=2.2283230190822132 0.99485090409975452 1.0000000180025095e-35 -1.0000000180025095e-35 5.5000000000000009 3.5000000000000004 5.5000000000000009 0.31307380770064158 57.083333333333336 0.0069316063596170504 0.092636738737879906 -1.9693008351194827 0.30692251326174408 27.113761558950703
decision_type=2 2 2 2 2 2 2 2 2 2 2 2 2 2
left_child=-1 2 3 5 -5 -2 7 10 9 -8 -7 -6 -13 -14
right_child=1 -3 -4 4 11 6 8 -9 -10 -11 -12 12 13 -15
leaf_value=-0.043019075864350519 0.037267022673172931 -0.034300140641171255 0.017229127086647766 -0.024506244608198197 -0.037622124269967389 0.0084103570117131255 -0.017328578336462858 0.026255137701547578 0.035005127039059857 0.030966463151144222 -0.039952584684959491 0.041524652488317972 0.011972649289558421 -0.0093801755344222991
leaf_weight=4.7919326350092879 9.6340329647064191 6.6125206276774398 30.141816407442093 24.896327387541533 5.6898204982280722 5.6327275186777177 22.373818382620811 9.1831274926662427 15.209473490715025 19.146141186356544 16.191266641020775 4.6281236410140982 31.039691179990768 43.799507509917021
leaf_count=31 35 40 119 253 50 17 105 31 49 77 96 15 162 234
internal_value=0.000615988 0.00147231 0.00246802 0.000323012 -0.00609901 0.00758153 0.00432187 -0.0115588 0.0130019 0.00494176 -0.0274702 -0.000717516 0.00192484 -0.000524053
internal_weight=248.97 244.178 237.566 207.424 110.053 97.3706 87.7366 31.0071 56.7294 41.52 21.824 85.1571 79.4673 74.8392
internal_count=1314 1283 1243 1124 714 410 375 144 231 182 113 461 411 396
is_linear=0
shrinkage=0.05


Tree=116
num_leaves=15
num_cat=0
split_feature=35 4 5 34 14 34 9 6 11 18 22 2 6 16
split_gain=21.6351 3.45952 4.12223 4.06482 5.48341 3.86658 3.15512 2.78694 2.72371 2.4556 2.55458 2.2941 2.79947 2.20108
threshold=-1.0000000180025095e-35 9.228832666272174 21.36900102713324 0.7279500000000001 11.250000000000002 0.21540000000000004 0.74393116658979019 0.021872700515097952 0.44018411931920431 2.1910436994935636 1.0000000180025095e-35 0.16197955418141816 0.39954756830730714 4.0771318452550691
decision_type=2 2 2 2 2 2 2 2 2 2 2 2 2 2
left_child=-1 -2 7 5 -5 6 11 -3 -8 10 -9 12 -4 -12
right_child=1 2 3 4 -6 -7 8 9 -10 -11 13 -13 -14 -15
leaf_value=-0.035773619083501206 -0.031466272954267176 0.035848782048725401 -0.035543456784242644 0.038508776345533825 -0.028564586875638204 0.040130677831115263 0.001006000400519017 -0.0038766545403375141 0.042717484625220889 0.029052482584567597 0.037918494341130045 0.024082142089939303 0.0098200519489026594 -0.0021926562949965123
leaf_weight=37.691483940929174 6.2510200291872016 5.6475531458854666 6.6818994283676165 4.4180347770452491 9.8200152963399869 19.549463197588921 5.9848853349685696 118.17334343492985 11.309131026268004 6.9190527722239485 7.2199799418449384 6.2786638438701621 6.9263723939657211 6.4985740408301353
leaf_count=421 41 23 23 26 41 78 18 474 40 25 28 19 26 31
internal_value=-0.000752501 0.00520207 0.00626607 0.016134 -0.00775187 0.0221288 0.0126635 0.00141825 0.0282825 1.74342e-05 -0.00150575 -0.000919035 -0.0124542 0.0189176
internal_weight=259.369 221.678 215.427 70.9685 14.2381 56.7304 37.181 144.459 17.294 138.811 131.892 19.8869 13.6083 13.7186
internal_count=1314 893 852 271 67 204 126 581 58 558 533 68 49 59
is_linear=0
shrinkage=0.05


Tree=117
num_leaves=15
num_cat=0
split_feature=35 3 1 13 32 2 29 1 34 23 5 23 13 17
split_gain=6.91788 2.78937 2.99232 4.24222 3.35929 3.63693 3.27919 3.24421 4.66074 3.17902 3.61083 2.93637 3.6163 2.71404
threshold=1.0000000180025095e-35 12.812188975329031 35.249542629598238 5.220891679612552 1.175 0.038331776182588713 16.500000000000004 59.25016933315775 1.0000000180025095e-35 0.36785358866097584 29.960761693778689 0.24734962405007582 5.6385874874081203 0.99038482546941065
decision_type=2 2 2 2 2 2 2 2 2 2 2 2 2 2
left_child=1 2 11 4 5 7 -7 8 -4 -6 13 12 -1 -11
right_child=-2 -3 3 -5 9 6 -8 -9 -10 10 -12 -13 -14 -15
leaf_value=0.04334022062726943 -0.036218932124979661 0.03292725801662074 0.020203763594363652 0.048405053562751765 0.045457798533974296 -0.029447616553947786 0.0068913852087020867 0.042352717648735091 -0.019678653670386424 0.0054368427930813219 -0.023868704689949938 -0.017115318587564723 -0.019761306374479773 0.041776959656443104
leaf_weight=4.9763254076242429 12.550412371754645 6.9776445478200904 13.013576999306681 5.0747225582599631 4.9464584141969672 22.996068559587002 8.5038808137178439 4.7246054410934439 16.759324081242085 146.19347254931927 10.308127291500567 36.605085879564285 4.1757633462548256 5.3250211626291266
leaf_count=17 127 30 51 20 17 106 29 14 86 554 45 175 24 19
internal_value=0.000126141 0.00169592 0.000927513 0.0031802 0.00219424 -0.00735413 -0.0196374 0.00386179 -0.00224626 0.00597283 0.00476592 -0.0107819 0.0145493 0.00671399
internal_weight=303.13 290.58 283.602 237.845 232.771 65.9975 31.4999 34.4975 29.7729 166.773 161.827 45.7572 9.15209 151.518
internal_count=1314 1187 1157 941 921 286 135 151 137 635 618 216 41 573
is_linear=0
shrinkage=0.05


Tree=118
num_leaves=15
num_cat=0
split_feature=6 10 35 35 30 8 12 5 12 9 14 21 27 13
split_gain=3.89215 3.379 3.13307 3.47898 4.2596 4.92446 3.68317 4.4739 3.41396 4.43392 3.22544 2.95616 8.32204 2.89195
threshold=0.023898353680357951 0.99485090409975452 1.0000000180025095e-35 -1.0000000180025095e-35 7.5000000000000009 83.750000000000014 0.27417041689345462 11.717619510750842 0.3299837305006334 0.76341129483774106 92.083333333333343 0.57078345024007027 1.0000000180025095e-35 5.8386346744048572
decision_type=2 2 2 2 2 2 2 2 2 2 2 2 2 2
left_child=-1 2 3 13 5 -5 7 -6 -8 11 -7 12 -10 -2
right_child=1 -3 -4 4 6 10 8 -9 9 -11 -12 -13 -14 -15
leaf_value=-0.032234486561792348 0.0052650248826093277 -0.033904963554436958 0.018108773421601321 -0.028986829993458044 0.029004208062357047 0.055869549179653616 0.046244635198769125 -0.035206121025188108 -0.021314970979007364 0.031694240769780148 -0.013105195084670921 -0.014207771658552866 0.053397216868749965 0.039831850082671899
leaf_weight=8.6888329870998842 86.944501005113125 6.4326607659459105 29.308250084519386 28.32775242626667 3.5260093808174124 3.1116803213953963 5.1062220484018317 11.762328643351792 7.9686445593833906 10.947512380778788 3.7226138189435005 26.26815465092659 7.0026372373104095 6.5033865869045249
leaf_count=58 366 40 117 298 19 20 20 72 42 38 24 141 27 32
internal_value=0.000632782 0.0018381 0.00283559 0.000610699 -0.00551253 -0.019796 0.0014071 -0.020397 0.00722541 0.00340758 0.0182993 -0.00410146 0.0136308 0.00767066
internal_weight=245.621 236.932 230.5 201.191 107.744 35.162 72.5815 15.2883 57.2932 52.1869 6.83429 41.2394 14.9713 93.4479
internal_count=1314 1256 1216 1099 701 342 359 91 268 248 44 210 69 398
is_linear=0
shrinkage=0.05


Tree=119
num_leaves=15
num_cat=0
split_feature=35 25 17 10 16 8 18 20 17 13 2 3 9 19
split_gain=20.4953 3.16376 2.87365 2.83389 3.13994 2.57076 3.55816 3.26369 4.35315 3.07879 2.30944 4.37536 3.96212 3.94044
threshold=-1.0000000180025095e-35 -2.3292613211936213 0.99038482546941065 0.99538912761895293 1.4701640860211571 76.250000000000014 0.75976918978343744 0.57628247422401258 0.90850321767696907 0.564139169524559 -1.6930165563360964 7.6878324974389765 0.68672277783299085 1.3847216110395737
decision_type=2 2 2 2 2 2 2 2 2 2 2 2 2 2
left_child=-1 -2 3 4 -3 6 9 8 -7 -6 -11 12 -12 -14
right_child=1 2 -4 -5 5 7 -8 -9 -10 10 11 -13 13 -15
leaf_value=-0.035660357842282601 0.030842107253569458 -0.040930670955049438 -0.033413143400545936 0.037435815446909458 0.055371807173686866 -0.020383294632894771 -0.0022152147483088715 0.028438952974137489 0.029183937125684296 -0.011568755944132602 -0.03393476419288171 0.042449101869376928 0.016655683538309537 -0.027316015461612716
leaf_weight=36.118415597826242 11.224586263298987 3.90396425127983 5.1176216006278983 6.3363139778375617 4.1737643778324118 28.878761656582355 59.878930442035198 5.5890925228595725 5.2319919764995566 9.7214026004075986 4.9001965671777716 11.725575461983679 57.280216842889786 5.5923602581024161
leaf_count=421 54 25 24 22 13 125 235 18 19 40 20 47 223 28
internal_value=-0.000757458 0.00498433 0.00359115 0.00452305 0.00346377 0.0043619 0.00729898 -0.00697751 -0.0127805 0.013399 0.0114355 0.0142485 0.00936944 0.0127445
internal_weight=255.673 219.555 208.33 203.213 196.876 192.972 153.272 39.6998 34.1108 93.3935 89.2198 79.4983 67.7728 62.8726
internal_count=1314 893 839 815 793 768 606 162 144 371 358 318 271 251
is_linear=0
shrinkage=0.05


Tree=120
num_leaves=15
num_cat=0
split_feature=35 17 4 30 13 4 34 14 13 1 14 11 7 7
split_gain=6.5683 2.47258 4.15746 2.56895 3.21507 10.6023 4.72651 4.50304 7.88169 5.42191 4.18914 3.9 3.61161 3.45588
threshold=1.0000000180025095e-35 0.99038482546941065 34.945728733594386 5.5000000000000009 2.566956901206964 16.160247257364436 0.18335000000000004 49.583333333333336 1.6249951040055535 57.152186301087752 18.750000000000004 2.100358526614666 0.0035904366880001501 0.0053742646483949013
decision_type=2 2 2 2 2 2 2 2 2 2 2 2 2 2
left_child=1 2 3 -1 6 11 -5 10 -9 -10 -8 12 -6 -14
right_child=-2 -3 -4 4 5 -7 7 8 9 -11 -12 -13 13 -15
leaf_value=0.0083502936298272667 -0.036081131523608999 0.034449104463689054 -0.029670207726897546 0.018956068918272659 -0.017955633037557976 -0.039938488601550887 -0.015864688068126194 -0.039557355850635745 -0.024467743517457209 0.045526753879406558 0.033854583623292495 -0.023556362584447293 0.027528318039745033 -0.0014194195012669551
leaf_weight=104.22749894112349 12.021457120776175 5.6307041794061652 10.641708463430403 36.113243117928505 11.084808111190794 20.344730451703072 6.9569997638464001 16.693592280149463 4.952983118593691 6.2679799795150757 10.834284514188765 12.618006661534308 22.345463022589684 19.142814785242081
leaf_count=439 127 21 41 117 39 89 26 79 32 22 33 80 84 85
internal_value=0.000129289 0.00164152 0.000986967 0.00218824 -0.00164945 -0.00842741 0.00543642 -0.00524577 -0.017775 0.0146309 0.0144127 0.00140651 0.00739783 0.0141717
internal_weight=299.876 287.855 282.224 271.582 167.355 85.5358 81.8191 45.7058 27.9146 11.221 17.7913 65.1911 52.5731 41.4883
internal_count=1314 1187 1166 1125 686 377 309 192 133 54 59 288 208 169
is_linear=0
shrinkage=0.05


Tree=121
num_leaves=15
num_cat=0
split_feature=6 10 13 13 25 22 12 20 20 31 29 12 34 6
split_gain=3.68334 3.16731 3.00331 4.12531 4.45367 2.78273 2.95319 3.25271 3.12461 2.58951 4.08102 3.97741 2.57936 3.51225
threshold=0.023898353680357951 0.99485090409975452 0.055772712657023861 0.50916021885779028 2.066127243034281 -1.0000000180025095e-35 0.31185028660253528 -1.9249275643938348 -1.5049359873713961 0.48500000000000004 16.500000000000004 0.22181263400962253 0.21540000000000004 0.44959681609705049
decision_type=2 2 2 2 2 2 2 2 2 2 2 2 2 2
left_child=-1 2 -2 -4 5 -5 7 -7 -8 -9 -11 -12 -10 -14
right_child=1 -3 3 4 -6 6 8 9 12 10 11 -13 13 -15
leaf_value=-0.031790737492787255 0.036320350710819647 -0.033450208405698907 -0.023142992508230358 0.030664101977587593 0.036023641921203123 0.044383723574884744 -0.018907849073777207 -0.034045127978434911 0.013515048367604077 -0.01453795763162667 0.03869559514226454 -0.021463313508542022 0.003666071530839077 -0.03793099793249801
leaf_weight=8.4604798778891546 6.4727236628532401 6.2073311731219283 15.46051264554262 8.1001396253705007 10.094510216265915 2.7974390387535086 12.260563556104897 9.9474466443061811 71.142425298690796 36.094344981014729 8.2752678766846639 4.1131433621048918 37.685808472335339 5.8642283193767062
leaf_count=58 25 40 89 31 44 17 75 52 337 235 35 22 207 47
internal_value=0.000620648 0.00178993 0.00274805 0.00176848 0.00363471 0.00196899 0.000733819 -0.00828555 0.00508373 -0.0108072 -0.00603933 0.0187219 0.00764842 -0.00193518
internal_weight=242.976 234.516 228.309 221.836 206.375 196.281 188.181 61.2276 126.953 58.4302 48.4828 12.3884 114.692 43.55
internal_count=1314 1256 1216 1191 1102 1058 1027 361 666 344 292 57 591 254
is_linear=0
shrinkage=0.05


Tree=122
num_leaves=15
num_cat=0
split_feature=35 4 1 0 4 17 4 9 2 34 3 30 30 3
split_gain=19.5802 2.91192 4.62408 3.10706 2.71336 2.52917 2.84204 3.8458 3.57699 2.62897 8.79994 4.95349 6.81658 5.10971
threshold=-1.0000000180025095e-35 9.4949212663065037 38.082859685690515 3.0885361983916755 12.901196253711722 0.99038482546941065 36.474807602783379 0.66414693381183809 0.61974854777281374 0.92500000000000016 4.1288234704929936 7.5000000000000009 4.5000000000000009 3.6165478299424465
decision_type=2 2 2 2 2 2 2 2 2 2 2 2 2 2
left_child=-1 -2 -3 -4 -5 6 7 8 -6 11 -11 12 13 -9
right_child=1 2 3 4 5 -7 -8 9 -10 10 -12 -13 -14 -15
leaf_value=-0.035566473869771936 -0.026192940256075437 0.025111599741028508 0.032043014740005323 -0.043364963060842657 -0.035176053156070843 -0.032718555875569183 0.027976285464268742 0.01597714916192251 0.0071521516977953838 -0.042188513975210118 0.022450365893370891 -0.011844873348344054 0.030884191759391541 -0.036067189839991291
leaf_weight=34.809251971542835 7.3111195340752593 27.271528258919716 8.7895114570856077 3.2954000085592261 12.486672028899195 4.965838521718978 11.063539892435072 9.4657266587018984 8.3146002292633039 6.0277860090136519 41.631338611245155 44.915346398949623 22.295235678553581 9.3991891741752607
leaf_count=421 47 114 33 15 55 24 41 45 29 35 169 165 69 52
internal_value=-0.00075215 0.00482648 0.00590681 0.00303934 0.00157307 0.00244129 0.00349563 0.00174301 -0.0182568 0.00485381 0.014275 -0.000362627 0.0121672 -0.00995324
internal_weight=252.042 217.233 209.922 182.65 173.861 170.565 165.599 154.536 20.8013 133.735 47.6591 86.0755 41.1602 18.8649
internal_count=1314 893 846 732 699 684 660 619 84 535 204 331 166 97
is_linear=0
shrinkage=0.05


Tree=123
num_leaves=15
num_cat=0
split_feature=35 3 1 19 13 5 4 20 4 13 13 13 5 3
split_gain=6.33212 2.52717 2.62836 4.37802 4.19738 3.77107 3.52946 4.33131 3.31659 4.24209 5.742 5.84092 4.27194 4.81574
threshold=1.0000000180025095e-35 12.812188975329031 35.249542629598238 -2.7945515960433021 4.7283541816983439 29.960761693778689 10.762840799386758 -0.051838066006464588 12.720460383765664 2.566956901206964 3.6049265551590448 4.0915974633387107 12.898752218579348 5.4549962701155108
decision_type=2 2 2 2 2 2 2 2 2 2 2 2 2 2
left_child=1 2 6 -4 5 8 7 -1 -5 12 -11 -12 13 -10
right_child=-2 -3 3 4 -6 -7 -8 -9 9 10 11 -13 -14 -15
leaf_value=0.017257143888875816 -0.035989371836883222 0.031988846229929042 0.054603792466417056 0.029417596764839196 0.034352071538320976 -0.023418015544591202 -0.023213786387640212 -0.038142389348371109 0.0038613976375267388 -0.023723457817325159 0.035040157667660256 -0.025729916008932881 0.011730364554514795 -0.029579538311579792
leaf_weight=15.968424186110498 11.6479942984879 6.6909102648496619 4.0420393198728553 10.814512416720389 9.6676103770732862 15.106223434209822 24.076165623962879 4.5287599936127654 35.406722813844681 33.004783809185028 10.49967446178198 6.3425874114036551 92.532860822975636 15.469466418027876
leaf_count=67 127 30 14 38 39 67 128 21 142 139 49 26 349 78
internal_value=0.000142894 0.00162404 0.000891795 0.00302081 0.0021097 0.000687534 -0.0102318 0.00501687 0.00247194 0.00096407 -0.0116009 0.0121549 0.00533149 -0.00630669
internal_weight=295.799 284.151 277.46 232.886 228.844 219.177 44.5733 20.4972 204.071 193.256 49.847 16.8423 143.409 50.8762
internal_count=1314 1187 1157 941 927 888 216 88 821 783 214 75 569 220
is_linear=0
shrinkage=0.05


Tree=124
num_leaves=15
num_cat=0
split_feature=6 10 0 13 35 13 25 35 6 12 19 2 5 13
split_gain=3.48721 3.00324 2.81961 3.94391 3.27366 3.71242 5.67339 3.25794 4.37446 7.3033 3.8209 3.1829 3.83541 3.54407
threshold=0.023898353680357951 0.99485090409975452 2.2283230190822132 0.017523400065553054 1.0000000180025095e-35 0.52498791290430513 2.066127243034281 -1.0000000180025095e-35 0.10516907425509477 0.45255754475701043 0.7779481945035509 -0.37101160659984139 29.321678923159634 1.5845590128807416
decision_type=2 2 2 2 2 2 2 2 2 2 2 2 2 2
left_child=-1 2 -2 -4 5 -5 7 11 9 -9 -11 12 -7 -13
right_child=1 -3 3 4 -6 6 -8 8 -10 10 -12 13 -14 -15
leaf_value=-0.031282867782112943 -0.04111689916394598 -0.033070724171954891 0.065058304316402457 -0.022633495512647924 0.018753790291247997 -0.019251524624337966 0.044078620634762165 -0.018091199821480972 -0.012444376623021326 0.071580852345899476 0.006059014489875017 -0.0016547013989283662 0.0096976891493501076 0.030987762403143944
leaf_weight=8.2617031931877118 3.6128106489777556 6.0236556679010382 2.5645683407783499 16.06230391934514 27.733908250927925 17.918184369802475 7.8306343965232363 8.4889339804649371 65.63157557323575 5.6934728845953924 3.6523734703660011 13.248083323240278 31.652808338403702 22.332445278763771
leaf_count=58 26 40 8 97 113 100 32 61 461 26 20 50 141 81
internal_value=0.000639149 0.00177374 0.00270073 0.00341122 0.00269339 0.000379664 0.00247458 0.000542481 -0.00647741 0.0154809 0.0459748 0.00742344 -0.000766442 0.0188336
internal_weight=240.707 232.446 226.422 222.809 220.245 192.511 176.449 168.618 83.4664 17.8348 9.34585 85.1515 49.571 35.5805
internal_count=1314 1256 1216 1190 1182 1069 972 940 568 107 46 372 241 131
is_linear=0
shrinkage=0.05


Tree=125
num_leaves=15
num_cat=0
split_feature=35 25 4 5 20 8 9 4 10 6 18 8 8 8
split_gain=18.6196 2.93936 3.15182 3.6046 3.10535 4.63046 3.55241 2.80085 2.75693 2.45836 2.16547 2.6321 5.34572 4.43918
threshold=-1.0000000180025095e-35 -2.1227945034247377 12.901196253711722 21.36900102713324 0.64378337197280577 77.916666666666671 0.76341129483774106 15.929711156576237 -0.59598670555721167 0.021872700515097952 2.1910436994935636 14.583333333333334 24.583333333333339 7.0833333333333348
decision_type=2 2 2 2 2 2 2 2 2 2 2 2 2 2
left_child=-1 -2 -3 9 5 6 7 8 -5 -4 11 13 -13 -11
right_child=1 2 3 4 -6 -7 -8 -9 -10 10 -12 12 -14 -15
leaf_value=-0.035474260928818654 0.026637096969086262 -0.018718015199014358 0.034283706474694357 0.035695670602568945 0.042370324673565836 -0.03305780147601424 -0.012855881529886128 0.04147420140082228 -0.016813149836921483 0.0081470934639430587 0.027316116446890956 0.034312736649716118 -0.0023945643129242456 -0.034827770931370482
leaf_weight=33.473192736506462 14.159579753875731 15.335124522447584 5.2881624400615683 4.5554705113172531 9.5487627238035184 5.2600975185632697 7.3193024694919577 13.920567259192465 5.5395539551973396 10.42873987555504 6.6597865968942633 11.128521189093588 91.21095784753561 14.179637700319288
leaf_count=421 67 79 23 20 32 19 25 55 21 39 25 40 399 49
internal_value=-0.000790765 0.00462081 0.00306501 0.00487028 0.0169778 0.0103521 0.0176392 0.0269332 0.00688193 0.000847942 -0.000475439 -0.00193341 0.00159703 -0.0166155
internal_weight=248.007 214.534 200.375 185.04 46.1438 36.595 31.3349 24.0156 10.095 138.896 133.608 126.948 102.339 24.6084
internal_count=1314 893 826 747 172 140 121 96 41 575 552 527 439 88
is_linear=0
shrinkage=0.05


Tree=126
num_leaves=15
num_cat=0
split_feature=35 3 17 4 7 19 18 4 13 5 3 13 17 25
split_gain=6.00309 2.39984 2.32186 3.58257 3.39507 3.9962 4.4915 3.09335 3.57634 4.3513 6.96932 4.31403 4.10014 6.66883
threshold=1.0000000180025095e-35 12.812188975329031 0.99038482546941065 34.945728733594386 0.0094187213614668006 -2.527371873143017 -1.4325594614224011 12.054225705504058 2.566956901206964 12.898752218579348 5.3490348404401891 3.5850066479834539 0.56313429232006074 -0.36223430462355527
decision_type=2 2 2 2 2 2 2 2 2 2 2 2 2 2
left_child=1 2 3 4 5 -1 -7 -8 9 10 -9 -10 13 -11
right_child=-2 -3 -4 -5 -6 6 7 8 11 12 -12 -13 -14 -15
leaf_value=0.034286932884490764 -0.035861087973123644 0.031448137398322661 0.03295169774212639 -0.028593485699958288 -0.020651038407732209 -0.015401138293411304 0.02607910551045664 0.0078755385454200733 -0.020877026757463592 0.035326604711532233 -0.037228878719587036 0.0057977434185921758 0.021710760574411049 -0.01866526746049366
leaf_weight=9.696097254753111 11.141663767397402 6.5597490966320029 5.5182926803827277 10.39438460767269 16.428857758641243 33.538854070007801 15.169994555413721 27.787581652402878 29.89354096353054 8.2618948817253131 12.379845023155211 30.747754141688347 56.116546362638474 18.582900688052177
leaf_count=41 127 30 21 41 93 141 57 112 128 32 66 142 215 68
internal_value=0.000133809 0.00156062 0.00084644 0.000187825 0.00134467 0.00283683 0.00152513 0.00437869 0.00258734 0.00748239 -0.00602592 -0.00735177 0.0140227 -0.00204845
internal_weight=292.218 281.076 274.517 268.998 258.604 242.175 232.479 198.94 183.77 123.129 40.1674 60.6413 82.9613 26.8448
internal_count=1314 1187 1157 1136 1095 1002 961 820 763 493 178 270 315 100
is_linear=0
shrinkage=0.05


Tree=127
num_leaves=15
num_cat=0
split_feature=0 10 13 35 35 30 30 20 8 7 17 14 8 30
split_gain=3.24132 2.77541 3.76393 2.50597 3.4515 3.3514 4.31307 6.76914 3.51941 8.15682 3.45855 3.34785 7.43397 5.43414
threshold=2.2283230190822132 0.99485090409975452 0.017523400065553054 1.0000000180025095e-35 -1.0000000180025095e-35 3.5000000000000004 5.5000000000000009 0.31307380770064158 57.083333333333336 0.0069316063596170504 0.092636738737879906 74.583333333333357 84.583333333333357 7.5000000000000009
decision_type=2 2 2 2 2 2 2 2 2 2 2 2 2 2
left_child=-1 2 -2 4 5 -4 7 10 9 -8 -7 12 13 -6
right_child=1 -3 3 -5 11 6 8 -9 -10 -11 -12 -13 -14 -15
leaf_value=-0.042069185993951951 0.062363972698179837 -0.032622235261986647 0.035112967952737273 0.015405305272006077 -0.028077382752335109 0.0065733633755909147 -0.016662851022764727 0.024305672597367798 0.032772110598295004 0.028995798739505602 -0.03956641675524375 -0.021152266482401622 0.055062131326882917 0.0032222926417792086
leaf_weight=4.3643957674503318 2.5781722068786612 5.8374093472957602 9.2539672031998617 28.70403528213501 19.271168727427721 5.5128896683454576 21.53869803249836 9.0630493164062482 14.647886186838148 17.920016318559647 15.426475785672663 28.906501188874245 5.4598074853420249 49.453119553625584
leaf_count=31 8 40 35 118 220 17 105 31 49 77 96 209 20 258
internal_value=0.000623018 0.00142074 0.00229334 0.0016055 -0.000410805 0.00655331 0.00341108 -0.011794 0.0118424 0.00407284 -0.0274188 -0.00671779 -0.00109327 -0.00555454
internal_weight=237.938 233.573 227.736 225.158 196.454 93.363 84.109 30.0024 54.1066 39.4587 20.9394 103.091 74.1841 68.7243
internal_count=1314 1283 1243 1235 1117 410 375 144 231 182 113 707 498 478
is_linear=0
shrinkage=0.05


Tree=128
num_leaves=15
num_cat=0
split_feature=35 34 34 16 4 1 16 27 34 9 14 8 2 27
split_gain=17.779 2.77068 7.62932 7.16235 4.08466 4.53454 4.74811 4.05471 3.95515 3.46412 3.78061 4.2191 3.3545 3.06061
threshold=-1.0000000180025095e-35 0.35295000000000004 0.27205000000000007 4.8933787431960782 12.370735196183356 55.002718144249492 3.5025673320069126 1.0000000180025095e-35 0.92500000000000016 0.7433357378677995 19.583333333333339 52.083333333333343 -0.4870872971875726 1.0000000180025095e-35
decision_type=2 2 2 2 2 2 2 2 2 2 2 2 2 2
left_child=-1 2 9 4 -3 -6 13 8 -8 10 -2 -12 -11 -7
right_child=1 3 -4 -5 5 6 7 -9 -10 12 11 -13 -14 -15
leaf_value=-0.035387195179900147 -0.033468816720040033 -0.038156818380709306 0.033473018838571025 -0.031409054747004492 0.021923496156391956 -0.039824834769560447 -0.0035628347677796575 -0.0073114176984222156 0.046652600430874283 0.040011959813336086 0.026328150309566256 -0.013569564752809647 0.0050640187824650519 0.0003662587847398644
leaf_weight=32.199912469834089 10.700473994016646 5.3199159055948249 26.464969992637634 16.560617811977863 31.884764268994331 10.584936797618866 6.421943925321103 17.801327779889107 10.070237770676613 8.825574725866316 10.618055038154127 17.625141844153404 30.929827220737934 8.5735949873924255
leaf_count=421 42 38 111 97 142 48 30 69 35 33 34 70 114 30
internal_value=-0.000765966 0.00448308 0.0102495 -0.00117288 0.00435049 0.0070004 -0.0019014 0.00923701 0.027099 0.00243985 -0.00815907 0.00143002 0.0128224 -0.021839
internal_weight=244.581 212.381 105.164 107.217 90.6567 85.3368 53.452 34.2935 16.4922 78.6991 38.9437 28.2432 39.7554 19.1585
internal_count=1314 893 404 489 392 354 212 134 65 293 146 104 147 78
is_linear=0
shrinkage=0.05


Tree=129
num_leaves=15
num_cat=0
split_feature=35 32 27 30 9 29 5 17 4 31 19 5 12 16
split_gain=5.69258 2.34294 3.28215 4.63772 4.23702 3.67425 3.2595 2.32689 3.86494 3.74894 2.72794 4.33842 4.16153 2.70154
threshold=1.0000000180025095e-35 1.175 1.0000000180025095e-35 11.500000000000002 0.66061447717611255 16.500000000000004 25.981723319049117 0.99038482546941065 34.945728733594386 0.33500000000000002 1.1089527118239544 13.056482410512265 0.46797228506779492 3.8383341251084198
decision_type=2 2 2 2 2 2 2 2 2 2 2 2 2 2
left_child=1 2 3 6 -4 -6 -1 8 9 -3 -11 12 -12 -14
right_child=-2 7 4 -5 5 -7 -8 -9 -10 10 11 -13 13 -15
leaf_value=0.023662092895288422 -0.035744421128391345 -0.03196979507780514 0.01682538194644476 -0.039573835534688705 -0.037321990998004227 0.0037964836170880766 -0.0083339712733386251 0.037945751964775648 -0.032103528367050542 0.0027596725415625894 0.023331698667380628 0.034687278363093925 -0.046459137792337769 0.0025256681624675364
leaf_weight=19.839517176151276 10.665526714175938 6.7045541256666175 7.2051037773489943 5.2939263731241217 20.147637456655506 7.4388819336891165 13.29288726300001 4.9938393235206595 7.3851784616708747 142.06271789968014 11.934790059924127 19.341790154576302 4.9975807219743711 6.443993017077446
leaf_count=78 127 32 30 33 117 30 53 19 29 599 49 71 23 24
internal_value=0.000100857 0.00148062 -0.00619136 0.00388174 -0.0173168 -0.0262341 0.0108251 0.00423602 0.00338953 0.00475842 0.00609106 0.0171699 0.00267582 -0.0188705
internal_weight=287.748 277.082 73.218 38.4263 34.7916 27.5865 33.1324 203.864 198.871 191.485 184.781 42.7182 23.3764 11.4416
internal_count=1314 1187 341 164 177 147 131 846 827 798 766 167 96 47
is_linear=0
shrinkage=0.05


Tree=130
num_leaves=15
num_cat=0
split_feature=0 9 13 13 13 13 9 2 20 35 23 12 3 16
split_gain=3.09468 2.30823 4.32163 2.50298 2.64904 3.85079 2.56023 2.40373 5.04738 3.78629 3.19581 3.13678 3.08335 4.07114
threshold=2.2283230190822132 0.62726047477494418 0.017523400065553054 0.50916021885779028 1.0406605436358562 1.2245775085358728 0.7326896012901315 -0.33216343655184427 -0.43361456909266538 -1.0000000180025095e-35 0.35952820997328455 0.72811190583218399 4.6464977185281873 5.1924095715067482
decision_type=2 2 2 2 2 2 2 2 2 2 2 2 2 2
left_child=-1 -2 -3 6 -5 -6 -4 8 12 11 -10 -9 13 -7
right_child=1 2 3 4 5 7 -8 9 10 -11 -12 -13 -14 -15
leaf_value=-0.041784736635043042 -0.019976431013890857 0.069862061319982238 0.0036817032780312705 0.018096305791712973 -0.028728072167485269 -0.032008624975514502 -0.033004305173861548 0.032291400022062856 0.025245053218232158 0.00076594264811478832 -0.033288006168072835 -0.009310266510863743 0.012696578479792742 0.0075764180517271969
leaf_weight=4.2205375432968131 11.950104188174008 2.3616524785757056 9.1211886592209357 26.943899802863598 10.09516106545925 11.302819412201645 9.9366993717849237 22.807503022253517 2.7128042280674007 45.403503317385912 16.609974585473537 5.6544350311160079 40.137444727122784 15.270494271069763
leaf_count=31 73 7 56 135 62 78 57 86 14 260 129 22 219 85
internal_value=0.000643079 0.0014206 0.0025916 0.00185608 0.00353044 0.00122176 -0.0154462 0.00311263 -0.00256774 0.00972875 -0.0250703 0.0240265 0.00395013 -0.00926087
internal_weight=234.528 230.308 218.358 215.996 196.938 169.994 19.0579 159.899 86.0335 73.8654 19.3228 28.4619 66.7108 26.5733
internal_count=1314 1283 1210 1203 1090 955 113 893 525 368 143 108 382 163
is_linear=0
shrinkage=0.05


Tree=131
num_leaves=15
num_cat=0
split_feature=29 27 14 14 30 24 30 16 33 30 17 1 6 3
split_gain=5.22681 6.72547 6.05616 6.62417 5.76595 5.06049 5.72077 3.48433 4.70873 4.15781 3.12892 3.98331 3.35991 2.8399
threshold=16.500000000000004 1.0000000180025095e-35 39.583333333333336 93.750000000000014 11.500000000000002 0.060981855834492699 4.5000000000000009 4.8668438723179213 60.000000000000007 6.5000000000000009 0.70440184994861865 60.614216757860895 0.34163489093066962 11.461638862998459
decision_type=2 2 2 2 2 2 2 2 2 2 2 2 2 2
left_child=1 2 -1 7 -2 13 -7 10 9 -9 -4 -12 -13 -3
right_child=4 5 3 -5 -6 6 -8 8 -10 -11 11 12 -14 -15
leaf_value=-0.029353388140044664 -0.029913831104162621 0.02916137308925263 -0.0015304430823710564 -0.038419900542241092 0.019137602130612302 0.038987893052556011 -0.0046322957706737243 0.047624931819300304 -0.02926133384349924 -0.01977469663320711 0.040973302205683251 -0.024383573351811405 0.026815804948889268 -0.014978948989085271
leaf_weight=22.748441521078348 26.520830184221268 37.631174363195896 22.639742769300938 10.01757852733135 7.7394698895514003 8.8748917281627637 49.110938809812069 4.9877016395330447 14.090551286935804 4.2276953682303429 15.028969123959543 5.9722696617245656 6.9138647317886353 4.0346336513757697
leaf_count=133 259 174 131 82 25 35 191 21 108 25 61 30 23 16
internal_value=-0.000747661 0.00225609 -0.00647188 -0.000266242 -0.018833 0.011595 0.00204389 0.00490846 -0.011086 0.0167044 0.012282 0.0234841 0.0030867 0.0248871
internal_weight=240.539 206.278 106.627 83.8784 34.2603 99.6516 57.9858 73.8608 23.3059 9.2154 50.5548 27.9151 12.8861 41.6658
internal_count=1314 1030 614 481 284 416 226 399 154 46 245 114 53 190
is_linear=0
shrinkage=0.05


Tree=132
num_leaves=15
num_cat=0
split_feature=35 32 7 9 4 1 2 12 19 13 23 20 9 20
split_gain=5.45844 2.17431 3.13299 2.73961 2.62988 2.39214 3.64861 3.33797 2.96374 2.92168 2.64534 3.00546 4.5085 3.62354
threshold=1.0000000180025095e-35 1.175 0.0088340726124243509 0.66414693381183809 12.901196253711722 35.249542629598238 -0.032148428993715346 0.68610925374602327 -1.4015601206274633 4.9641423468478623 0.38140605508241882 -0.46936746305691918 0.64831532683539217 -0.086522580053536788
decision_type=2 2 2 2 2 2 2 2 2 2 2 2 2 2
left_child=1 2 3 -1 -5 6 7 8 -3 10 -7 12 -12 -13
right_child=-2 5 -4 4 -6 9 -8 -9 -10 -11 11 13 -14 -15
leaf_value=0.017012572102526595 -0.035651123071731593 -0.00078048845988166072 -0.038808450602825756 0.020575588011070463 -0.012492318543674996 0.039670581791667874 -0.048084768660975982 -0.029693599052871951 0.043265361487452123 0.042412424760894803 0.029850049465772951 0.027039123680899758 -0.015147218073353001 0.0041053692721261413
leaf_weight=13.874706268310545 10.292090132832525 19.576150380074978 6.6177276819944373 6.9522196874022475 44.486894704401493 5.4490036815404883 4.7959820553660384 7.8459314703941336 4.7448722869157818 5.5262100696563712 6.6889548897743216 21.130946338176727 33.179813489317894 93.143343850970268
leaf_count=60 127 100 39 28 214 20 22 38 21 26 34 87 156 342
internal_value=9.63707e-05 0.00143907 -0.00602625 -0.0027047 -0.00802305 0.00409638 -0.00740141 -0.00133567 0.00781257 0.00667024 0.00543259 0.00422227 -0.00759783 0.00834615
internal_weight=284.305 274.013 71.9315 65.3138 51.4391 202.081 36.9629 32.167 24.321 165.118 159.592 154.143 39.8688 114.274
internal_count=1314 1187 341 302 242 846 181 159 121 665 639 619 190 429
is_linear=0
shrinkage=0.05


Tree=133
num_leaves=15
num_cat=0
split_feature=13 17 4 17 32 14 29 2 30 31 19 19 35 23
split_gain=3.42921 2.49217 3.64769 4.43221 3.87343 4.66929 5.48106 3.22801 3.20796 5.0367 3.96633 3.1749 3.90262 3.67357
threshold=0.017523400065553054 0.17152637812455071 18.67384974818075 0.56313429232006074 1.175 67.083333333333343 13.500000000000002 0.34575295101188958 3.5000000000000004 0.48500000000000004 -0.79642248948068517 1.5547002106885113 1.0000000180025095e-35 2.7092319343781002
decision_type=2 2 2 2 2 2 2 2 2 2 2 2 2 2
left_child=-1 -2 8 7 5 6 -5 -4 -3 10 -10 12 -6 -13
right_child=1 2 3 4 11 -7 -8 -9 9 -11 -12 13 -14 -15
leaf_value=0.05800702165294154 0.0090157339454612177 0.020038499053640302 -0.0041391497354972854 0.056295550186255955 -0.029056753435853552 -0.0095604972324759563 0.0038604287951153034 0.038664745798522429 0.042801737953747483 -0.027337266789312999 -0.025261219804325392 0.019552293300354167 0.0069116484483959092 -0.016576216315889111
leaf_weight=2.5787116438150397 57.724778883159161 5.9915248900651923 6.7853276729583767 8.7983069084584713 27.366405989974737 15.948980771005152 11.495311349630356 12.553709238767622 5.2086105905473232 35.55244168266654 3.6337326951324922 15.352757070213558 10.410198807716368 12.988615289330481
leaf_count=8 275 31 40 39 199 93 62 51 27 272 29 69 45 74
internal_value=0.000669003 2.56115e-05 -0.00299005 0.00169397 -0.00245354 0.0106836 0.0265937 0.0236465 -0.0143035 -0.0189383 0.0148315 -0.00965468 -0.0191448 0.0029949
internal_weight=232.389 229.811 172.086 121.7 102.361 36.2426 20.2936 19.339 50.3863 44.3948 8.84234 66.118 37.7766 28.3414
internal_count=1314 1306 1031 672 581 194 101 91 359 328 56 387 244 143
is_linear=0
shrinkage=0.05


Tree=134
num_leaves=15
num_cat=0
split_feature=29 27 14 14 30 24 30 3 33 30 17 1 6 11
split_gain=4.90719 6.2299 5.70478 6.30356 5.43222 4.71462 5.36691 3.25614 5.45596 3.97143 3.04773 3.78263 3.1063 2.84215
threshold=16.500000000000004 1.0000000180025095e-35 39.583333333333336 93.750000000000014 11.500000000000002 0.060981855834492699 4.5000000000000009 4.1135724953527459 60.000000000000007 6.5000000000000009 0.70440184994861865 60.614216757860895 0.34163489093066962 0.27780332763128035
decision_type=2 2 2 2 2 2 2 2 2 2 2 2 2 2
left_child=1 2 -1 7 -2 -3 -7 8 9 -4 13 -12 -13 -9
right_child=4 5 3 -5 -6 6 -8 10 -10 -11 11 12 -14 -15
leaf_value=-0.028766582272776155 -0.029418380892735685 0.024169235809102269 0.047105041183915008 -0.038183581603750585 0.018349352028176811 0.038180875209729417 -0.0044737115550316465 -0.03868487843900445 -0.035917675052310874 -0.019345196331312851 0.040153162716967547 -0.023841321571984719 0.02576444878600961 0.006294285949647197
leaf_weight=22.30063409358263 25.93281876668334 40.891675651073456 4.8734593540430087 9.672404080629347 7.7246773205697528 8.6854232251644117 48.859687842428684 4.2148222401738193 11.049002651125191 4.1745550110936165 14.683761723339559 5.8566192016005498 6.8435511589050293 21.064291037619114
leaf_count=133 259 190 21 82 25 35 191 21 102 25 61 30 23 116
internal_value=-0.000772157 0.00215726 -0.00633097 -0.000261421 -0.0184553 0.0111884 0.00196425 0.00477979 -0.0123425 0.0164464 0.0113139 0.0228707 0.002889 -0.00120515
internal_weight=236.827 203.17 104.733 82.4325 33.6575 98.4368 57.5451 72.7601 20.097 9.04801 52.663 27.3839 12.7002 25.2791
internal_count=1314 1030 614 481 284 416 226 399 148 46 251 114 53 137
is_linear=0
shrinkage=0.05


Tree=135
num_leaves=15
num_cat=0
split_feature=35 3 1 4 20 4 17 32 8 30 27 9 3 16
split_gain=5.21222 2.22044 2.16066 3.10559 3.88418 2.71576 2.44696 2.2537 2.81443 3.15149 2.38804 4.91328 2.19666 3.64578
threshold=1.0000000180025095e-35 12.812188975329031 35.249542629598238 10.762840799386758 -0.051838066006464588 10.552003874117913 0.10352117810017507 1.175 42.916666666666679 4.5000000000000009 1.0000000180025095e-35 0.66414693381183809 3.7082910769275066 5.3444670988127241
decision_type=2 2 2 2 2 2 2 2 2 2 2 2 2 2
left_child=1 2 3 4 6 -4 -1 8 9 -7 -10 -12 -9 -14
right_child=-2 -3 5 -5 -6 7 -8 12 10 -11 11 -13 13 -15
leaf_value=-0.00086917948857039495 -0.03555769257514764 0.030748214353065892 0.036941736293475878 -0.022327884080664048 -0.037437152717146871 0.01860770137962604 0.039370487258753799 0.018329395911079207 0.015014989963303344 -0.028438851283552169 0.027426753553400338 -0.027631434226687009 0.0041562531257707076 -0.035426839032541561
leaf_weight=8.7357033118605631 9.9094273336231691 6.2791908308863631 5.6223803758621207 22.623069435358047 4.2552923411130896 4.3570130392909077 6.6568864732980719 25.575766891241074 18.36552731692791 19.449193961918354 5.9082161039114025 12.897108130156992 124.21353407949209 6.1029800027608863
leaf_count=39 127 30 21 128 21 18 28 100 74 105 23 66 507 27
internal_value=5.9504e-05 0.00136169 0.000664747 -0.0096979 0.00484459 0.00263353 0.0165334 0.00174409 -0.00640574 -0.0198284 0.00219085 -0.0103334 0.00493188 0.0023025
internal_weight=280.951 271.042 264.763 42.271 19.6479 222.492 15.3926 216.869 60.9771 23.8062 37.1709 18.8053 155.892 130.317
internal_count=1314 1187 1157 216 88 941 67 920 286 123 163 89 634 534
is_linear=0
shrinkage=0.05


Tree=136
num_leaves=15
num_cat=0
split_feature=13 6 13 0 13 13 2 35 20 10 14 8 0 14
split_gain=3.18867 3.00715 2.81274 2.38332 2.55282 4.05218 2.61133 3.96082 3.64519 3.99147 3.11469 4.45333 2.86475 2.66521
threshold=0.017523400065553054 0.023898353680357951 0.50916021885779028 2.2283230190822132 1.0406605436358562 1.2245775085358728 -0.37101160659984139 -1.0000000180025095e-35 -0.43361456909266538 -0.59598670555721167 82.916666666666686 52.083333333333343 50.289749361135662 20.416666666666671
decision_type=2 2 2 2 2 2 2 2 2 2 2 2 2 2
left_child=-1 -2 -3 -4 -5 -6 8 -8 9 -7 11 -11 -10 -9
right_child=1 2 3 4 5 6 7 13 12 10 -12 -13 -14 -15
leaf_value=0.056013632280583148 -0.03063188288051797 -0.016000509117371369 -0.040367950133303132 0.017908302940065304 -0.028844264742299081 -0.0054340010562007254 0.024753841002721468 -0.0297485587630235 -0.032201458639851736 0.0089455537259291711 -0.019166818267412278 0.06235062069891311 0.024280986517039874 0.0057870848443106852
leaf_weight=2.5718293339014044 7.7270593009889117 21.666488632559776 3.1217451617121688 27.099115211516619 10.409097407013176 46.532117020338767 28.663885951042175 6.0970248058438292 14.336343321949245 9.4786983057856684 3.8407242819666854 6.6366988122463217 2.661704719066619 39.205810256302357
leaf_count=8 58 133 25 137 66 291 107 53 116 47 27 29 14 203
internal_value=0.000651512 2.55928e-05 0.0011036 0.00297447 0.00366847 0.00136964 0.00336706 0.010208 -0.00269383 0.0025888 0.0212957 0.030939 -0.0233569 0.00100457
internal_weight=230.048 227.477 219.749 198.083 194.961 167.862 157.453 73.9667 83.4863 66.4882 19.9561 16.1154 16.998 45.3028
internal_count=1314 1306 1248 1115 1090 953 887 363 524 394 103 76 130 256
is_linear=0
shrinkage=0.05


Tree=137
num_leaves=15
num_cat=0
split_feature=35 17 4 8 18 5 0 2 13 21 5 33 21 21
split_gain=15.9686 2.61938 2.71374 2.61562 3.57549 3.1782 3.14151 4.39633 2.612 2.10908 2.65441 2.52669 3.37238 2.92185
threshold=-1.0000000180025095e-35 0.050717938117047702 9.6442601034725524 76.250000000000014 0.75976918978343744 12.064877739325704 11.764770044559063 0.16197955418141816 0.9499800034214303 7.5557692307676039 30.868402211798159 77.000000000000014 0.38544117647051529 0.75306710833019241
decision_type=2 2 2 2 2 2 2 2 2 2 2 2 2 2
left_child=-1 -2 -3 4 8 -5 -7 -8 -4 10 11 12 -10 -14
right_child=1 2 3 5 -6 6 7 -9 9 -11 -12 -13 13 -15
leaf_value=-0.035198162860377212 0.034341581131408096 -0.032156671156922403 0.04230073864360983 0.029250165456797379 -0.0018284010070455815 0.011598448923074916 -0.037241454944331918 0.013622727841586208 -0.025850882088509747 0.031833042915094673 0.029897475961260751 0.022184700755112346 0.034424194308450749 -0.0015864323571793113
leaf_weight=29.350778959691525 6.9816952571272841 5.2880456969141951 7.2188867703080168 4.9148846268653861 66.689660117030144 8.5915411561727542 16.358537286520008 5.738453045487403 11.205038726329802 10.530052728950976 11.492370158433912 14.129985034465788 7.0524780452251425 27.985994964838028
leaf_count=421 35 39 28 24 279 31 78 20 47 48 52 66 27 119
internal_value=-0.000713391 0.00424384 0.00317823 0.00415189 0.00693782 -0.00807879 -0.0140572 -0.0240323 0.0134615 0.0109348 0.00787272 0.00368021 -0.00197394 0.00566172
internal_weight=233.528 204.178 197.196 191.908 156.304 35.6034 30.6885 22.097 89.6148 82.3959 71.8659 60.3735 46.2435 35.0385
internal_count=1314 893 858 819 666 153 129 98 387 359 311 259 193 146
is_linear=0
shrinkage=0.05


Tree=138
num_leaves=15
num_cat=0
split_feature=35 3 1 13 4 4 20 13 25 30 14 9 25 12
split_gain=5.00971 2.10189 2.02927 3.31961 3.20267 2.89563 3.62537 2.6419 3.67059 3.82479 3.71616 3.25343 3.36724 2.89463
threshold=1.0000000180025095e-35 12.812188975329031 35.249542629598238 4.7283541816983439 10.552003874117913 10.762840799386758 -0.051838066006464588 2.566956901206964 -1.118249798270232 5.5000000000000009 42.083333333333343 0.6945023541390476 -1.9358438336889627 0.89025691771264681
decision_type=2 2 2 2 2 2 2 2 2 2 2 2 2 2
left_child=1 2 5 4 -4 6 -1 13 11 10 -10 -9 -13 -6
right_child=-2 -3 3 -5 7 -7 -8 8 9 -11 -12 12 -14 -15
leaf_value=0.015922593297291242 -0.035477400994355611 0.030223047961172589 0.039708760635148159 0.032320887230512997 0.0059951934425329775 -0.021792461678578748 -0.036757469049214592 0.029349153049713795 -0.037064296642803661 -0.03123724744188246 0.016570417818319593 -0.038873101842723141 0.0080355413752709447 -0.023935252046604918
leaf_weight=15.248393885791304 9.575536195188759 6.1492436751723281 5.290838584303855 8.9883494377136213 132.33429881930351 22.233396999537945 4.1559963002800933 9.6465646028518695 4.5555507540702811 22.465614594519138 11.0952922552824 5.5831459313631084 12.153475672006605 8.603219270706175
leaf_count=67 127 30 19 39 545 128 21 44 27 99 46 30 53 39
internal_value=5.99915e-05 0.00132735 0.00065007 0.00256002 0.0012966 -0.00947434 0.00463968 0.000312129 -0.007985 -0.0180174 0.000958756 0.00597973 -0.00673039 0.00416816
internal_weight=278.079 268.503 262.354 220.716 211.728 41.6378 19.4044 206.437 65.4996 38.1165 15.6508 27.3832 17.7366 140.938
internal_count=1314 1187 1157 941 902 216 88 883 299 172 73 127 83 584
is_linear=0
shrinkage=0.05


Tree=139
num_leaves=15
num_cat=0
split_feature=0 13 13 13 13 35 30 8 7 30 33 25 17 34
split_gain=2.74754 2.92429 2.48889 2.44778 3.87104 2.34616 2.31106 2.74857 3.29645 3.91086 4.23599 4.2385 2.87802 4.1469
threshold=2.2283230190822132 0.017523400065553054 0.50916021885779028 1.0406605436358562 1.2245775085358728 1.0000000180025095e-35 3.5000000000000004 45.416666666666671 0.0057414863731122508 5.5000000000000009 63.500000000000007 0.82357190189072471 0.81439516984602156 0.92500000000000016
decision_type=2 2 2 2 2 2 2 2 2 2 2 2 2 2
left_child=-1 -2 5 -4 -5 -3 -6 8 -8 -10 11 -11 -9 -14
right_child=1 2 3 4 6 -7 7 12 9 10 -12 -13 13 -15
leaf_value=-0.040993022568025228 0.054465802351098991 -0.023336315060115027 0.016063510015803091 -0.028852629376640321 0.024654373993343193 0.019499974041710277 -0.025988175418086231 0.01169834211541804 -0.029198010037495933 -0.026954430039431182 0.017121936526085828 0.035271330239100111 0.013750853409431624 -0.039178793536341655
leaf_weight=3.897489830851554 2.5617547780275336 17.446038566529754 28.40787012130022 10.734654806554316 10.659845240414141 3.9135346561670294 16.637671079486609 63.397315856069326 9.8610565550625306 13.511785443872215 28.969196632504463 3.4316270872950545 7.3805134221911413 7.4217768386006355
leaf_count=31 8 119 144 70 57 13 127 303 89 97 142 14 45 55
internal_value=0.000627688 0.00135079 0.000737243 0.00246647 0.000220823 -0.0154878 0.00215604 0.000563664 -0.00645564 -0.000628951 0.00550708 -0.0143516 0.00706341 -0.0127877
internal_weight=228.232 224.335 221.773 200.413 172.005 21.3596 161.271 150.611 72.4113 55.7737 45.9126 16.9434 78.1996 14.8023
internal_count=1314 1283 1275 1143 999 132 929 872 469 342 253 111 403 100
is_linear=0
shrinkage=0.05


Tree=140
num_leaves=15
num_cat=0
split_feature=35 25 34 3 34 3 30 21 3 8 8 5 6 6
split_gain=15.3298 2.4855 2.11308 6.81949 6.41364 3.65795 5.61098 4.36438 3.78393 3.4514 3.82173 2.76718 2.82353 4.35727
threshold=-1.0000000180025095e-35 -2.3292613211936213 0.35295000000000004 4.1288234704929936 0.21540000000000004 4.755831998869251 7.5000000000000009 0.38544117647051529 3.7937667879117014 11.250000000000002 25.416666666666671 23.525793946069509 0.41999740235768374 0.20202197976882555
decision_type=2 2 2 2 2 2 2 2 2 2 2 2 2 2
left_child=-1 -2 4 -4 5 6 8 -7 -3 -5 -11 12 13 -12
right_child=1 2 3 9 -6 7 -8 -9 -10 10 11 -13 -14 -15
leaf_value=-0.035129476990645496 0.028755064704687545 0.0058034855429509036 -0.033448001484509306 -0.025183559494688645 0.031208112186867934 -0.042809116529185787 -0.0086317918709424273 -0.00029213328813080928 0.048299619266907325 0.033124686047420214 0.012732830635498569 -0.035313469388016931 0.025903200085207703 -0.01821972491959464
leaf_weight=28.345930196344852 9.7549821436405164 9.8455480709671992 14.837789691984652 9.44744825363159 23.002585157752037 8.5437396317720431 19.880116283893585 20.562542110681534 11.193764060735701 11.710754889994858 26.066642113029957 4.5993531346321097 12.634482949972151 20.166471518576145
leaf_count=421 54 47 95 39 93 34 67 83 37 53 117 27 54 93
internal_value=-0.00069361 0.00413277 0.00288497 -0.00218142 0.0083018 0.000777358 0.0104154 -0.0127724 0.0284131 0.00330072 0.00688029 0.00203774 0.00495601 -0.000768398
internal_weight=230.592 202.246 192.491 99.4629 93.0283 70.0257 40.9194 29.1063 21.0393 84.6252 75.1777 63.4669 58.8676 46.2331
internal_count=1314 893 839 478 361 268 151 117 84 383 344 291 264 210
is_linear=0
shrinkage=0.05


Tree=141
num_leaves=15
num_cat=0
split_feature=30 7 2 4 9 1 13 3 9 8 2 7 6 29
split_gain=2.59983 2.61248 4.64898 1.96698 3.44998 3.40617 4.99837 3.39529 3.03174 6.73503 3.35665 3.88042 3.19472 4.27347
threshold=11.500000000000002 0.0068200774509361512 0.85164381517582166 10.762840799386758 0.71841628120623413 33.091803795836924 5.1475343999135097 4.9822990395015347 0.66414693381183809 38.750000000000007 -0.18332558153092288 0.0042734606160616008 0.7068598301773269 16.500000000000004
decision_type=2 2 2 2 2 2 2 2 2 2 2 2 2 2
left_child=3 -2 -3 4 -1 -5 8 -6 9 -7 -11 -12 13 -10
right_child=1 2 -4 5 7 6 -8 -9 12 10 11 -13 -14 -15
leaf_value=0.035302914851552153 -0.033687665180331734 -0.036997177650513309 0.038699317231528522 -0.023115676321110057 0.013295193614207621 -0.030786659385617272 0.047247499853187186 -0.038063965993166415 -0.0093843469874797074 0.040668336023741453 -0.0074106190229177651 0.038656311131761968 0.022421057139090508 0.010146045530226145
leaf_weight=11.257197476923468 10.945294704288246 3.7735791206359846 4.3858141601085663 15.046527061611412 11.786525025963785 7.4352217242121688 5.807951256632804 4.4264872446656218 117.22515258193016 13.873396709561346 13.075227558612825 7.028631940484046 11.665216915309427 36.802407294511795
leaf_count=50 71 40 20 96 42 31 27 32 574 68 43 28 47 145
internal_value=6.77268e-05 -0.0177237 0.00369099 0.00139842 0.014038 -0.000124705 0.00150006 -0.000726918 0.000217144 0.0123177 0.0217502 0.00869512 -0.00280722 -0.00471787
internal_weight=274.535 19.1047 8.15939 255.43 27.4702 227.96 212.913 16.213 207.105 41.4125 33.9773 20.1039 165.693 154.028
internal_count=1314 131 60 1183 124 1059 963 74 936 170 139 71 766 719
is_linear=0
shrinkage=0.05


Tree=142
num_leaves=15
num_cat=0
split_feature=6 35 30 8 9 14 21 11 4 4 23 17 16 16
split_gain=2.87879 2.15494 2.64738 2.80418 3.45795 4.02017 3.48114 3.34235 4.22115 4.35494 4.52889 4.56655 3.2852 2.59925
threshold=0.023898353680357951 1.0000000180025095e-35 5.5000000000000009 2.916666666666667 0.68988475795544668 87.083333333333357 5.5628964059147217 1.2630748671612719 26.047769366729799 22.299097442756644 0.88137919961162903 0.27459715100893212 3.2537368798237547 5.3808304196761041
decision_type=2 2 2 2 2 2 2 2 2 2 2 2 2 2
left_child=-1 2 -2 -4 5 12 7 8 9 10 11 13 -5 -6
right_child=1 -3 3 4 6 -7 -8 -9 -10 -11 -12 -13 -14 -15
leaf_value=-0.029968388042640209 -0.0091720549209378319 0.014673326390630249 -0.025236942223275972 0.0088691027542029573 -0.021631983411214906 0.021587358049727456 -0.013947926386670301 0.025178867592045531 -0.038832808687744941 0.038261129919699328 -0.038383525767692689 0.048862783867855003 -0.029521400823955386 0.025969343890049835
leaf_weight=7.4523347429931155 57.966540418565273 27.667758338153362 7.90570044517517 8.0542784817516822 8.2812401130795532 8.6760939061641675 12.388346213847397 37.997202649712563 4.9396919757127753 10.064533941447733 6.0401669070124617 5.6630552336573592 18.085342179983854 4.3870599418878546
leaf_count=58 435 122 53 37 42 30 71 187 30 46 46 25 116 16
internal_value=0.000590202 0.00163429 -0.000259976 0.00363942 0.00547192 -0.0079038 0.01066 0.0146 0.00439147 0.0105918 -0.000834615 0.0115377 -0.0176923 -0.00514754
internal_weight=225.569 218.117 190.449 132.483 124.577 34.8157 89.7613 77.373 39.3757 34.4361 24.3715 18.3314 26.1396 12.6683
internal_count=1314 1256 1134 699 646 183 463 392 205 175 129 83 153 58
is_linear=0
shrinkage=0.05


Tree=143
num_leaves=15
num_cat=0
split_feature=35 17 0 8 20 16 10 17 3 21 14 21 1 19
split_gain=14.6648 2.43009 2.24053 2.24002 3.12092 3.62601 3.66114 2.39499 2.23503 3.56255 3.28108 2.41175 1.99122 2.79393
threshold=-1.0000000180025095e-35 0.050717938117047702 3.0885361983916755 76.250000000000014 0.57628247422401258 3.9546536574513111 0.064309374221793711 0.99038482546941065 6.3880894376867046 5.7834612105710557 17.916666666666668 2.6867273323498826 38.082859685690515 0.32115661917007776
decision_type=2 2 2 2 2 2 2 2 2 2 2 2 2 2
left_child=-1 -2 -3 7 5 6 -5 8 10 -10 -4 12 -12 -14
right_child=1 2 3 4 -6 -7 -8 -9 9 -11 11 -13 13 -15
leaf_value=-0.035059453996239644 0.033658126563665104 0.02906107601450866 0.048239356400009308 0.033519658918660843 0.025884592274130949 -0.030510772978451967 -0.023469968650483227 -0.031653038249120358 -0.0088902421115104151 0.036724800376918464 0.033738379784522252 -0.0042491251388250629 -0.011073708086901689 0.01517786394110638
leaf_weight=27.27373867854476 6.6876701191067687 7.9096972644329062 5.2174411639571181 5.8109914213418978 5.2058981955051413 17.400814265012741 5.4718192517757416 4.4486552327871314 38.968660052865744 4.8085893467068663 9.7021030336618406 30.03712360560894 13.079616390168665 45.028170995414257
leaf_count=421 35 33 25 21 18 93 19 24 187 23 46 136 47 186
internal_value=-0.000668241 0.00402687 0.00300059 0.00188746 -0.00973164 -0.0161958 0.00588143 0.00449017 0.00558515 -0.00387979 0.00960544 0.00754538 0.0127699 0.00926884
internal_weight=227.051 199.777 193.09 185.18 33.8895 28.6836 11.2828 151.29 146.842 43.7772 103.064 97.847 67.8099 58.1078
internal_count=1314 893 858 825 151 133 40 674 650 210 440 415 279 233
is_linear=0
shrinkage=0.05


Tree=144
num_leaves=15
num_cat=0
split_feature=35 3 5 4 14 21 3 20 14 19 8 30 30 18
split_gain=4.68613 1.93787 1.84972 3.07511 2.50604 2.47166 1.91807 4.70549 4.14459 3.41441 2.81804 3.68314 3.48846 3.23778
threshold=1.0000000180025095e-35 12.812188975329031 30.783289334109103 9.228832666272174 57.083333333333336 0.30551260244334039 7.897890652504409 1.4523532254284375 23.750000000000004 2.3992319088941212 27.083333333333339 11.500000000000002 3.5000000000000004 -1.4325594614224011
decision_type=2 2 2 2 2 2 2 2 2 2 2 2 2 2
left_child=1 2 6 -4 -5 -6 9 8 -8 10 -1 12 -12 -14
right_child=-2 -3 3 4 5 -7 7 -9 -10 -11 11 -13 13 -15
leaf_value=0.016786608137817283 -0.035365558459538302 0.029401672306090261 0.019005989123865911 -0.031189921495811453 -0.030291023123031603 0.014423748535182454 -0.038484443018369438 0.03286508989122152 0.02380204788086147 -0.037959616216165865 -0.026855666242404114 -0.034096987916541727 -0.016639692913516024 0.0080043749545225563
leaf_weight=39.322702966630459 9.0364112481474859 5.9761547371745101 7.3243688717484465 15.222188435494902 4.8115089684724799 8.6401577666401845 12.445193789899351 4.4906427785754195 3.4005023762583724 4.7772797718644133 8.9254933893680555 6.829400807619094 14.914578944444655 125.28395434468985
leaf_count=164 127 30 34 103 21 36 71 17 22 21 39 41 60 528
internal_value=3.62927e-05 0.00125561 0.000599555 -0.00990866 -0.0172945 -0.00157022 0.00231595 -0.012314 -0.0251177 0.00380316 0.00482485 0.00180877 0.00345314 0.00538269
internal_weight=271.401 262.364 256.388 35.9982 28.6739 13.4517 220.39 20.3363 15.8457 200.053 195.276 155.953 149.124 140.199
internal_count=1314 1187 1157 194 160 57 963 110 93 853 832 668 627 588
is_linear=0
shrinkage=0.05


Tree=145
num_leaves=15
num_cat=0
split_feature=6 13 13 4 17 17 19 3 7 34 7 0 8 8
split_gain=2.74072 2.63619 2.41535 2.13969 5.25733 4.52703 3.0688 3.90307 6.4532 5.40688 3.63103 3.09626 2.96838 2.84428
threshold=0.023898353680357951 0.017523400065553054 0.50916021885779028 19.553624772247215 0.55784231041216625 0.17152637812455071 0.58944409981537438 5.3562524691813929 0.0054268362585234006 0.92500000000000016 0.0066258351451599007 41.75688186681441 84.583333333333357 78.750000000000014
decision_type=2 2 2 2 2 2 2 2 2 2 2 2 2 2
left_child=-1 -2 -3 5 -5 12 13 9 -9 10 -8 -10 -4 -6
right_child=1 2 3 4 6 -7 7 8 11 -11 -12 -13 -14 -15
leaf_value=-0.029550461413666514 0.052211341697704361 -0.015128649435107291 0.0038424487259437565 0.036299833757299248 -0.040322756454189312 -0.013186376261780942 0.014965999210961731 0.063912853372140574 0.023220086924626279 -0.032673829898388428 -0.034078553016081779 -0.021818323663386329 0.042278889730796743 0.016326570387768979
leaf_weight=7.284408561885356 2.5457479655742636 20.870270855724812 47.524979211390018 14.20416848361492 6.9737095944583398 48.80909300968051 28.02789469063282 6.9603934586048153 10.222471952438356 10.671848870813845 4.3610842972993842 6.0890685170888892 5.6167675554752341 3.2476339340209961
leaf_count=58 8 133 246 57 53 363 150 30 47 79 20 33 19 18
internal_value=0.000614784 0.00163149 0.00102861 0.00277843 0.00836244 -0.00219255 0.00317882 0.00710852 0.0236066 -0.00180777 0.00836229 0.00640733 0.00790495 -0.0223235
internal_weight=223.41 216.125 213.579 192.709 90.7583 101.951 76.5541 66.3328 23.2719 43.0608 32.389 16.3115 53.1417 10.2213
internal_count=1314 1256 1248 1115 487 628 430 359 110 249 170 80 265 71
is_linear=0
shrinkage=0.05


Tree=146
num_leaves=15
num_cat=0
split_feature=35 34 34 3 9 14 8 30 18 6 9 14 7 2
split_gain=14.0109 2.33587 6.06246 5.95733 2.85476 3.29294 3.40433 3.0368 3.19846 3.00546 2.76496 2.51818 3.32686 5.86154
threshold=-1.0000000180025095e-35 0.35295000000000004 0.27205000000000007 4.1288234704929936 0.7433357378677995 19.583333333333339 52.083333333333343 7.5000000000000009 0.7074580246586285 0.42780264614133345 0.76116590999335554 64.583333333333357 0.0066581847669493011 1.2475527531355846
decision_type=2 2 2 2 2 2 2 2 2 2 2 2 2 2
left_child=-1 2 4 -3 5 -2 -7 -6 -9 -8 11 12 -5 -14
right_child=1 3 -4 10 7 6 9 8 -10 -11 -12 -13 13 -15
leaf_value=-0.034990569592844578 -0.032081638583965733 -0.030828384031355377 0.03130601444976041 -0.0093830797469058383 0.024914557500542757 0.024308938369176736 -0.025877568208056558 0.013223529381917738 -0.031333035358570072 0.020876132577983875 -0.02618630822219431 0.018189874240255016 0.040972733960406404 -0.023802008247709783
leaf_weight=26.234828617423773 9.9794916957616788 14.757624775171278 23.835246995091438 33.482752352952957 20.654172793030739 10.200108736753466 11.876539826393129 10.701617084443571 6.4584168493747702 4.8373371064662924 7.1322861574590197 28.409832358360291 10.137156814336775 5.3282739967107764
leaf_count=421 42 97 111 158 87 34 55 35 25 15 38 119 54 23
internal_value=-0.00065706 0.00389691 0.00934995 -0.0015174 0.00234494 -0.00755027 0.00154577 0.0119992 -0.00354595 -0.0123461 0.00360225 0.00634871 -0.000523981 0.018656
internal_weight=224.026 197.791 98.5429 99.2479 74.7077 36.8935 26.914 37.8142 17.16 16.7139 84.4903 77.358 48.9482 15.4654
internal_count=1314 893 404 489 293 146 104 147 60 70 392 354 235 77
is_linear=0
shrinkage=0.05


Tree=147
num_leaves=15
num_cat=0
split_feature=35 3 17 4 9 29 27 2 32 30 2 5 13 11
split_gain=4.48001 1.82972 1.79288 3.0268 2.65362 3.37482 5.37553 4.50896 6.32021 3.96576 4.20403 3.44337 3.406 3.43909
threshold=1.0000000180025095e-35 12.812188975329031 0.99038482546941065 34.945728733594386 0.66148521656213999 16.500000000000004 1.0000000180025095e-35 -0.47743653446507894 1.175 11.500000000000002 0.61974854777281374 29.960761693778689 0.41366779253559477 0.3131291442362279
decision_type=2 2 2 2 2 2 2 2 2 2 2 2 2 2
left_child=1 2 3 4 -1 6 9 -8 -9 10 11 -6 -10 -14
right_child=-2 -3 -4 -5 5 -7 7 8 12 -11 -12 -13 13 -15
leaf_value=0.013131481818039518 -0.035292203403954309 0.028883244744364045 0.030016336948906597 -0.027492170384825515 0.016298559473862616 0.0099967207352997921 -0.038263457758548662 -0.039045860334441317 -0.028073079165767897 -0.034180884276709095 -0.02394123458339743 -0.0064667763564196365 -0.023056086028620647 0.026346454139782767
leaf_weight=38.311419658362865 8.6910168938338739 5.8357294723391524 5.0643811970949164 9.6473512575030309 53.125229030847549 50.173701345920563 17.631758440285921 11.19330560415983 5.7746569663286236 6.9396002963185301 10.935662925243376 24.166009306907654 4.5239313542842892 15.918326914310454
leaf_count=164 127 30 21 41 219 221 119 68 23 51 42 110 18 60
internal_value=1.91079e-05 0.00120291 0.000565457 -3.513e-05 0.00107461 -0.00123057 -0.00498078 -0.0174181 -0.00759358 0.00221269 0.00507527 0.00918071 0.00583497 0.0154135
internal_weight=267.932 259.241 253.405 248.341 238.694 200.382 150.208 55.042 37.4102 95.1665 88.2269 77.2912 26.2169 20.4423
internal_count=1314 1187 1157 1136 1095 931 710 288 169 422 371 329 101 78
is_linear=0
shrinkage=0.05


Tree=148
num_leaves=15
num_cat=0
split_feature=6 10 10 6 21 21 2 0 16 35 12 25 7 13
split_gain=2.62313 2.3809 2.0954 4.01034 2.33735 2.82468 2.38657 2.23883 2.46156 2.1935 3.64201 2.75144 2.5989 2.54241
threshold=0.023898353680357951 0.99485090409975452 0.9636838757536047 0.43009099052453204 6.8690476190484837 3.8480063795852213 1.903746892655138 20.983129632093405 3.9428124467820971 -1.0000000180025095e-35 0.35138461538450566 -1.7489266444299025 0.0031586079817264505 5.8386346744048572
decision_type=2 2 2 2 2 2 2 2 2 2 2 2 2 2
left_child=-1 2 4 -4 5 6 9 -7 -9 12 -11 -12 -2 -14
right_child=1 -3 3 -5 -6 7 -8 8 -10 10 11 -13 13 -15
leaf_value=-0.029192068056325161 0.038938685779137762 -0.031655863016074086 0.049555207800489137 -0.0023192804484261104 -0.012885081388963857 -0.0083370810138933254 0.032495227149865642 0.060131508155340241 0.016611260500628357 -0.019351248244958805 -0.036767774334169154 0.0061817009043398374 0.0003719780547417448 0.040867844963367733
leaf_weight=7.1416788771748534 5.6445047259330741 5.2461368627846232 6.6202517673373213 8.5214765518903715 26.051318287849426 4.9108590669930008 5.721852481365203 4.7866037264466277 10.115507379174231 30.946533635258675 4.0693193003535262 44.579002875834703 52.494690805673599 4.184800222516059
leaf_count=58 21 40 26 46 168 26 32 21 46 246 47 260 250 27
internal_value=0.000616952 0.00161225 0.00244873 0.0203612 0.00104708 0.00321455 0.000835632 0.0209416 0.0305901 -0.000440812 -0.00594134 0.00258908 0.00658398 0.0033619
internal_weight=221.035 213.893 208.647 15.1417 193.505 167.454 147.641 19.813 14.9021 141.919 79.5949 48.6483 62.324 56.6795
internal_count=1314 1256 1216 72 1144 976 883 93 67 851 553 307 298 277
is_linear=0
shrinkage=0.05


Tree=149
num_leaves=15
num_cat=0
split_feature=35 4 5 34 33 34 30 18 5 8 8 8 30 4
split_gain=13.4388 2.40096 3.09083 3.11385 3.30281 2.90547 2.86909 3.47025 1.74977 2.09369 4.81544 4.64694 5.48322 3.46088
threshold=-1.0000000180025095e-35 9.228832666272174 21.36900102713324 0.7279500000000001 66.500000000000014 0.21540000000000004 6.5000000000000009 -1.3464281652916155 20.839881916611052 14.583333333333334 28.750000000000004 7.0833333333333348 7.5000000000000009 23.678132969802405
decision_type=2 2 2 2 2 2 2 2 2 2 2 2 2 2
left_child=-1 -2 8 5 -5 6 -4 -8 9 11 -11 12 -3 -12
right_child=1 2 3 4 -6 -7 7 -9 -10 10 13 -13 -14 -15
leaf_value=-0.034929220953797156 -0.030890677792547255 0.045450528536666 0.030490461973369666 -0.038801958433308942 0.014975247115770113 0.036772679311260804 0.02631262130553802 -0.015623792456329758 -0.029103281052183641 0.032449892273982366 0.014603312498586166 -0.031544148917388083 -0.023017664599257987 -0.006709070337574701
leaf_weight=25.298929702490568 4.8628594018518916 5.9121760427951831 11.994534589350222 5.2281094864010793 6.2904017418622971 16.227007053792477 7.8273359388113013 13.341262921690943 4.8637806475162497 13.528843589127062 28.497607320547104 13.397385910153387 5.785738006234169 57.448945187032223
leaf_count=421 41 23 50 28 39 78 30 46 19 53 135 50 25 276
internal_value=-0.000641651 0.00380206 0.00468838 0.0139764 -0.00943356 0.019436 0.010953 -0.000117315 0.00031766 0.00146638 0.00472217 -0.0114393 0.0115865 0.000357553
internal_weight=220.505 195.206 190.343 60.9087 11.5185 49.3901 33.1631 21.1686 129.434 124.571 99.4754 25.0953 11.6979 85.9466
internal_count=1314 893 852 271 67 204 126 76 581 562 464 98 48 411
is_linear=0
shrinkage=0.05


Tree=150
num_leaves=15
num_cat=0
split_feature=35 30 8 8 9 2 5 2 16 16 2 34 33 29
split_gain=4.30932 1.78513 2.99238 3.40631 4.56398 4.25935 6.82005 2.96816 2.89302 8.19655 2.63675 2.39662 2.47292 3.39959
threshold=1.0000000180025095e-35 5.5000000000000009 6.2500000000000009 17.916666666666668 0.75675802094099975 -0.33216343655184427 10.764099795103233 2.4574496392560188 4.4888854584302829 3.3072706978942947 1.903746892655138 -0.84999999999999987 46.500000000000007 13.500000000000002
decision_type=2 2 2 2 2 2 2 2 2 2 2 2 2 2
left_child=1 2 -1 -4 5 -5 -7 10 9 -8 11 -3 -13 -14
right_child=-2 7 3 4 -6 6 8 -9 -10 -11 -12 12 13 -15
leaf_value=-0.032109157897485169 -0.035223271943812827 0.0086849875325051562 0.032307743875921634 0.023154999034442982 -0.03358764765668986 0.037398722296475104 -0.03504476044270987 0.030226622049688446 -0.027950704802646359 0.034728729298001332 -0.040148476971729852 0.013050725157770197 -0.020486922849108656 -0.0013362768428449936
leaf_weight=4.7401748374104491 8.3936363309621793 37.330427169799805 13.019153304398058 29.118976846337318 7.0839297473430625 8.7300247699022275 7.9416111633181599 6.8316465318202964 15.548320204019545 8.9556842893362028 4.7446764707565299 14.86518384516239 38.125065818428993 59.092978909611702
leaf_count=27 127 151 60 144 33 45 47 25 61 42 17 54 223 258
internal_value=2.98173e-05 0.00118511 0.0066151 0.00864568 0.00466447 0.00851933 -0.00183087 -0.00202378 -0.0123862 0.00193568 -0.00345298 -0.0022877 -0.00594227 -0.0088464
internal_weight=264.521 256.128 95.1379 90.3977 77.3785 70.2946 41.1756 160.99 32.4456 16.8973 154.158 149.414 112.083 97.218
internal_count=1314 1187 459 432 372 339 195 728 150 89 703 686 535 481
is_linear=0
shrinkage=0.05


Tree=151
num_leaves=15
num_cat=0
split_feature=6 10 13 22 11 34 17 20 20 18 33 8 13 3
split_gain=2.48828 2.28844 2.28639 1.86202 2.06859 2.407 4.97809 3.68926 4.89957 3.11151 2.80144 3.84228 4.97585 3.54938
threshold=0.023898353680357951 0.99485090409975452 0.017523400065553054 -1.0000000180025095e-35 0.050486615840894554 0.92500000000000016 0.75938510924351332 -0.59133173414317863 -0.79731676533071039 0.90746127031821344 69.500000000000014 52.083333333333343 2.566956901206964 6.1642470308528727
decision_type=2 2 2 2 2 2 2 2 2 2 2 2 2 2
left_child=-1 2 -2 -4 -5 9 7 8 -7 10 11 -6 -13 -12
right_child=1 -3 3 4 5 6 -8 -9 -10 -11 13 12 -14 -15
leaf_value=-0.028743408112257892 0.04964488591727944 -0.031391896788472283 0.026217775515727182 0.037844327282553547 -0.01712564883215997 -0.0117673220829552 -0.030374743986110675 -0.013784234682616379 0.067332591712994078 0.014938337602006475 -0.002117789707195498 -0.014405548747628026 0.024818459649449967 0.027254311093693636
leaf_weight=6.9636359848082057 2.5346201509237281 5.1195491328835478 7.5579797998070708 3.7230793461203566 41.977483104914427 3.5018662214279175 17.621773429214954 9.4451034106314165 4.4396680966019657 39.793359130620956 27.768248751759529 15.69618698209524 16.675132796168327 16.33650416135788
leaf_count=58 8 40 31 23 297 34 128 80 18 197 142 96 82 80
internal_value=0.000666261 0.00163142 0.00244788 0.00186301 0.000928531 0.000217345 -0.0116464 0.00733513 0.032453 0.00284193 -0.00122174 -0.00714407 0.00579954 0.00876171
internal_weight=219.154 212.191 207.071 204.536 196.978 193.255 35.0084 17.3866 7.94153 158.247 118.454 74.3488 32.3713 44.1048
internal_count=1314 1256 1216 1208 1177 1154 260 132 52 894 697 475 178 222
is_linear=0
shrinkage=0.05


Tree=152
num_leaves=15
num_cat=0
split_feature=35 25 4 5 34 2 33 12 18 8 8 30 8 33
split_gain=12.7839 2.11547 1.9273 1.81691 2.57097 3.20345 2.56531 2.05027 1.72009 2.05517 4.48368 5.24486 3.91725 3.20581
threshold=-1.0000000180025095e-35 -2.3292613211936213 9.4949212663065037 21.36900102713324 0.7279500000000001 -1.6930165563360964 66.500000000000014 0.27195654604099095 -0.46373115613870869 14.583333333333334 7.0833333333333348 7.5000000000000009 28.750000000000004 46.500000000000007
decision_type=2 2 2 2 2 2 2 2 2 2 2 2 2 2
left_child=-1 -2 -3 8 5 -5 -6 -7 -4 10 11 -10 -11 -14
right_child=1 2 3 4 6 7 -8 -9 9 12 -12 -13 13 -15
leaf_value=-0.034866119756155937 0.027477158207781033 -0.028321814927448508 -0.020726692091941216 -0.027581283618558203 -0.040608538536712049 0.043123073043743354 0.011098627769916197 0.014911796651118584 0.044972220302622629 0.029255399680460616 -0.031904490618154563 -0.022636601249724619 0.033601561159426162 -0.0022596055311077585
leaf_weight=24.32276825979352 8.8523501157760602 4.9503831714391699 9.1823255568742734 3.7116790860891333 4.3134478181600553 8.2538367360830289 5.4037498459219933 29.311503149569035 5.7598791718482989 14.20932015776634 12.59678867459297 5.7146240323781967 6.8085969090461722 73.593006283044815
leaf_count=421 54 43 35 16 23 34 33 110 23 56 47 25 25 369
internal_value=-0.000709274 0.0036029 0.0024531 0.00330487 0.0112847 0.016732 -0.0118541 0.0211104 0.000122389 0.00173546 -0.0113089 0.0113011 0.00505425 0.000777202
internal_weight=216.984 192.661 183.809 178.859 50.9942 41.277 9.7172 37.5653 127.865 118.682 24.0713 11.4745 94.6109 80.4016
internal_count=1314 893 839 796 216 160 56 144 580 545 95 48 450 394
is_linear=0
shrinkage=0.05


Tree=153
num_leaves=15
num_cat=0
split_feature=35 3 5 0 14 21 3 2 9 29 3 20 12 16
split_gain=4.15461 1.69952 1.6374 2.98298 2.73588 2.51441 1.77419 1.74463 4.14113 4.51782 5.67162 2.9672 2.63138 3.94022
threshold=1.0000000180025095e-35 12.812188975329031 30.783289334109103 61.359091152791471 57.083333333333336 0.30551260244334039 7.897890652504409 -0.18332558153092288 0.67128410180955311 13.500000000000002 4.1288234704929936 -0.32891696841497037 0.69960375132791675 3.3540387421132136
decision_type=2 2 2 2 2 2 2 2 2 2 2 2 2 2
left_child=1 2 7 4 6 -6 -4 8 -1 10 -10 -11 -9 -14
right_child=-2 -3 3 -5 5 -7 -8 12 9 11 -12 -13 13 -15
leaf_value=0.032874250937022863 -0.035161228826854976 0.028267279357135761 -0.03937004573818733 0.022217785733828169 -0.029997868686756635 0.015141295854578036 0.0053039949583266978 -0.00507221273086262 0.020495876496875266 0.0034500246595649746 -0.03325321627753746 0.031039275617527493 -0.013031894781117796 0.02649892763169644
leaf_weight=13.81410491466522 8.1168022230267507 5.6612403318285933 12.116914398968222 6.1036104857921591 4.6758194118738166 9.0684433579444867 2.7216331660747519 102.74904142320156 7.3013610839843777 32.299607120454311 14.972760979086159 13.956587538123129 9.8145341500639933 17.621234253048897
leaf_count=73 127 30 88 30 21 40 15 421 38 153 100 65 45 68
internal_value=5.00878e-05 0.00118029 0.000560003 -0.00951254 -0.0162883 -0.000215118 -0.0311761 0.00220392 0.00789999 0.00286577 -0.0156345 0.0117744 -0.00139896 0.0123577
internal_weight=260.994 252.877 247.216 34.6864 28.5828 13.7443 14.8385 212.529 82.3444 68.5303 22.2741 46.2562 130.185 27.4358
internal_count=1314 1187 1157 194 164 61 103 963 429 356 138 218 534 113
is_linear=0
shrinkage=0.05


Tree=154
num_leaves=15
num_cat=0
split_feature=0 8 8 3 7 14 34 9 8 14 33 21 2 10
split_gain=2.42891 2.14098 2.72227 2.36218 7.32723 3.19584 3.10953 2.94862 2.53794 4.75557 2.54374 2.15281 4.93167 3.01354
threshold=2.2283230190822132 86.250000000000014 97.083333333333357 6.1642470308528727 0.0052043107549996507 25.416666666666671 0.92500000000000016 0.62726047477494418 30.416666666666671 20.416666666666671 60.000000000000007 0.38544117647051529 -0.86965254837752037 -0.061477316068511
decision_type=2 2 2 2 2 2 2 2 2 2 2 2 2 2
left_child=-1 3 -3 5 -5 -2 8 -7 9 10 -6 12 -9 -13
right_child=1 2 -4 4 6 7 -8 11 -10 -11 -12 13 -14 -15
leaf_value=-0.040334919440772783 -0.039326643733270224 0.031687648102417511 -0.010902371650112345 0.051192165041283821 -0.024303296777023895 -0.033700896867263477 -0.035706860106007147 0.051527988577285772 -0.017683810141848416 0.056930717082941687 0.011591945165734497 -0.013309658677525838 0.00079148504962372123 0.0043165749490024835
leaf_weight=3.5520366393029681 6.0122392140328875 11.844459600746633 5.4914445690810672 8.5150712281465513 6.2692513205111053 6.9733707830309859 5.1760630402714005 6.1388841196894672 9.4486107975244504 4.9477218724787226 23.201059229671955 44.943730976432562 21.790037427097559 52.663941469043493
leaf_count=31 49 51 35 39 57 50 74 31 57 24 118 284 121 293
internal_value=0.000671532 0.00135403 0.0181965 -0.000135053 0.00837864 -0.0036726 0.000945113 -0.00205491 0.00526988 0.0115712 0.00395591 -0.000297021 0.0119436 -0.00379947
internal_weight=216.968 213.416 17.3359 196.08 57.5578 138.522 49.0427 132.51 43.8666 34.418 29.4703 125.537 27.9289 97.6077
internal_count=1314 1283 86 1197 369 828 330 779 256 199 175 729 152 577
is_linear=0
shrinkage=0.05


Tree=155
num_leaves=15
num_cat=0
split_feature=35 25 4 0 8 2 2 20 16 25 9 16 4 8
split_gain=12.1631 2.01507 1.82328 1.56962 1.69219 2.93129 3.29713 2.45707 2.85093 2.50412 2.33191 2.86107 1.65296 5.43864
threshold=-1.0000000180025095e-35 -2.3292613211936213 9.4949212663065037 3.0885361983916755 76.250000000000014 -1.6391267916192123 -0.57407094400731051 0.57628247422401258 3.9546536574513111 0.36570338967966926 0.7360587729166651 3.9341765255019312 21.357626925918797 25.416666666666671
decision_type=2 2 2 2 2 2 2 2 2 2 2 2 2 2
left_child=-1 -2 -3 -4 5 -5 10 8 9 -6 11 -7 13 -8
right_child=1 2 3 4 7 6 12 -9 -10 -11 -12 -13 -14 -15
leaf_value=-0.034804442071522328 0.02698526535305322 -0.027937117540366919 0.026434260414362566 -0.022772023461582008 0.029427540172090358 0.031960379307778883 -0.019769745328400309 0.024138604007587022 -0.027143989155518675 -0.018278839285678732 0.035695440367038173 -0.01854328577089925 -0.0012091789690704606 0.028839092418389691
leaf_weight=23.34678390622139 8.6682662516832334 4.8493758030235758 6.9470181763172141 9.1254159733653051 5.5396301597356814 5.3330079689621943 8.4585713893175143 5.0036979317665091 16.439582385122776 5.4636732041835785 14.601544454693792 5.9141810387372971 76.102095112204552 17.999541670084
leaf_count=421 54 43 30 43 21 28 39 18 91 19 67 28 328 84
internal_value=-0.000742653 0.00343299 0.00230987 0.00313891 0.00218684 0.00460995 0.00655586 -0.00808422 -0.0139595 0.00573901 0.022515 0.00540372 0.00253359 0.013299
internal_weight=213.792 190.446 181.777 176.928 169.981 137.534 128.409 32.4466 27.4429 11.0033 25.8487 11.2472 102.56 26.4581
internal_count=1314 893 839 796 766 617 574 149 131 40 123 56 451 123
is_linear=0
shrinkage=0.05


Tree=156
num_leaves=15
num_cat=0
split_feature=35 30 2 8 8 9 2 0 9 9 2 19 18 14
split_gain=3.99967 1.60318 2.7555 2.68779 3.12756 4.25023 3.81708 3.80928 2.52501 3.25113 2.46964 2.25931 4.76138 2.97233
threshold=1.0000000180025095e-35 5.5000000000000009 2.4574496392560188 6.2500000000000009 17.916666666666668 0.75675802094099975 -0.33216343655184427 53.734239406747342 0.74831899834216353 0.72933618920045529 1.903746892655138 1.6631775828871431 0.69594608239380251 68.750000000000014
decision_type=2 2 2 2 2 2 2 2 2 2 2 2 2 2
left_child=1 3 10 -1 -5 6 -6 8 9 -8 11 12 -3 -13
right_child=-2 2 -4 4 5 -7 7 -9 -10 -11 -12 13 -14 -15
leaf_value=-0.031212162619029905 -0.035098087603875602 -0.0045384986641915041 0.029466845247752966 0.03133981432199439 0.022394328428664585 -0.032846079581535396 -0.00016413955352059169 0.035677199729720548 0.014328306922417697 -0.036495891316218547 -0.039146033459625834 -0.0010997561655867565 0.019917091455520258 -0.043639608695557358
leaf_weight=4.5154315605759612 7.8415186032652846 105.26234964281321 6.7077791839838019 12.652670301496981 28.075798667967319 6.9274174943566313 13.864765226840975 5.8352157473564139 9.2158761247992498 11.076708942651747 4.6526675075292578 9.5299765914678591 24.543589621782303 7.2150214910507193
leaf_count=27 127 521 25 60 144 33 79 31 44 41 17 36 96 33
internal_value=6.4214e-05 0.00116679 -0.00189166 0.00640704 0.00834509 0.00446561 0.00826288 -0.00165776 -0.00803582 -0.0162994 -0.0032828 -0.00214422 8.55422e-05 -0.0194292
internal_weight=257.917 250.075 157.911 92.1639 87.6485 74.9958 68.0684 39.9926 34.1574 24.9415 151.204 146.551 129.806 16.745
internal_count=1314 1187 728 459 432 372 339 195 164 120 703 686 617 69
is_linear=0
shrinkage=0.05


Tree=157
num_leaves=15
num_cat=0
split_feature=6 10 35 34 8 30 19 13 18 3 9 28 13 31
split_gain=2.34069 2.13496 1.99054 3.78982 3.88024 2.2936 2.56016 3.91511 3.27357 2.51608 3.83558 3.48124 3.4209 4.14335
threshold=0.023898353680357951 0.99485090409975452 1.0000000180025095e-35 0.92500000000000016 25.416666666666671 5.5000000000000009 -2.0429717024530953 5.8386346744048572 -1.4325594614224011 4.261465222996768 0.75030829580318248 1.0000000180025095e-35 2.566956901206964 0.48500000000000004
decision_type=2 2 2 2 2 2 2 2 2 2 2 2 2 2
left_child=-1 2 5 4 -4 -2 7 -7 -8 10 11 -10 -11 -14
right_child=1 -3 3 -5 -6 6 8 -9 9 12 -12 -13 13 -15
leaf_value=-0.028387364303241139 -0.0081170177626319062 -0.031008125639467865 -0.0058988580911802924 -0.027772834005767907 0.039676049268962205 -0.027193759039500928 0.029935207137338105 0.030870516260511967 -0.014067603040216412 0.00080762538923259762 -0.039404630224686932 0.030855665374731063 0.068759747752060937 0.01431198184498373
leaf_weight=6.7202510051429263 53.662242669612169 4.9032483324408522 7.0518094748258653 4.1992160230875006 13.829298362135885 12.821589037775995 13.659599583595989 3.7528643757104865 11.452606372535234 45.280966050922871 7.5902234688401213 6.9172381088137618 4.2975376807153252 18.688726603984833
leaf_count=58 421 40 29 16 72 85 60 26 76 235 58 27 17 94
internal_value=0.000656091 0.00159397 0.00238065 0.0155688 0.0242848 0.00052372 0.00424923 -0.0140466 0.00705997 0.00374388 -0.00950555 0.00284843 0.00878226 0.0244916
internal_weight=214.827 208.107 203.204 25.0803 20.8811 178.124 124.461 16.5745 107.887 94.2273 25.9601 18.3698 68.2672 22.9863
internal_count=1314 1256 1216 117 101 1099 678 111 567 507 161 103 346 111
is_linear=0
shrinkage=0.05


Tree=158
num_leaves=15
num_cat=0
split_feature=35 17 4 18 5 7 9 19 2 8 8 30 8 33
split_gain=11.5933 2.1246 1.79164 3.28195 2.71753 2.28374 2.32201 2.21264 1.91454 1.58192 4.45562 4.95979 3.504 2.60406
threshold=-1.0000000180025095e-35 0.050717938117047702 13.337412195061727 -1.6941240454007231 21.36900102713324 0.0030986989616960006 0.76341129483774106 -1.5641560000570547 -1.3011122533503454 13.750000000000002 7.0833333333333348 7.5000000000000009 32.083333333333336 46.500000000000007
decision_type=2 2 2 2 2 2 2 2 2 2 2 2 2 2
left_child=-1 -2 3 -3 9 -6 8 -5 -7 10 11 -4 -11 -14
right_child=1 2 4 7 5 6 -8 -9 -10 12 -12 -13 13 -15
leaf_value=-0.03474295501016901 0.032542262179500202 0.025453296504597062 0.044331671534802497 0.007381294427001122 -0.0081353356393247984 0.0060715375816117233 -0.001870793835372012 -0.039145823174091647 0.037649596955665589 0.021935213267079041 -0.033326612439338342 -0.022300177263094027 0.02869719376114039 -0.0041852577321647598
leaf_weight=22.412780728191137 6.0114693045616141 4.1205167770385769 5.5651794373989123 3.5658499300479898 8.3693183511495572 6.6158978492021552 8.1642174422740919 9.0164285227656329 17.486712254583839 19.572791680693626 11.623632252216337 5.6061635166406631 6.5371123999357215 76.248422883450985
leaf_count=421 35 24 23 21 35 39 30 58 72 79 45 25 25 382
internal_value=-0.00074678 0.00329531 0.00233189 -0.0132765 0.00390438 0.0151386 0.0211754 -0.0259599 0.0289818 0.000256724 -0.0116552 0.0108935 0.00290949 -0.00158871
internal_weight=210.916 188.504 182.492 16.7028 165.789 40.6361 32.2668 12.5823 24.1026 125.153 22.795 11.1713 102.358 82.7855
internal_count=1314 893 858 103 755 176 141 79 111 579 93 48 486 407
is_linear=0
shrinkage=0.05


Tree=159
num_leaves=15
num_cat=0
split_feature=35 17 4 29 16 34 2 5 20 19 0 17 16 16
split_gain=3.7967 1.53007 2.87149 1.98286 6.26203 3.77787 3.40687 2.88201 3.04873 2.76378 2.42876 2.78718 2.66216 2.43912
threshold=1.0000000180025095e-35 0.99038482546941065 34.945728733594386 13.500000000000002 3.7366159808685349 0.80000000000000016 1.7950556988307829 11.717619510750842 -0.57203772824617538 -0.99629142125823023 59.972214007875714 0.13266300890682312 5.3041697194580477 4.5990458014420517
decision_type=2 2 2 2 2 2 2 2 2 2 2 2 2 2
left_child=1 2 3 4 6 10 -1 -6 -9 -10 11 12 13 -5
right_child=-2 -3 -4 5 7 -7 -8 8 9 -11 -12 -13 -14 -15
leaf_value=-0.036273775009061253 -0.03502958141494885 0.029015402249876861 -0.026941076534331001 -0.013021455410046567 -0.031770635793671266 0.03874985402514091 0.020684006754239388 -0.018653543866724222 -0.016227613254106047 0.02370100535267702 0.028035657510632406 0.0047072462163336125 -0.042990878015662787 0.025993757764474247
leaf_weight=18.189266074448827 7.4918760843574992 4.8129689246416083 9.1436017230153066 19.730512633919723 4.6986594498157492 7.6654668748378745 3.0682155191898337 7.5672572627663603 5.2367298156023052 25.136713519692421 9.0223274827003461 122.39536073803902 5.7035684995353213 5.0264957696199408
leaf_count=155 127 21 41 98 26 32 17 48 21 101 45 531 32 19
internal_value=3.74991e-05 0.00109943 0.000545564 0.00162218 -0.00588417 0.00445115 -0.0280527 0.00516776 0.0097423 0.0168169 0.00282699 0.00133905 -0.0121949 -0.00510007
internal_weight=254.889 247.397 242.584 233.441 63.8968 169.544 21.2575 42.6394 37.9407 30.3734 161.878 152.856 30.4606 24.757
internal_count=1314 1187 1166 1125 368 757 172 196 170 122 725 680 149 117
is_linear=0
shrinkage=0.05


Tree=160
num_leaves=15
num_cat=0
split_feature=6 10 13 13 25 11 6 2 11 10 9 2 17 4
split_gain=2.21333 2.0234 1.84349 2.86796 3.01695 2.29233 2.17153 2.73369 2.72058 2.39753 2.27041 2.17091 2.05583 2.5301
threshold=0.023898353680357951 0.99485090409975452 0.055772712657023861 0.50916021885779028 2.066127243034281 0.02057853203888205 0.095665765645885567 -0.95625436758689986 0.33561114887560245 0.91339531665360096 0.74792131633427839 1.6537839953514057 0.17152637812455071 10.762840799386758
decision_type=2 2 2 2 2 2 2 2 2 2 2 2 2 2
left_child=-1 2 -2 -4 5 -5 7 -7 -8 11 -9 12 13 -10
right_child=1 -3 3 4 -6 6 8 10 9 -11 -12 -13 -14 -15
leaf_value=-0.0279600137366805 0.029197284689567584 -0.030694269347601194 -0.020762048306747074 0.051398995853120313 0.030505842250484347 0.052299108970221359 -0.01970416446945257 -0.0084692514997449005 -0.0046564180064354857 -0.037039993824777809 0.025453770483496577 0.034314633610400561 -0.0041391542663189616 0.019302897974799192
leaf_weight=6.5672182515263549 6.1694543510675421 4.7601464726030818 13.540101069957016 2.2781848683953276 9.5105255395174009 4.0533834248781231 17.784966636449099 10.652823317795994 18.800431907176971 3.9790822118520728 9.1852091327309591 5.1056820228695861 73.663112875074148 26.620721604675055
leaf_count=58 25 40 89 12 44 20 122 73 92 23 53 22 491 150
internal_value=0.000615309 0.00152582 0.00228757 0.00143695 0.0030918 0.00157706 0.000908785 0.0148825 -0.0013786 0.00116429 0.00723745 0.00238837 0.00101954 0.00938581
internal_weight=212.671 206.104 201.344 195.174 181.634 172.124 169.845 23.8914 145.954 128.169 19.838 124.19 119.084 45.4212
internal_count=1314 1256 1216 1191 1102 1058 1046 146 900 778 126 755 733 242
is_linear=0
shrinkage=0.05


Tree=161
num_leaves=15
num_cat=0
split_feature=35 17 0 8 5 34 2 3 21 5 20 2 9 18
split_gain=11.1557 2.00431 1.72939 1.71504 3.07724 2.0731 2.05532 2.02099 3.15825 2.65595 2.30372 2.75357 3.14437 2.61096
threshold=-1.0000000180025095e-35 0.050717938117047702 3.0885361983916755 76.250000000000014 12.064877739325704 0.59410000000000007 -0.048940743928077297 6.3880894376867046 5.7834612105710557 31.094876723883932 1.1538115531011448 -0.47743653446507894 0.7360587729166651 0.41889293284122531
decision_type=2 2 2 2 2 2 2 2 2 2 2 2 2 2
left_child=-1 -2 -3 7 -5 6 -6 9 -9 10 11 12 -4 -13
right_child=1 2 3 4 5 -7 -8 8 -10 -11 -12 13 -14 -15
leaf_value=-0.034689682627964923 0.031989705476964822 0.026188969351748616 -0.0019046467525025334 0.028760440681656192 -0.027007666320258569 -0.029430448829334894 0.012821184609371717 -0.010080249224310271 0.034940787466706001 0.036561763161296938 0.024102718552883887 -0.023190022782736391 0.034403449346544754 0.002093530202248443
leaf_weight=21.602408736944199 5.8812694028019896 7.2883151024579993 12.024973101913924 4.589782506227496 5.1420853286981592 13.500900328159332 8.7523493021726591 37.948189850896597 4.341041460633277 7.3292361646890631 13.814007468521593 13.661569200456148 11.828743554651735 40.425979368388653
leaf_count=421 35 33 60 24 28 70 29 197 23 42 52 63 54 183
internal_value=-0.000674655 0.00326473 0.00232954 0.00132644 -0.00912905 -0.015477 -0.00191877 0.00369195 -0.00545878 0.00759748 0.00528386 0.00194848 0.0161001 -0.00429265
internal_weight=208.131 186.528 180.647 173.359 31.9851 27.3953 13.8944 141.374 42.2892 99.0845 91.7553 77.9413 23.8537 54.0875
internal_count=1314 893 858 825 151 127 57 674 220 454 412 360 114 246
is_linear=0
shrinkage=0.05


Tree=162
num_leaves=15
num_cat=0
split_feature=35 3 17 4 9 14 8 17 12 0 17 25 1 5
split_gain=3.64943 1.55758 1.49107 2.55713 2.17371 3.09751 3.59722 2.94283 2.40308 2.40783 3.48927 2.92071 2.50873 2.06709
threshold=1.0000000180025095e-35 13.604199111674006 0.99038482546941065 34.945728733594386 0.66148521656213999 87.083333333333357 42.083333333333343 0.2635658336516597 0.48750871991627737 37.571653299386092 0.1153015687547496 -1.4058950570312965 38.338684633359165 13.121419307034023
decision_type=2 2 2 2 2 2 2 2 2 2 2 2 2 2
left_child=1 2 3 4 5 6 -1 -8 9 12 11 -11 -6 -10
right_child=-2 -3 -4 -5 8 -7 7 -9 13 10 -12 -13 -14 -15
leaf_value=-0.017194069113667526 -0.034971137882738465 0.030238238070133695 0.028244245707388673 -0.026166894145062371 -0.031412376243699108 -0.015729593843262717 -0.0091796112787176642 0.036540681725251767 -0.023627246098325942 0.010394653080407901 0.021807057723615953 -0.036379143927774686 0.0010618861040057983 -0.0036285633575891272
leaf_weight=5.3742365539073971 7.232767838984727 4.4917385503649703 4.7541195154190055 9.0061455070972425 6.7598727606236926 7.841041460633277 4.3105075694620636 19.180462248623371 15.729772407561539 8.3825408890843374 31.625955529510975 5.5454483628273001 49.472508698701859 72.361600063741207
leaf_count=24 127 26 21 41 36 28 17 96 84 45 151 22 245 351
internal_value=3.20921e-05 0.00106613 0.000520942 -3.85043e-05 0.00100003 0.0121385 0.0197086 0.0281512 -0.00115319 0.00407967 0.0126238 -0.0082284 -0.00284195 -0.00719957
internal_weight=252.069 244.836 240.344 235.59 226.584 36.7062 28.8652 23.491 189.878 101.786 45.5539 13.928 56.2324 88.0914
internal_count=1314 1187 1161 1140 1099 165 137 113 934 499 218 67 281 435
is_linear=0
shrinkage=0.05


Tree=163
num_leaves=15
num_cat=0
split_feature=0 8 8 3 7 14 34 9 8 14 13 21 2 20
split_gain=2.18476 1.94488 2.36873 2.21394 6.7632 2.9873 2.87266 2.69289 2.30027 4.33525 2.1693 2.40968 4.46295 3.57646
threshold=2.2283230190822132 86.250000000000014 97.083333333333357 6.1642470308528727 0.0052043107549996507 25.416666666666671 0.92500000000000016 0.62726047477494418 30.416666666666671 20.416666666666671 0.055772712657023861 0.38544117647051529 -0.86965254837752037 0.29562843875659967
decision_type=2 2 2 2 2 2 2 2 2 2 2 2 2 2
left_child=-1 3 -3 5 -5 -2 8 -7 9 -6 -9 12 -12 -13
right_child=1 2 -4 4 6 7 -8 10 -10 -11 11 13 -14 -15
leaf_value=-0.039754347684422625 -0.039148331603707412 0.029951408595226867 -0.01032042123349493 0.049297089662665758 0.0037692216412726974 -0.033155419038563949 -0.035575675256298671 0.036027189280131759 -0.017151090219771212 0.05546434248239749 0.049321017054020283 -0.012147452584760016 0.00061561877487019965 0.0092698604928620875
leaf_weight=3.2982796728610984 5.6787282377481452 11.753365099430086 5.2969139851629725 8.4831405989825708 28.660135064274073 6.6201821230351916 4.8642362281680098 3.9517709091305724 9.2012782990932447 4.7240851782262316 6.0434591248631504 63.054177600890398 21.210726711899042 28.214391876012087
leaf_count=31 49 51 35 39 175 50 74 17 57 24 31 413 121 147
internal_value=0.000620254 0.00126123 0.0174404 -0.000185285 0.00817727 -0.00365586 0.000825805 -0.00209459 0.00498369 0.0110844 -0.000415643 -0.00163072 0.0114158 -0.00552659
internal_weight=211.055 207.757 17.0503 190.706 55.9329 134.773 47.4497 129.095 42.5855 33.3842 122.475 118.523 27.2542 91.2686
internal_count=1314 1283 86 1197 369 828 330 779 256 199 729 712 152 560
is_linear=0
shrinkage=0.05


Tree=164
num_leaves=15
num_cat=0
split_feature=35 17 4 18 1 33 19 17 17 17 5 14 5 5
split_gain=10.691 1.88247 1.66892 3.04805 2.54676 2.71697 2.51872 2.23626 3.14331 2.81964 2.69395 3.5956 2.98342 2.80698
threshold=-1.0000000180025095e-35 0.050717938117047702 13.337412195061727 -1.6941240454007231 45.513109861954526 46.500000000000007 -0.61974202389182109 0.64599739093449282 0.70440184994861865 0.74044806412734532 11.993909226200417 42.916666666666679 15.809785691539341 9.9465504597817418
decision_type=2 2 2 2 2 2 2 2 2 2 2 2 2 2
left_child=-1 -2 3 -3 5 -4 -6 -8 -9 -10 13 -12 -13 -11
right_child=1 2 4 -5 6 -7 7 8 9 10 11 12 -14 -15
leaf_value=-0.034638306832080433 0.03126317177619288 0.024589805812846924 -0.017510678956648554 -0.02545212701135768 -0.025830518581451592 0.023342575499893384 0.018029039756634835 -0.025742628684072705 0.039979041988834056 -0.0036165051665993844 -0.029469138185142831 -0.0085388861109838756 0.021909666637314067 0.023678720016212459
leaf_weight=20.823713788762689 5.7704021781682959 4.049847990274432 4.8413778319954899 12.238932110369204 8.3339509069919568 25.535704769194126 19.66938229650259 10.913218215107916 4.7907300144433966 17.955328159034252 13.123253569006918 25.853403329849243 11.679156981408594 19.812067918479443
leaf_count=421 35 24 19 79 33 115 89 46 18 89 69 136 50 91
internal_value=-0.000676745 0.00315496 0.00224781 -0.0130103 0.00377719 0.0168315 0.000775966 0.00256711 -0.000353616 0.00261886 0.000594698 -0.00694104 0.000935912 0.0107021
internal_weight=205.39 184.567 178.796 16.2888 162.508 30.3771 132.13 123.797 104.127 93.2139 88.4232 50.6558 37.5326 37.7674
internal_count=1314 893 858 103 755 134 621 588 499 453 435 255 186 180
is_linear=0
shrinkage=0.05


Tree=165
num_leaves=15
num_cat=0
split_feature=35 3 17 4 9 14 8 17 12 16 16 17 7 4
split_gain=3.51783 1.47594 1.39561 2.42281 1.99913 2.92207 3.158 2.49145 2.23572 2.13132 2.87518 2.6742 2.86928 2.44741
threshold=1.0000000180025095e-35 13.604199111674006 0.99038482546941065 34.945728733594386 0.66148521656213999 93.750000000000014 42.083333333333343 0.2635658336516597 0.48750871991627737 3.7366159808685349 3.0470006236177265 0.044071015251997157 0.0025060563816963004 12.529918362120195
decision_type=2 2 2 2 2 2 2 2 2 2 2 2 2 2
left_child=1 2 3 4 5 6 -1 -8 9 10 -6 -11 -13 -14
right_child=-2 -3 -4 -5 8 -7 7 -9 -10 11 -12 12 13 -15
leaf_value=-0.01679209002805512 -0.034920004108802027 0.029766584739028903 0.02746151353449322 -0.025632330680346926 0.0046249414692932722 -0.019928100492378462 -0.0089745569535063224 0.032961442272693708 -0.0069195511482255563 -0.029599139405336813 -0.026403971050378613 -0.017714452165077992 0.033237305090546169 0.0093304914620855675
leaf_weight=5.3166386336088207 6.9918608833104363 4.3945203050971022 4.7129375934600821 8.8822300359606725 20.696305885910988 6.0486683398485175 4.284969303756955 20.419705137610435 87.512280415743589 4.2109166160225859 11.678458869457243 7.4183808267116538 14.306901752948759 42.527258839458227
leaf_count=24 127 26 21 41 120 21 17 103 435 18 61 37 64 199
internal_value=4.52455e-05 0.00105375 0.000523622 -2.0549e-05 0.000993127 0.0117769 0.0181648 0.0256877 -0.00107201 0.00400277 -0.00656803 0.00900146 0.0115312 0.0153486
internal_weight=249.402 242.41 238.016 233.303 224.42 36.07 30.0213 24.7047 188.351 100.838 32.3748 68.4635 64.2525 56.8342
internal_count=1314 1187 1161 1140 1099 165 144 120 934 499 181 318 300 263
is_linear=0
shrinkage=0.05


Tree=166
num_leaves=15
num_cat=0
split_feature=6 35 34 8 30 8 9 14 21 3 9 9 12 6
split_gain=2.08915 1.79839 3.25163 4.15536 2.03539 2.41621 2.79358 3.25314 2.91067 2.77005 2.233 2.86101 2.49985 2.34431
threshold=0.023898353680357951 1.0000000180025095e-35 0.92500000000000016 25.416666666666671 5.5000000000000009 2.916666666666667 0.68988475795544668 87.083333333333357 5.5628964059147217 6.1642470308528727 0.73008026052440889 0.72646890913794282 0.12575301204825109 0.50657345824695998
decision_type=2 2 2 2 2 2 2 2 2 2 2 2 2 2
left_child=-1 4 3 -3 -2 -6 7 9 10 -7 11 -8 -12 -14
right_child=1 2 -4 -5 5 6 8 -9 -10 -11 12 -13 13 -15
leaf_value=-0.02757021400614126 -0.008481424539625625 -0.0066861662616800868 -0.02681829844413304 0.03910008730349445 -0.024932053095593737 -0.028566184356209154 0.016457213986243929 0.019326056215613757 -0.013501832984184026 0.0079854014086525281 -0.026608639736478385 0.057295810813828445 0.0041068601202637533 0.03044130445903321
leaf_weight=6.3888015393167725 53.280019205063581 7.9445936381816926 4.0935390442609778 13.170324146747587 7.1910959295928469 16.332240790128711 18.938085623085502 8.3228816092014295 11.669019747525452 7.5933299660682669 4.917271625250577 5.5441193394362918 32.327917296439409 11.442125312983988
leaf_count=58 435 34 16 72 53 116 109 30 71 37 40 22 163 58
internal_value=0.000581779 0.0014688 0.013966 0.0218728 -0.000305463 0.0031997 0.00492746 -0.0075993 0.00968908 -0.0169657 0.0133875 0.0257053 0.00719361 0.0109911
internal_weight=209.155 202.767 25.2085 21.1149 177.558 124.278 117.087 32.2485 84.8385 23.9256 73.1695 24.4822 48.6873 43.77
internal_count=1314 1256 122 106 1134 699 646 183 463 153 392 131 261 221
is_linear=0
shrinkage=0.05


Tree=167
num_leaves=15
num_cat=0
split_feature=35 25 4 1 16 4 5 21 34 12 8 8 30 8
split_gain=10.2373 1.82852 1.65002 2.11438 2.18982 1.60738 1.60932 3.5216 2.39824 1.54282 1.43813 3.84889 4.77788 3.75507
threshold=-1.0000000180025095e-35 -2.8651972245860362 9.6442601034725524 38.082859685690515 2.9152794489677532 14.556311330500442 21.36900102713324 0.94564195541180152 0.21540000000000004 0.64919133233891191 14.583333333333334 7.0833333333333348 7.5000000000000009 24.583333333333339
decision_type=2 2 2 2 2 2 2 2 2 2 2 2 2 2
left_child=-1 -2 -3 4 -4 -5 10 8 -8 -9 11 12 -7 -12
right_child=1 2 3 5 -6 6 7 9 -10 -11 13 -13 -14 -15
leaf_value=-0.034586958146734702 0.038056472253456528 -0.024483356792052241 -0.016636932005296534 -0.022710082023499306 0.026951964341919654 0.043809945216737922 -0.035000460563110562 0.036641061041172172 0.014357775134095724 0.0045307194592432432 0.029890046717052188 -0.030560495631008017 -0.022712275499953864 -0.001001662079046052
leaf_weight=20.033669134601951 3.6582978144288054 5.5522084459662429 3.5350006073713329 6.6882131323218337 15.582871966063975 5.37300803512335 4.9857856333255786 12.12107738107443 4.8598558306694031 5.4106430858373633 11.10312135517597 12.244228854775427 5.4242057502269745 86.285548500716686
leaf_count=421 27 47 17 34 78 23 18 50 26 22 45 49 25 432
internal_value=-0.000655466 0.00306271 0.00234819 0.00320627 0.0188921 0.00126524 0.00235011 0.0132926 -0.010637 0.0267312 -0.00013743 -0.0113706 0.0103911 0.00252025
internal_weight=202.858 182.824 179.166 173.614 19.1179 154.496 147.807 27.3774 9.84564 17.5317 120.43 23.0414 10.7972 97.3887
internal_count=1314 893 866 819 95 724 690 116 44 72 574 97 48 477
is_linear=0
shrinkage=0.05


Tree=168
num_leaves=15
num_cat=0
split_feature=35 32 27 30 9 5 29 19 8 35 19 3 34 16
split_gain=3.33865 1.42034 2.56483 3.38184 2.78349 2.65185 2.54843 1.75938 1.67588 3.21374 2.44244 2.53156 2.60952 2.38746
threshold=1.0000000180025095e-35 1.175 1.0000000180025095e-35 11.500000000000002 0.66061447717611255 25.981723319049117 16.500000000000004 1.3366649052436761 15.416666666666668 -1.0000000180025095e-35 -2.3510123090957036 3.7082910769275066 0.54410000000000014 5.3444670988127241
decision_type=2 2 2 2 2 2 2 2 2 2 2 2 2 2
left_child=1 2 3 5 -4 7 -6 -1 9 -3 -10 12 -12 -13
right_child=-2 8 4 -5 6 -7 -8 -9 10 -11 11 13 -14 -15
leaf_value=0.032468284632546966 -0.034858518237322896 -0.0084678684424252821 0.013313831926619658 -0.038006823977551625 -0.035278324202063012 -0.0088244716794349462 0.0017640948702729456 -0.0020953935986182527 0.031994824152105854 0.023737922023111008 0.0038338996926144051 -0.0020045073811276615 0.039982383175839464 -0.035285578523831303
leaf_weight=12.367818146944051 6.6718199066817752 11.578828439116476 6.1712050437927273 4.1935868412256232 16.068742085248235 11.337558664381502 6.5300856530666342 5.2424070537090293 6.0372608080506316 23.401177681982517 17.76952221989632 106.79979419335723 6.9433235973119727 5.6750070154666892
leaf_count=55 127 69 30 33 117 53 30 23 29 105 75 502 38 28
internal_value=2.99724e-05 0.000999376 -0.00552487 0.00395711 -0.0164475 0.0100363 -0.0245747 0.022179 0.00326601 0.0130774 0.000869761 -0.00049997 0.0139902 -0.00368373
internal_weight=246.788 240.116 61.9114 33.1414 28.77 28.9478 22.5988 17.6102 178.205 34.98 143.225 137.188 24.7128 112.475
internal_count=1314 1187 341 164 177 131 147 78 846 174 672 643 113 530
is_linear=0
shrinkage=0.05


Tree=169
num_leaves=15
num_cat=0
split_feature=6 10 22 14 35 8 30 8 9 14 31 16 18 10
split_gain=1.96866 1.85868 1.71936 3.64554 2.5574 1.88123 1.83272 2.09447 2.58369 2.76316 2.66835 2.48825 2.1353 2.25045
threshold=0.023898353680357951 0.99485090409975452 1.0000000180025095e-35 43.750000000000007 1.0000000180025095e-35 25.416666666666671 5.5000000000000009 2.916666666666667 0.68988475795544668 87.083333333333357 0.48500000000000004 3.2537368798237547 -1.9010494109077565 0.95190782430309551
decision_type=2 2 2 2 2 2 2 2 2 2 2 2 2 2
left_child=-1 2 4 -4 6 -6 -2 -8 9 11 -10 -9 -12 -14
right_child=1 -3 3 -5 5 -7 7 8 10 -11 12 -13 13 -15
leaf_value=-0.027070331172614107 -0.0067861465257971253 -0.030221498326458492 0.023749155364777466 -0.043614827547823865 -0.0027381925195724063 0.03162467810586931 -0.023168876110550147 0.0079389554861382834 0.029648116767155348 0.018395711750096237 0.039377606528828171 -0.027374329827080292 0.0015128017897570213 0.039628529017901808
leaf_weight=6.2542927283793679 50.185276350006461 4.5377596057951441 3.1262288689613325 5.6167452372610569 5.809928052127364 12.665896810591219 6.4204613380134097 7.5481094233691755 15.302291370928286 8.3056893870234472 4.5970149114727894 14.709601834416388 57.920785728842027 4.1500536799430838
leaf_count=58 398 40 20 41 26 69 46 37 67 30 28 105 333 16
internal_value=0.000555102 0.00141514 0.00214625 -0.0195275 0.00315626 0.0208189 0.00122689 0.00460749 0.00619224 -0.00621503 0.0108184 -0.0153988 0.00649642 0.00406122
internal_weight=207.15 200.896 196.358 8.74297 187.615 18.4758 169.139 118.954 112.534 30.5634 81.9701 22.2577 66.6679 62.0708
internal_count=1314 1256 1216 61 1155 95 1060 662 616 172 444 142 377 349
is_linear=0
shrinkage=0.05


Tree=170
num_leaves=15
num_cat=0
split_feature=35 17 0 8 4 5 5 34 8 8 7 30 14 16
split_gain=9.83623 1.7144 1.55926 1.62563 2.85613 2.76042 2.14323 1.92021 1.84933 3.20548 3.08378 3.04865 2.5576 3.4008
threshold=-1.0000000180025095e-35 0.050717938117047702 3.0885361983916755 76.250000000000014 10.429902620431294 12.064877739325704 30.868402211798159 0.59410000000000007 13.750000000000002 7.0833333333333348 0.0065779185078937005 7.5000000000000009 12.083333333333334 3.236274728480462
decision_type=2 2 2 2 2 2 2 2 2 2 2 2 2 2
left_child=-1 -2 -3 4 -4 -5 8 -7 9 11 12 -6 -10 -14
right_child=1 2 3 5 6 7 -8 -9 10 -11 -12 -13 13 -15
leaf_value=-0.034539628435324925 0.030455930825414895 0.025201928929626295 -0.035185267394441971 0.027206679481319947 0.037148151007705327 -0.0020469181404937213 0.027178996636652859 -0.028896022110222172 0.036794975784507238 -0.025505722972587561 0.026430358520404252 -0.011487839636952851 -0.032654959885250009 0.0034664340565898916
leaf_weight=19.302461706101894 5.5158869773149481 7.0387217849493018 4.6059066690504542 4.4737794697284725 5.5733607336878794 13.554344713687897 9.9541046470403654 13.090959787368774 5.037009969353675 13.671346463263033 15.882232546806334 7.6373054757714272 7.2107183262705794 67.650083586573601
leaf_count=421 35 33 39 24 24 57 57 70 27 59 77 36 32 323
internal_value=-0.000611325 0.00300899 0.00214575 0.00118172 0.00352157 -0.00913602 0.0048659 -0.015238 0.00305518 -0.00853335 0.00630767 0.00903088 0.00230764 -1.28393e-05
internal_weight=200.198 180.896 175.38 168.341 137.222 31.1191 132.616 26.6453 122.662 26.882 95.78 13.2107 79.8978 74.8608
internal_count=1314 893 858 825 674 151 635 127 578 119 459 60 382 355
is_linear=0
shrinkage=0.05


Tree=171
num_leaves=15
num_cat=0
split_feature=35 3 32 7 2 30 8 3 7 3 33 17 4 9
split_gain=3.17832 1.35711 1.35738 2.64494 1.65166 2.4515 2.46258 2.102 2.99847 1.8058 1.77304 1.51953 3.88318 3.1183
threshold=1.0000000180025095e-35 13.604199111674006 1.175 0.0088340726124243509 0.038331776182588713 4.5000000000000009 47.916666666666679 3.5636376641196699 0.0044256207853925009 4.3423413673353837 77.000000000000014 0.5881075637563542 19.553624772247215 0.74376017404842487
decision_type=2 2 2 2 2 2 2 2 2 2 2 2 2 2
left_child=1 2 3 4 7 -6 -7 -1 -9 -10 -11 12 13 -4
right_child=-2 -3 11 -5 5 6 -8 8 9 10 -12 -13 -14 -15
leaf_value=-0.018822288141619646 -0.034801403187670311 0.029021372130463491 0.0091391781582671992 -0.04068759347477291 0.02084816735367169 -0.039493702082489944 -0.0036630280618603741 0.033702012811839412 0.028837872980386106 0.0069421631399519115 -0.03316965816133742 0.0082167785667287812 -0.023295651205105145 -0.012136068303013668
leaf_weight=7.3008696660399464 6.3838640265166751 4.2286196723580352 60.48075807839632 5.0456957854330531 4.3969490379095104 9.0612745359540003 10.185856714844702 9.4737913310527819 3.5009482502937308 5.7201855331659299 5.3145492039620876 72.326480984687805 16.711708903312683 24.080276470631361
leaf_count=38 127 26 311 38 20 56 46 43 16 40 35 330 69 119
internal_value=1.42913e-05 0.000948827 0.000440657 -0.00604245 -0.00286147 -0.0128364 -0.0205316 0.00467115 0.0118151 -0.00244993 -0.0123765 0.00268138 -0.00127187 0.00308067
internal_weight=244.212 237.828 233.599 60.0001 54.9544 23.6441 19.2471 31.3103 24.0095 14.5357 11.0347 173.599 101.273 84.561
internal_count=1314 1187 1161 332 294 122 102 172 134 91 75 829 499 430
is_linear=0
shrinkage=0.05


Tree=172
num_leaves=15
num_cat=0
split_feature=0 8 8 16 7 8 14 14 9 31 22 33 1 20
split_gain=1.65964 1.73924 2.18666 1.94115 5.84789 3.13142 3.99124 2.8219 2.38495 2.19493 2.27425 1.84343 2.13985 1.83142
threshold=3.0885361983916755 86.250000000000014 97.083333333333357 3.236274728480462 0.0052043107549996507 30.416666666666671 20.416666666666671 25.416666666666671 0.62726047477494418 0.72499999999999998 1.0000000180025095e-35 60.000000000000007 68.931156995113966 0.56430405049431986
decision_type=2 2 2 2 2 2 2 2 2 2 2 2 2 2
left_child=-1 3 -3 4 -2 6 11 -5 -9 10 -10 -6 13 -13
right_child=1 2 -4 7 5 -7 -8 8 9 -11 -12 12 -14 -15
leaf_value=-0.028734973260548271 0.046623660253271852 0.028713980709502724 -0.010547525816171396 -0.038835173136367022 -0.023667272783705409 -0.023466526448386593 0.050788658088862397 -0.032265909075788052 0.0046395801744450139 -0.01454947780016283 -0.030487036966522829 0.0073934899598042947 -0.024143486065549009 0.047417048742349054
leaf_weight=4.7323051542043677 8.2298179082572442 11.570325940847399 5.1138202100992194 5.4032508432865134 5.9518500529229668 10.273223731666802 4.7026228606700888 6.1607979200780383 92.139206325635314 22.187961135059595 4.8505110032856456 16.165863299742348 4.3900483623147002 3.4721083343029013
leaf_count=43 38 51 35 50 58 87 25 50 546 151 28 113 27 12
internal_value=0.00053202 0.00122241 0.01668 -0.000179757 0.00787378 0.000780038 0.00796206 -0.00345593 -0.00193075 -0.000362599 0.00288288 0.00124431 0.00741502 0.0144699
internal_weight=205.344 200.611 16.6841 183.927 53.1855 44.9557 34.6825 130.742 125.338 119.178 96.9897 29.9799 24.028 19.638
internal_count=1314 1271 86 1185 360 322 235 825 775 725 574 210 152 125
is_linear=0
shrinkage=0.05


Tree=173
num_leaves=15
num_cat=0
split_feature=35 25 4 5 34 34 9 14 2 8 5 8 8 8
split_gain=9.48576 1.69483 1.4791 1.7135 1.87382 2.75578 2.46128 2.42467 2.32078 2.31341 1.5491 1.58562 3.46385 3.39088
threshold=-1.0000000180025095e-35 -2.8651972245860362 9.6442601034725524 21.36900102713324 0.7279500000000001 0.21540000000000004 0.74393116658979019 28.750000000000004 0.16197955418141816 27.083333333333339 20.839881916611052 14.583333333333334 32.083333333333336 7.0833333333333348
decision_type=2 2 2 2 2 2 2 2 2 2 2 2 2 2
left_child=-1 -2 -3 10 5 6 8 -6 -5 -8 11 13 -13 -4
right_child=1 2 3 4 7 -7 9 -9 -10 -11 -12 12 -14 -15
leaf_value=-0.034496986650852393 0.037706927326228525 -0.023730829107009282 0.0097818419528548743 -0.021549889565148261 0.027121493389168801 0.034638567740081776 -0.0051462011074926272 -0.028999556312800562 0.019051076523447112 0.037728131026988132 -0.028376902098576507 0.024925114260067462 -0.00056467438931332705 -0.029270165323899745
leaf_weight=18.657065691426396 3.4435765221714965 5.2976754494011393 10.458509735763075 9.8430643975734728 2.885210417211054 12.718423023819922 4.9357212707400313 5.780571348965168 5.4787483364343634 8.6782645657658559 4.6729782894253722 16.134439244866371 76.625849340111017 11.864461466670035
leaf_count=421 27 47 48 42 26 63 22 31 19 36 19 68 396 49
internal_value=-0.000570895 0.00296881 0.00228671 0.00309712 0.0108394 0.0152403 0.00671395 -0.0103145 -0.00703186 0.0221841 -0.000156082 0.00098983 0.00386894 -0.010974
internal_weight=197.475 178.817 175.374 170.076 50.32 41.6542 28.9358 8.66578 15.3218 13.614 119.756 115.083 92.7603 22.323
internal_count=1314 893 866 819 239 182 119 57 61 58 580 561 464 97
is_linear=0
shrinkage=0.05


Tree=174
num_leaves=15
num_cat=0
split_feature=3 7 23 5 14 21 16 13 13 13 19 13 16 14
split_gain=1.38772 2.03734 1.89037 2.44534 2.15535 2.0634 1.65117 1.47287 2.29853 3.24621 2.59479 2.49611 3.33726 3.51779
threshold=12.812188975329031 0.014015221392352952 0.24734962405007582 30.783289334109103 57.083333333333336 0.30551260244334039 2.517723990031929 4.7283541816983439 4.0915974633387107 3.9089538307105296 -1.9693008351194827 2.566956901206964 3.9197207773464644 67.083333333333343
decision_type=2 2 2 2 2 2 2 2 2 2 2 2 2 2
left_child=1 2 -1 7 6 -6 -5 8 9 10 -4 -12 -13 -14
right_child=-2 -3 3 4 5 -7 -8 -9 -10 -11 11 12 13 -15
leaf_value=0.024707099016055292 0.02585881016722022 -0.037478231539303394 0.033078414641748231 0.0071462070021018273 -0.028779337025841286 0.013573895998382133 -0.03851843552178625 0.020192396595141462 -0.023657382989901304 0.038309992615105405 0.0025937298129576594 -0.032466733262948078 0.018443654259802898 -0.016467054260168753
leaf_weight=7.5218261480331412 5.0878148525953284 3.6736791953444472 5.79487770050764 2.4463396817445782 4.355151090770959 8.4657320678234083 10.374868176877497 9.6075388044118863 9.6429398301988822 5.7659312505275002 126.15856753475964 13.043819848448036 12.235082626342775 17.590164173394442
leaf_count=35 30 35 28 13 21 40 86 51 60 36 663 75 56 85
internal_value=2.20894e-05 -0.00053332 4.91779e-05 -0.000773386 -0.0153095 -0.000813157 -0.0298054 0.00109179 0.000127129 0.00139716 0.000179713 -0.000948174 -0.0113716 -0.00214578
internal_weight=241.764 236.677 233.003 225.481 25.6421 12.8209 12.8212 199.839 190.231 180.588 174.823 169.028 42.8691 29.8252
internal_count=1314 1284 1249 1214 160 61 99 1054 1003 943 907 879 216 141
is_linear=0
shrinkage=0.05


Tree=175
num_leaves=15
num_cat=0
split_feature=6 10 35 21 9 11 30 35 2 11 0 13 8 9
split_gain=1.86708 1.71196 1.61327 1.76993 2.11516 2.38463 2.86875 3.31148 3.77546 2.60437 3.38007 3.53695 2.81438 2.69064
threshold=0.023898353680357951 0.99485090409975452 1.0000000180025095e-35 6.8690476190484837 0.68988475795544668 0.18047767012118901 5.5000000000000009 -1.0000000180025095e-35 -0.33216343655184427 1.2630748671612719 26.327478320680324 2.3366827816312505 2.916666666666667 0.7360587729166651
decision_type=2 2 2 2 2 2 2 2 2 2 2 2 2 2
left_child=-1 2 3 4 -2 -6 7 8 -7 10 11 -8 -11 -13
right_child=1 -3 -4 -5 5 6 9 -9 -10 12 -12 13 -14 -15
leaf_value=-0.026806677431817794 -0.0089356151670770944 -0.02964421803438836 0.014481122650661255 -0.012623215902051203 0.032327335639846771 -0.021070646855685937 -0.0098717120731968994 -0.031295158824379311 0.019714498571882358 -0.018981710013870969 -0.020254012333926642 0.064677725308735112 0.022377319072242517 0.0116997849303972
leaf_weight=6.0624508243054143 32.272506486624479 4.3534124083816996 23.032418683171272 22.678315680474043 7.7526836805045596 9.9259501025080699 9.3673510029912013 10.784622633829711 13.246834039688109 4.6447233706712714 13.708886459469793 3.9957932606339437 35.944685239344835 5.9885446913540363
leaf_count=58 214 40 117 160 51 64 58 151 52 34 81 15 185 34
internal_value=0.00052512 0.00136326 0.00206144 0.000381833 0.00237958 0.00554506 0.0036155 -0.00840753 0.00224438 0.0091589 -0.00125915 0.012197 0.0176445 0.0329019
internal_weight=203.759 197.697 193.343 170.311 147.633 115.36 107.607 33.9574 23.1728 73.65 33.0606 19.3517 40.5894 9.98434
internal_count=1314 1256 1216 1099 939 725 674 267 116 407 188 107 219 49
is_linear=0
shrinkage=0.05


Tree=176
num_leaves=15
num_cat=0
split_feature=35 25 4 1 20 19 24 33 3 3 9 8 16 4
split_gain=9.09111 1.64547 1.50269 1.6214 2.29539 2.29068 1.99491 1.86941 2.53949 2.43071 2.26296 2.22464 2.13837 2.10826
threshold=-1.0000000180025095e-35 -2.1227945034247377 13.058532786819748 45.513109861954526 0.41768769121892252 -0.61974202389182109 0.034885028581488876 46.500000000000007 4.1135724953527459 4.1714982740823361 0.7712337991425946 30.416666666666671 6.4642596993853472 29.676873360230541
decision_type=2 2 2 2 2 2 2 2 2 2 2 2 2 2
left_child=-1 -2 -3 4 -4 -5 -7 11 10 -10 12 -8 -9 -11
right_child=1 2 3 5 -6 6 7 8 9 13 -12 -13 -14 -15
leaf_value=-0.034452832431575958 0.022238895506780446 -0.01507622038329156 0.0059712323572199419 -0.025261627126054443 0.039723785116399915 0.02146286157795857 -0.0018021138491348628 -0.038132047556097864 0.050023498378746194 -0.0058584064331551082 0.017206146635443589 0.041051793781661856 -0.0005561018422584528 0.012333421162419499
leaf_weight=17.978654116392136 10.319076865911482 12.407741278409956 21.509189657866958 8.0225462764501554 6.5774934142827979 12.23638381808996 6.3601038381457311 11.255659308284526 2.5571205615997306 46.295941472053528 3.7979482263326636 5.7812465280294418 5.70536334067583 24.278021365404129
leaf_count=421 67 83 102 33 25 68 24 81 10 229 17 22 31 101
internal_value=-0.000575851 0.00286316 0.00166437 0.00300987 0.0138756 0.000593354 0.00234719 0.000141181 -0.00224624 0.00213489 -0.0176804 0.0186033 -0.0254922 0.000399731
internal_weight=195.082 177.104 166.785 154.377 28.0867 126.29 118.268 106.031 93.8901 73.1311 20.759 12.1414 16.961 70.574
internal_count=1314 893 826 743 127 616 583 515 469 340 129 46 112 330
is_linear=0
shrinkage=0.05


Tree=177
num_leaves=15
num_cat=0
split_feature=35 17 4 29 16 34 2 0 33 4 19 18 0 17
split_gain=3.02869 1.23717 2.2834 1.5899 5.64979 3.36746 2.91715 2.59524 2.2437 3.04275 2.06123 2.41629 2.03025 2.32284
threshold=1.0000000180025095e-35 0.99038482546941065 34.945728733594386 13.500000000000002 3.7366159808685349 0.80000000000000016 1.7950556988307829 53.129824504015012 46.500000000000007 23.678132969802405 1.5287507245387102 0.66581893328254727 59.972214007875714 0.13266300890682312
decision_type=2 2 2 2 2 2 2 2 2 2 2 2 2 2
left_child=1 2 3 4 6 12 -1 8 -6 -10 11 -11 13 -5
right_child=-2 -3 -4 5 7 -7 -8 -9 9 10 -12 -13 -14 -15
leaf_value=-0.035921296682470336 -0.034743763056775435 0.026759570338207306 -0.024933958530248115 -0.011738637505197092 0.033195562616233902 0.037432738954355171 0.019275840350728577 -0.029997955100651542 -0.020672964496807639 -0.0013620049816437667 -0.016983223130311521 0.039928370559669496 0.026063121281366952 0.0041599754706711017
leaf_weight=16.438402514904741 6.1107994616031638 4.5403786748647681 8.5602095723152143 28.650227461010218 7.8639431446790686 7.1859045922756186 2.8016353100538245 4.677737519145011 9.1548353061079997 5.9551266357302692 4.0748544111847869 8.7480433136224729 8.5657586231827718 115.96485947817564
leaf_count=155 127 21 41 149 29 32 17 20 57 32 19 39 45 531
internal_value=4.36449e-06 0.000914979 0.000401755 0.0013872 -0.00557715 0.00398047 -0.0278838 0.00502657 0.00960338 0.00296147 0.014484 0.0232048 0.00241118 0.00101024
internal_weight=239.293 233.182 228.642 220.081 59.7146 160.367 19.24 40.4745 35.7968 27.9329 18.778 14.7032 153.181 144.615
internal_count=1314 1187 1166 1125 368 757 172 196 176 147 90 71 725 680
is_linear=0
shrinkage=0.05


Tree=178
num_leaves=15
num_cat=0
split_feature=0 8 10 3 7 14 8 14 9 33 3 20 7 0
split_gain=1.91373 1.59867 2.08182 1.97115 5.51761 2.583 2.37383 3.76088 2.2158 1.81423 3.90488 3.81996 3.39808 2.48781
threshold=2.2283230190822132 86.250000000000014 -0.091017795803558482 6.1642470308528727 0.0052043107549996507 25.416666666666671 30.416666666666671 20.416666666666671 0.62726047477494418 56.500000000000007 4.6194758643896243 0.32570787915177901 0.0034815796902887505 38.761533370511891
decision_type=2 2 2 2 2 2 2 2 2 2 2 2 2 2
left_child=-1 3 -3 5 -5 -2 7 -6 -7 10 11 12 -10 -13
right_child=1 2 -4 4 6 8 -8 -9 9 -11 -12 13 -14 -15
leaf_value=-0.039149337004553642 -0.038650013253916281 0.031222332428076534 -0.0047651788440190466 0.044864946064575278 0.00080829523687187997 -0.031902887230011834 -0.019680732244055844 0.04964379006283872 0.010326609253249516 -0.0052516905990690659 0.034671853124947923 -0.0092822146611674667 -0.036231063894006932 0.032816336116375106
leaf_weight=2.998957108706235 5.0520668961107722 9.5078269988298434 6.9607105553150168 8.4583015404641611 29.814233915880322 5.9663572199642649 10.724070087075232 4.5431204847991458 6.5087318867445054 76.23933145031333 10.163151809945701 5.5781516730785361 9.8504651896655542 9.4620783701539022
leaf_count=31 49 46 40 39 214 50 91 25 40 505 46 33 69 36
internal_value=0.000494369 0.00109232 0.0160116 -0.000255006 0.00780841 -0.00360629 0.00085576 0.00726588 -0.00217585 -0.000670249 0.00773361 -0.000985577 -0.0177075 0.0172027
internal_weight=201.828 198.829 16.4685 182.36 53.5397 128.82 45.0814 34.3574 123.768 117.802 41.5626 31.3994 16.3592 15.0402
internal_count=1314 1283 86 1197 369 828 330 239 779 729 224 178 109 69
is_linear=0
shrinkage=0.05


Tree=179
num_leaves=15
num_cat=0
split_feature=35 17 4 18 19 5 17 21 9 10 5 3 30 13
split_gain=8.73902 1.56834 1.30336 2.70026 2.03934 1.97681 2.00261 1.34782 1.6374 1.37196 1.30519 1.16886 2.7906 2.21677
threshold=-1.0000000180025095e-35 0.050717938117047702 13.337412195061727 -1.6941240454007231 -1.5641560000570547 21.36900102713324 0.20343582198199833 0.95452812752677108 0.72861030113714653 0.18978617905497189 20.839881916611052 6.4843905262590686 7.5000000000000009 1.6646027951049625
decision_type=2 2 2 2 2 2 2 2 2 2 2 2 2 2
left_child=-1 -2 3 -3 -5 10 -7 9 -9 -8 11 -4 -13 -14
right_child=1 2 5 4 -6 6 7 8 -10 -11 -12 12 13 -15
leaf_value=-0.034409921254092202 0.029895105522187122 0.024667803105690903 0.0038993297454529181 0.0086183929199624629 -0.037824237898630333 -0.00547174563441526 0.019158433557137991 0.007098147428211324 0.040839949178894719 -0.018672827882732553 -0.026682567874488885 0.008543797972798103 -0.040924203757417184 0.002820541826785115
leaf_weight=17.316686125472188 5.1908186003565779 3.7708123326301566 88.582137461751699 3.3498087376356116 8.0297740176320058 10.235768362879751 7.4151407852768916 5.3832294121384647 10.826792262494562 3.5409102737903595 4.3541040644049636 12.2864295989275 7.9577246308326703 4.5530920401215553
leaf_count=421 35 24 430 21 58 44 45 25 49 13 18 69 37 25
internal_value=-0.000522953 0.00282114 0.00199585 -0.0120018 -0.0241529 0.00336285 0.0133767 0.0204785 0.0296345 0.00693166 0.000181628 0.00121329 -0.00838192 -0.0250041
internal_weight=192.793 175.477 170.286 15.1504 11.3796 155.135 37.4018 27.1661 16.21 10.9561 117.733 113.379 24.7972 12.5108
internal_count=1314 893 858 103 79 755 176 132 74 58 579 561 131 62
is_linear=0
shrinkage=0.05


end of trees

feature_importances:
h1_trend_dir=185
sentiment_risk_score=159
verdict=156
bbw_pct=154
atr_pct=148
atr_14=146
plus_di=146
donchian_q=114
hurst=111
macd=99
pullback_depth=99
bbw=97
minus_di=86
macd_slope3=79
spread_atr=68
er=64
macro_risk_score=64
ds_continuity=61
dev_z_ema60=54
adx_14=50
close_mom_atr=50
dev_z_ema20=38
rsi_14=34
session_eu=34
body_ratio=33
ds_fake_prob=33
mm=31
body_wick_ratio=28
di_ratio=26
ema20_dist_atr=24
ds_sl_coeff=15
di_net=13
session_us=13
extreme_reversal=7
trend_aligned=1

parameters:
[boosting: gbdt]
[objective: multiclass]
[metric: multi_logloss]
[tree_learner: serial]
[device_type: cpu]
[data_sample_strategy: bagging]
[data: ]
[valid: ]
[num_iterations: 200]
[learning_rate: 0.05]
[num_leaves: 15]
[num_threads: 24]
[seed: 42]
[deterministic: 0]
[force_col_wise: 0]
[force_row_wise: 0]
[histogram_pool_size: -1]
[max_depth: -1]
[min_data_in_leaf: 20]
[min_sum_hessian_in_leaf: 0.001]
[bagging_fraction: 0.8]
[pos_bagging_fraction: 1]
[neg_bagging_fraction: 1]
[bagging_freq: 0]
[bagging_seed: 400]
[bagging_by_query: 0]
[feature_fraction: 0.8]
[feature_fraction_bynode: 1]
[feature_fraction_seed: 30056]
[extra_trees: 0]
[extra_seed: 12879]
[early_stopping_round: 0]
[early_stopping_min_delta: 0]
[first_metric_only: 0]
[max_delta_step: 0]
[lambda_l1: 0]
[lambda_l2: 0]
[linear_lambda: 0]
[min_gain_to_split: 0]
[drop_rate: 0.1]
[max_drop: 50]
[skip_drop: 0.5]
[xgboost_dart_mode: 0]
[uniform_drop: 0]
[drop_seed: 17869]
[top_rate: 0.2]
[other_rate: 0.1]
[min_data_per_group: 100]
[max_cat_threshold: 32]
[cat_l2: 10]
[cat_smooth: 10]
[max_cat_to_onehot: 4]
[top_k: 20]
[monotone_constraints: ]
[monotone_constraints_method: basic]
[monotone_penalty: 0]
[feature_contri: ]
[forcedsplits_filename: ]
[refit_decay_rate: 0.9]
[cegb_tradeoff: 1]
[cegb_penalty_split: 0]
[cegb_penalty_feature_lazy: ]
[cegb_penalty_feature_coupled: ]
[path_smooth: 0]
[interaction_constraints: ]
[verbosity: -1]
[saved_feature_importance_type: 0]
[use_quantized_grad: 0]
[num_grad_quant_bins: 4]
[quant_train_renew_leaf: 0]
[stochastic_rounding: 1]
[linear_tree: 0]
[max_bin: 255]
[max_bin_by_feature: ]
[min_data_in_bin: 3]
[bin_construct_sample_cnt: 200000]
[data_random_seed: 175]
[is_enable_sparse: 1]
[enable_bundle: 1]
[use_missing: 1]
[zero_as_missing: 0]
[feature_pre_filter: 1]
[pre_partition: 0]
[two_round: 0]
[header: 0]
[label_column: ]
[weight_column: ]
[group_column: ]
[ignore_column: ]
[categorical_feature: ]
[forcedbins_filename: ]
[precise_float_parser: 0]
[parser_config_file: ]
[objective_seed: 16083]
[num_class: 3]
[is_unbalance: 0]
[scale_pos_weight: 1]
[sigmoid: 1]
[boost_from_average: 1]
[reg_sqrt: 0]
[alpha: 0.9]
[fair_c: 1]
[poisson_max_delta_step: 0.7]
[tweedie_variance_power: 1.5]
[lambdarank_truncation_level: 30]
[lambdarank_norm: 1]
[label_gain: ]
[lambdarank_position_bias_regularization: 0]
[eval_at: ]
[multi_error_top_k: 1]
[auc_mu_weights: ]
[num_machines: 1]
[local_listen_port: 12400]
[time_out: 120]
[machine_list_filename: ]
[machines: ]
[gpu_platform_id: -1]
[gpu_device_id: -1]
[gpu_device_id_list: ]
[gpu_use_dp: 0]
[num_gpu: 1]

end of parameters

pandas_categorical:[]
